id,trade_name,generic_name,active_ingredient,company,gtin,barcode,strength,form,package_size,price_range,requires_prescription,storage_conditions,category
med_00001,Amocla 500mg,Amocla,Ciprofloxacin,EIPICO,6221003471147,6221001474776,500mg,Capsule,20 units,15-80 EGP,True,"Store below 25°C, protect from light",Antibiotics
med_00002,Amocla,Amocla,Amoxicillin,EIPICO,6223001722506,6223002267180,1g,Suspension,250ml,15-80 EGP,True,"Store below 25°C, protect from light",Antibiotics
med_00003,Amocla,Amocla,Azithromycin,EIPICO,6222002133906,6222002402979,250mg,Suspension,125ml,15-80 EGP,True,"Store below 25°C, protect from light",Antibiotics
med_00004,Amoxilin 1g,Amoxilin,Amoxicillin,EIPICO,6221003371240,6222002246711,1g,Injection,2ml,15-80 EGP,True,"Store below 25°C, protect from light",Antibiotics
med_00005,Amoxilin,Amoxilin,Amoxicillin,EIPICO,6221001863586,6223001136835,250mg,Capsule,50 units,15-80 EGP,True,"Store below 25°C, protect from light",Antibiotics
med_00006,Amoxilin,Amoxilin,Amoxicillin,EIPICO,6223001660404,6223002933590,1g,Suspension,60ml,15-80 EGP,True,"Store below 25°C, protect from light",Antibiotics
med_00007,Moxifast 250mg,Moxifast,Azithromycin,EIPICO,6221002355092,6222001459949,250mg,Capsule,10 units,15-80 EGP,True,"Store below 25°C, protect from light",Antibiotics
med_00008,Moxifast,Moxifast,Azithromycin,EIPICO,6223002521946,6223001245848,500mg,Injection,5ml,15-80 EGP,True,"Store below 25°C, protect from light",Antibiotics
med_00009,Moxifast,Moxifast,Ciprofloxacin,EIPICO,6221001373356,6222002427980,1g,Capsule,20 units,15-80 EGP,True,"Store below 25°C, protect from light",Antibiotics
med_00010,Clamoxyl 250mg,Clamoxyl,Amoxicillin,EIPICO,6222002457109,6221002511344,250mg,Injection,1ml,15-80 EGP,True,"Store below 25°C, protect from light",Antibiotics
med_00011,Clamoxyl,Clamoxyl,Amoxicillin,EIPICO,6221003179435,6222001551126,500mg,Capsule,50 units,15-80 EGP,True,"Store below 25°C, protect from light",Antibiotics
med_00012,Clamoxyl,Clamoxyl,Amoxicillin,EIPICO,6222002728591,6221002970952,1g,Suspension,125ml,15-80 EGP,True,"Store below 25°C, protect from light",Antibiotics
med_00013,Amoxil 250mg,Amoxil,Amoxicillin,EIPICO,6223002459454,6222001555186,250mg,Injection,5ml,15-80 EGP,True,"Store below 25°C, protect from light",Antibiotics
med_00014,Amoxil,Amoxil,Amoxicillin,EIPICO,6223001323070,6221002995301,250mg,Capsule,20 units,15-80 EGP,True,"Store below 25°C, protect from light",Antibiotics
med_00015,Amoxil,Amoxil,Amoxicillin,EIPICO,6223002261188,6222001698092,250mg,Injection,1ml,15-80 EGP,True,"Store below 25°C, protect from light",Antibiotics
med_00016,Augmentin 250mg,Augmentin,Azithromycin,EIPICO,6221003851368,6221003941577,250mg,Suspension,250ml,15-80 EGP,True,"Store below 25°C, protect from light",Antibiotics
med_00017,Augmentin,Augmentin,Amoxicillin,EIPICO,6222003664359,6221002585269,1g,Injection,2ml,15-80 EGP,True,"Store below 25°C, protect from light",Antibiotics
med_00018,Augmentin,Augmentin,Azithromycin,EIPICO,6221003355852,6223002225913,250mg,Capsule,20 units,15-80 EGP,True,"Store below 25°C, protect from light",Antibiotics
med_00019,Curam 250mg,Curam,Azithromycin,EIPICO,6223001384672,6221003414548,250mg,Injection,10ml,15-80 EGP,True,"Store below 25°C, protect from light",Antibiotics
med_00020,Curam,Curam,Ciprofloxacin,EIPICO,6223002518191,6221001755317,250mg,Tablet,20 units,15-80 EGP,True,"Store below 25°C, protect from light",Antibiotics
med_00021,Curam,Curam,Amoxicillin,EIPICO,6221002405509,6223002535331,1g,Tablet,50 units,15-80 EGP,True,"Store below 25°C, protect from light",Antibiotics
med_00022,Clavam 1g,Clavam,Ciprofloxacin,EIPICO,6221001985062,6221002920157,1g,Suspension,125ml,15-80 EGP,True,"Store below 25°C, protect from light",Antibiotics
med_00023,Clavam,Clavam,Amoxicillin,EIPICO,6221003128233,6221002178376,250mg,Injection,5ml,15-80 EGP,True,"Store below 25°C, protect from light",Antibiotics
med_00024,Clavam,Clavam,Ciprofloxacin,EIPICO,6221002571161,6221001422131,500mg,Capsule,30 units,15-80 EGP,True,"Store below 25°C, protect from light",Antibiotics
med_00025,Zithromax 500mg,Zithromax,Azithromycin,EIPICO,6222003495318,6222001694758,500mg,Injection,10ml,15-80 EGP,True,"Store below 25°C, protect from light",Antibiotics
med_00026,Zithromax,Zithromax,Azithromycin,EIPICO,6221003586040,6222003645915,500mg,Suspension,125ml,15-80 EGP,True,"Store below 25°C, protect from light",Antibiotics
med_00027,Zithromax,Zithromax,Ciprofloxacin,EIPICO,6221001397313,6221002424020,250mg,Suspension,100ml,15-80 EGP,True,"Store below 25°C, protect from light",Antibiotics
med_00028,Azithral 1g,Azithral,Azithromycin,EIPICO,6221001806557,6223001795260,1g,Tablet,100 units,15-80 EGP,True,"Store below 25°C, protect from light",Antibiotics
med_00029,Azithral,Azithral,Azithromycin,EIPICO,6223002999393,6221003838484,250mg,Tablet,100 units,15-80 EGP,True,"Store below 25°C, protect from light",Antibiotics
med_00030,Azithral,Azithral,Azithromycin,EIPICO,6223002633284,6223002516717,500mg,Suspension,250ml,15-80 EGP,True,"Store below 25°C, protect from light",Antibiotics
med_00031,Zimax 1g,Zimax,Ciprofloxacin,EIPICO,6221003230579,6223001864718,1g,Capsule,20 units,15-80 EGP,True,"Store below 25°C, protect from light",Antibiotics
med_00032,Zimax,Zimax,Azithromycin,EIPICO,6221003619635,6221003365887,250mg,Tablet,10 units,15-80 EGP,True,"Store below 25°C, protect from light",Antibiotics
med_00033,Zimax,Zimax,Ciprofloxacin,EIPICO,6221003422700,6221003807080,500mg,Tablet,30 units,15-80 EGP,True,"Store below 25°C, protect from light",Antibiotics
med_00034,Azin 1g,Azin,Amoxicillin,EIPICO,6221003379309,6221002906773,1g,Suspension,60ml,15-80 EGP,True,"Store below 25°C, protect from light",Antibiotics
med_00035,Azin,Azin,Amoxicillin,EIPICO,6221001847207,6221003644953,500mg,Tablet,30 units,15-80 EGP,True,"Store below 25°C, protect from light",Antibiotics
med_00036,Azin,Azin,Ciprofloxacin,EIPICO,6221001330006,6222003176074,1g,Injection,1ml,15-80 EGP,True,"Store below 25°C, protect from light",Antibiotics
med_00037,Azithro 250mg,Azithro,Azithromycin,EIPICO,6221002355479,6222001119305,250mg,Capsule,30 units,15-80 EGP,True,"Store below 25°C, protect from light",Antibiotics
med_00038,Azithro,Azithro,Azithromycin,EIPICO,6223002339995,6221002928975,1g,Tablet,10 units,15-80 EGP,True,"Store below 25°C, protect from light",Antibiotics
med_00039,Azithro,Azithro,Azithromycin,EIPICO,6222002569079,6221001433462,250mg,Suspension,125ml,15-80 EGP,True,"Store below 25°C, protect from light",Antibiotics
med_00040,Zithro 1g,Zithro,Azithromycin,EIPICO,6223002422685,6221002183375,1g,Injection,1ml,15-80 EGP,True,"Store below 25°C, protect from light",Antibiotics
med_00041,Zithro,Zithro,Azithromycin,EIPICO,6222001892165,6221001713462,500mg,Injection,5ml,15-80 EGP,True,"Store below 25°C, protect from light",Antibiotics
med_00042,Zithro,Zithro,Azithromycin,EIPICO,6223001481747,6221002956272,250mg,Capsule,30 units,15-80 EGP,True,"Store below 25°C, protect from light",Antibiotics
med_00043,Azimax 1g,Azimax,Amoxicillin,EIPICO,6223002212153,6221002935889,1g,Suspension,250ml,15-80 EGP,True,"Store below 25°C, protect from light",Antibiotics
med_00044,Azimax,Azimax,Azithromycin,EIPICO,6223002182427,6223001273771,500mg,Tablet,100 units,15-80 EGP,True,"Store below 25°C, protect from light",Antibiotics
med_00045,Azimax,Azimax,Ciprofloxacin,EIPICO,6221001166612,6223001142706,250mg,Capsule,50 units,15-80 EGP,True,"Store below 25°C, protect from light",Antibiotics
med_00046,Cipro 250mg,Cipro,Ciprofloxacin,EIPICO,6223002951641,6222002233823,250mg,Suspension,60ml,15-80 EGP,True,"Store below 25°C, protect from light",Antibiotics
med_00047,Cipro,Cipro,Ciprofloxacin,EIPICO,6221001844235,6221001945813,250mg,Injection,10ml,15-80 EGP,True,"Store below 25°C, protect from light",Antibiotics
med_00048,Cipro,Cipro,Ciprofloxacin,EIPICO,6223002636017,6222001114146,500mg,Suspension,125ml,15-80 EGP,True,"Store below 25°C, protect from light",Antibiotics
med_00049,Ciprobay 1g,Ciprobay,Ciprofloxacin,EIPICO,6222003321023,6223001316586,1g,Tablet,20 units,15-80 EGP,True,"Store below 25°C, protect from light",Antibiotics
med_00050,Ciprobay,Ciprobay,Ciprofloxacin,EIPICO,6222002184324,6221003687497,250mg,Capsule,30 units,15-80 EGP,True,"Store below 25°C, protect from light",Antibiotics
med_00051,Ciprobay,Ciprobay,Ciprofloxacin,EIPICO,6221001591648,6223002680149,250mg,Injection,2ml,15-80 EGP,True,"Store below 25°C, protect from light",Antibiotics
med_00052,Ciproflox 500mg,Ciproflox,Ciprofloxacin,EIPICO,6222002127288,6221002614712,500mg,Injection,1ml,15-80 EGP,True,"Store below 25°C, protect from light",Antibiotics
med_00053,Ciproflox,Ciproflox,Ciprofloxacin,EIPICO,6221003297678,6221002416355,500mg,Tablet,30 units,15-80 EGP,True,"Store below 25°C, protect from light",Antibiotics
med_00054,Ciproflox,Ciproflox,Ciprofloxacin,EIPICO,6221003579683,6223002903492,1g,Injection,1ml,15-80 EGP,True,"Store below 25°C, protect from light",Antibiotics
med_00055,Ciproxin 250mg,Ciproxin,Ciprofloxacin,EIPICO,6222002451063,6221002348111,250mg,Tablet,100 units,15-80 EGP,True,"Store below 25°C, protect from light",Antibiotics
med_00056,Ciproxin,Ciproxin,Ciprofloxacin,EIPICO,6221003304504,6223002977025,500mg,Suspension,250ml,15-80 EGP,True,"Store below 25°C, protect from light",Antibiotics
med_00057,Ciproxin,Ciproxin,Ciprofloxacin,EIPICO,6221003440174,6221003576289,250mg,Suspension,250ml,15-80 EGP,True,"Store below 25°C, protect from light",Antibiotics
med_00058,Ciprofar 500mg,Ciprofar,Ciprofloxacin,EIPICO,6221003782848,6223001583015,500mg,Suspension,100ml,15-80 EGP,True,"Store below 25°C, protect from light",Antibiotics
med_00059,Ciprofar,Ciprofar,Ciprofloxacin,EIPICO,6221002556365,6221002723519,1g,Capsule,50 units,15-80 EGP,True,"Store below 25°C, protect from light",Antibiotics
med_00060,Ciprofar,Ciprofar,Ciprofloxacin,EIPICO,6221001638565,6222003721810,500mg,Tablet,10 units,15-80 EGP,True,"Store below 25°C, protect from light",Antibiotics
med_00061,Ciprolet 1g,Ciprolet,Ciprofloxacin,EIPICO,6223001661948,6222002535296,1g,Capsule,30 units,15-80 EGP,True,"Store below 25°C, protect from light",Antibiotics
med_00062,Ciprolet,Ciprolet,Ciprofloxacin,EIPICO,6223001381027,6223002728671,250mg,Tablet,50 units,15-80 EGP,True,"Store below 25°C, protect from light",Antibiotics
med_00063,Ciprolet,Ciprolet,Ciprofloxacin,EIPICO,6223002832451,6222002225542,250mg,Capsule,10 units,15-80 EGP,True,"Store below 25°C, protect from light",Antibiotics
med_00064,Cipron 1g,Cipron,Ciprofloxacin,EIPICO,6221001654953,6223002851272,1g,Injection,10ml,15-80 EGP,True,"Store below 25°C, protect from light",Antibiotics
med_00065,Cipron,Cipron,Ciprofloxacin,EIPICO,6223001834991,6223002910716,1g,Tablet,30 units,15-80 EGP,True,"Store below 25°C, protect from light",Antibiotics
med_00066,Cipron,Cipron,Ciprofloxacin,EIPICO,6222003331805,6223002126446,250mg,Tablet,100 units,15-80 EGP,True,"Store below 25°C, protect from light",Antibiotics
med_00067,Levoflox 500mg,Levoflox,Azithromycin,EIPICO,6221003328097,6222001143918,500mg,Injection,10ml,15-80 EGP,True,"Store below 25°C, protect from light",Antibiotics
med_00068,Levoflox,Levoflox,Amoxicillin,EIPICO,6222002231225,6222003418830,1g,Tablet,100 units,15-80 EGP,True,"Store below 25°C, protect from light",Antibiotics
med_00069,Levoflox,Levoflox,Ciprofloxacin,EIPICO,6221001329702,6223001385691,250mg,Capsule,50 units,15-80 EGP,True,"Store below 25°C, protect from light",Antibiotics
med_00070,Levoquin 500mg,Levoquin,Ciprofloxacin,EIPICO,6223002229950,6221002410879,500mg,Capsule,30 units,15-80 EGP,True,"Store below 25°C, protect from light",Antibiotics
med_00071,Levoquin,Levoquin,Amoxicillin,EIPICO,6221002246188,6222003756917,1g,Capsule,20 units,15-80 EGP,True,"Store below 25°C, protect from light",Antibiotics
med_00072,Levoquin,Levoquin,Amoxicillin,EIPICO,6223002806951,6221002990326,250mg,Capsule,20 units,15-80 EGP,True,"Store below 25°C, protect from light",Antibiotics
med_00073,Tavanic 250mg,Tavanic,Azithromycin,EIPICO,6221002408843,6221003384375,250mg,Injection,2ml,15-80 EGP,True,"Store below 25°C, protect from light",Antibiotics
med_00074,Tavanic,Tavanic,Amoxicillin,EIPICO,6222002858168,6223002254907,1g,Suspension,100ml,15-80 EGP,True,"Store below 25°C, protect from light",Antibiotics
med_00075,Tavanic,Tavanic,Azithromycin,EIPICO,6222002484528,6222001545965,250mg,Tablet,30 units,15-80 EGP,True,"Store below 25°C, protect from light",Antibiotics
med_00076,Levofloxacin 500mg,Levofloxacin,Amoxicillin,EIPICO,6223001219544,6221001298524,500mg,Injection,2ml,15-80 EGP,True,"Store below 25°C, protect from light",Antibiotics
med_00077,Levofloxacin,Levofloxacin,Ciprofloxacin,EIPICO,6223001516545,6222001835666,250mg,Suspension,60ml,15-80 EGP,True,"Store below 25°C, protect from light",Antibiotics
med_00078,Levofloxacin,Levofloxacin,Amoxicillin,EIPICO,6222003398843,6223001454859,1g,Capsule,20 units,15-80 EGP,True,"Store below 25°C, protect from light",Antibiotics
med_00079,Levoflox 250mg,Levoflox,Azithromycin,EIPICO,6223001198693,6223001888959,250mg,Suspension,250ml,15-80 EGP,True,"Store below 25°C, protect from light",Antibiotics
med_00080,Levoflox,Levoflox,Amoxicillin,EIPICO,6223002500459,6222003385830,500mg,Tablet,30 units,15-80 EGP,True,"Store below 25°C, protect from light",Antibiotics
med_00081,Levoflox,Levoflox,Amoxicillin,EIPICO,6222001163249,6222003467729,250mg,Suspension,60ml,15-80 EGP,True,"Store below 25°C, protect from light",Antibiotics
med_00082,Levaquin 250mg,Levaquin,Azithromycin,EIPICO,6223001591879,6221003559540,250mg,Suspension,250ml,15-80 EGP,True,"Store below 25°C, protect from light",Antibiotics
med_00083,Levaquin,Levaquin,Azithromycin,EIPICO,6223002452986,6221002583456,500mg,Capsule,50 units,15-80 EGP,True,"Store below 25°C, protect from light",Antibiotics
med_00084,Levaquin,Levaquin,Ciprofloxacin,EIPICO,6223001877737,6221003653299,1g,Capsule,30 units,15-80 EGP,True,"Store below 25°C, protect from light",Antibiotics
med_00085,Moxifloxacin 250mg,Moxifloxacin,Ciprofloxacin,EIPICO,6222003705211,6221001222389,250mg,Injection,5ml,15-80 EGP,True,"Store below 25°C, protect from light",Antibiotics
med_00086,Moxifloxacin,Moxifloxacin,Amoxicillin,EIPICO,6221003731453,6222003512880,250mg,Tablet,30 units,15-80 EGP,True,"Store below 25°C, protect from light",Antibiotics
med_00087,Moxifloxacin,Moxifloxacin,Ciprofloxacin,EIPICO,6221001670315,6222001600310,500mg,Capsule,20 units,15-80 EGP,True,"Store below 25°C, protect from light",Antibiotics
med_00088,Avelox 500mg,Avelox,Amoxicillin,EIPICO,6222002565171,6222003443059,500mg,Tablet,30 units,15-80 EGP,True,"Store below 25°C, protect from light",Antibiotics
med_00089,Avelox,Avelox,Azithromycin,EIPICO,6222001814194,6221001816928,250mg,Tablet,100 units,15-80 EGP,True,"Store below 25°C, protect from light",Antibiotics
med_00090,Avelox,Avelox,Amoxicillin,EIPICO,6222001996936,6221003322060,500mg,Suspension,250ml,15-80 EGP,True,"Store below 25°C, protect from light",Antibiotics
med_00091,Moxiflox 250mg,Moxiflox,Ciprofloxacin,EIPICO,6221002704242,6222003595117,250mg,Capsule,10 units,15-80 EGP,True,"Store below 25°C, protect from light",Antibiotics
med_00092,Moxiflox,Moxiflox,Amoxicillin,EIPICO,6222003429107,6222003678996,1g,Capsule,20 units,15-80 EGP,True,"Store below 25°C, protect from light",Antibiotics
med_00093,Moxiflox,Moxiflox,Ciprofloxacin,EIPICO,6223001480491,6222002862964,500mg,Suspension,125ml,15-80 EGP,True,"Store below 25°C, protect from light",Antibiotics
med_00094,Moxiflo 250mg,Moxiflo,Ciprofloxacin,EIPICO,6222001367484,6222001892215,250mg,Suspension,125ml,15-80 EGP,True,"Store below 25°C, protect from light",Antibiotics
med_00095,Moxiflo,Moxiflo,Amoxicillin,EIPICO,6221003428426,6221003494595,500mg,Suspension,60ml,15-80 EGP,True,"Store below 25°C, protect from light",Antibiotics
med_00096,Moxiflo,Moxiflo,Amoxicillin,EIPICO,6223002209526,6222001817792,250mg,Capsule,50 units,15-80 EGP,True,"Store below 25°C, protect from light",Antibiotics
med_00097,Moxifloxacin 1g,Moxifloxacin,Azithromycin,EIPICO,6223002806357,6222003171737,1g,Injection,10ml,15-80 EGP,True,"Store below 25°C, protect from light",Antibiotics
med_00098,Moxifloxacin,Moxifloxacin,Amoxicillin,EIPICO,6221001939582,6222002273575,500mg,Injection,2ml,15-80 EGP,True,"Store below 25°C, protect from light",Antibiotics
med_00099,Moxifloxacin,Moxifloxacin,Amoxicillin,EIPICO,6222002298899,6221002621732,250mg,Tablet,100 units,15-80 EGP,True,"Store below 25°C, protect from light",Antibiotics
med_00100,Clarithromycin 1g,Clarithromycin,Amoxicillin,EIPICO,6221002297499,6223002266159,1g,Injection,5ml,15-80 EGP,True,"Store below 25°C, protect from light",Antibiotics
med_00101,Clarithromycin,Clarithromycin,Amoxicillin,EIPICO,6222002514936,6222001212286,500mg,Injection,5ml,15-80 EGP,True,"Store below 25°C, protect from light",Antibiotics
med_00102,Clarithromycin,Clarithromycin,Ciprofloxacin,EIPICO,6223002132324,6222003843150,250mg,Tablet,30 units,15-80 EGP,True,"Store below 25°C, protect from light",Antibiotics
med_00103,Klaricid 1g,Klaricid,Ciprofloxacin,EIPICO,6223002843607,6222003983635,1g,Tablet,50 units,15-80 EGP,True,"Store below 25°C, protect from light",Antibiotics
med_00104,Klaricid,Klaricid,Amoxicillin,EIPICO,6221001732912,6221001648929,500mg,Capsule,10 units,15-80 EGP,True,"Store below 25°C, protect from light",Antibiotics
med_00105,Klaricid,Klaricid,Amoxicillin,EIPICO,6221003546798,6222003314522,500mg,Tablet,10 units,15-80 EGP,True,"Store below 25°C, protect from light",Antibiotics
med_00106,Clarithro 1g,Clarithro,Amoxicillin,EIPICO,6221001751170,6222001606222,1g,Tablet,100 units,15-80 EGP,True,"Store below 25°C, protect from light",Antibiotics
med_00107,Clarithro,Clarithro,Azithromycin,EIPICO,6221003350183,6222001220150,1g,Injection,10ml,15-80 EGP,True,"Store below 25°C, protect from light",Antibiotics
med_00108,Clarithro,Clarithro,Ciprofloxacin,EIPICO,6223002136245,6221001993329,500mg,Suspension,125ml,15-80 EGP,True,"Store below 25°C, protect from light",Antibiotics
med_00109,Biaxin 500mg,Biaxin,Amoxicillin,EIPICO,6223002870017,6221002702218,500mg,Injection,2ml,15-80 EGP,True,"Store below 25°C, protect from light",Antibiotics
med_00110,Biaxin,Biaxin,Azithromycin,EIPICO,6221001598777,6222001971379,500mg,Injection,5ml,15-80 EGP,True,"Store below 25°C, protect from light",Antibiotics
med_00111,Biaxin,Biaxin,Ciprofloxacin,EIPICO,6222001960537,6222001136900,1g,Capsule,30 units,15-80 EGP,True,"Store below 25°C, protect from light",Antibiotics
med_00112,Klacid 1g,Klacid,Amoxicillin,EIPICO,6222003380414,6221002194223,1g,Capsule,20 units,15-80 EGP,True,"Store below 25°C, protect from light",Antibiotics
med_00113,Klacid,Klacid,Azithromycin,EIPICO,6223001874872,6221002233109,1g,Capsule,30 units,15-80 EGP,True,"Store below 25°C, protect from light",Antibiotics
med_00114,Klacid,Klacid,Ciprofloxacin,EIPICO,6222001879423,6221003936319,1g,Suspension,100ml,15-80 EGP,True,"Store below 25°C, protect from light",Antibiotics
med_00115,Adol 500mg,Adol,Paracetamol,EIPICO,6221001746297,6221001947631,500mg,Tablet,50 units,5-50 EGP,False,"Store below 25°C, protect from light",Painkillers
med_00116,Adol,Adol,Paracetamol,EIPICO,6222002401842,6222003316042,200mg,Suppository,6,5-50 EGP,False,"Store below 25°C, protect from light",Painkillers
med_00117,Adol,Adol,Paracetamol,EIPICO,6221003982493,6221001886850,200mg,Gel,30g,5-50 EGP,False,"Store below 25°C, protect from light",Painkillers
med_00118,Paracetamol 400mg,Paracetamol,Paracetamol,EIPICO,6222001974439,6222001602273,400mg,Capsule,30 units,5-50 EGP,False,"Store below 25°C, protect from light",Painkillers
med_00119,Paracetamol,Paracetamol,Paracetamol,EIPICO,6222001868702,6221002517986,200mg,Gel,30g,5-50 EGP,False,"Store below 25°C, protect from light",Painkillers
med_00120,Paracetamol,Paracetamol,Paracetamol,EIPICO,6222002628814,6222001152018,500mg,Tablet,10 units,5-50 EGP,False,"Store below 25°C, protect from light",Painkillers
med_00121,Acamol 600mg,Acamol,Diclofenac,EIPICO,6223001636072,6223001357846,600mg,Tablet,10 units,5-50 EGP,False,"Store below 25°C, protect from light",Painkillers
med_00122,Acamol,Acamol,Diclofenac,EIPICO,6221001472273,6223001299468,600mg,Gel,50g,5-50 EGP,False,"Store below 25°C, protect from light",Painkillers
med_00123,Acamol,Acamol,Paracetamol,EIPICO,6222003919793,6222003183423,400mg,Injection,2ml,5-50 EGP,False,"Store below 25°C, protect from light",Painkillers
med_00124,Doliprane 1000mg,Doliprane,Diclofenac,EIPICO,6221003187479,6221003564126,1000mg,Gel,100g,5-50 EGP,False,"Store below 25°C, protect from light",Painkillers
med_00125,Doliprane,Doliprane,Ibuprofen,EIPICO,6221003389848,6221003952907,500mg,Tablet,50 units,5-50 EGP,False,"Store below 25°C, protect from light",Painkillers
med_00126,Doliprane,Doliprane,Ibuprofen,EIPICO,6222001160517,6221003992234,200mg,Gel,100g,5-50 EGP,False,"Store below 25°C, protect from light",Painkillers
med_00127,Panadol 200mg,Panadol,Paracetamol,EIPICO,6222003974859,6221001115085,200mg,Gel,15g,5-50 EGP,False,"Store below 25°C, protect from light",Painkillers
med_00128,Panadol,Panadol,Paracetamol,EIPICO,6223001482079,6222001878515,600mg,Injection,1ml,5-50 EGP,False,"Store below 25°C, protect from light",Painkillers
med_00129,Panadol,Panadol,Paracetamol,EIPICO,6222001373129,6223002679175,500mg,Capsule,30 units,5-50 EGP,False,"Store below 25°C, protect from light",Painkillers
med_00130,Tylenol 400mg,Tylenol,Ibuprofen,EIPICO,6222002683847,6221001195452,400mg,Suppository,6,5-50 EGP,False,"Store below 25°C, protect from light",Painkillers
med_00131,Tylenol,Tylenol,Paracetamol,EIPICO,6221001675228,6223001146456,200mg,Capsule,50 units,5-50 EGP,False,"Store below 25°C, protect from light",Painkillers
med_00132,Tylenol,Tylenol,Diclofenac,EIPICO,6223002657008,6223002322305,200mg,Suppository,6,5-50 EGP,False,"Store below 25°C, protect from light",Painkillers
med_00133,Calpol 1000mg,Calpol,Ibuprofen,EIPICO,6221003528478,6221003154480,1000mg,Gel,15g,5-50 EGP,False,"Store below 25°C, protect from light",Painkillers
med_00134,Calpol,Calpol,Ibuprofen,EIPICO,6222002117992,6221002712957,500mg,Capsule,30 units,5-50 EGP,False,"Store below 25°C, protect from light",Painkillers
med_00135,Calpol,Calpol,Paracetamol,EIPICO,6222002501793,6221003196122,400mg,Tablet,10 units,5-50 EGP,False,"Store below 25°C, protect from light",Painkillers
med_00136,Ibuprofen 400mg,Ibuprofen,Ibuprofen,EIPICO,6223002233067,6221002355291,400mg,Capsule,20 units,5-50 EGP,False,"Store below 25°C, protect from light",Painkillers
med_00137,Ibuprofen,Ibuprofen,Ibuprofen,EIPICO,6221001397942,6223001162705,1000mg,Capsule,30 units,5-50 EGP,False,"Store below 25°C, protect from light",Painkillers
med_00138,Ibuprofen,Ibuprofen,Ibuprofen,EIPICO,6221002145711,6222002120146,1000mg,Injection,2ml,5-50 EGP,False,"Store below 25°C, protect from light",Painkillers
med_00139,Advil 600mg,Advil,Paracetamol,EIPICO,6223001923039,6221003305799,600mg,Capsule,20 units,5-50 EGP,False,"Store below 25°C, protect from light",Painkillers
med_00140,Advil,Advil,Ibuprofen,EIPICO,6222001796198,6222001114614,200mg,Injection,10ml,5-50 EGP,False,"Store below 25°C, protect from light",Painkillers
med_00141,Advil,Advil,Ibuprofen,EIPICO,6222002827907,6221002777065,1000mg,Capsule,50 units,5-50 EGP,False,"Store below 25°C, protect from light",Painkillers
med_00142,Brufen 1000mg,Brufen,Diclofenac,EIPICO,6223002476003,6222001487494,1000mg,Gel,30g,5-50 EGP,False,"Store below 25°C, protect from light",Painkillers
med_00143,Brufen,Brufen,Paracetamol,EIPICO,6221001224726,6221002140830,200mg,Injection,10ml,5-50 EGP,False,"Store below 25°C, protect from light",Painkillers
med_00144,Brufen,Brufen,Paracetamol,EIPICO,6222002688900,6221002771920,1000mg,Gel,100g,5-50 EGP,False,"Store below 25°C, protect from light",Painkillers
med_00145,Motrin 1000mg,Motrin,Paracetamol,EIPICO,6223002952847,6222002538928,1000mg,Injection,10ml,5-50 EGP,False,"Store below 25°C, protect from light",Painkillers
med_00146,Motrin,Motrin,Ibuprofen,EIPICO,6223002425510,6222003517128,500mg,Injection,1ml,5-50 EGP,False,"Store below 25°C, protect from light",Painkillers
med_00147,Motrin,Motrin,Paracetamol,EIPICO,6222002115564,6223001568602,500mg,Capsule,10 units,5-50 EGP,False,"Store below 25°C, protect from light",Painkillers
med_00148,Nurofen 500mg,Nurofen,Paracetamol,EIPICO,6223001216252,6221001419071,500mg,Capsule,10 units,5-50 EGP,False,"Store below 25°C, protect from light",Painkillers
med_00149,Nurofen,Nurofen,Diclofenac,EIPICO,6223002899340,6222002537663,500mg,Gel,100g,5-50 EGP,False,"Store below 25°C, protect from light",Painkillers
med_00150,Nurofen,Nurofen,Ibuprofen,EIPICO,6222002110660,6222003632839,600mg,Suppository,12,5-50 EGP,False,"Store below 25°C, protect from light",Painkillers
med_00151,Ibuprofen 200mg,Ibuprofen,Ibuprofen,EIPICO,6222001132446,6221003371465,200mg,Injection,10ml,5-50 EGP,False,"Store below 25°C, protect from light",Painkillers
med_00152,Ibuprofen,Ibuprofen,Ibuprofen,EIPICO,6221001118593,6223002294237,200mg,Suppository,12,5-50 EGP,False,"Store below 25°C, protect from light",Painkillers
med_00153,Ibuprofen,Ibuprofen,Ibuprofen,EIPICO,6221003101571,6223001150694,500mg,Gel,15g,5-50 EGP,False,"Store below 25°C, protect from light",Painkillers
med_00154,Ibufen 600mg,Ibufen,Paracetamol,EIPICO,6222003530080,6223002886464,600mg,Suppository,6,5-50 EGP,False,"Store below 25°C, protect from light",Painkillers
med_00155,Ibufen,Ibufen,Paracetamol,EIPICO,6223001785533,6223002625268,400mg,Tablet,50 units,5-50 EGP,False,"Store below 25°C, protect from light",Painkillers
med_00156,Ibufen,Ibufen,Ibuprofen,EIPICO,6222003989619,6223001982929,500mg,Injection,1ml,5-50 EGP,False,"Store below 25°C, protect from light",Painkillers
med_00157,Diclofenac 200mg,Diclofenac,Diclofenac,EIPICO,6222003275856,6223001754598,200mg,Capsule,20 units,5-50 EGP,False,"Store below 25°C, protect from light",Painkillers
med_00158,Diclofenac,Diclofenac,Diclofenac,EIPICO,6221002343917,6222002725141,200mg,Capsule,10 units,5-50 EGP,False,"Store below 25°C, protect from light",Painkillers
med_00159,Diclofenac,Diclofenac,Diclofenac,EIPICO,6221003899984,6223002785053,1000mg,Tablet,30 units,5-50 EGP,False,"Store below 25°C, protect from light",Painkillers
med_00160,Voltaren 200mg,Voltaren,Ibuprofen,EIPICO,6223001221149,6223002351413,200mg,Injection,5ml,5-50 EGP,False,"Store below 25°C, protect from light",Painkillers
med_00161,Voltaren,Voltaren,Diclofenac,EIPICO,6223002731818,6222001521260,400mg,Capsule,30 units,5-50 EGP,False,"Store below 25°C, protect from light",Painkillers
med_00162,Voltaren,Voltaren,Ibuprofen,EIPICO,6221002719170,6221001662207,200mg,Gel,100g,5-50 EGP,False,"Store below 25°C, protect from light",Painkillers
med_00163,Cataflam 400mg,Cataflam,Paracetamol,EIPICO,6222003637422,6223002283071,400mg,Gel,15g,5-50 EGP,False,"Store below 25°C, protect from light",Painkillers
med_00164,Cataflam,Cataflam,Diclofenac,EIPICO,6222001936290,6222002810024,600mg,Suppository,12,5-50 EGP,False,"Store below 25°C, protect from light",Painkillers
med_00165,Cataflam,Cataflam,Diclofenac,EIPICO,6221001225690,6223002387614,1000mg,Capsule,50 units,5-50 EGP,False,"Store below 25°C, protect from light",Painkillers
med_00166,Diclo 500mg,Diclo,Diclofenac,EIPICO,6222001592945,6221002791765,500mg,Capsule,50 units,5-50 EGP,False,"Store below 25°C, protect from light",Painkillers
med_00167,Diclo,Diclo,Diclofenac,EIPICO,6223002914450,6222001832316,1000mg,Capsule,50 units,5-50 EGP,False,"Store below 25°C, protect from light",Painkillers
med_00168,Diclo,Diclo,Diclofenac,EIPICO,6222003861707,6223002144241,1000mg,Tablet,10 units,5-50 EGP,False,"Store below 25°C, protect from light",Painkillers
med_00169,Voltaren 1000mg,Voltaren,Paracetamol,EIPICO,6222002348809,6221002153978,1000mg,Suppository,12,5-50 EGP,False,"Store below 25°C, protect from light",Painkillers
med_00170,Voltaren,Voltaren,Diclofenac,EIPICO,6221001856408,6222002424874,500mg,Tablet,20 units,5-50 EGP,False,"Store below 25°C, protect from light",Painkillers
med_00171,Voltaren,Voltaren,Paracetamol,EIPICO,6221003268959,6223001491153,500mg,Suppository,6,5-50 EGP,False,"Store below 25°C, protect from light",Painkillers
med_00172,Diclofenac 1000mg,Diclofenac,Diclofenac,EIPICO,6223001363934,6222003740682,1000mg,Capsule,20 units,5-50 EGP,False,"Store below 25°C, protect from light",Painkillers
med_00173,Diclofenac,Diclofenac,Diclofenac,EIPICO,6222001546878,6223002648687,600mg,Tablet,30 units,5-50 EGP,False,"Store below 25°C, protect from light",Painkillers
med_00174,Diclofenac,Diclofenac,Diclofenac,EIPICO,6221002422605,6222003858750,500mg,Tablet,30 units,5-50 EGP,False,"Store below 25°C, protect from light",Painkillers
med_00175,Naproxen 400mg,Naproxen,Ibuprofen,EIPICO,6222003732996,6223001624203,400mg,Capsule,20 units,5-50 EGP,False,"Store below 25°C, protect from light",Painkillers
med_00176,Naproxen,Naproxen,Diclofenac,EIPICO,6222003144993,6221002440160,400mg,Capsule,10 units,5-50 EGP,False,"Store below 25°C, protect from light",Painkillers
med_00177,Naproxen,Naproxen,Diclofenac,EIPICO,6221001287411,6222002100193,1000mg,Gel,15g,5-50 EGP,False,"Store below 25°C, protect from light",Painkillers
med_00178,Naprosyn 1000mg,Naprosyn,Ibuprofen,EIPICO,6222002608452,6223001103145,1000mg,Suppository,6,5-50 EGP,False,"Store below 25°C, protect from light",Painkillers
med_00179,Naprosyn,Naprosyn,Paracetamol,EIPICO,6222003188456,6221001625194,1000mg,Suppository,12,5-50 EGP,False,"Store below 25°C, protect from light",Painkillers
med_00180,Naprosyn,Naprosyn,Diclofenac,EIPICO,6221003626577,6221002927873,200mg,Injection,2ml,5-50 EGP,False,"Store below 25°C, protect from light",Painkillers
med_00181,Aleve 1000mg,Aleve,Diclofenac,EIPICO,6223002341904,6223002318394,1000mg,Gel,30g,5-50 EGP,False,"Store below 25°C, protect from light",Painkillers
med_00182,Aleve,Aleve,Diclofenac,EIPICO,6221001380007,6222002487555,500mg,Capsule,50 units,5-50 EGP,False,"Store below 25°C, protect from light",Painkillers
med_00183,Aleve,Aleve,Paracetamol,EIPICO,6222001417845,6222003693516,200mg,Capsule,20 units,5-50 EGP,False,"Store below 25°C, protect from light",Painkillers
med_00184,Naproxen 400mg,Naproxen,Paracetamol,EIPICO,6221003858327,6223002933684,400mg,Injection,1ml,5-50 EGP,False,"Store below 25°C, protect from light",Painkillers
med_00185,Naproxen,Naproxen,Paracetamol,EIPICO,6221002198974,6221001477402,1000mg,Injection,2ml,5-50 EGP,False,"Store below 25°C, protect from light",Painkillers
med_00186,Naproxen,Naproxen,Diclofenac,EIPICO,6221001330194,6222002647165,500mg,Tablet,30 units,5-50 EGP,False,"Store below 25°C, protect from light",Painkillers
med_00187,Anaprox 500mg,Anaprox,Paracetamol,EIPICO,6221001485767,6222002905583,500mg,Tablet,50 units,5-50 EGP,False,"Store below 25°C, protect from light",Painkillers
med_00188,Anaprox,Anaprox,Ibuprofen,EIPICO,6221003766876,6222001523378,200mg,Tablet,30 units,5-50 EGP,False,"Store below 25°C, protect from light",Painkillers
med_00189,Anaprox,Anaprox,Paracetamol,EIPICO,6222002127527,6222003410863,400mg,Injection,1ml,5-50 EGP,False,"Store below 25°C, protect from light",Painkillers
med_00190,Ketorolac 200mg,Ketorolac,Ibuprofen,EIPICO,6221003417736,6222003904953,200mg,Suppository,6,5-50 EGP,False,"Store below 25°C, protect from light",Painkillers
med_00191,Ketorolac,Ketorolac,Diclofenac,EIPICO,6223002626924,6222003625824,400mg,Gel,30g,5-50 EGP,False,"Store below 25°C, protect from light",Painkillers
med_00192,Ketorolac,Ketorolac,Ibuprofen,EIPICO,6221001397176,6222001579175,1000mg,Injection,2ml,5-50 EGP,False,"Store below 25°C, protect from light",Painkillers
med_00193,Toradol 400mg,Toradol,Paracetamol,EIPICO,6221001296908,6222002277858,400mg,Tablet,100 units,5-50 EGP,False,"Store below 25°C, protect from light",Painkillers
med_00194,Toradol,Toradol,Paracetamol,EIPICO,6221001668189,6222002979926,400mg,Gel,100g,5-50 EGP,False,"Store below 25°C, protect from light",Painkillers
med_00195,Toradol,Toradol,Paracetamol,EIPICO,6222002368671,6222002127401,600mg,Gel,30g,5-50 EGP,False,"Store below 25°C, protect from light",Painkillers
med_00196,Ketorol 400mg,Ketorol,Paracetamol,EIPICO,6222001814915,6221003814573,400mg,Injection,5ml,5-50 EGP,False,"Store below 25°C, protect from light",Painkillers
med_00197,Ketorol,Ketorol,Diclofenac,EIPICO,6221002179106,6222002858846,500mg,Gel,15g,5-50 EGP,False,"Store below 25°C, protect from light",Painkillers
med_00198,Ketorol,Ketorol,Diclofenac,EIPICO,6222003685313,6223002390201,200mg,Suppository,12,5-50 EGP,False,"Store below 25°C, protect from light",Painkillers
med_00199,Ketorolac 200mg,Ketorolac,Ibuprofen,EIPICO,6222003704941,6223002197739,200mg,Gel,100g,5-50 EGP,False,"Store below 25°C, protect from light",Painkillers
med_00200,Ketorolac,Ketorolac,Ibuprofen,EIPICO,6223001307837,6221002606195,500mg,Tablet,20 units,5-50 EGP,False,"Store below 25°C, protect from light",Painkillers
med_00201,Ketorolac,Ketorolac,Diclofenac,EIPICO,6222001593452,6221001526881,1000mg,Suppository,6,5-50 EGP,False,"Store below 25°C, protect from light",Painkillers
med_00202,Toradol 1000mg,Toradol,Paracetamol,EIPICO,6223001510131,6222002463659,1000mg,Gel,30g,5-50 EGP,False,"Store below 25°C, protect from light",Painkillers
med_00203,Toradol,Toradol,Paracetamol,EIPICO,6221003605538,6221003338122,200mg,Suppository,12,5-50 EGP,False,"Store below 25°C, protect from light",Painkillers
med_00204,Toradol,Toradol,Paracetamol,EIPICO,6222003708196,6221003445784,500mg,Injection,1ml,5-50 EGP,False,"Store below 25°C, protect from light",Painkillers
med_00205,Tramadol 600mg,Tramadol,Paracetamol,EIPICO,6222003495711,6223002858411,600mg,Tablet,10 units,5-50 EGP,False,"Store below 25°C, protect from light",Painkillers
med_00206,Tramadol,Tramadol,Paracetamol,EIPICO,6222001464555,6223002157262,200mg,Suppository,6,5-50 EGP,False,"Store below 25°C, protect from light",Painkillers
med_00207,Tramadol,Tramadol,Paracetamol,EIPICO,6221003577647,6221002993696,600mg,Capsule,10 units,5-50 EGP,False,"Store below 25°C, protect from light",Painkillers
med_00208,Tramal 200mg,Tramal,Diclofenac,EIPICO,6221002292446,6223001529306,200mg,Tablet,30 units,5-50 EGP,False,"Store below 25°C, protect from light",Painkillers
med_00209,Tramal,Tramal,Diclofenac,EIPICO,6221002294998,6222002234031,1000mg,Injection,2ml,5-50 EGP,False,"Store below 25°C, protect from light",Painkillers
med_00210,Tramal,Tramal,Paracetamol,EIPICO,6223002611478,6222003807764,1000mg,Injection,10ml,5-50 EGP,False,"Store below 25°C, protect from light",Painkillers
med_00211,Ultram 400mg,Ultram,Diclofenac,EIPICO,6221002495283,6221003518790,400mg,Suppository,6,5-50 EGP,False,"Store below 25°C, protect from light",Painkillers
med_00212,Ultram,Ultram,Ibuprofen,EIPICO,6222002339353,6223001340659,400mg,Capsule,20 units,5-50 EGP,False,"Store below 25°C, protect from light",Painkillers
med_00213,Ultram,Ultram,Paracetamol,EIPICO,6221001138144,6223002477345,400mg,Capsule,20 units,5-50 EGP,False,"Store below 25°C, protect from light",Painkillers
med_00214,Tramadol 200mg,Tramadol,Paracetamol,EIPICO,6223002224983,6222002853465,200mg,Gel,30g,5-50 EGP,False,"Store below 25°C, protect from light",Painkillers
med_00215,Tramadol,Tramadol,Paracetamol,EIPICO,6221002852931,6222003650302,1000mg,Capsule,30 units,5-50 EGP,False,"Store below 25°C, protect from light",Painkillers
med_00216,Tramadol,Tramadol,Paracetamol,EIPICO,6221001181383,6222001587600,600mg,Gel,15g,5-50 EGP,False,"Store below 25°C, protect from light",Painkillers
med_00217,Tramex 600mg,Tramex,Ibuprofen,EIPICO,6221002381279,6222001599160,600mg,Capsule,30 units,5-50 EGP,False,"Store below 25°C, protect from light",Painkillers
med_00218,Tramex,Tramex,Paracetamol,EIPICO,6221003525486,6221002598856,200mg,Capsule,10 units,5-50 EGP,False,"Store below 25°C, protect from light",Painkillers
med_00219,Tramex,Tramex,Ibuprofen,EIPICO,6223002240944,6223001190715,600mg,Capsule,20 units,5-50 EGP,False,"Store below 25°C, protect from light",Painkillers
med_00220,Metformin 1000mg,Metformin,Metformin,EIPICO,6222003402965,6221003533410,1000mg,Injection,1ml,30-200 EGP,True,"Store below 25°C, protect from light",Diabetes
med_00221,Metformin,Metformin,Metformin,EIPICO,6221003923260,6223001572294,850mg,Suspension,60ml,30-200 EGP,True,"Store below 25°C, protect from light",Diabetes
med_00222,Metformin,Metformin,Metformin,EIPICO,6222001444138,6222001512095,850mg,Suspension,250ml,30-200 EGP,True,"Store below 25°C, protect from light",Diabetes
med_00223,Glucophage 10mg,Glucophage,Metformin,EIPICO,6221002380676,6221002901404,10mg,Suspension,60ml,30-200 EGP,True,"Store below 25°C, protect from light",Diabetes
med_00224,Glucophage,Glucophage,Sitagliptin,EIPICO,6221001806966,6222002192091,500mg,Tablet,30 units,30-200 EGP,True,"Store below 25°C, protect from light",Diabetes
med_00225,Glucophage,Glucophage,Metformin,EIPICO,6222003368360,6223001849136,850mg,Suspension,100ml,30-200 EGP,True,"Store below 25°C, protect from light",Diabetes
med_00226,Diaformin 500mg,Diaformin,Glibenclamide,EIPICO,6221003118101,6222003976751,500mg,Injection,2ml,30-200 EGP,True,"Store below 25°C, protect from light",Diabetes
med_00227,Diaformin,Diaformin,Glibenclamide,EIPICO,6222001806546,6221003797278,1000mg,Tablet,50 units,30-200 EGP,True,"Store below 25°C, protect from light",Diabetes
med_00228,Diaformin,Diaformin,Sitagliptin,EIPICO,6222001230412,6221001667891,5mg,Suspension,250ml,30-200 EGP,True,"Store below 25°C, protect from light",Diabetes
med_00229,Metfogamma 850mg,Metfogamma,Sitagliptin,EIPICO,6223002287128,6221001822944,850mg,Suspension,125ml,30-200 EGP,True,"Store below 25°C, protect from light",Diabetes
med_00230,Metfogamma,Metfogamma,Sitagliptin,EIPICO,6221001134764,6221001566119,850mg,Tablet,20 units,30-200 EGP,True,"Store below 25°C, protect from light",Diabetes
med_00231,Metfogamma,Metfogamma,Glibenclamide,EIPICO,6223002752341,6223001821032,500mg,Tablet,20 units,30-200 EGP,True,"Store below 25°C, protect from light",Diabetes
med_00232,Metformax 10mg,Metformax,Metformin,EIPICO,6223001331625,6222003491313,10mg,Injection,5ml,30-200 EGP,True,"Store below 25°C, protect from light",Diabetes
med_00233,Metformax,Metformax,Metformin,EIPICO,6223002676908,6221001874797,500mg,Injection,1ml,30-200 EGP,True,"Store below 25°C, protect from light",Diabetes
med_00234,Metformax,Metformax,Metformin,EIPICO,6222002542468,6221003770792,500mg,Injection,5ml,30-200 EGP,True,"Store below 25°C, protect from light",Diabetes
med_00235,Metformin 1000mg,Metformin,Metformin,EIPICO,6222001940940,6222002432124,1000mg,Injection,5ml,30-200 EGP,True,"Store below 25°C, protect from light",Diabetes
med_00236,Metformin,Metformin,Metformin,EIPICO,6223002653579,6221003415982,850mg,Injection,2ml,30-200 EGP,True,"Store below 25°C, protect from light",Diabetes
med_00237,Metformin,Metformin,Metformin,EIPICO,6223002457029,6221001724105,1000mg,Injection,10ml,30-200 EGP,True,"Store below 25°C, protect from light",Diabetes
med_00238,Glibenclamide 5mg,Glibenclamide,Sitagliptin,EIPICO,6223002288851,6221002300655,5mg,Injection,10ml,30-200 EGP,True,"Store below 25°C, protect from light",Diabetes
med_00239,Glibenclamide,Glibenclamide,Glibenclamide,EIPICO,6221002546138,6221001515611,500mg,Tablet,100 units,30-200 EGP,True,"Store below 25°C, protect from light",Diabetes
med_00240,Glibenclamide,Glibenclamide,Glibenclamide,EIPICO,6221001917409,6223001188136,5mg,Injection,1ml,30-200 EGP,True,"Store below 25°C, protect from light",Diabetes
med_00241,Daonil 10mg,Daonil,Metformin,EIPICO,6222001363523,6222003887743,10mg,Suspension,60ml,30-200 EGP,True,"Store below 25°C, protect from light",Diabetes
med_00242,Daonil,Daonil,Metformin,EIPICO,6221002303033,6223002329914,500mg,Injection,5ml,30-200 EGP,True,"Store below 25°C, protect from light",Diabetes
med_00243,Daonil,Daonil,Metformin,EIPICO,6223002956208,6221003985503,10mg,Injection,1ml,30-200 EGP,True,"Store below 25°C, protect from light",Diabetes
med_00244,Euglucon 1000mg,Euglucon,Glibenclamide,EIPICO,6222001568688,6221001799002,1000mg,Suspension,60ml,30-200 EGP,True,"Store below 25°C, protect from light",Diabetes
med_00245,Euglucon,Euglucon,Glibenclamide,EIPICO,6223002680036,6223001976068,500mg,Tablet,10 units,30-200 EGP,True,"Store below 25°C, protect from light",Diabetes
med_00246,Euglucon,Euglucon,Metformin,EIPICO,6221002889871,6221003778500,10mg,Injection,5ml,30-200 EGP,True,"Store below 25°C, protect from light",Diabetes
med_00247,Gliben 10mg,Gliben,Metformin,EIPICO,6221003963433,6223001838278,10mg,Tablet,50 units,30-200 EGP,True,"Store below 25°C, protect from light",Diabetes
med_00248,Gliben,Gliben,Sitagliptin,EIPICO,6221002203272,6222003823563,500mg,Tablet,10 units,30-200 EGP,True,"Store below 25°C, protect from light",Diabetes
med_00249,Gliben,Gliben,Glibenclamide,EIPICO,6221001143614,6223001982939,1000mg,Tablet,100 units,30-200 EGP,True,"Store below 25°C, protect from light",Diabetes
med_00250,Diamicron 10mg,Diamicron,Glibenclamide,EIPICO,6221003342618,6221002967356,10mg,Tablet,20 units,30-200 EGP,True,"Store below 25°C, protect from light",Diabetes
med_00251,Diamicron,Diamicron,Glibenclamide,EIPICO,6221002380642,6223002421359,1000mg,Injection,10ml,30-200 EGP,True,"Store below 25°C, protect from light",Diabetes
med_00252,Diamicron,Diamicron,Sitagliptin,EIPICO,6221003909613,6222001329306,10mg,Suspension,250ml,30-200 EGP,True,"Store below 25°C, protect from light",Diabetes
med_00253,Amaryl 850mg,Amaryl,Glibenclamide,EIPICO,6223002123214,6222003745335,850mg,Tablet,100 units,30-200 EGP,True,"Store below 25°C, protect from light",Diabetes
med_00254,Amaryl,Amaryl,Metformin,EIPICO,6222001373426,6223001328694,850mg,Suspension,250ml,30-200 EGP,True,"Store below 25°C, protect from light",Diabetes
med_00255,Amaryl,Amaryl,Sitagliptin,EIPICO,6223001289853,6221002759007,1000mg,Injection,2ml,30-200 EGP,True,"Store below 25°C, protect from light",Diabetes
med_00256,Pioglitazone 10mg,Pioglitazone,Glibenclamide,EIPICO,6222002475952,6221003674856,10mg,Injection,5ml,30-200 EGP,True,"Store below 25°C, protect from light",Diabetes
med_00257,Pioglitazone,Pioglitazone,Sitagliptin,EIPICO,6222001827737,6221001961643,5mg,Injection,10ml,30-200 EGP,True,"Store below 25°C, protect from light",Diabetes
med_00258,Pioglitazone,Pioglitazone,Glibenclamide,EIPICO,6223002135434,6223001712368,5mg,Suspension,125ml,30-200 EGP,True,"Store below 25°C, protect from light",Diabetes
med_00259,Actos 850mg,Actos,Sitagliptin,EIPICO,6221001351280,6221001814172,850mg,Injection,5ml,30-200 EGP,True,"Store below 25°C, protect from light",Diabetes
med_00260,Actos,Actos,Metformin,EIPICO,6221002597612,6223002337718,500mg,Tablet,30 units,30-200 EGP,True,"Store below 25°C, protect from light",Diabetes
med_00261,Actos,Actos,Glibenclamide,EIPICO,6223002974264,6222001365828,1000mg,Injection,2ml,30-200 EGP,True,"Store below 25°C, protect from light",Diabetes
med_00262,Pioglit 5mg,Pioglit,Glibenclamide,EIPICO,6222002190839,6221002428317,5mg,Injection,1ml,30-200 EGP,True,"Store below 25°C, protect from light",Diabetes
med_00263,Pioglit,Pioglit,Sitagliptin,EIPICO,6222003674424,6221001165062,5mg,Tablet,30 units,30-200 EGP,True,"Store below 25°C, protect from light",Diabetes
med_00264,Pioglit,Pioglit,Sitagliptin,EIPICO,6222003841727,6221001777824,5mg,Suspension,60ml,30-200 EGP,True,"Store below 25°C, protect from light",Diabetes
med_00265,Glustin 10mg,Glustin,Metformin,EIPICO,6222003442555,6221002434322,10mg,Tablet,100 units,30-200 EGP,True,"Store below 25°C, protect from light",Diabetes
med_00266,Glustin,Glustin,Metformin,EIPICO,6222002525690,6223001893625,5mg,Tablet,100 units,30-200 EGP,True,"Store below 25°C, protect from light",Diabetes
med_00267,Glustin,Glustin,Sitagliptin,EIPICO,6223002461500,6222003845076,5mg,Tablet,30 units,30-200 EGP,True,"Store below 25°C, protect from light",Diabetes
med_00268,Actos 1000mg,Actos,Metformin,EIPICO,6222003971344,6222001207564,1000mg,Injection,10ml,30-200 EGP,True,"Store below 25°C, protect from light",Diabetes
med_00269,Actos,Actos,Metformin,EIPICO,6222002217745,6221003600445,850mg,Suspension,60ml,30-200 EGP,True,"Store below 25°C, protect from light",Diabetes
med_00270,Actos,Actos,Sitagliptin,EIPICO,6222001972058,6222003269859,500mg,Injection,2ml,30-200 EGP,True,"Store below 25°C, protect from light",Diabetes
med_00271,Pioglitazone 5mg,Pioglitazone,Sitagliptin,EIPICO,6223002676513,6221003993464,5mg,Injection,10ml,30-200 EGP,True,"Store below 25°C, protect from light",Diabetes
med_00272,Pioglitazone,Pioglitazone,Metformin,EIPICO,6221002717850,6221003216836,10mg,Tablet,50 units,30-200 EGP,True,"Store below 25°C, protect from light",Diabetes
med_00273,Pioglitazone,Pioglitazone,Metformin,EIPICO,6222001272636,6221002974208,5mg,Suspension,125ml,30-200 EGP,True,"Store below 25°C, protect from light",Diabetes
med_00274,Sitagliptin 1000mg,Sitagliptin,Metformin,EIPICO,6221003231983,6222001122704,1000mg,Injection,1ml,30-200 EGP,True,"Store below 25°C, protect from light",Diabetes
med_00275,Sitagliptin,Sitagliptin,Glibenclamide,EIPICO,6221001293206,6223002924664,10mg,Tablet,50 units,30-200 EGP,True,"Store below 25°C, protect from light",Diabetes
med_00276,Sitagliptin,Sitagliptin,Sitagliptin,EIPICO,6222003142373,6221003432225,1000mg,Injection,10ml,30-200 EGP,True,"Store below 25°C, protect from light",Diabetes
med_00277,Januvia 5mg,Januvia,Sitagliptin,EIPICO,6223002996678,6221002337448,5mg,Tablet,20 units,30-200 EGP,True,"Store below 25°C, protect from light",Diabetes
med_00278,Januvia,Januvia,Metformin,EIPICO,6222003434865,6221003784798,1000mg,Tablet,20 units,30-200 EGP,True,"Store below 25°C, protect from light",Diabetes
med_00279,Januvia,Januvia,Sitagliptin,EIPICO,6221002850262,6221003929254,500mg,Injection,1ml,30-200 EGP,True,"Store below 25°C, protect from light",Diabetes
med_00280,Sitagliptin 5mg,Sitagliptin,Sitagliptin,EIPICO,6221001341892,6221002623109,5mg,Suspension,125ml,30-200 EGP,True,"Store below 25°C, protect from light",Diabetes
med_00281,Sitagliptin,Sitagliptin,Metformin,EIPICO,6222001220175,6221002832975,850mg,Suspension,250ml,30-200 EGP,True,"Store below 25°C, protect from light",Diabetes
med_00282,Sitagliptin,Sitagliptin,Glibenclamide,EIPICO,6223002303832,6221003765531,500mg,Suspension,125ml,30-200 EGP,True,"Store below 25°C, protect from light",Diabetes
med_00283,Janumet 500mg,Janumet,Glibenclamide,EIPICO,6223001989203,6223001365511,500mg,Tablet,100 units,30-200 EGP,True,"Store below 25°C, protect from light",Diabetes
med_00284,Janumet,Janumet,Metformin,EIPICO,6222003841793,6222003712757,500mg,Suspension,125ml,30-200 EGP,True,"Store below 25°C, protect from light",Diabetes
med_00285,Janumet,Janumet,Glibenclamide,EIPICO,6221002211836,6222002404953,500mg,Tablet,20 units,30-200 EGP,True,"Store below 25°C, protect from light",Diabetes
med_00286,Sitagliptin 850mg,Sitagliptin,Glibenclamide,EIPICO,6222001736579,6222001832788,850mg,Suspension,250ml,30-200 EGP,True,"Store below 25°C, protect from light",Diabetes
med_00287,Sitagliptin,Sitagliptin,Metformin,EIPICO,6222002421108,6221003797195,500mg,Injection,1ml,30-200 EGP,True,"Store below 25°C, protect from light",Diabetes
med_00288,Sitagliptin,Sitagliptin,Glibenclamide,EIPICO,6223002986756,6221002821889,10mg,Suspension,60ml,30-200 EGP,True,"Store below 25°C, protect from light",Diabetes
med_00289,Vildagliptin 5mg,Vildagliptin,Glibenclamide,EIPICO,6221003670184,6223002313760,5mg,Tablet,50 units,30-200 EGP,True,"Store below 25°C, protect from light",Diabetes
med_00290,Vildagliptin,Vildagliptin,Glibenclamide,EIPICO,6222001912497,6223001397125,1000mg,Suspension,125ml,30-200 EGP,True,"Store below 25°C, protect from light",Diabetes
med_00291,Vildagliptin,Vildagliptin,Glibenclamide,EIPICO,6222002675463,6221003307094,850mg,Tablet,50 units,30-200 EGP,True,"Store below 25°C, protect from light",Diabetes
med_00292,Galvus 850mg,Galvus,Sitagliptin,EIPICO,6221001842370,6221002873914,850mg,Suspension,60ml,30-200 EGP,True,"Store below 25°C, protect from light",Diabetes
med_00293,Galvus,Galvus,Metformin,EIPICO,6222002213479,6223002476436,850mg,Tablet,30 units,30-200 EGP,True,"Store below 25°C, protect from light",Diabetes
med_00294,Galvus,Galvus,Sitagliptin,EIPICO,6221003829923,6223001858135,1000mg,Injection,10ml,30-200 EGP,True,"Store below 25°C, protect from light",Diabetes
med_00295,Vildagliptin 1000mg,Vildagliptin,Metformin,EIPICO,6222001731467,6222003496355,1000mg,Tablet,100 units,30-200 EGP,True,"Store below 25°C, protect from light",Diabetes
med_00296,Vildagliptin,Vildagliptin,Metformin,EIPICO,6221002398314,6223001218237,1000mg,Suspension,250ml,30-200 EGP,True,"Store below 25°C, protect from light",Diabetes
med_00297,Vildagliptin,Vildagliptin,Sitagliptin,EIPICO,6223001275538,6223002798337,850mg,Suspension,100ml,30-200 EGP,True,"Store below 25°C, protect from light",Diabetes
med_00298,Galvus 850mg,Galvus,Metformin,EIPICO,6223002604888,6221002374876,850mg,Tablet,20 units,30-200 EGP,True,"Store below 25°C, protect from light",Diabetes
med_00299,Galvus,Galvus,Sitagliptin,EIPICO,6222003554358,6221003441596,5mg,Injection,1ml,30-200 EGP,True,"Store below 25°C, protect from light",Diabetes
med_00300,Galvus,Galvus,Metformin,EIPICO,6221002369141,6221001153676,850mg,Injection,2ml,30-200 EGP,True,"Store below 25°C, protect from light",Diabetes
med_00301,Vildagliptin 850mg,Vildagliptin,Glibenclamide,EIPICO,6223002989655,6221003930657,850mg,Injection,5ml,30-200 EGP,True,"Store below 25°C, protect from light",Diabetes
med_00302,Vildagliptin,Vildagliptin,Sitagliptin,EIPICO,6221002415580,6222003693467,850mg,Tablet,20 units,30-200 EGP,True,"Store below 25°C, protect from light",Diabetes
med_00303,Vildagliptin,Vildagliptin,Metformin,EIPICO,6221002965884,6223001521133,5mg,Suspension,100ml,30-200 EGP,True,"Store below 25°C, protect from light",Diabetes
med_00304,Amlodipine 50mg,Amlodipine,Amlodipine,EIPICO,6221001876001,6223002333835,50mg,Tablet,30 units,40-150 EGP,True,"Store below 25°C, protect from light",Cardiovascular
med_00305,Amlodipine,Amlodipine,Amlodipine,EIPICO,6223002915016,6223001821288,25mg,Capsule,30 units,40-150 EGP,True,"Store below 25°C, protect from light",Cardiovascular
med_00306,Amlodipine,Amlodipine,Amlodipine,EIPICO,6222002809329,6222002691217,100mg,Tablet,30 units,40-150 EGP,True,"Store below 25°C, protect from light",Cardiovascular
med_00307,Norvasc 10mg,Norvasc,Lisinopril,EIPICO,6222001112258,6221003554464,10mg,Tablet,20 units,40-150 EGP,True,"Store below 25°C, protect from light",Cardiovascular
med_00308,Norvasc,Norvasc,Atorvastatin,EIPICO,6222002355393,6222003932589,50mg,Tablet,100 units,40-150 EGP,True,"Store below 25°C, protect from light",Cardiovascular
med_00309,Norvasc,Norvasc,Amlodipine,EIPICO,6221002644188,6222001900527,100mg,Capsule,10 units,40-150 EGP,True,"Store below 25°C, protect from light",Cardiovascular
med_00310,Amlocard 50mg,Amlocard,Atorvastatin,EIPICO,6223002808129,6222003353471,50mg,Capsule,50 units,40-150 EGP,True,"Store below 25°C, protect from light",Cardiovascular
med_00311,Amlocard,Amlocard,Amlodipine,EIPICO,6221002316329,6221002968585,25mg,Capsule,20 units,40-150 EGP,True,"Store below 25°C, protect from light",Cardiovascular
med_00312,Amlocard,Amlocard,Lisinopril,EIPICO,6223002728319,6223002295403,25mg,Capsule,10 units,40-150 EGP,True,"Store below 25°C, protect from light",Cardiovascular
med_00313,Amlodin 20mg,Amlodin,Lisinopril,EIPICO,6223002949455,6221003756160,20mg,Tablet,10 units,40-150 EGP,True,"Store below 25°C, protect from light",Cardiovascular
med_00314,Amlodin,Amlodin,Atorvastatin,EIPICO,6223002203261,6222003271527,10mg,Tablet,50 units,40-150 EGP,True,"Store below 25°C, protect from light",Cardiovascular
med_00315,Amlodin,Amlodin,Atorvastatin,EIPICO,6222002293938,6221003877069,5mg,Capsule,30 units,40-150 EGP,True,"Store below 25°C, protect from light",Cardiovascular
med_00316,Norvasc 50mg,Norvasc,Atorvastatin,EIPICO,6223002674861,6223001578724,50mg,Tablet,100 units,40-150 EGP,True,"Store below 25°C, protect from light",Cardiovascular
med_00317,Norvasc,Norvasc,Amlodipine,EIPICO,6221002384912,6222002431659,50mg,Capsule,20 units,40-150 EGP,True,"Store below 25°C, protect from light",Cardiovascular
med_00318,Norvasc,Norvasc,Lisinopril,EIPICO,6221001531477,6222001869619,50mg,Tablet,100 units,40-150 EGP,True,"Store below 25°C, protect from light",Cardiovascular
med_00319,Amlodipine 20mg,Amlodipine,Amlodipine,EIPICO,6222002492230,6221002793025,20mg,Tablet,50 units,40-150 EGP,True,"Store below 25°C, protect from light",Cardiovascular
med_00320,Amlodipine,Amlodipine,Amlodipine,EIPICO,6221003476490,6222001865555,25mg,Capsule,20 units,40-150 EGP,True,"Store below 25°C, protect from light",Cardiovascular
med_00321,Amlodipine,Amlodipine,Amlodipine,EIPICO,6222002589503,6222001752433,50mg,Tablet,10 units,40-150 EGP,True,"Store below 25°C, protect from light",Cardiovascular
med_00322,Lisinopril 20mg,Lisinopril,Lisinopril,EIPICO,6221002544568,6222002460123,20mg,Tablet,10 units,40-150 EGP,True,"Store below 25°C, protect from light",Cardiovascular
med_00323,Lisinopril,Lisinopril,Lisinopril,EIPICO,6222002416418,6221001742345,20mg,Capsule,50 units,40-150 EGP,True,"Store below 25°C, protect from light",Cardiovascular
med_00324,Lisinopril,Lisinopril,Lisinopril,EIPICO,6222001162707,6222002306772,10mg,Capsule,10 units,40-150 EGP,True,"Store below 25°C, protect from light",Cardiovascular
med_00325,Zestril 10mg,Zestril,Amlodipine,EIPICO,6223001329635,6223002232206,10mg,Tablet,100 units,40-150 EGP,True,"Store below 25°C, protect from light",Cardiovascular
med_00326,Zestril,Zestril,Lisinopril,EIPICO,6223001629308,6223002884058,20mg,Tablet,10 units,40-150 EGP,True,"Store below 25°C, protect from light",Cardiovascular
med_00327,Zestril,Zestril,Amlodipine,EIPICO,6221001337675,6221001205137,5mg,Tablet,30 units,40-150 EGP,True,"Store below 25°C, protect from light",Cardiovascular
med_00328,Acerbon 10mg,Acerbon,Atorvastatin,EIPICO,6223001345585,6222003346846,10mg,Capsule,10 units,40-150 EGP,True,"Store below 25°C, protect from light",Cardiovascular
med_00329,Acerbon,Acerbon,Amlodipine,EIPICO,6222002150588,6221003892420,10mg,Tablet,50 units,40-150 EGP,True,"Store below 25°C, protect from light",Cardiovascular
med_00330,Acerbon,Acerbon,Lisinopril,EIPICO,6221001569641,6221003117000,50mg,Capsule,30 units,40-150 EGP,True,"Store below 25°C, protect from light",Cardiovascular
med_00331,Lisinopril 100mg,Lisinopril,Lisinopril,EIPICO,6221003456939,6223002147519,100mg,Tablet,10 units,40-150 EGP,True,"Store below 25°C, protect from light",Cardiovascular
med_00332,Lisinopril,Lisinopril,Lisinopril,EIPICO,6223001608702,6223001156481,10mg,Tablet,10 units,40-150 EGP,True,"Store below 25°C, protect from light",Cardiovascular
med_00333,Lisinopril,Lisinopril,Lisinopril,EIPICO,6222002293721,6221003404057,50mg,Capsule,30 units,40-150 EGP,True,"Store below 25°C, protect from light",Cardiovascular
med_00334,Prinivil 50mg,Prinivil,Amlodipine,EIPICO,6222003804921,6222002464470,50mg,Tablet,100 units,40-150 EGP,True,"Store below 25°C, protect from light",Cardiovascular
med_00335,Prinivil,Prinivil,Lisinopril,EIPICO,6222002140702,6222001455475,50mg,Tablet,100 units,40-150 EGP,True,"Store below 25°C, protect from light",Cardiovascular
med_00336,Prinivil,Prinivil,Amlodipine,EIPICO,6222003283497,6221002140601,10mg,Tablet,50 units,40-150 EGP,True,"Store below 25°C, protect from light",Cardiovascular
med_00337,Zestril 20mg,Zestril,Amlodipine,EIPICO,6222003301630,6223002316909,20mg,Capsule,50 units,40-150 EGP,True,"Store below 25°C, protect from light",Cardiovascular
med_00338,Zestril,Zestril,Amlodipine,EIPICO,6222002955573,6222001555499,10mg,Tablet,20 units,40-150 EGP,True,"Store below 25°C, protect from light",Cardiovascular
med_00339,Zestril,Zestril,Atorvastatin,EIPICO,6221001414896,6221002390370,20mg,Capsule,20 units,40-150 EGP,True,"Store below 25°C, protect from light",Cardiovascular
med_00340,Atenolol 20mg,Atenolol,Lisinopril,EIPICO,6223002522995,6222002680467,20mg,Tablet,100 units,40-150 EGP,True,"Store below 25°C, protect from light",Cardiovascular
med_00341,Atenolol,Atenolol,Atorvastatin,EIPICO,6221001213786,6223002367546,20mg,Capsule,10 units,40-150 EGP,True,"Store below 25°C, protect from light",Cardiovascular
med_00342,Atenolol,Atenolol,Amlodipine,EIPICO,6222002447202,6223001471337,5mg,Tablet,10 units,40-150 EGP,True,"Store below 25°C, protect from light",Cardiovascular
med_00343,Tenormin 100mg,Tenormin,Lisinopril,EIPICO,6223001197300,6221001378533,100mg,Tablet,20 units,40-150 EGP,True,"Store below 25°C, protect from light",Cardiovascular
med_00344,Tenormin,Tenormin,Lisinopril,EIPICO,6223002861524,6221003205286,20mg,Capsule,10 units,40-150 EGP,True,"Store below 25°C, protect from light",Cardiovascular
med_00345,Tenormin,Tenormin,Amlodipine,EIPICO,6222003733349,6222002458523,5mg,Tablet,20 units,40-150 EGP,True,"Store below 25°C, protect from light",Cardiovascular
med_00346,Atenol 20mg,Atenol,Atorvastatin,EIPICO,6223001741501,6223001513794,20mg,Tablet,100 units,40-150 EGP,True,"Store below 25°C, protect from light",Cardiovascular
med_00347,Atenol,Atenol,Lisinopril,EIPICO,6223001872102,6222003862467,20mg,Tablet,20 units,40-150 EGP,True,"Store below 25°C, protect from light",Cardiovascular
med_00348,Atenol,Atenol,Lisinopril,EIPICO,6223001225818,6222002162514,100mg,Capsule,30 units,40-150 EGP,True,"Store below 25°C, protect from light",Cardiovascular
med_00349,Tenormin 5mg,Tenormin,Atorvastatin,EIPICO,6223001796458,6223002716920,5mg,Capsule,50 units,40-150 EGP,True,"Store below 25°C, protect from light",Cardiovascular
med_00350,Tenormin,Tenormin,Atorvastatin,EIPICO,6221001437341,6222003715291,50mg,Tablet,50 units,40-150 EGP,True,"Store below 25°C, protect from light",Cardiovascular
med_00351,Tenormin,Tenormin,Amlodipine,EIPICO,6222003814169,6222003451442,50mg,Capsule,20 units,40-150 EGP,True,"Store below 25°C, protect from light",Cardiovascular
med_00352,Atenolol 100mg,Atenolol,Atorvastatin,EIPICO,6222001641836,6221003229345,100mg,Capsule,20 units,40-150 EGP,True,"Store below 25°C, protect from light",Cardiovascular
med_00353,Atenolol,Atenolol,Atorvastatin,EIPICO,6222002907363,6223002335299,10mg,Tablet,20 units,40-150 EGP,True,"Store below 25°C, protect from light",Cardiovascular
med_00354,Atenolol,Atenolol,Amlodipine,EIPICO,6221001725790,6221002100790,25mg,Capsule,30 units,40-150 EGP,True,"Store below 25°C, protect from light",Cardiovascular
med_00355,Tenoretic 100mg,Tenoretic,Lisinopril,EIPICO,6223001804150,6221002538278,100mg,Capsule,30 units,40-150 EGP,True,"Store below 25°C, protect from light",Cardiovascular
med_00356,Tenoretic,Tenoretic,Atorvastatin,EIPICO,6222001737463,6222002339169,5mg,Tablet,100 units,40-150 EGP,True,"Store below 25°C, protect from light",Cardiovascular
med_00357,Tenoretic,Tenoretic,Amlodipine,EIPICO,6222002384313,6222001604015,50mg,Tablet,20 units,40-150 EGP,True,"Store below 25°C, protect from light",Cardiovascular
med_00358,Losartan 20mg,Losartan,Atorvastatin,EIPICO,6223001752805,6223002310804,20mg,Capsule,30 units,40-150 EGP,True,"Store below 25°C, protect from light",Cardiovascular
med_00359,Losartan,Losartan,Amlodipine,EIPICO,6221001517001,6222003120995,20mg,Capsule,20 units,40-150 EGP,True,"Store below 25°C, protect from light",Cardiovascular
med_00360,Losartan,Losartan,Amlodipine,EIPICO,6222002232805,6222001109088,50mg,Capsule,20 units,40-150 EGP,True,"Store below 25°C, protect from light",Cardiovascular
med_00361,Cozaar 100mg,Cozaar,Amlodipine,EIPICO,6222001409618,6222002777841,100mg,Tablet,10 units,40-150 EGP,True,"Store below 25°C, protect from light",Cardiovascular
med_00362,Cozaar,Cozaar,Amlodipine,EIPICO,6223001671666,6221002528339,5mg,Capsule,50 units,40-150 EGP,True,"Store below 25°C, protect from light",Cardiovascular
med_00363,Cozaar,Cozaar,Amlodipine,EIPICO,6223002435950,6222001748713,100mg,Capsule,30 units,40-150 EGP,True,"Store below 25°C, protect from light",Cardiovascular
med_00364,Losartan 100mg,Losartan,Atorvastatin,EIPICO,6223002102548,6221002934893,100mg,Capsule,10 units,40-150 EGP,True,"Store below 25°C, protect from light",Cardiovascular
med_00365,Losartan,Losartan,Amlodipine,EIPICO,6222002259308,6223001591357,50mg,Capsule,50 units,40-150 EGP,True,"Store below 25°C, protect from light",Cardiovascular
med_00366,Losartan,Losartan,Atorvastatin,EIPICO,6221001557171,6223002567922,25mg,Tablet,30 units,40-150 EGP,True,"Store below 25°C, protect from light",Cardiovascular
med_00367,Hyzaar 50mg,Hyzaar,Amlodipine,EIPICO,6221002586594,6221003912251,50mg,Tablet,50 units,40-150 EGP,True,"Store below 25°C, protect from light",Cardiovascular
med_00368,Hyzaar,Hyzaar,Lisinopril,EIPICO,6221003196227,6222002787513,20mg,Tablet,30 units,40-150 EGP,True,"Store below 25°C, protect from light",Cardiovascular
med_00369,Hyzaar,Hyzaar,Lisinopril,EIPICO,6221002596360,6222003815560,20mg,Tablet,20 units,40-150 EGP,True,"Store below 25°C, protect from light",Cardiovascular
med_00370,Losartan 10mg,Losartan,Lisinopril,EIPICO,6223001690877,6222002997652,10mg,Capsule,50 units,40-150 EGP,True,"Store below 25°C, protect from light",Cardiovascular
med_00371,Losartan,Losartan,Lisinopril,EIPICO,6221001400355,6221001733408,100mg,Capsule,30 units,40-150 EGP,True,"Store below 25°C, protect from light",Cardiovascular
med_00372,Losartan,Losartan,Lisinopril,EIPICO,6221002867371,6222001567075,10mg,Tablet,10 units,40-150 EGP,True,"Store below 25°C, protect from light",Cardiovascular
med_00373,Cozaar 25mg,Cozaar,Amlodipine,EIPICO,6221001131037,6221003257859,25mg,Capsule,50 units,40-150 EGP,True,"Store below 25°C, protect from light",Cardiovascular
med_00374,Cozaar,Cozaar,Lisinopril,EIPICO,6223001815584,6222003162126,5mg,Capsule,10 units,40-150 EGP,True,"Store below 25°C, protect from light",Cardiovascular
med_00375,Cozaar,Cozaar,Lisinopril,EIPICO,6221001741902,6223001991221,50mg,Tablet,50 units,40-150 EGP,True,"Store below 25°C, protect from light",Cardiovascular
med_00376,Atorvastatin 5mg,Atorvastatin,Atorvastatin,EIPICO,6222003305016,6221002163677,5mg,Tablet,100 units,40-150 EGP,True,"Store below 25°C, protect from light",Cardiovascular
med_00377,Atorvastatin,Atorvastatin,Atorvastatin,EIPICO,6221003848510,6221003172152,50mg,Tablet,100 units,40-150 EGP,True,"Store below 25°C, protect from light",Cardiovascular
med_00378,Atorvastatin,Atorvastatin,Atorvastatin,EIPICO,6222003609218,6223001695090,5mg,Tablet,10 units,40-150 EGP,True,"Store below 25°C, protect from light",Cardiovascular
med_00379,Lipitor 10mg,Lipitor,Lisinopril,EIPICO,6221003848265,6222003607128,10mg,Tablet,50 units,40-150 EGP,True,"Store below 25°C, protect from light",Cardiovascular
med_00380,Lipitor,Lipitor,Lisinopril,EIPICO,6223002555346,6222003527388,20mg,Capsule,50 units,40-150 EGP,True,"Store below 25°C, protect from light",Cardiovascular
med_00381,Lipitor,Lipitor,Amlodipine,EIPICO,6221001984900,6222002498212,5mg,Capsule,30 units,40-150 EGP,True,"Store below 25°C, protect from light",Cardiovascular
med_00382,Atorva 100mg,Atorva,Atorvastatin,EIPICO,6222001436290,6221002381992,100mg,Capsule,50 units,40-150 EGP,True,"Store below 25°C, protect from light",Cardiovascular
med_00383,Atorva,Atorva,Atorvastatin,EIPICO,6223001596654,6222003582251,20mg,Tablet,20 units,40-150 EGP,True,"Store below 25°C, protect from light",Cardiovascular
med_00384,Atorva,Atorva,Atorvastatin,EIPICO,6222001818262,6221001570265,100mg,Capsule,30 units,40-150 EGP,True,"Store below 25°C, protect from light",Cardiovascular
med_00385,Lipitor 100mg,Lipitor,Amlodipine,EIPICO,6223002669134,6222002144024,100mg,Capsule,30 units,40-150 EGP,True,"Store below 25°C, protect from light",Cardiovascular
med_00386,Lipitor,Lipitor,Lisinopril,EIPICO,6221002166911,6221002576698,50mg,Capsule,20 units,40-150 EGP,True,"Store below 25°C, protect from light",Cardiovascular
med_00387,Lipitor,Lipitor,Lisinopril,EIPICO,6223002563665,6222001870827,5mg,Capsule,50 units,40-150 EGP,True,"Store below 25°C, protect from light",Cardiovascular
med_00388,Atorvastatin 10mg,Atorvastatin,Atorvastatin,EIPICO,6221001936547,6223002892448,10mg,Tablet,50 units,40-150 EGP,True,"Store below 25°C, protect from light",Cardiovascular
med_00389,Atorvastatin,Atorvastatin,Atorvastatin,EIPICO,6221001380492,6223002490556,100mg,Tablet,20 units,40-150 EGP,True,"Store below 25°C, protect from light",Cardiovascular
med_00390,Atorvastatin,Atorvastatin,Atorvastatin,EIPICO,6221002820885,6221001708823,10mg,Tablet,20 units,40-150 EGP,True,"Store below 25°C, protect from light",Cardiovascular
med_00391,Tahor 10mg,Tahor,Atorvastatin,EIPICO,6221003868681,6221003207575,10mg,Tablet,100 units,40-150 EGP,True,"Store below 25°C, protect from light",Cardiovascular
med_00392,Tahor,Tahor,Atorvastatin,EIPICO,6222002613351,6222001447566,100mg,Tablet,20 units,40-150 EGP,True,"Store below 25°C, protect from light",Cardiovascular
med_00393,Tahor,Tahor,Atorvastatin,EIPICO,6221001606423,6222002724897,5mg,Tablet,20 units,40-150 EGP,True,"Store below 25°C, protect from light",Cardiovascular
med_00394,Simvastatin 100mg,Simvastatin,Atorvastatin,EIPICO,6223002434176,6221002542038,100mg,Capsule,50 units,40-150 EGP,True,"Store below 25°C, protect from light",Cardiovascular
med_00395,Simvastatin,Simvastatin,Atorvastatin,EIPICO,6221002734487,6222001760463,5mg,Capsule,10 units,40-150 EGP,True,"Store below 25°C, protect from light",Cardiovascular
med_00396,Simvastatin,Simvastatin,Atorvastatin,EIPICO,6221002747384,6223002294913,20mg,Tablet,10 units,40-150 EGP,True,"Store below 25°C, protect from light",Cardiovascular
med_00397,Zocor 25mg,Zocor,Atorvastatin,EIPICO,6222002663285,6222003457374,25mg,Tablet,20 units,40-150 EGP,True,"Store below 25°C, protect from light",Cardiovascular
med_00398,Zocor,Zocor,Amlodipine,EIPICO,6222003275850,6222001807170,25mg,Tablet,100 units,40-150 EGP,True,"Store below 25°C, protect from light",Cardiovascular
med_00399,Zocor,Zocor,Atorvastatin,EIPICO,6222002238306,6223002136474,5mg,Tablet,20 units,40-150 EGP,True,"Store below 25°C, protect from light",Cardiovascular
med_00400,Simvastin 20mg,Simvastin,Atorvastatin,EIPICO,6222002213232,6221002400272,20mg,Capsule,50 units,40-150 EGP,True,"Store below 25°C, protect from light",Cardiovascular
med_00401,Simvastin,Simvastin,Lisinopril,EIPICO,6222003715367,6222001927359,50mg,Capsule,30 units,40-150 EGP,True,"Store below 25°C, protect from light",Cardiovascular
med_00402,Simvastin,Simvastin,Lisinopril,EIPICO,6221001330855,6222003865009,100mg,Tablet,20 units,40-150 EGP,True,"Store below 25°C, protect from light",Cardiovascular
med_00403,Zocor 50mg,Zocor,Lisinopril,EIPICO,6222002750034,6223001377150,50mg,Tablet,30 units,40-150 EGP,True,"Store below 25°C, protect from light",Cardiovascular
med_00404,Zocor,Zocor,Amlodipine,EIPICO,6221002883583,6222002543505,100mg,Tablet,10 units,40-150 EGP,True,"Store below 25°C, protect from light",Cardiovascular
med_00405,Zocor,Zocor,Lisinopril,EIPICO,6223001746630,6223001727343,20mg,Capsule,30 units,40-150 EGP,True,"Store below 25°C, protect from light",Cardiovascular
med_00406,Simvastatin 20mg,Simvastatin,Lisinopril,EIPICO,6223002234409,6221001127010,20mg,Capsule,20 units,40-150 EGP,True,"Store below 25°C, protect from light",Cardiovascular
med_00407,Simvastatin,Simvastatin,Amlodipine,EIPICO,6222003882286,6221001443175,50mg,Capsule,20 units,40-150 EGP,True,"Store below 25°C, protect from light",Cardiovascular
med_00408,Simvastatin,Simvastatin,Atorvastatin,EIPICO,6221003117453,6223002920261,25mg,Capsule,50 units,40-150 EGP,True,"Store below 25°C, protect from light",Cardiovascular
med_00409,Vytorin 25mg,Vytorin,Atorvastatin,EIPICO,6222002297868,6223001472055,25mg,Capsule,30 units,40-150 EGP,True,"Store below 25°C, protect from light",Cardiovascular
med_00410,Vytorin,Vytorin,Atorvastatin,EIPICO,6223001535999,6221003940297,5mg,Capsule,20 units,40-150 EGP,True,"Store below 25°C, protect from light",Cardiovascular
med_00411,Vytorin,Vytorin,Atorvastatin,EIPICO,6223001570361,6221002179685,25mg,Tablet,50 units,40-150 EGP,True,"Store below 25°C, protect from light",Cardiovascular
med_00412,Omeprazole 150mg,Omeprazole,Omeprazole,EIPICO,6221002238819,6223002857682,150mg,Injection,10ml,25-70 EGP,False,"Store below 25°C, protect from light",Stomach
med_00413,Omeprazole,Omeprazole,Omeprazole,EIPICO,6221001310284,6223001469875,20mg,Capsule,30 units,25-70 EGP,False,"Store below 25°C, protect from light",Stomach
med_00414,Omeprazole,Omeprazole,Omeprazole,EIPICO,6221003377008,6221001936552,150mg,Tablet,10 units,25-70 EGP,False,"Store below 25°C, protect from light",Stomach
med_00415,Losec 150mg,Losec,Ranitidine,EIPICO,6222001121119,6223001604740,150mg,Tablet,100 units,25-70 EGP,False,"Store below 25°C, protect from light",Stomach
med_00416,Losec,Losec,Omeprazole,EIPICO,6223001298246,6223002931842,40mg,Capsule,20 units,25-70 EGP,False,"Store below 25°C, protect from light",Stomach
med_00417,Losec,Losec,Omeprazole,EIPICO,6222002513059,6221003796046,20mg,Suspension,250ml,25-70 EGP,False,"Store below 25°C, protect from light",Stomach
med_00418,Omepradex 150mg,Omepradex,Omeprazole,EIPICO,6223002884852,6223002804096,150mg,Tablet,30 units,25-70 EGP,False,"Store below 25°C, protect from light",Stomach
med_00419,Omepradex,Omepradex,Omeprazole,EIPICO,6223002394358,6221002783869,40mg,Injection,2ml,25-70 EGP,False,"Store below 25°C, protect from light",Stomach
med_00420,Omepradex,Omepradex,Omeprazole,EIPICO,6221001556600,6223002998862,300mg,Injection,5ml,25-70 EGP,False,"Store below 25°C, protect from light",Stomach
med_00421,Prilosec 40mg,Prilosec,Pantoprazole,EIPICO,6223002275705,6221003982371,40mg,Capsule,50 units,25-70 EGP,False,"Store below 25°C, protect from light",Stomach
med_00422,Prilosec,Prilosec,Omeprazole,EIPICO,6221003707248,6222003713955,150mg,Injection,5ml,25-70 EGP,False,"Store below 25°C, protect from light",Stomach
med_00423,Prilosec,Prilosec,Ranitidine,EIPICO,6221002843732,6221001984934,20mg,Tablet,20 units,25-70 EGP,False,"Store below 25°C, protect from light",Stomach
med_00424,Omeprazole 20mg,Omeprazole,Omeprazole,EIPICO,6222001415167,6223002648183,20mg,Tablet,10 units,25-70 EGP,False,"Store below 25°C, protect from light",Stomach
med_00425,Omeprazole,Omeprazole,Omeprazole,EIPICO,6222001795167,6223001132039,300mg,Tablet,50 units,25-70 EGP,False,"Store below 25°C, protect from light",Stomach
med_00426,Omeprazole,Omeprazole,Omeprazole,EIPICO,6223002520781,6221001994931,300mg,Suspension,60ml,25-70 EGP,False,"Store below 25°C, protect from light",Stomach
med_00427,Losec 150mg,Losec,Omeprazole,EIPICO,6222003578071,6222002510781,150mg,Injection,5ml,25-70 EGP,False,"Store below 25°C, protect from light",Stomach
med_00428,Losec,Losec,Omeprazole,EIPICO,6222003958202,6223002887445,150mg,Injection,5ml,25-70 EGP,False,"Store below 25°C, protect from light",Stomach
med_00429,Losec,Losec,Pantoprazole,EIPICO,6222002475911,6221002474453,300mg,Capsule,10 units,25-70 EGP,False,"Store below 25°C, protect from light",Stomach
med_00430,Pantoprazole 40mg,Pantoprazole,Pantoprazole,EIPICO,6221001700753,6221001191764,40mg,Suspension,250ml,25-70 EGP,False,"Store below 25°C, protect from light",Stomach
med_00431,Pantoprazole,Pantoprazole,Ranitidine,EIPICO,6221002613944,6222003294657,40mg,Suspension,60ml,25-70 EGP,False,"Store below 25°C, protect from light",Stomach
med_00432,Pantoprazole,Pantoprazole,Omeprazole,EIPICO,6222001943392,6221003799379,40mg,Capsule,10 units,25-70 EGP,False,"Store below 25°C, protect from light",Stomach
med_00433,Protonix 300mg,Protonix,Ranitidine,EIPICO,6221002558112,6223002185346,300mg,Tablet,50 units,25-70 EGP,False,"Store below 25°C, protect from light",Stomach
med_00434,Protonix,Protonix,Pantoprazole,EIPICO,6221001961072,6221003433963,40mg,Suspension,250ml,25-70 EGP,False,"Store below 25°C, protect from light",Stomach
med_00435,Protonix,Protonix,Ranitidine,EIPICO,6222002788096,6221001347720,150mg,Tablet,30 units,25-70 EGP,False,"Store below 25°C, protect from light",Stomach
med_00436,Pantoloc 150mg,Pantoloc,Omeprazole,EIPICO,6223002351733,6222002579581,150mg,Tablet,30 units,25-70 EGP,False,"Store below 25°C, protect from light",Stomach
med_00437,Pantoloc,Pantoloc,Omeprazole,EIPICO,6222002108984,6221002400708,40mg,Tablet,50 units,25-70 EGP,False,"Store below 25°C, protect from light",Stomach
med_00438,Pantoloc,Pantoloc,Omeprazole,EIPICO,6222002885818,6221001642687,150mg,Tablet,50 units,25-70 EGP,False,"Store below 25°C, protect from light",Stomach
med_00439,Pantoprazole 300mg,Pantoprazole,Omeprazole,EIPICO,6221002142797,6222002592153,300mg,Capsule,20 units,25-70 EGP,False,"Store below 25°C, protect from light",Stomach
med_00440,Pantoprazole,Pantoprazole,Omeprazole,EIPICO,6221003555856,6221003828486,150mg,Injection,5ml,25-70 EGP,False,"Store below 25°C, protect from light",Stomach
med_00441,Pantoprazole,Pantoprazole,Omeprazole,EIPICO,6221001279267,6223002374053,300mg,Tablet,10 units,25-70 EGP,False,"Store below 25°C, protect from light",Stomach
med_00442,Protonix 20mg,Protonix,Pantoprazole,EIPICO,6222003302040,6222002913442,20mg,Capsule,20 units,25-70 EGP,False,"Store below 25°C, protect from light",Stomach
med_00443,Protonix,Protonix,Ranitidine,EIPICO,6223002702599,6223002986873,150mg,Injection,10ml,25-70 EGP,False,"Store below 25°C, protect from light",Stomach
med_00444,Protonix,Protonix,Pantoprazole,EIPICO,6222002300217,6222001448447,20mg,Injection,10ml,25-70 EGP,False,"Store below 25°C, protect from light",Stomach
med_00445,Pantoloc 40mg,Pantoloc,Pantoprazole,EIPICO,6222001872255,6221002415393,40mg,Suspension,60ml,25-70 EGP,False,"Store below 25°C, protect from light",Stomach
med_00446,Pantoloc,Pantoloc,Omeprazole,EIPICO,6221003887678,6221001837500,40mg,Capsule,20 units,25-70 EGP,False,"Store below 25°C, protect from light",Stomach
med_00447,Pantoloc,Pantoloc,Pantoprazole,EIPICO,6222002452669,6221001523065,40mg,Suspension,250ml,25-70 EGP,False,"Store below 25°C, protect from light",Stomach
med_00448,Ranitidine 20mg,Ranitidine,Ranitidine,EIPICO,6221002931904,6223002172612,20mg,Tablet,20 units,25-70 EGP,False,"Store below 25°C, protect from light",Stomach
med_00449,Ranitidine,Ranitidine,Ranitidine,EIPICO,6222001626025,6221001586106,300mg,Capsule,50 units,25-70 EGP,False,"Store below 25°C, protect from light",Stomach
med_00450,Ranitidine,Ranitidine,Omeprazole,EIPICO,6221003189377,6223001768226,300mg,Injection,10ml,25-70 EGP,False,"Store below 25°C, protect from light",Stomach
med_00451,Zantac 150mg,Zantac,Omeprazole,EIPICO,6221002835278,6223001702068,150mg,Injection,1ml,25-70 EGP,False,"Store below 25°C, protect from light",Stomach
med_00452,Zantac,Zantac,Omeprazole,EIPICO,6223002905250,6223001220180,300mg,Tablet,50 units,25-70 EGP,False,"Store below 25°C, protect from light",Stomach
med_00453,Zantac,Zantac,Ranitidine,EIPICO,6223002862585,6222002720398,150mg,Suspension,60ml,25-70 EGP,False,"Store below 25°C, protect from light",Stomach
med_00454,Histac 40mg,Histac,Pantoprazole,EIPICO,6222002452842,6223002248557,40mg,Suspension,125ml,25-70 EGP,False,"Store below 25°C, protect from light",Stomach
med_00455,Histac,Histac,Pantoprazole,EIPICO,6223001404248,6222001811763,150mg,Tablet,100 units,25-70 EGP,False,"Store below 25°C, protect from light",Stomach
med_00456,Histac,Histac,Ranitidine,EIPICO,6222002885719,6222002805134,20mg,Tablet,10 units,25-70 EGP,False,"Store below 25°C, protect from light",Stomach
med_00457,Ranitidine 20mg,Ranitidine,Pantoprazole,EIPICO,6223002232722,6223001575251,20mg,Capsule,20 units,25-70 EGP,False,"Store below 25°C, protect from light",Stomach
med_00458,Ranitidine,Ranitidine,Omeprazole,EIPICO,6222003784754,6221002445162,40mg,Capsule,30 units,25-70 EGP,False,"Store below 25°C, protect from light",Stomach
med_00459,Ranitidine,Ranitidine,Pantoprazole,EIPICO,6221002275192,6222003843612,300mg,Tablet,20 units,25-70 EGP,False,"Store below 25°C, protect from light",Stomach
med_00460,Zantac 150mg,Zantac,Ranitidine,EIPICO,6221003590911,6223001344094,150mg,Injection,5ml,25-70 EGP,False,"Store below 25°C, protect from light",Stomach
med_00461,Zantac,Zantac,Omeprazole,EIPICO,6222002711032,6223002574770,300mg,Suspension,60ml,25-70 EGP,False,"Store below 25°C, protect from light",Stomach
med_00462,Zantac,Zantac,Ranitidine,EIPICO,6221003163639,6221003975469,20mg,Suspension,250ml,25-70 EGP,False,"Store below 25°C, protect from light",Stomach
med_00463,Histac 150mg,Histac,Omeprazole,EIPICO,6221002660399,6221003331955,150mg,Suspension,250ml,25-70 EGP,False,"Store below 25°C, protect from light",Stomach
med_00464,Histac,Histac,Omeprazole,EIPICO,6221003426623,6221002257671,300mg,Injection,5ml,25-70 EGP,False,"Store below 25°C, protect from light",Stomach
med_00465,Histac,Histac,Pantoprazole,EIPICO,6221003316629,6223001896292,20mg,Tablet,50 units,25-70 EGP,False,"Store below 25°C, protect from light",Stomach
med_00466,Esomeprazole 300mg,Esomeprazole,Omeprazole,EIPICO,6221001242865,6222002379001,300mg,Suspension,60ml,25-70 EGP,False,"Store below 25°C, protect from light",Stomach
med_00467,Esomeprazole,Esomeprazole,Omeprazole,EIPICO,6221003421163,6223001130614,150mg,Injection,10ml,25-70 EGP,False,"Store below 25°C, protect from light",Stomach
med_00468,Esomeprazole,Esomeprazole,Omeprazole,EIPICO,6221003723403,6221002491057,300mg,Capsule,50 units,25-70 EGP,False,"Store below 25°C, protect from light",Stomach
med_00469,Nexium 20mg,Nexium,Omeprazole,EIPICO,6222001768168,6222001674730,20mg,Tablet,30 units,25-70 EGP,False,"Store below 25°C, protect from light",Stomach
med_00470,Nexium,Nexium,Omeprazole,EIPICO,6223001581397,6222002714772,150mg,Suspension,250ml,25-70 EGP,False,"Store below 25°C, protect from light",Stomach
med_00471,Nexium,Nexium,Pantoprazole,EIPICO,6221001838198,6222003544976,40mg,Capsule,30 units,25-70 EGP,False,"Store below 25°C, protect from light",Stomach
med_00472,Esomeprazole 150mg,Esomeprazole,Omeprazole,EIPICO,6221002109936,6223002560279,150mg,Suspension,250ml,25-70 EGP,False,"Store below 25°C, protect from light",Stomach
med_00473,Esomeprazole,Esomeprazole,Omeprazole,EIPICO,6221002973027,6221001841402,150mg,Tablet,30 units,25-70 EGP,False,"Store below 25°C, protect from light",Stomach
med_00474,Esomeprazole,Esomeprazole,Omeprazole,EIPICO,6223002709021,6221002345713,20mg,Tablet,20 units,25-70 EGP,False,"Store below 25°C, protect from light",Stomach
med_00475,Nexium 20mg,Nexium,Pantoprazole,EIPICO,6222001168918,6222002922560,20mg,Injection,10ml,25-70 EGP,False,"Store below 25°C, protect from light",Stomach
med_00476,Nexium,Nexium,Pantoprazole,EIPICO,6222003615179,6222003305608,20mg,Tablet,30 units,25-70 EGP,False,"Store below 25°C, protect from light",Stomach
med_00477,Nexium,Nexium,Ranitidine,EIPICO,6222003335988,6223001852237,150mg,Capsule,50 units,25-70 EGP,False,"Store below 25°C, protect from light",Stomach
med_00478,Esomeprazole 300mg,Esomeprazole,Omeprazole,EIPICO,6223002374845,6223001998150,300mg,Tablet,30 units,25-70 EGP,False,"Store below 25°C, protect from light",Stomach
med_00479,Esomeprazole,Esomeprazole,Omeprazole,EIPICO,6222003936735,6221001417231,20mg,Injection,5ml,25-70 EGP,False,"Store below 25°C, protect from light",Stomach
med_00480,Esomeprazole,Esomeprazole,Omeprazole,EIPICO,6222001692121,6223001699355,300mg,Tablet,50 units,25-70 EGP,False,"Store below 25°C, protect from light",Stomach
med_00481,Cetirizine 5mg,Cetirizine,Cetirizine,EIPICO,6223001997749,6221001633431,5mg,Tablet,20 units,15-40 EGP,False,"Store below 25°C, protect from light",Allergy
med_00482,Cetirizine,Cetirizine,Cetirizine,EIPICO,6221002723207,6221002560881,10mg,Capsule,10 units,15-40 EGP,False,"Store below 25°C, protect from light",Allergy
med_00483,Cetirizine,Cetirizine,Cetirizine,EIPICO,6221002128450,6223001223955,5mg,Eye drops,10ml,15-40 EGP,False,"Store below 25°C, protect from light",Allergy
med_00484,Zyrtec 120mg,Zyrtec,Fexofenadine,EIPICO,6223002850119,6222001173142,120mg,Tablet,100 units,15-40 EGP,False,"Store below 25°C, protect from light",Allergy
med_00485,Zyrtec,Zyrtec,Loratadine,EIPICO,6222002477006,6223001404451,180mg,Syrup,120ml,15-40 EGP,False,"Store below 25°C, protect from light",Allergy
med_00486,Zyrtec,Zyrtec,Fexofenadine,EIPICO,6223001860986,6223001415266,10mg,Capsule,30 units,15-40 EGP,False,"Store below 25°C, protect from light",Allergy
med_00487,Cetrine 10mg,Cetrine,Loratadine,EIPICO,6221001333397,6222003177325,10mg,Syrup,250ml,15-40 EGP,False,"Store below 25°C, protect from light",Allergy
med_00488,Cetrine,Cetrine,Cetirizine,EIPICO,6222002446724,6221001623061,10mg,Eye drops,5ml,15-40 EGP,False,"Store below 25°C, protect from light",Allergy
med_00489,Cetrine,Cetrine,Cetirizine,EIPICO,6221003939801,6222001531492,120mg,Capsule,30 units,15-40 EGP,False,"Store below 25°C, protect from light",Allergy
med_00490,Cetirizin 10mg,Cetirizin,Cetirizine,EIPICO,6221003894688,6223002615268,10mg,Capsule,30 units,15-40 EGP,False,"Store below 25°C, protect from light",Allergy
med_00491,Cetirizin,Cetirizin,Cetirizine,EIPICO,6221001649918,6222001381106,10mg,Tablet,20 units,15-40 EGP,False,"Store below 25°C, protect from light",Allergy
med_00492,Cetirizin,Cetirizin,Cetirizine,EIPICO,6223002871119,6223001167348,10mg,Capsule,30 units,15-40 EGP,False,"Store below 25°C, protect from light",Allergy
med_00493,Zyrtec 180mg,Zyrtec,Cetirizine,EIPICO,6222003267928,6221001524119,180mg,Eye drops,5ml,15-40 EGP,False,"Store below 25°C, protect from light",Allergy
med_00494,Zyrtec,Zyrtec,Cetirizine,EIPICO,6223001896267,6222002154597,180mg,Tablet,20 units,15-40 EGP,False,"Store below 25°C, protect from light",Allergy
med_00495,Zyrtec,Zyrtec,Cetirizine,EIPICO,6223001638545,6221003816989,5mg,Eye drops,5ml,15-40 EGP,False,"Store below 25°C, protect from light",Allergy
med_00496,Cetirizine 180mg,Cetirizine,Cetirizine,EIPICO,6221001955856,6223002658407,180mg,Syrup,120ml,15-40 EGP,False,"Store below 25°C, protect from light",Allergy
med_00497,Cetirizine,Cetirizine,Cetirizine,EIPICO,6221002873593,6222003855952,180mg,Eye drops,10ml,15-40 EGP,False,"Store below 25°C, protect from light",Allergy
med_00498,Cetirizine,Cetirizine,Cetirizine,EIPICO,6223002411519,6222002293409,180mg,Capsule,30 units,15-40 EGP,False,"Store below 25°C, protect from light",Allergy
med_00499,Loratadine 120mg,Loratadine,Loratadine,EIPICO,6223002391920,6223002418318,120mg,Eye drops,5ml,15-40 EGP,False,"Store below 25°C, protect from light",Allergy
med_00500,Loratadine,Loratadine,Loratadine,EIPICO,6222002253799,6221003265880,120mg,Eye drops,5ml,15-40 EGP,False,"Store below 25°C, protect from light",Allergy
med_00501,Loratadine,Loratadine,Loratadine,EIPICO,6222001887052,6222002777910,180mg,Tablet,100 units,15-40 EGP,False,"Store below 25°C, protect from light",Allergy
med_00502,Claritin 10mg,Claritin,Cetirizine,EIPICO,6222001890717,6221002931676,10mg,Capsule,30 units,15-40 EGP,False,"Store below 25°C, protect from light",Allergy
med_00503,Claritin,Claritin,Cetirizine,EIPICO,6221002824738,6221002256973,120mg,Capsule,20 units,15-40 EGP,False,"Store below 25°C, protect from light",Allergy
med_00504,Claritin,Claritin,Fexofenadine,EIPICO,6221003728867,6222002616626,120mg,Eye drops,10ml,15-40 EGP,False,"Store below 25°C, protect from light",Allergy
med_00505,Alavert 10mg,Alavert,Loratadine,EIPICO,6221001773905,6223001591611,10mg,Syrup,100ml,15-40 EGP,False,"Store below 25°C, protect from light",Allergy
med_00506,Alavert,Alavert,Fexofenadine,EIPICO,6221002673090,6221002522272,180mg,Tablet,10 units,15-40 EGP,False,"Store below 25°C, protect from light",Allergy
med_00507,Alavert,Alavert,Loratadine,EIPICO,6221003313840,6223002608587,180mg,Eye drops,5ml,15-40 EGP,False,"Store below 25°C, protect from light",Allergy
med_00508,Loratadine 10mg,Loratadine,Loratadine,EIPICO,6221001575218,6222001419935,10mg,Tablet,100 units,15-40 EGP,False,"Store below 25°C, protect from light",Allergy
med_00509,Loratadine,Loratadine,Loratadine,EIPICO,6221003344163,6221001230224,180mg,Capsule,20 units,15-40 EGP,False,"Store below 25°C, protect from light",Allergy
med_00510,Loratadine,Loratadine,Loratadine,EIPICO,6223001193300,6223001231212,10mg,Tablet,10 units,15-40 EGP,False,"Store below 25°C, protect from light",Allergy
med_00511,Claritin 180mg,Claritin,Cetirizine,EIPICO,6222001225652,6221001597312,180mg,Eye drops,5ml,15-40 EGP,False,"Store below 25°C, protect from light",Allergy
med_00512,Claritin,Claritin,Fexofenadine,EIPICO,6221003976188,6222003377743,120mg,Eye drops,5ml,15-40 EGP,False,"Store below 25°C, protect from light",Allergy
med_00513,Claritin,Claritin,Fexofenadine,EIPICO,6221001910392,6223001770739,180mg,Syrup,60ml,15-40 EGP,False,"Store below 25°C, protect from light",Allergy
med_00514,Alavert 120mg,Alavert,Loratadine,EIPICO,6223001585419,6222001906057,120mg,Tablet,100 units,15-40 EGP,False,"Store below 25°C, protect from light",Allergy
med_00515,Alavert,Alavert,Loratadine,EIPICO,6221001568513,6222002988097,10mg,Capsule,50 units,15-40 EGP,False,"Store below 25°C, protect from light",Allergy
med_00516,Alavert,Alavert,Loratadine,EIPICO,6222001265147,6221002581488,10mg,Syrup,250ml,15-40 EGP,False,"Store below 25°C, protect from light",Allergy
med_00517,Fexofenadine 180mg,Fexofenadine,Cetirizine,EIPICO,6221002589976,6223002121940,180mg,Tablet,10 units,15-40 EGP,False,"Store below 25°C, protect from light",Allergy
med_00518,Fexofenadine,Fexofenadine,Loratadine,EIPICO,6221003535036,6222003530747,10mg,Syrup,60ml,15-40 EGP,False,"Store below 25°C, protect from light",Allergy
med_00519,Fexofenadine,Fexofenadine,Cetirizine,EIPICO,6223002886615,6222002175210,5mg,Tablet,10 units,15-40 EGP,False,"Store below 25°C, protect from light",Allergy
med_00520,Allegra 120mg,Allegra,Fexofenadine,EIPICO,6221002648986,6222002761912,120mg,Eye drops,5ml,15-40 EGP,False,"Store below 25°C, protect from light",Allergy
med_00521,Allegra,Allegra,Fexofenadine,EIPICO,6221003555366,6221001761623,180mg,Tablet,10 units,15-40 EGP,False,"Store below 25°C, protect from light",Allergy
med_00522,Allegra,Allegra,Cetirizine,EIPICO,6221001305078,6222001349873,5mg,Capsule,20 units,15-40 EGP,False,"Store below 25°C, protect from light",Allergy
med_00523,Fexofenadine 5mg,Fexofenadine,Fexofenadine,EIPICO,6222003963478,6223002576579,5mg,Syrup,100ml,15-40 EGP,False,"Store below 25°C, protect from light",Allergy
med_00524,Fexofenadine,Fexofenadine,Cetirizine,EIPICO,6223001436960,6223002971139,180mg,Capsule,10 units,15-40 EGP,False,"Store below 25°C, protect from light",Allergy
med_00525,Fexofenadine,Fexofenadine,Fexofenadine,EIPICO,6221001251659,6223002972916,120mg,Tablet,30 units,15-40 EGP,False,"Store below 25°C, protect from light",Allergy
med_00526,Allegra 120mg,Allegra,Fexofenadine,EIPICO,6223001642836,6221002741262,120mg,Syrup,250ml,15-40 EGP,False,"Store below 25°C, protect from light",Allergy
med_00527,Allegra,Allegra,Loratadine,EIPICO,6223002413528,6223002881715,180mg,Capsule,20 units,15-40 EGP,False,"Store below 25°C, protect from light",Allergy
med_00528,Allegra,Allegra,Fexofenadine,EIPICO,6222003947973,6223002218883,5mg,Capsule,20 units,15-40 EGP,False,"Store below 25°C, protect from light",Allergy
med_00529,Fexofenadine 120mg,Fexofenadine,Cetirizine,EIPICO,6221003220621,6222002755481,120mg,Tablet,100 units,15-40 EGP,False,"Store below 25°C, protect from light",Allergy
med_00530,Fexofenadine,Fexofenadine,Loratadine,EIPICO,6221003599564,6223002552780,120mg,Tablet,100 units,15-40 EGP,False,"Store below 25°C, protect from light",Allergy
med_00531,Fexofenadine,Fexofenadine,Loratadine,EIPICO,6222001257670,6221001818636,120mg,Capsule,50 units,15-40 EGP,False,"Store below 25°C, protect from light",Allergy
med_00532,Desloratadine 10mg,Desloratadine,Loratadine,EIPICO,6222002149949,6223001385703,10mg,Syrup,120ml,15-40 EGP,False,"Store below 25°C, protect from light",Allergy
med_00533,Desloratadine,Desloratadine,Loratadine,EIPICO,6221001550517,6223002556336,180mg,Eye drops,10ml,15-40 EGP,False,"Store below 25°C, protect from light",Allergy
med_00534,Desloratadine,Desloratadine,Loratadine,EIPICO,6223001735489,6221002804054,120mg,Syrup,60ml,15-40 EGP,False,"Store below 25°C, protect from light",Allergy
med_00535,Clarinex 120mg,Clarinex,Fexofenadine,EIPICO,6223001456204,6223001959487,120mg,Eye drops,10ml,15-40 EGP,False,"Store below 25°C, protect from light",Allergy
med_00536,Clarinex,Clarinex,Cetirizine,EIPICO,6221001904136,6221001168280,180mg,Syrup,100ml,15-40 EGP,False,"Store below 25°C, protect from light",Allergy
med_00537,Clarinex,Clarinex,Fexofenadine,EIPICO,6222003757429,6222003175475,180mg,Capsule,30 units,15-40 EGP,False,"Store below 25°C, protect from light",Allergy
med_00538,Desloratadine 5mg,Desloratadine,Loratadine,EIPICO,6222002114488,6221002525352,5mg,Eye drops,10ml,15-40 EGP,False,"Store below 25°C, protect from light",Allergy
med_00539,Desloratadine,Desloratadine,Loratadine,EIPICO,6221003549499,6222001379434,5mg,Capsule,20 units,15-40 EGP,False,"Store below 25°C, protect from light",Allergy
med_00540,Desloratadine,Desloratadine,Loratadine,EIPICO,6222003913936,6223002407795,10mg,Tablet,30 units,15-40 EGP,False,"Store below 25°C, protect from light",Allergy
med_00541,Clarinex 180mg,Clarinex,Loratadine,EIPICO,6221002314934,6221002128338,180mg,Eye drops,5ml,15-40 EGP,False,"Store below 25°C, protect from light",Allergy
med_00542,Clarinex,Clarinex,Cetirizine,EIPICO,6223001407373,6222002340303,10mg,Tablet,20 units,15-40 EGP,False,"Store below 25°C, protect from light",Allergy
med_00543,Clarinex,Clarinex,Cetirizine,EIPICO,6223001926154,6222001521450,180mg,Eye drops,10ml,15-40 EGP,False,"Store below 25°C, protect from light",Allergy
med_00544,Desloratadine 5mg,Desloratadine,Loratadine,EIPICO,6222002968643,6221002221475,5mg,Eye drops,10ml,15-40 EGP,False,"Store below 25°C, protect from light",Allergy
med_00545,Desloratadine,Desloratadine,Loratadine,EIPICO,6222001572252,6223001755734,10mg,Tablet,20 units,15-40 EGP,False,"Store below 25°C, protect from light",Allergy
med_00546,Desloratadine,Desloratadine,Loratadine,EIPICO,6223002616766,6222002452489,120mg,Tablet,10 units,15-40 EGP,False,"Store below 25°C, protect from light",Allergy
med_00547,Azithro 250mg,Azithro,Azithromycin,Pharco,6221002312844,6221001414672,250mg,Tablet,10 units,15-80 EGP,True,"Store below 25°C, protect from light",Antibiotics
med_00548,Azithro,Azithro,Azithromycin,Pharco,6223001168275,6222003709393,500mg,Tablet,50 units,15-80 EGP,True,"Store below 25°C, protect from light",Antibiotics
med_00549,Azithro,Azithro,Azithromycin,Pharco,6221002379255,6222001908192,1g,Suspension,100ml,15-80 EGP,True,"Store below 25°C, protect from light",Antibiotics
med_00550,Azithral 500mg,Azithral,Azithromycin,Pharco,6222002463684,6221002702693,500mg,Tablet,50 units,15-80 EGP,True,"Store below 25°C, protect from light",Antibiotics
med_00551,Azithral,Azithral,Azithromycin,Pharco,6221002414929,6223002847207,500mg,Injection,5ml,15-80 EGP,True,"Store below 25°C, protect from light",Antibiotics
med_00552,Azithral,Azithral,Azithromycin,Pharco,6221003209260,6221003393065,250mg,Tablet,100 units,15-80 EGP,True,"Store below 25°C, protect from light",Antibiotics
med_00553,Zimax 500mg,Zimax,Azithromycin,Pharco,6221003245033,6222002205737,500mg,Injection,5ml,15-80 EGP,True,"Store below 25°C, protect from light",Antibiotics
med_00554,Zimax,Zimax,Azithromycin,Pharco,6221003262990,6222001759321,250mg,Capsule,50 units,15-80 EGP,True,"Store below 25°C, protect from light",Antibiotics
med_00555,Zimax,Zimax,Ciprofloxacin,Pharco,6223002863212,6222003416079,1g,Capsule,10 units,15-80 EGP,True,"Store below 25°C, protect from light",Antibiotics
med_00556,Azin 500mg,Azin,Azithromycin,Pharco,6221003564890,6223001654860,500mg,Capsule,10 units,15-80 EGP,True,"Store below 25°C, protect from light",Antibiotics
med_00557,Azin,Azin,Azithromycin,Pharco,6223001660420,6223001689851,500mg,Capsule,30 units,15-80 EGP,True,"Store below 25°C, protect from light",Antibiotics
med_00558,Azin,Azin,Amoxicillin,Pharco,6222002319650,6221003882378,1g,Injection,1ml,15-80 EGP,True,"Store below 25°C, protect from light",Antibiotics
med_00559,Azithro 1g,Azithro,Azithromycin,Pharco,6222001592960,6221001725956,1g,Injection,5ml,15-80 EGP,True,"Store below 25°C, protect from light",Antibiotics
med_00560,Azithro,Azithro,Azithromycin,Pharco,6221003749924,6222001508757,500mg,Capsule,10 units,15-80 EGP,True,"Store below 25°C, protect from light",Antibiotics
med_00561,Azithro,Azithro,Azithromycin,Pharco,6221001238957,6221002466979,1g,Capsule,20 units,15-80 EGP,True,"Store below 25°C, protect from light",Antibiotics
med_00562,Azithral 1g,Azithral,Azithromycin,Pharco,6221002313171,6221001339550,1g,Suspension,100ml,15-80 EGP,True,"Store below 25°C, protect from light",Antibiotics
med_00563,Azithral,Azithral,Azithromycin,Pharco,6223001770224,6222003429131,500mg,Injection,10ml,15-80 EGP,True,"Store below 25°C, protect from light",Antibiotics
med_00564,Azithral,Azithral,Azithromycin,Pharco,6223001355435,6221001906018,1g,Injection,2ml,15-80 EGP,True,"Store below 25°C, protect from light",Antibiotics
med_00565,Clarithro 1g,Clarithro,Ciprofloxacin,Pharco,6222002688264,6221003412887,1g,Injection,5ml,15-80 EGP,True,"Store below 25°C, protect from light",Antibiotics
med_00566,Clarithro,Clarithro,Ciprofloxacin,Pharco,6223001546065,6223001306551,500mg,Suspension,125ml,15-80 EGP,True,"Store below 25°C, protect from light",Antibiotics
med_00567,Clarithro,Clarithro,Amoxicillin,Pharco,6222002171326,6222001438320,250mg,Tablet,100 units,15-80 EGP,True,"Store below 25°C, protect from light",Antibiotics
med_00568,Clarithromycin 1g,Clarithromycin,Ciprofloxacin,Pharco,6221001446934,6221002667971,1g,Suspension,60ml,15-80 EGP,True,"Store below 25°C, protect from light",Antibiotics
med_00569,Clarithromycin,Clarithromycin,Amoxicillin,Pharco,6223001188600,6222003343709,500mg,Capsule,10 units,15-80 EGP,True,"Store below 25°C, protect from light",Antibiotics
med_00570,Clarithromycin,Clarithromycin,Ciprofloxacin,Pharco,6222002243950,6223001382492,500mg,Suspension,125ml,15-80 EGP,True,"Store below 25°C, protect from light",Antibiotics
med_00571,Klaricid 250mg,Klaricid,Azithromycin,Pharco,6223002753512,6221001119661,250mg,Suspension,250ml,15-80 EGP,True,"Store below 25°C, protect from light",Antibiotics
med_00572,Klaricid,Klaricid,Ciprofloxacin,Pharco,6222003251381,6222002989660,500mg,Capsule,30 units,15-80 EGP,True,"Store below 25°C, protect from light",Antibiotics
med_00573,Klaricid,Klaricid,Azithromycin,Pharco,6222002453498,6222002574374,250mg,Injection,10ml,15-80 EGP,True,"Store below 25°C, protect from light",Antibiotics
med_00574,Biaxin 1g,Biaxin,Ciprofloxacin,Pharco,6222003333145,6221002472113,1g,Suspension,125ml,15-80 EGP,True,"Store below 25°C, protect from light",Antibiotics
med_00575,Biaxin,Biaxin,Amoxicillin,Pharco,6222002132350,6222002280622,250mg,Tablet,100 units,15-80 EGP,True,"Store below 25°C, protect from light",Antibiotics
med_00576,Biaxin,Biaxin,Ciprofloxacin,Pharco,6222002920123,6222003476553,500mg,Injection,2ml,15-80 EGP,True,"Store below 25°C, protect from light",Antibiotics
med_00577,Clarithro 500mg,Clarithro,Amoxicillin,Pharco,6223002712511,6222002600480,500mg,Tablet,100 units,15-80 EGP,True,"Store below 25°C, protect from light",Antibiotics
med_00578,Clarithro,Clarithro,Ciprofloxacin,Pharco,6222003544005,6222003911862,250mg,Injection,1ml,15-80 EGP,True,"Store below 25°C, protect from light",Antibiotics
med_00579,Clarithro,Clarithro,Azithromycin,Pharco,6222001243401,6222002213282,500mg,Suspension,100ml,15-80 EGP,True,"Store below 25°C, protect from light",Antibiotics
med_00580,Doxycycline 250mg,Doxycycline,Azithromycin,Pharco,6221001752111,6221003771316,250mg,Suspension,125ml,15-80 EGP,True,"Store below 25°C, protect from light",Antibiotics
med_00581,Doxycycline,Doxycycline,Ciprofloxacin,Pharco,6222002679777,6222001486495,1g,Tablet,10 units,15-80 EGP,True,"Store below 25°C, protect from light",Antibiotics
med_00582,Doxycycline,Doxycycline,Amoxicillin,Pharco,6221001583737,6221002315637,500mg,Injection,10ml,15-80 EGP,True,"Store below 25°C, protect from light",Antibiotics
med_00583,Doxy 1g,Doxy,Ciprofloxacin,Pharco,6221002524297,6223001563291,1g,Injection,5ml,15-80 EGP,True,"Store below 25°C, protect from light",Antibiotics
med_00584,Doxy,Doxy,Azithromycin,Pharco,6221003321423,6222002403109,1g,Injection,2ml,15-80 EGP,True,"Store below 25°C, protect from light",Antibiotics
med_00585,Doxy,Doxy,Ciprofloxacin,Pharco,6223002140122,6222002550548,500mg,Capsule,10 units,15-80 EGP,True,"Store below 25°C, protect from light",Antibiotics
med_00586,Vibramycin 250mg,Vibramycin,Ciprofloxacin,Pharco,6221003597776,6222002803806,250mg,Injection,5ml,15-80 EGP,True,"Store below 25°C, protect from light",Antibiotics
med_00587,Vibramycin,Vibramycin,Ciprofloxacin,Pharco,6222003782666,6222002308447,500mg,Tablet,50 units,15-80 EGP,True,"Store below 25°C, protect from light",Antibiotics
med_00588,Vibramycin,Vibramycin,Ciprofloxacin,Pharco,6223002428787,6221003902802,500mg,Suspension,125ml,15-80 EGP,True,"Store below 25°C, protect from light",Antibiotics
med_00589,Doxycycline 250mg,Doxycycline,Ciprofloxacin,Pharco,6222001758257,6221001436646,250mg,Capsule,10 units,15-80 EGP,True,"Store below 25°C, protect from light",Antibiotics
med_00590,Doxycycline,Doxycycline,Azithromycin,Pharco,6222002791796,6222002288794,500mg,Suspension,60ml,15-80 EGP,True,"Store below 25°C, protect from light",Antibiotics
med_00591,Doxycycline,Doxycycline,Ciprofloxacin,Pharco,6223002537333,6221002822946,1g,Capsule,50 units,15-80 EGP,True,"Store below 25°C, protect from light",Antibiotics
med_00592,Doxy 1g,Doxy,Amoxicillin,Pharco,6223001342424,6222001270640,1g,Tablet,100 units,15-80 EGP,True,"Store below 25°C, protect from light",Antibiotics
med_00593,Doxy,Doxy,Azithromycin,Pharco,6222003209999,6221001690711,1g,Tablet,20 units,15-80 EGP,True,"Store below 25°C, protect from light",Antibiotics
med_00594,Doxy,Doxy,Amoxicillin,Pharco,6223001670415,6222003397191,500mg,Injection,1ml,15-80 EGP,True,"Store below 25°C, protect from light",Antibiotics
med_00595,Minocycline 1g,Minocycline,Azithromycin,Pharco,6222002815841,6222002120768,1g,Injection,2ml,15-80 EGP,True,"Store below 25°C, protect from light",Antibiotics
med_00596,Minocycline,Minocycline,Ciprofloxacin,Pharco,6221003215416,6221002197158,1g,Capsule,50 units,15-80 EGP,True,"Store below 25°C, protect from light",Antibiotics
med_00597,Minocycline,Minocycline,Amoxicillin,Pharco,6221002556468,6221003541265,500mg,Injection,10ml,15-80 EGP,True,"Store below 25°C, protect from light",Antibiotics
med_00598,Minocin 250mg,Minocin,Amoxicillin,Pharco,6221002337465,6221001949491,250mg,Capsule,50 units,15-80 EGP,True,"Store below 25°C, protect from light",Antibiotics
med_00599,Minocin,Minocin,Azithromycin,Pharco,6223001575030,6221001377597,250mg,Capsule,50 units,15-80 EGP,True,"Store below 25°C, protect from light",Antibiotics
med_00600,Minocin,Minocin,Ciprofloxacin,Pharco,6222002493718,6223001504820,1g,Capsule,30 units,15-80 EGP,True,"Store below 25°C, protect from light",Antibiotics
med_00601,Minocycline 250mg,Minocycline,Amoxicillin,Pharco,6221001255004,6221002306622,250mg,Suspension,125ml,15-80 EGP,True,"Store below 25°C, protect from light",Antibiotics
med_00602,Minocycline,Minocycline,Azithromycin,Pharco,6221001451066,6223002388932,250mg,Tablet,30 units,15-80 EGP,True,"Store below 25°C, protect from light",Antibiotics
med_00603,Minocycline,Minocycline,Amoxicillin,Pharco,6222002861155,6222002904181,1g,Capsule,30 units,15-80 EGP,True,"Store below 25°C, protect from light",Antibiotics
med_00604,Minocin 500mg,Minocin,Amoxicillin,Pharco,6221003732862,6222001783048,500mg,Injection,5ml,15-80 EGP,True,"Store below 25°C, protect from light",Antibiotics
med_00605,Minocin,Minocin,Ciprofloxacin,Pharco,6222002385624,6221003869418,1g,Capsule,50 units,15-80 EGP,True,"Store below 25°C, protect from light",Antibiotics
med_00606,Minocin,Minocin,Ciprofloxacin,Pharco,6221003726402,6221001524850,250mg,Injection,5ml,15-80 EGP,True,"Store below 25°C, protect from light",Antibiotics
med_00607,Minocycline 250mg,Minocycline,Azithromycin,Pharco,6222002528164,6222002849867,250mg,Tablet,20 units,15-80 EGP,True,"Store below 25°C, protect from light",Antibiotics
med_00608,Minocycline,Minocycline,Amoxicillin,Pharco,6221003472633,6222002421600,250mg,Tablet,100 units,15-80 EGP,True,"Store below 25°C, protect from light",Antibiotics
med_00609,Minocycline,Minocycline,Ciprofloxacin,Pharco,6222002179858,6223001692915,500mg,Injection,5ml,15-80 EGP,True,"Store below 25°C, protect from light",Antibiotics
med_00610,Ibuprofen 500mg,Ibuprofen,Ibuprofen,Pharco,6222002650686,6221001582434,500mg,Capsule,30 units,5-50 EGP,False,"Store below 25°C, protect from light",Painkillers
med_00611,Ibuprofen,Ibuprofen,Ibuprofen,Pharco,6221001206681,6221001337852,600mg,Gel,100g,5-50 EGP,False,"Store below 25°C, protect from light",Painkillers
med_00612,Ibuprofen,Ibuprofen,Ibuprofen,Pharco,6223001245125,6222002269162,200mg,Capsule,50 units,5-50 EGP,False,"Store below 25°C, protect from light",Painkillers
med_00613,Brufen 400mg,Brufen,Paracetamol,Pharco,6223001988786,6222003263387,400mg,Injection,10ml,5-50 EGP,False,"Store below 25°C, protect from light",Painkillers
med_00614,Brufen,Brufen,Diclofenac,Pharco,6222002760598,6222003609238,200mg,Capsule,20 units,5-50 EGP,False,"Store below 25°C, protect from light",Painkillers
med_00615,Brufen,Brufen,Diclofenac,Pharco,6222003838553,6221002684058,400mg,Suppository,6,5-50 EGP,False,"Store below 25°C, protect from light",Painkillers
med_00616,Ibuprofen 600mg,Ibuprofen,Ibuprofen,Pharco,6221002852609,6223001952623,600mg,Gel,30g,5-50 EGP,False,"Store below 25°C, protect from light",Painkillers
med_00617,Ibuprofen,Ibuprofen,Ibuprofen,Pharco,6221001413806,6221002431646,1000mg,Tablet,30 units,5-50 EGP,False,"Store below 25°C, protect from light",Painkillers
med_00618,Ibuprofen,Ibuprofen,Ibuprofen,Pharco,6222003526381,6221002581573,200mg,Capsule,20 units,5-50 EGP,False,"Store below 25°C, protect from light",Painkillers
med_00619,Advil 600mg,Advil,Paracetamol,Pharco,6222003322584,6222001859364,600mg,Gel,50g,5-50 EGP,False,"Store below 25°C, protect from light",Painkillers
med_00620,Advil,Advil,Paracetamol,Pharco,6223001272542,6221002222058,600mg,Tablet,20 units,5-50 EGP,False,"Store below 25°C, protect from light",Painkillers
med_00621,Advil,Advil,Diclofenac,Pharco,6221001334707,6223001414067,600mg,Tablet,20 units,5-50 EGP,False,"Store below 25°C, protect from light",Painkillers
med_00622,Motrin 600mg,Motrin,Ibuprofen,Pharco,6222003194327,6222001662288,600mg,Suppository,6,5-50 EGP,False,"Store below 25°C, protect from light",Painkillers
med_00623,Motrin,Motrin,Diclofenac,Pharco,6221002838455,6222003462933,400mg,Gel,100g,5-50 EGP,False,"Store below 25°C, protect from light",Painkillers
med_00624,Motrin,Motrin,Paracetamol,Pharco,6223001150028,6221001915980,400mg,Tablet,10 units,5-50 EGP,False,"Store below 25°C, protect from light",Painkillers
med_00625,Ibuprofen 400mg,Ibuprofen,Ibuprofen,Pharco,6223001276868,6221003656038,400mg,Tablet,50 units,5-50 EGP,False,"Store below 25°C, protect from light",Painkillers
med_00626,Ibuprofen,Ibuprofen,Ibuprofen,Pharco,6222003578930,6222003294622,500mg,Gel,30g,5-50 EGP,False,"Store below 25°C, protect from light",Painkillers
med_00627,Ibuprofen,Ibuprofen,Ibuprofen,Pharco,6222002422639,6223002988157,400mg,Gel,30g,5-50 EGP,False,"Store below 25°C, protect from light",Painkillers
med_00628,Ketoprofen 200mg,Ketoprofen,Diclofenac,Pharco,6221003410014,6221003391372,200mg,Capsule,30 units,5-50 EGP,False,"Store below 25°C, protect from light",Painkillers
med_00629,Ketoprofen,Ketoprofen,Paracetamol,Pharco,6222002697536,6223001168274,600mg,Injection,1ml,5-50 EGP,False,"Store below 25°C, protect from light",Painkillers
med_00630,Ketoprofen,Ketoprofen,Diclofenac,Pharco,6221001706413,6223001842245,200mg,Gel,15g,5-50 EGP,False,"Store below 25°C, protect from light",Painkillers
med_00631,Orudis 200mg,Orudis,Paracetamol,Pharco,6222001541100,6222002616780,200mg,Suppository,6,5-50 EGP,False,"Store below 25°C, protect from light",Painkillers
med_00632,Orudis,Orudis,Paracetamol,Pharco,6223002311072,6222002104991,200mg,Suppository,6,5-50 EGP,False,"Store below 25°C, protect from light",Painkillers
med_00633,Orudis,Orudis,Ibuprofen,Pharco,6223001365865,6222002451307,500mg,Capsule,10 units,5-50 EGP,False,"Store below 25°C, protect from light",Painkillers
med_00634,Ketoprofen 600mg,Ketoprofen,Diclofenac,Pharco,6221001373263,6221002523688,600mg,Gel,50g,5-50 EGP,False,"Store below 25°C, protect from light",Painkillers
med_00635,Ketoprofen,Ketoprofen,Ibuprofen,Pharco,6223002133296,6223002132186,200mg,Capsule,30 units,5-50 EGP,False,"Store below 25°C, protect from light",Painkillers
med_00636,Ketoprofen,Ketoprofen,Paracetamol,Pharco,6223002367305,6223002803064,200mg,Gel,100g,5-50 EGP,False,"Store below 25°C, protect from light",Painkillers
med_00637,Orudis 1000mg,Orudis,Diclofenac,Pharco,6223002248875,6222002146206,1000mg,Suppository,12,5-50 EGP,False,"Store below 25°C, protect from light",Painkillers
med_00638,Orudis,Orudis,Paracetamol,Pharco,6221001305402,6222001594700,500mg,Tablet,50 units,5-50 EGP,False,"Store below 25°C, protect from light",Painkillers
med_00639,Orudis,Orudis,Diclofenac,Pharco,6222001258058,6221001912321,400mg,Tablet,30 units,5-50 EGP,False,"Store below 25°C, protect from light",Painkillers
med_00640,Ketoprofen 400mg,Ketoprofen,Diclofenac,Pharco,6221003965681,6222002159621,400mg,Injection,5ml,5-50 EGP,False,"Store below 25°C, protect from light",Painkillers
med_00641,Ketoprofen,Ketoprofen,Paracetamol,Pharco,6221001724981,6221002492362,600mg,Tablet,50 units,5-50 EGP,False,"Store below 25°C, protect from light",Painkillers
med_00642,Ketoprofen,Ketoprofen,Ibuprofen,Pharco,6221002321417,6222001207845,200mg,Injection,5ml,5-50 EGP,False,"Store below 25°C, protect from light",Painkillers
med_00643,Indomethacin 200mg,Indomethacin,Ibuprofen,Pharco,6223001138084,6222001980801,200mg,Capsule,10 units,5-50 EGP,False,"Store below 25°C, protect from light",Painkillers
med_00644,Indomethacin,Indomethacin,Diclofenac,Pharco,6221001530690,6221001653922,600mg,Tablet,20 units,5-50 EGP,False,"Store below 25°C, protect from light",Painkillers
med_00645,Indomethacin,Indomethacin,Diclofenac,Pharco,6222002372388,6221001903210,500mg,Capsule,20 units,5-50 EGP,False,"Store below 25°C, protect from light",Painkillers
med_00646,Indocin 200mg,Indocin,Ibuprofen,Pharco,6223001499911,6222002685907,200mg,Suppository,6,5-50 EGP,False,"Store below 25°C, protect from light",Painkillers
med_00647,Indocin,Indocin,Ibuprofen,Pharco,6222002291817,6223001918494,200mg,Injection,5ml,5-50 EGP,False,"Store below 25°C, protect from light",Painkillers
med_00648,Indocin,Indocin,Ibuprofen,Pharco,6221002814301,6222001655488,1000mg,Tablet,100 units,5-50 EGP,False,"Store below 25°C, protect from light",Painkillers
med_00649,Indomethacin 400mg,Indomethacin,Ibuprofen,Pharco,6222003570586,6221001426910,400mg,Suppository,12,5-50 EGP,False,"Store below 25°C, protect from light",Painkillers
med_00650,Indomethacin,Indomethacin,Ibuprofen,Pharco,6222003265409,6222002341749,200mg,Tablet,20 units,5-50 EGP,False,"Store below 25°C, protect from light",Painkillers
med_00651,Indomethacin,Indomethacin,Diclofenac,Pharco,6223002924530,6222001829962,400mg,Gel,30g,5-50 EGP,False,"Store below 25°C, protect from light",Painkillers
med_00652,Indocin 500mg,Indocin,Ibuprofen,Pharco,6222003651463,6221001475220,500mg,Injection,2ml,5-50 EGP,False,"Store below 25°C, protect from light",Painkillers
med_00653,Indocin,Indocin,Diclofenac,Pharco,6221002832988,6222001499391,200mg,Tablet,30 units,5-50 EGP,False,"Store below 25°C, protect from light",Painkillers
med_00654,Indocin,Indocin,Diclofenac,Pharco,6223001444077,6222002640532,600mg,Tablet,20 units,5-50 EGP,False,"Store below 25°C, protect from light",Painkillers
med_00655,Indomethacin 200mg,Indomethacin,Paracetamol,Pharco,6222001451417,6221003687097,200mg,Suppository,12,5-50 EGP,False,"Store below 25°C, protect from light",Painkillers
med_00656,Indomethacin,Indomethacin,Ibuprofen,Pharco,6222002489552,6223001400766,400mg,Suppository,12,5-50 EGP,False,"Store below 25°C, protect from light",Painkillers
med_00657,Indomethacin,Indomethacin,Ibuprofen,Pharco,6221003358023,6221003949680,400mg,Injection,10ml,5-50 EGP,False,"Store below 25°C, protect from light",Painkillers
med_00658,Carvedilol 5mg,Carvedilol,Lisinopril,Pharco,6221001936411,6222002129032,5mg,Capsule,50 units,40-150 EGP,True,"Store below 25°C, protect from light",Cardiovascular
med_00659,Carvedilol,Carvedilol,Lisinopril,Pharco,6221002576572,6223002244117,20mg,Capsule,20 units,40-150 EGP,True,"Store below 25°C, protect from light",Cardiovascular
med_00660,Carvedilol,Carvedilol,Amlodipine,Pharco,6223002377317,6221003488737,20mg,Tablet,20 units,40-150 EGP,True,"Store below 25°C, protect from light",Cardiovascular
med_00661,Coreg 100mg,Coreg,Atorvastatin,Pharco,6223002317925,6221003978308,100mg,Tablet,100 units,40-150 EGP,True,"Store below 25°C, protect from light",Cardiovascular
med_00662,Coreg,Coreg,Lisinopril,Pharco,6221002481333,6221001322132,20mg,Tablet,20 units,40-150 EGP,True,"Store below 25°C, protect from light",Cardiovascular
med_00663,Coreg,Coreg,Lisinopril,Pharco,6221001549229,6222002653348,25mg,Capsule,30 units,40-150 EGP,True,"Store below 25°C, protect from light",Cardiovascular
med_00664,Carvedilol 20mg,Carvedilol,Lisinopril,Pharco,6222003928361,6221003931999,20mg,Tablet,50 units,40-150 EGP,True,"Store below 25°C, protect from light",Cardiovascular
med_00665,Carvedilol,Carvedilol,Lisinopril,Pharco,6221003536707,6222003131187,10mg,Tablet,20 units,40-150 EGP,True,"Store below 25°C, protect from light",Cardiovascular
med_00666,Carvedilol,Carvedilol,Lisinopril,Pharco,6223001776161,6221002707594,10mg,Tablet,30 units,40-150 EGP,True,"Store below 25°C, protect from light",Cardiovascular
med_00667,Coreg 50mg,Coreg,Amlodipine,Pharco,6221001116371,6222001750799,50mg,Tablet,30 units,40-150 EGP,True,"Store below 25°C, protect from light",Cardiovascular
med_00668,Coreg,Coreg,Lisinopril,Pharco,6223002838015,6222001950074,50mg,Tablet,20 units,40-150 EGP,True,"Store below 25°C, protect from light",Cardiovascular
med_00669,Coreg,Coreg,Amlodipine,Pharco,6222003301773,6221001200920,20mg,Tablet,50 units,40-150 EGP,True,"Store below 25°C, protect from light",Cardiovascular
med_00670,Carvedilol 5mg,Carvedilol,Amlodipine,Pharco,6221002418148,6222002274420,5mg,Tablet,50 units,40-150 EGP,True,"Store below 25°C, protect from light",Cardiovascular
med_00671,Carvedilol,Carvedilol,Atorvastatin,Pharco,6221003605228,6222003613827,20mg,Capsule,50 units,40-150 EGP,True,"Store below 25°C, protect from light",Cardiovascular
med_00672,Carvedilol,Carvedilol,Amlodipine,Pharco,6221002335609,6221002345647,10mg,Capsule,50 units,40-150 EGP,True,"Store below 25°C, protect from light",Cardiovascular
med_00673,Bisoprolol 100mg,Bisoprolol,Atorvastatin,Pharco,6223002650772,6222003934610,100mg,Capsule,20 units,40-150 EGP,True,"Store below 25°C, protect from light",Cardiovascular
med_00674,Bisoprolol,Bisoprolol,Amlodipine,Pharco,6222003801933,6223002296493,5mg,Tablet,100 units,40-150 EGP,True,"Store below 25°C, protect from light",Cardiovascular
med_00675,Bisoprolol,Bisoprolol,Amlodipine,Pharco,6221003263113,6222003798375,25mg,Capsule,20 units,40-150 EGP,True,"Store below 25°C, protect from light",Cardiovascular
med_00676,Zebeta 20mg,Zebeta,Amlodipine,Pharco,6223002979809,6222002932496,20mg,Tablet,50 units,40-150 EGP,True,"Store below 25°C, protect from light",Cardiovascular
med_00677,Zebeta,Zebeta,Amlodipine,Pharco,6222001738196,6223002940363,25mg,Tablet,100 units,40-150 EGP,True,"Store below 25°C, protect from light",Cardiovascular
med_00678,Zebeta,Zebeta,Lisinopril,Pharco,6223001569750,6223002469747,5mg,Tablet,50 units,40-150 EGP,True,"Store below 25°C, protect from light",Cardiovascular
med_00679,Bisoprolol 5mg,Bisoprolol,Lisinopril,Pharco,6223001639209,6223001546916,5mg,Capsule,30 units,40-150 EGP,True,"Store below 25°C, protect from light",Cardiovascular
med_00680,Bisoprolol,Bisoprolol,Lisinopril,Pharco,6221003568887,6221003753765,50mg,Capsule,20 units,40-150 EGP,True,"Store below 25°C, protect from light",Cardiovascular
med_00681,Bisoprolol,Bisoprolol,Amlodipine,Pharco,6223002995707,6223002112159,50mg,Tablet,100 units,40-150 EGP,True,"Store below 25°C, protect from light",Cardiovascular
med_00682,Zebeta 100mg,Zebeta,Atorvastatin,Pharco,6222002193229,6222002517693,100mg,Capsule,20 units,40-150 EGP,True,"Store below 25°C, protect from light",Cardiovascular
med_00683,Zebeta,Zebeta,Amlodipine,Pharco,6223002308047,6221001129475,50mg,Tablet,30 units,40-150 EGP,True,"Store below 25°C, protect from light",Cardiovascular
med_00684,Zebeta,Zebeta,Lisinopril,Pharco,6222002381931,6222002273915,10mg,Tablet,30 units,40-150 EGP,True,"Store below 25°C, protect from light",Cardiovascular
med_00685,Bisoprolol 50mg,Bisoprolol,Atorvastatin,Pharco,6223001952310,6221002696785,50mg,Capsule,50 units,40-150 EGP,True,"Store below 25°C, protect from light",Cardiovascular
med_00686,Bisoprolol,Bisoprolol,Lisinopril,Pharco,6221003601180,6223002447297,20mg,Tablet,50 units,40-150 EGP,True,"Store below 25°C, protect from light",Cardiovascular
med_00687,Bisoprolol,Bisoprolol,Amlodipine,Pharco,6222003341276,6221001377934,5mg,Tablet,100 units,40-150 EGP,True,"Store below 25°C, protect from light",Cardiovascular
med_00688,Nebivolol 100mg,Nebivolol,Lisinopril,Pharco,6221001213025,6222002841971,100mg,Capsule,20 units,40-150 EGP,True,"Store below 25°C, protect from light",Cardiovascular
med_00689,Nebivolol,Nebivolol,Lisinopril,Pharco,6221002301085,6221002661226,25mg,Tablet,20 units,40-150 EGP,True,"Store below 25°C, protect from light",Cardiovascular
med_00690,Nebivolol,Nebivolol,Atorvastatin,Pharco,6223001794594,6222001720117,50mg,Capsule,20 units,40-150 EGP,True,"Store below 25°C, protect from light",Cardiovascular
med_00691,Bystolic 5mg,Bystolic,Lisinopril,Pharco,6222003808268,6222002435380,5mg,Tablet,50 units,40-150 EGP,True,"Store below 25°C, protect from light",Cardiovascular
med_00692,Bystolic,Bystolic,Atorvastatin,Pharco,6222002861663,6221003315747,25mg,Capsule,30 units,40-150 EGP,True,"Store below 25°C, protect from light",Cardiovascular
med_00693,Bystolic,Bystolic,Amlodipine,Pharco,6223002711747,6222002130015,5mg,Capsule,10 units,40-150 EGP,True,"Store below 25°C, protect from light",Cardiovascular
med_00694,Nebivolol 10mg,Nebivolol,Amlodipine,Pharco,6223001755756,6223002969188,10mg,Tablet,50 units,40-150 EGP,True,"Store below 25°C, protect from light",Cardiovascular
med_00695,Nebivolol,Nebivolol,Lisinopril,Pharco,6222001795153,6222001614278,10mg,Tablet,30 units,40-150 EGP,True,"Store below 25°C, protect from light",Cardiovascular
med_00696,Nebivolol,Nebivolol,Atorvastatin,Pharco,6223001699876,6222003618600,50mg,Capsule,30 units,40-150 EGP,True,"Store below 25°C, protect from light",Cardiovascular
med_00697,Bystolic 50mg,Bystolic,Amlodipine,Pharco,6223001254471,6223001530183,50mg,Tablet,50 units,40-150 EGP,True,"Store below 25°C, protect from light",Cardiovascular
med_00698,Bystolic,Bystolic,Atorvastatin,Pharco,6221003364127,6221002583139,50mg,Capsule,50 units,40-150 EGP,True,"Store below 25°C, protect from light",Cardiovascular
med_00699,Bystolic,Bystolic,Atorvastatin,Pharco,6223002673139,6221002253193,25mg,Tablet,30 units,40-150 EGP,True,"Store below 25°C, protect from light",Cardiovascular
med_00700,Nebivolol 100mg,Nebivolol,Atorvastatin,Pharco,6222002110739,6221002905739,100mg,Capsule,30 units,40-150 EGP,True,"Store below 25°C, protect from light",Cardiovascular
med_00701,Nebivolol,Nebivolol,Atorvastatin,Pharco,6223001583836,6223002764829,25mg,Capsule,30 units,40-150 EGP,True,"Store below 25°C, protect from light",Cardiovascular
med_00702,Nebivolol,Nebivolol,Amlodipine,Pharco,6221001528085,6221003745622,10mg,Capsule,50 units,40-150 EGP,True,"Store below 25°C, protect from light",Cardiovascular
med_00703,Adol 500mg,Adol,Paracetamol,Memphis,6223002744761,6222003324192,500mg,Gel,100g,5-50 EGP,False,"Store below 25°C, protect from light",Painkillers
med_00704,Adol,Adol,Paracetamol,Memphis,6221001260629,6221001336370,1000mg,Suppository,6,5-50 EGP,False,"Store below 25°C, protect from light",Painkillers
med_00705,Adol,Adol,Paracetamol,Memphis,6223001951300,6222002426846,400mg,Tablet,10 units,5-50 EGP,False,"Store below 25°C, protect from light",Painkillers
med_00706,Paracetamol 500mg,Paracetamol,Paracetamol,Memphis,6221003241022,6221001362391,500mg,Gel,50g,5-50 EGP,False,"Store below 25°C, protect from light",Painkillers
med_00707,Paracetamol,Paracetamol,Paracetamol,Memphis,6223001761017,6222001238491,400mg,Tablet,20 units,5-50 EGP,False,"Store below 25°C, protect from light",Painkillers
med_00708,Paracetamol,Paracetamol,Paracetamol,Memphis,6222003359859,6221001221313,200mg,Capsule,30 units,5-50 EGP,False,"Store below 25°C, protect from light",Painkillers
med_00709,Acamol 200mg,Acamol,Diclofenac,Memphis,6221003510927,6222001180476,200mg,Injection,2ml,5-50 EGP,False,"Store below 25°C, protect from light",Painkillers
med_00710,Acamol,Acamol,Diclofenac,Memphis,6221001592179,6223002847412,500mg,Suppository,12,5-50 EGP,False,"Store below 25°C, protect from light",Painkillers
med_00711,Acamol,Acamol,Ibuprofen,Memphis,6222003483407,6221003695667,600mg,Injection,10ml,5-50 EGP,False,"Store below 25°C, protect from light",Painkillers
med_00712,Doliprane 400mg,Doliprane,Ibuprofen,Memphis,6223001615867,6221001629011,400mg,Injection,5ml,5-50 EGP,False,"Store below 25°C, protect from light",Painkillers
med_00713,Doliprane,Doliprane,Paracetamol,Memphis,6222003358075,6221003443846,1000mg,Gel,100g,5-50 EGP,False,"Store below 25°C, protect from light",Painkillers
med_00714,Doliprane,Doliprane,Diclofenac,Memphis,6221003316664,6222002406645,400mg,Gel,100g,5-50 EGP,False,"Store below 25°C, protect from light",Painkillers
med_00715,Panadol 400mg,Panadol,Paracetamol,Memphis,6222002998413,6222003963851,400mg,Tablet,30 units,5-50 EGP,False,"Store below 25°C, protect from light",Painkillers
med_00716,Panadol,Panadol,Paracetamol,Memphis,6223001332924,6221002249992,1000mg,Tablet,10 units,5-50 EGP,False,"Store below 25°C, protect from light",Painkillers
med_00717,Panadol,Panadol,Paracetamol,Memphis,6223002291849,6223002991578,200mg,Suppository,6,5-50 EGP,False,"Store below 25°C, protect from light",Painkillers
med_00718,Tylenol 500mg,Tylenol,Paracetamol,Memphis,6221003978455,6222002809322,500mg,Suppository,6,5-50 EGP,False,"Store below 25°C, protect from light",Painkillers
med_00719,Tylenol,Tylenol,Paracetamol,Memphis,6222001964297,6221002771253,400mg,Capsule,50 units,5-50 EGP,False,"Store below 25°C, protect from light",Painkillers
med_00720,Tylenol,Tylenol,Ibuprofen,Memphis,6221003655998,6221001271352,400mg,Suppository,12,5-50 EGP,False,"Store below 25°C, protect from light",Painkillers
med_00721,Adol Extra 200mg,Adol Extra,Paracetamol,Memphis,6223001301291,6223002810913,200mg,Tablet,50 units,5-50 EGP,False,"Store below 25°C, protect from light",Painkillers
med_00722,Adol Extra,Adol Extra,Paracetamol,Memphis,6223001304757,6222001545491,600mg,Suppository,6,5-50 EGP,False,"Store below 25°C, protect from light",Painkillers
med_00723,Adol Extra,Adol Extra,Paracetamol,Memphis,6223001189912,6222001515228,400mg,Gel,15g,5-50 EGP,False,"Store below 25°C, protect from light",Painkillers
med_00724,Adol Forte 400mg,Adol Forte,Paracetamol,Memphis,6223001800140,6222003540905,400mg,Injection,10ml,5-50 EGP,False,"Store below 25°C, protect from light",Painkillers
med_00725,Adol Forte,Adol Forte,Paracetamol,Memphis,6221001314099,6223001702580,600mg,Gel,100g,5-50 EGP,False,"Store below 25°C, protect from light",Painkillers
med_00726,Adol Forte,Adol Forte,Paracetamol,Memphis,6222003302729,6221002326275,200mg,Gel,15g,5-50 EGP,False,"Store below 25°C, protect from light",Painkillers
med_00727,Adol Junior 500mg,Adol Junior,Paracetamol,Memphis,6223001143202,6223002213601,500mg,Injection,10ml,5-50 EGP,False,"Store below 25°C, protect from light",Painkillers
med_00728,Adol Junior,Adol Junior,Paracetamol,Memphis,6223001931876,6223001416139,500mg,Tablet,10 units,5-50 EGP,False,"Store below 25°C, protect from light",Painkillers
med_00729,Adol Junior,Adol Junior,Paracetamol,Memphis,6221002540626,6222002100297,1000mg,Injection,2ml,5-50 EGP,False,"Store below 25°C, protect from light",Painkillers
med_00730,Adol Baby 500mg,Adol Baby,Paracetamol,Memphis,6222002686070,6221002529805,500mg,Injection,10ml,5-50 EGP,False,"Store below 25°C, protect from light",Painkillers
med_00731,Adol Baby,Adol Baby,Paracetamol,Memphis,6222002105056,6223001673069,200mg,Suppository,6,5-50 EGP,False,"Store below 25°C, protect from light",Painkillers
med_00732,Adol Baby,Adol Baby,Paracetamol,Memphis,6222003470320,6222001710712,200mg,Injection,2ml,5-50 EGP,False,"Store below 25°C, protect from light",Painkillers
med_00733,Adol 600mg,Adol,Paracetamol,Memphis,6222002825892,6222001726982,600mg,Gel,50g,5-50 EGP,False,"Store below 25°C, protect from light",Painkillers
med_00734,Adol,Adol,Paracetamol,Memphis,6221002399759,6221003561284,200mg,Gel,50g,5-50 EGP,False,"Store below 25°C, protect from light",Painkillers
med_00735,Adol,Adol,Paracetamol,Memphis,6222002401802,6222001134868,1000mg,Gel,50g,5-50 EGP,False,"Store below 25°C, protect from light",Painkillers
med_00736,Vitamins 100IU,Vitamins,Unknown,Memphis,6222003633933,6223001340818,100IU,Injection,5ml,20-100 EGP,False,"Store below 25°C, protect from light",Vitamins
med_00737,Vitamins,Vitamins,Unknown,Memphis,6221002282719,6221003607143,400IU,Capsule,30 units,20-100 EGP,False,"Store below 25°C, protect from light",Vitamins
med_00738,Vitamins,Vitamins,Unknown,Memphis,6223002500135,6222001767859,100IU,Capsule,20 units,20-100 EGP,False,"Store below 25°C, protect from light",Vitamins
med_00739,Multivitamins 500mg,Multivitamins,Unknown,Memphis,6221002182622,6223001813975,500mg,Syrup,120ml,20-100 EGP,False,"Store below 25°C, protect from light",Vitamins
med_00740,Multivitamins,Multivitamins,Unknown,Memphis,6222002772110,6223001382128,400IU,Tablet,30 units,20-100 EGP,False,"Store below 25°C, protect from light",Vitamins
med_00741,Multivitamins,Multivitamins,Unknown,Memphis,6223002353596,6223001984095,500mg,Syrup,100ml,20-100 EGP,False,"Store below 25°C, protect from light",Vitamins
med_00742,Supradyn 500mg,Supradyn,Unknown,Memphis,6222001166067,6221003749304,500mg,Capsule,30 units,20-100 EGP,False,"Store below 25°C, protect from light",Vitamins
med_00743,Supradyn,Supradyn,Unknown,Memphis,6221003501751,6222003576946,1000IU,Injection,10ml,20-100 EGP,False,"Store below 25°C, protect from light",Vitamins
med_00744,Supradyn,Supradyn,Unknown,Memphis,6221003129835,6222001201268,400IU,Syrup,120ml,20-100 EGP,False,"Store below 25°C, protect from light",Vitamins
med_00745,Centrum 1000mg,Centrum,Unknown,Memphis,6222001109209,6221003415601,1000mg,Capsule,30 units,20-100 EGP,False,"Store below 25°C, protect from light",Vitamins
med_00746,Centrum,Centrum,Unknown,Memphis,6221003640144,6222003487790,400IU,Capsule,10 units,20-100 EGP,False,"Store below 25°C, protect from light",Vitamins
med_00747,Centrum,Centrum,Unknown,Memphis,6222003334714,6223001674123,1000mg,Capsule,10 units,20-100 EGP,False,"Store below 25°C, protect from light",Vitamins
med_00748,Multi-tabs 1000mg,Multi-tabs,Unknown,Memphis,6223002948832,6222003752188,1000mg,Injection,5ml,20-100 EGP,False,"Store below 25°C, protect from light",Vitamins
med_00749,Multi-tabs,Multi-tabs,Unknown,Memphis,6223001732440,6223001326111,500mg,Syrup,120ml,20-100 EGP,False,"Store below 25°C, protect from light",Vitamins
med_00750,Multi-tabs,Multi-tabs,Unknown,Memphis,6221003346580,6222001377990,400IU,Tablet,50 units,20-100 EGP,False,"Store below 25°C, protect from light",Vitamins
med_00751,Vitamin C 100IU,Vitamin C,Unknown,Memphis,6222002515422,6222002356818,100IU,Injection,5ml,20-100 EGP,False,"Store below 25°C, protect from light",Vitamins
med_00752,Vitamin C,Vitamin C,Unknown,Memphis,6221003251372,6223001709610,500mg,Tablet,50 units,20-100 EGP,False,"Store below 25°C, protect from light",Vitamins
med_00753,Vitamin C,Vitamin C,Unknown,Memphis,6222001789593,6221003420367,1000mg,Syrup,100ml,20-100 EGP,False,"Store below 25°C, protect from light",Vitamins
med_00754,Redoxon 400IU,Redoxon,Unknown,Memphis,6221003129932,6222003324977,400IU,Syrup,60ml,20-100 EGP,False,"Store below 25°C, protect from light",Vitamins
med_00755,Redoxon,Redoxon,Unknown,Memphis,6223002744429,6221002898814,100IU,Injection,2ml,20-100 EGP,False,"Store below 25°C, protect from light",Vitamins
med_00756,Redoxon,Redoxon,Unknown,Memphis,6221003474698,6223002264720,400IU,Syrup,120ml,20-100 EGP,False,"Store below 25°C, protect from light",Vitamins
med_00757,Cebion 500mg,Cebion,Unknown,Memphis,6223001144042,6223001504796,500mg,Capsule,50 units,20-100 EGP,False,"Store below 25°C, protect from light",Vitamins
med_00758,Cebion,Cebion,Unknown,Memphis,6222002649048,6221001693789,1000mg,Syrup,250ml,20-100 EGP,False,"Store below 25°C, protect from light",Vitamins
med_00759,Cebion,Cebion,Unknown,Memphis,6223001175042,6221003167011,100IU,Capsule,30 units,20-100 EGP,False,"Store below 25°C, protect from light",Vitamins
med_00760,Ascorbic acid 100IU,Ascorbic acid,Unknown,Memphis,6222001556071,6222001887921,100IU,Syrup,100ml,20-100 EGP,False,"Store below 25°C, protect from light",Vitamins
med_00761,Ascorbic acid,Ascorbic acid,Unknown,Memphis,6221003625166,6222003773420,1000IU,Capsule,30 units,20-100 EGP,False,"Store below 25°C, protect from light",Vitamins
med_00762,Ascorbic acid,Ascorbic acid,Unknown,Memphis,6221002988980,6221001957677,500mg,Tablet,100 units,20-100 EGP,False,"Store below 25°C, protect from light",Vitamins
med_00763,Vitamin C 400IU,Vitamin C,Unknown,Memphis,6223002533240,6222002167759,400IU,Tablet,10 units,20-100 EGP,False,"Store below 25°C, protect from light",Vitamins
med_00764,Vitamin C,Vitamin C,Unknown,Memphis,6221002502815,6221002277147,500mg,Injection,2ml,20-100 EGP,False,"Store below 25°C, protect from light",Vitamins
med_00765,Vitamin C,Vitamin C,Unknown,Memphis,6222001425260,6221002415252,1000IU,Tablet,100 units,20-100 EGP,False,"Store below 25°C, protect from light",Vitamins
med_00766,Vitamin D 400IU,Vitamin D,Unknown,Memphis,6221003831958,6223002182342,400IU,Capsule,10 units,20-100 EGP,False,"Store below 25°C, protect from light",Vitamins
med_00767,Vitamin D,Vitamin D,Unknown,Memphis,6221001541026,6222001635187,500mg,Capsule,10 units,20-100 EGP,False,"Store below 25°C, protect from light",Vitamins
med_00768,Vitamin D,Vitamin D,Unknown,Memphis,6223001661803,6223002258959,500mg,Tablet,100 units,20-100 EGP,False,"Store below 25°C, protect from light",Vitamins
med_00769,D3 400IU,D3,Unknown,Memphis,6221003409296,6222001297322,400IU,Capsule,10 units,20-100 EGP,False,"Store below 25°C, protect from light",Vitamins
med_00770,D3,D3,Unknown,Memphis,6221003798589,6222001399985,100IU,Injection,2ml,20-100 EGP,False,"Store below 25°C, protect from light",Vitamins
med_00771,D3,D3,Unknown,Memphis,6223001546445,6222003473565,1000IU,Injection,5ml,20-100 EGP,False,"Store below 25°C, protect from light",Vitamins
med_00772,Cholecalciferol 1000mg,Cholecalciferol,Unknown,Memphis,6222003436757,6223001534319,1000mg,Syrup,120ml,20-100 EGP,False,"Store below 25°C, protect from light",Vitamins
med_00773,Cholecalciferol,Cholecalciferol,Unknown,Memphis,6221002381143,6222001139707,400IU,Injection,5ml,20-100 EGP,False,"Store below 25°C, protect from light",Vitamins
med_00774,Cholecalciferol,Cholecalciferol,Unknown,Memphis,6222001667947,6222003927788,1000IU,Injection,5ml,20-100 EGP,False,"Store below 25°C, protect from light",Vitamins
med_00775,Vitamin D3 100IU,Vitamin D3,Unknown,Memphis,6222002547469,6221002747496,100IU,Capsule,20 units,20-100 EGP,False,"Store below 25°C, protect from light",Vitamins
med_00776,Vitamin D3,Vitamin D3,Unknown,Memphis,6223001427571,6222001911540,1000mg,Injection,1ml,20-100 EGP,False,"Store below 25°C, protect from light",Vitamins
med_00777,Vitamin D3,Vitamin D3,Unknown,Memphis,6221002580329,6223002953905,100IU,Syrup,60ml,20-100 EGP,False,"Store below 25°C, protect from light",Vitamins
med_00778,D3 1000mg,D3,Unknown,Memphis,6222003898221,6223001419857,1000mg,Injection,10ml,20-100 EGP,False,"Store below 25°C, protect from light",Vitamins
med_00779,D3,D3,Unknown,Memphis,6221002364395,6221001672133,1000mg,Tablet,20 units,20-100 EGP,False,"Store below 25°C, protect from light",Vitamins
med_00780,D3,D3,Unknown,Memphis,6221003382651,6222001457849,500mg,Injection,2ml,20-100 EGP,False,"Store below 25°C, protect from light",Vitamins
med_00781,Augmentin 500mg,Augmentin,Azithromycin,GlaxoSmithKline,6221003444183,6221001944652,500mg,Tablet,30 units,15-80 EGP,True,"Store below 25°C, protect from light",Antibiotics
med_00782,Augmentin,Augmentin,Ciprofloxacin,GlaxoSmithKline,6222001537499,6221002266553,500mg,Suspension,60ml,15-80 EGP,True,"Store below 25°C, protect from light",Antibiotics
med_00783,Augmentin,Augmentin,Azithromycin,GlaxoSmithKline,6221001452495,6222003210884,250mg,Suspension,125ml,15-80 EGP,True,"Store below 25°C, protect from light",Antibiotics
med_00784,Amoxicillin 500mg,Amoxicillin,Amoxicillin,GlaxoSmithKline,6221001968350,6223001334551,500mg,Suspension,250ml,15-80 EGP,True,"Store below 25°C, protect from light",Antibiotics
med_00785,Amoxicillin,Amoxicillin,Amoxicillin,GlaxoSmithKline,6221002993783,6223002183175,250mg,Capsule,50 units,15-80 EGP,True,"Store below 25°C, protect from light",Antibiotics
med_00786,Amoxicillin,Amoxicillin,Amoxicillin,GlaxoSmithKline,6221001134456,6223002978586,500mg,Tablet,20 units,15-80 EGP,True,"Store below 25°C, protect from light",Antibiotics
med_00787,Clavulanate 500mg,Clavulanate,Amoxicillin,GlaxoSmithKline,6221001605403,6221002787033,500mg,Suspension,100ml,15-80 EGP,True,"Store below 25°C, protect from light",Antibiotics
med_00788,Clavulanate,Clavulanate,Amoxicillin,GlaxoSmithKline,6221003948549,6223001825922,250mg,Injection,2ml,15-80 EGP,True,"Store below 25°C, protect from light",Antibiotics
med_00789,Clavulanate,Clavulanate,Ciprofloxacin,GlaxoSmithKline,6222001145044,6223002762101,500mg,Injection,2ml,15-80 EGP,True,"Store below 25°C, protect from light",Antibiotics
med_00790,Augmentin 250mg,Augmentin,Azithromycin,GlaxoSmithKline,6221002438417,6223001469178,250mg,Capsule,10 units,15-80 EGP,True,"Store below 25°C, protect from light",Antibiotics
med_00791,Augmentin,Augmentin,Amoxicillin,GlaxoSmithKline,6221003440942,6221002334962,250mg,Capsule,10 units,15-80 EGP,True,"Store below 25°C, protect from light",Antibiotics
med_00792,Augmentin,Augmentin,Ciprofloxacin,GlaxoSmithKline,6222003671523,6221002892490,1g,Injection,5ml,15-80 EGP,True,"Store below 25°C, protect from light",Antibiotics
med_00793,Amoxil 250mg,Amoxil,Amoxicillin,GlaxoSmithKline,6223002389019,6221001845798,250mg,Suspension,250ml,15-80 EGP,True,"Store below 25°C, protect from light",Antibiotics
med_00794,Amoxil,Amoxil,Amoxicillin,GlaxoSmithKline,6221003482376,6222002822582,1g,Injection,2ml,15-80 EGP,True,"Store below 25°C, protect from light",Antibiotics
med_00795,Amoxil,Amoxil,Amoxicillin,GlaxoSmithKline,6223001154680,6221002249311,1g,Tablet,50 units,15-80 EGP,True,"Store below 25°C, protect from light",Antibiotics
med_00796,Zinnat 250mg,Zinnat,Ciprofloxacin,GlaxoSmithKline,6222003349705,6222002264033,250mg,Injection,5ml,15-80 EGP,True,"Store below 25°C, protect from light",Antibiotics
med_00797,Zinnat,Zinnat,Ciprofloxacin,GlaxoSmithKline,6222002242513,6222003403404,500mg,Tablet,10 units,15-80 EGP,True,"Store below 25°C, protect from light",Antibiotics
med_00798,Zinnat,Zinnat,Amoxicillin,GlaxoSmithKline,6222003350601,6221001470420,250mg,Suspension,60ml,15-80 EGP,True,"Store below 25°C, protect from light",Antibiotics
med_00799,Cefuroxime 500mg,Cefuroxime,Amoxicillin,GlaxoSmithKline,6222001303009,6223001740329,500mg,Tablet,20 units,15-80 EGP,True,"Store below 25°C, protect from light",Antibiotics
med_00800,Cefuroxime,Cefuroxime,Ciprofloxacin,GlaxoSmithKline,6221003619039,6223001109257,250mg,Tablet,50 units,15-80 EGP,True,"Store below 25°C, protect from light",Antibiotics
med_00801,Cefuroxime,Cefuroxime,Amoxicillin,GlaxoSmithKline,6222002631218,6222002256298,1g,Injection,2ml,15-80 EGP,True,"Store below 25°C, protect from light",Antibiotics
med_00802,Zinnat 250mg,Zinnat,Ciprofloxacin,GlaxoSmithKline,6222003497318,6223002961588,250mg,Tablet,20 units,15-80 EGP,True,"Store below 25°C, protect from light",Antibiotics
med_00803,Zinnat,Zinnat,Amoxicillin,GlaxoSmithKline,6222001630958,6223001715753,250mg,Capsule,30 units,15-80 EGP,True,"Store below 25°C, protect from light",Antibiotics
med_00804,Zinnat,Zinnat,Azithromycin,GlaxoSmithKline,6222002471063,6222002324388,250mg,Tablet,100 units,15-80 EGP,True,"Store below 25°C, protect from light",Antibiotics
med_00805,Cefuroxime 500mg,Cefuroxime,Amoxicillin,GlaxoSmithKline,6222002423205,6221001812224,500mg,Tablet,30 units,15-80 EGP,True,"Store below 25°C, protect from light",Antibiotics
med_00806,Cefuroxime,Cefuroxime,Azithromycin,GlaxoSmithKline,6221002769806,6222003581441,1g,Suspension,125ml,15-80 EGP,True,"Store below 25°C, protect from light",Antibiotics
med_00807,Cefuroxime,Cefuroxime,Amoxicillin,GlaxoSmithKline,6221001561140,6223001549244,250mg,Injection,5ml,15-80 EGP,True,"Store below 25°C, protect from light",Antibiotics
med_00808,Zinnat 1g,Zinnat,Amoxicillin,GlaxoSmithKline,6222001999753,6221003389423,1g,Capsule,50 units,15-80 EGP,True,"Store below 25°C, protect from light",Antibiotics
med_00809,Zinnat,Zinnat,Azithromycin,GlaxoSmithKline,6221001165065,6222003386446,250mg,Injection,5ml,15-80 EGP,True,"Store below 25°C, protect from light",Antibiotics
med_00810,Zinnat,Zinnat,Azithromycin,GlaxoSmithKline,6222001378730,6221003453855,500mg,Suspension,60ml,15-80 EGP,True,"Store below 25°C, protect from light",Antibiotics
med_00811,Panadol 600mg,Panadol,Paracetamol,GlaxoSmithKline,6222002638254,6221003136970,600mg,Gel,50g,5-50 EGP,False,"Store below 25°C, protect from light",Painkillers
med_00812,Panadol,Panadol,Paracetamol,GlaxoSmithKline,6222003793520,6221003217324,1000mg,Tablet,10 units,5-50 EGP,False,"Store below 25°C, protect from light",Painkillers
med_00813,Panadol,Panadol,Paracetamol,GlaxoSmithKline,6222003565625,6221002347982,1000mg,Tablet,20 units,5-50 EGP,False,"Store below 25°C, protect from light",Painkillers
med_00814,Paracetamol 400mg,Paracetamol,Paracetamol,GlaxoSmithKline,6221003316447,6223002629405,400mg,Gel,30g,5-50 EGP,False,"Store below 25°C, protect from light",Painkillers
med_00815,Paracetamol,Paracetamol,Paracetamol,GlaxoSmithKline,6221003865859,6221002847803,200mg,Capsule,50 units,5-50 EGP,False,"Store below 25°C, protect from light",Painkillers
med_00816,Paracetamol,Paracetamol,Paracetamol,GlaxoSmithKline,6222003328649,6223002101646,1000mg,Suppository,6,5-50 EGP,False,"Store below 25°C, protect from light",Painkillers
med_00817,Panadol Extra 600mg,Panadol Extra,Paracetamol,GlaxoSmithKline,6221003131610,6221003273685,600mg,Capsule,10 units,5-50 EGP,False,"Store below 25°C, protect from light",Painkillers
med_00818,Panadol Extra,Panadol Extra,Paracetamol,GlaxoSmithKline,6221002420590,6221001390748,400mg,Tablet,50 units,5-50 EGP,False,"Store below 25°C, protect from light",Painkillers
med_00819,Panadol Extra,Panadol Extra,Paracetamol,GlaxoSmithKline,6222001833775,6221001639706,200mg,Capsule,10 units,5-50 EGP,False,"Store below 25°C, protect from light",Painkillers
med_00820,Panadol Advance 200mg,Panadol Advance,Paracetamol,GlaxoSmithKline,6222001620936,6222003833087,200mg,Gel,15g,5-50 EGP,False,"Store below 25°C, protect from light",Painkillers
med_00821,Panadol Advance,Panadol Advance,Paracetamol,GlaxoSmithKline,6221003621662,6223001827726,500mg,Suppository,6,5-50 EGP,False,"Store below 25°C, protect from light",Painkillers
med_00822,Panadol Advance,Panadol Advance,Paracetamol,GlaxoSmithKline,6222003123300,6222001354328,200mg,Suppository,6,5-50 EGP,False,"Store below 25°C, protect from light",Painkillers
med_00823,Panadol 1000mg,Panadol,Paracetamol,GlaxoSmithKline,6222002354241,6222001749922,1000mg,Capsule,10 units,5-50 EGP,False,"Store below 25°C, protect from light",Painkillers
med_00824,Panadol,Panadol,Paracetamol,GlaxoSmithKline,6222001930742,6223001164699,400mg,Gel,100g,5-50 EGP,False,"Store below 25°C, protect from light",Painkillers
med_00825,Panadol,Panadol,Paracetamol,GlaxoSmithKline,6222003414508,6221003278651,600mg,Capsule,20 units,5-50 EGP,False,"Store below 25°C, protect from light",Painkillers
med_00826,Advil 400mg,Advil,Paracetamol,GlaxoSmithKline,6223002477931,6223002328512,400mg,Suppository,6,5-50 EGP,False,"Store below 25°C, protect from light",Painkillers
med_00827,Advil,Advil,Diclofenac,GlaxoSmithKline,6223001100920,6221002527862,1000mg,Tablet,100 units,5-50 EGP,False,"Store below 25°C, protect from light",Painkillers
med_00828,Advil,Advil,Diclofenac,GlaxoSmithKline,6221002945055,6221001519958,200mg,Tablet,50 units,5-50 EGP,False,"Store below 25°C, protect from light",Painkillers
med_00829,Ibuprofen 1000mg,Ibuprofen,Ibuprofen,GlaxoSmithKline,6222002594932,6223001483862,1000mg,Suppository,6,5-50 EGP,False,"Store below 25°C, protect from light",Painkillers
med_00830,Ibuprofen,Ibuprofen,Ibuprofen,GlaxoSmithKline,6222002295340,6221001387373,1000mg,Suppository,6,5-50 EGP,False,"Store below 25°C, protect from light",Painkillers
med_00831,Ibuprofen,Ibuprofen,Ibuprofen,GlaxoSmithKline,6221003457563,6222001657442,200mg,Injection,1ml,5-50 EGP,False,"Store below 25°C, protect from light",Painkillers
med_00832,Advil 1000mg,Advil,Diclofenac,GlaxoSmithKline,6222001136540,6221003210546,1000mg,Suppository,6,5-50 EGP,False,"Store below 25°C, protect from light",Painkillers
med_00833,Advil,Advil,Ibuprofen,GlaxoSmithKline,6223002107620,6222001164212,400mg,Suppository,12,5-50 EGP,False,"Store below 25°C, protect from light",Painkillers
med_00834,Advil,Advil,Diclofenac,GlaxoSmithKline,6222002123470,6221002554412,400mg,Capsule,50 units,5-50 EGP,False,"Store below 25°C, protect from light",Painkillers
med_00835,Ibuprofen 500mg,Ibuprofen,Ibuprofen,GlaxoSmithKline,6221001406644,6221003841724,500mg,Tablet,100 units,5-50 EGP,False,"Store below 25°C, protect from light",Painkillers
med_00836,Ibuprofen,Ibuprofen,Ibuprofen,GlaxoSmithKline,6222002665551,6222002358871,200mg,Tablet,10 units,5-50 EGP,False,"Store below 25°C, protect from light",Painkillers
med_00837,Ibuprofen,Ibuprofen,Ibuprofen,GlaxoSmithKline,6222003602041,6222001884065,1000mg,Tablet,10 units,5-50 EGP,False,"Store below 25°C, protect from light",Painkillers
med_00838,Motrin 400mg,Motrin,Diclofenac,GlaxoSmithKline,6222002452646,6222001926750,400mg,Capsule,10 units,5-50 EGP,False,"Store below 25°C, protect from light",Painkillers
med_00839,Motrin,Motrin,Diclofenac,GlaxoSmithKline,6221003287140,6222003898095,400mg,Tablet,100 units,5-50 EGP,False,"Store below 25°C, protect from light",Painkillers
med_00840,Motrin,Motrin,Paracetamol,GlaxoSmithKline,6222002156391,6223001366154,200mg,Injection,1ml,5-50 EGP,False,"Store below 25°C, protect from light",Painkillers
med_00841,Nurofen 1000mg,Nurofen,Ibuprofen,GlaxoSmithKline,6222001490886,6221001436458,1000mg,Gel,50g,5-50 EGP,False,"Store below 25°C, protect from light",Painkillers
med_00842,Nurofen,Nurofen,Diclofenac,GlaxoSmithKline,6221003267170,6221003922308,400mg,Suppository,12,5-50 EGP,False,"Store below 25°C, protect from light",Painkillers
med_00843,Nurofen,Nurofen,Diclofenac,GlaxoSmithKline,6221002165751,6221003355755,1000mg,Injection,2ml,5-50 EGP,False,"Store below 25°C, protect from light",Painkillers
med_00844,Ventolin 4mg,Ventolin,Unknown,GlaxoSmithKline,6222001274070,6221002256084,4mg,Syrup,250ml,50-200 EGP,True,"Store below 25°C, protect from light",Respiratory
med_00845,Ventolin,Ventolin,Unknown,GlaxoSmithKline,6221003719994,6222002109622,100mcg,Syrup,120ml,50-200 EGP,True,"Store below 25°C, protect from light",Respiratory
med_00846,Ventolin,Ventolin,Unknown,GlaxoSmithKline,6222001315239,6223002631959,100mcg,Syrup,250ml,50-200 EGP,True,"Store below 25°C, protect from light",Respiratory
med_00847,Salbutamol 4mg,Salbutamol,Unknown,GlaxoSmithKline,6223001825410,6222003660198,4mg,Syrup,120ml,50-200 EGP,True,"Store below 25°C, protect from light",Respiratory
med_00848,Salbutamol,Salbutamol,Unknown,GlaxoSmithKline,6222003896984,6222001758637,500mcg,Inhaler,1 inhaler,50-200 EGP,True,"Store below 25°C, protect from light",Respiratory
med_00849,Salbutamol,Salbutamol,Unknown,GlaxoSmithKline,6222003344537,6221003997807,250mcg,Tablet,10 units,50-200 EGP,True,"Store below 25°C, protect from light",Respiratory
med_00850,Ventolin 8mg,Ventolin,Unknown,GlaxoSmithKline,6222001938603,6222001221507,8mg,Nebulizer solution,30,50-200 EGP,True,"Store below 25°C, protect from light",Respiratory
med_00851,Ventolin,Ventolin,Unknown,GlaxoSmithKline,6222002668996,6223002332086,250mcg,Inhaler,2 inhalers,50-200 EGP,True,"Store below 25°C, protect from light",Respiratory
med_00852,Ventolin,Ventolin,Unknown,GlaxoSmithKline,6221002649803,6222001773569,250mcg,Syrup,100ml,50-200 EGP,True,"Store below 25°C, protect from light",Respiratory
med_00853,Albuterol 500mcg,Albuterol,Unknown,GlaxoSmithKline,6221003578974,6222001511251,500mcg,Syrup,250ml,50-200 EGP,True,"Store below 25°C, protect from light",Respiratory
med_00854,Albuterol,Albuterol,Unknown,GlaxoSmithKline,6222003256387,6222001240016,500mcg,Syrup,120ml,50-200 EGP,True,"Store below 25°C, protect from light",Respiratory
med_00855,Albuterol,Albuterol,Unknown,GlaxoSmithKline,6222003300580,6222001773380,100mcg,Tablet,50 units,50-200 EGP,True,"Store below 25°C, protect from light",Respiratory
med_00856,Salbutamol 250mcg,Salbutamol,Unknown,GlaxoSmithKline,6221003567049,6221002102770,250mcg,Syrup,60ml,50-200 EGP,True,"Store below 25°C, protect from light",Respiratory
med_00857,Salbutamol,Salbutamol,Unknown,GlaxoSmithKline,6221001183721,6222001334731,250mcg,Tablet,30 units,50-200 EGP,True,"Store below 25°C, protect from light",Respiratory
med_00858,Salbutamol,Salbutamol,Unknown,GlaxoSmithKline,6221001960766,6222002466558,100mcg,Nebulizer solution,30,50-200 EGP,True,"Store below 25°C, protect from light",Respiratory
med_00859,Seretide 250mcg,Seretide,Unknown,GlaxoSmithKline,6221003821359,6221001683296,250mcg,Nebulizer solution,30,50-200 EGP,True,"Store below 25°C, protect from light",Respiratory
med_00860,Seretide,Seretide,Unknown,GlaxoSmithKline,6221001898346,6223001808769,100mcg,Syrup,120ml,50-200 EGP,True,"Store below 25°C, protect from light",Respiratory
med_00861,Seretide,Seretide,Unknown,GlaxoSmithKline,6223001290517,6223001433371,4mg,Nebulizer solution,30,50-200 EGP,True,"Store below 25°C, protect from light",Respiratory
med_00862,Advair 4mg,Advair,Unknown,GlaxoSmithKline,6222002277545,6222002274802,4mg,Inhaler,2 inhalers,50-200 EGP,True,"Store below 25°C, protect from light",Respiratory
med_00863,Advair,Advair,Unknown,GlaxoSmithKline,6221003460153,6223001790435,8mg,Tablet,10 units,50-200 EGP,True,"Store below 25°C, protect from light",Respiratory
med_00864,Advair,Advair,Unknown,GlaxoSmithKline,6221003524044,6222002685485,500mcg,Inhaler,1 inhaler,50-200 EGP,True,"Store below 25°C, protect from light",Respiratory
med_00865,Seretide 4mg,Seretide,Unknown,GlaxoSmithKline,6221001852270,6222003874588,4mg,Syrup,250ml,50-200 EGP,True,"Store below 25°C, protect from light",Respiratory
med_00866,Seretide,Seretide,Unknown,GlaxoSmithKline,6222003453773,6221003583443,250mcg,Inhaler,2 inhalers,50-200 EGP,True,"Store below 25°C, protect from light",Respiratory
med_00867,Seretide,Seretide,Unknown,GlaxoSmithKline,6221001456688,6222002168878,8mg,Inhaler,1 inhaler,50-200 EGP,True,"Store below 25°C, protect from light",Respiratory
med_00868,Advair 8mg,Advair,Unknown,GlaxoSmithKline,6221001257126,6222002694486,8mg,Tablet,50 units,50-200 EGP,True,"Store below 25°C, protect from light",Respiratory
med_00869,Advair,Advair,Unknown,GlaxoSmithKline,6222002420522,6222002532477,250mcg,Inhaler,2 inhalers,50-200 EGP,True,"Store below 25°C, protect from light",Respiratory
med_00870,Advair,Advair,Unknown,GlaxoSmithKline,6221002578244,6222002176286,4mg,Syrup,100ml,50-200 EGP,True,"Store below 25°C, protect from light",Respiratory
med_00871,Seretide 500mcg,Seretide,Unknown,GlaxoSmithKline,6221003671216,6222001764631,500mcg,Tablet,30 units,50-200 EGP,True,"Store below 25°C, protect from light",Respiratory
med_00872,Seretide,Seretide,Unknown,GlaxoSmithKline,6222001396934,6221003325587,500mcg,Nebulizer solution,30,50-200 EGP,True,"Store below 25°C, protect from light",Respiratory
med_00873,Seretide,Seretide,Unknown,GlaxoSmithKline,6221001640772,6221002422131,8mg,Syrup,120ml,50-200 EGP,True,"Store below 25°C, protect from light",Respiratory
med_00874,Flixotide 8mg,Flixotide,Unknown,GlaxoSmithKline,6221002433480,6221002933608,8mg,Tablet,100 units,50-200 EGP,True,"Store below 25°C, protect from light",Respiratory
med_00875,Flixotide,Flixotide,Unknown,GlaxoSmithKline,6221003137235,6223001201230,250mcg,Tablet,10 units,50-200 EGP,True,"Store below 25°C, protect from light",Respiratory
med_00876,Flixotide,Flixotide,Unknown,GlaxoSmithKline,6221002888955,6221002739088,500mcg,Nebulizer solution,30,50-200 EGP,True,"Store below 25°C, protect from light",Respiratory
med_00877,Flovent 100mcg,Flovent,Unknown,GlaxoSmithKline,6223001559772,6221001134003,100mcg,Inhaler,1 inhaler,50-200 EGP,True,"Store below 25°C, protect from light",Respiratory
med_00878,Flovent,Flovent,Unknown,GlaxoSmithKline,6221001385021,6223002847591,100mcg,Inhaler,1 inhaler,50-200 EGP,True,"Store below 25°C, protect from light",Respiratory
med_00879,Flovent,Flovent,Unknown,GlaxoSmithKline,6222001829706,6223002598554,8mg,Inhaler,1 inhaler,50-200 EGP,True,"Store below 25°C, protect from light",Respiratory
med_00880,Flixotide 250mcg,Flixotide,Unknown,GlaxoSmithKline,6221002247157,6222003503411,250mcg,Inhaler,2 inhalers,50-200 EGP,True,"Store below 25°C, protect from light",Respiratory
med_00881,Flixotide,Flixotide,Unknown,GlaxoSmithKline,6223001646061,6222002488937,500mcg,Nebulizer solution,30,50-200 EGP,True,"Store below 25°C, protect from light",Respiratory
med_00882,Flixotide,Flixotide,Unknown,GlaxoSmithKline,6223001994871,6223002823838,8mg,Inhaler,2 inhalers,50-200 EGP,True,"Store below 25°C, protect from light",Respiratory
med_00883,Flovent 500mcg,Flovent,Unknown,GlaxoSmithKline,6222003937996,6222003663750,500mcg,Syrup,60ml,50-200 EGP,True,"Store below 25°C, protect from light",Respiratory
med_00884,Flovent,Flovent,Unknown,GlaxoSmithKline,6222003408655,6222001143442,250mcg,Nebulizer solution,30,50-200 EGP,True,"Store below 25°C, protect from light",Respiratory
med_00885,Flovent,Flovent,Unknown,GlaxoSmithKline,6223001741668,6222001240624,250mcg,Inhaler,1 inhaler,50-200 EGP,True,"Store below 25°C, protect from light",Respiratory
med_00886,Flixotide 100mcg,Flixotide,Unknown,GlaxoSmithKline,6221001311332,6222003456572,100mcg,Syrup,120ml,50-200 EGP,True,"Store below 25°C, protect from light",Respiratory
med_00887,Flixotide,Flixotide,Unknown,GlaxoSmithKline,6223002898600,6223002662700,100mcg,Inhaler,2 inhalers,50-200 EGP,True,"Store below 25°C, protect from light",Respiratory
med_00888,Flixotide,Flixotide,Unknown,GlaxoSmithKline,6221003687243,6221001713263,4mg,Inhaler,1 inhaler,50-200 EGP,True,"Store below 25°C, protect from light",Respiratory
med_00889,Voltaren 600mg,Voltaren,Diclofenac,Novartis,6222003844694,6223002765571,600mg,Injection,2ml,5-50 EGP,False,"Store below 25°C, protect from light",Painkillers
med_00890,Voltaren,Voltaren,Ibuprofen,Novartis,6222001959331,6221003761878,400mg,Suppository,6,5-50 EGP,False,"Store below 25°C, protect from light",Painkillers
med_00891,Voltaren,Voltaren,Diclofenac,Novartis,6223002884098,6223002118717,600mg,Tablet,30 units,5-50 EGP,False,"Store below 25°C, protect from light",Painkillers
med_00892,Diclofenac 200mg,Diclofenac,Diclofenac,Novartis,6221001791170,6222002398351,200mg,Gel,30g,5-50 EGP,False,"Store below 25°C, protect from light",Painkillers
med_00893,Diclofenac,Diclofenac,Diclofenac,Novartis,6222001903762,6221001168031,400mg,Tablet,10 units,5-50 EGP,False,"Store below 25°C, protect from light",Painkillers
med_00894,Diclofenac,Diclofenac,Diclofenac,Novartis,6221003724652,6221001915945,500mg,Capsule,50 units,5-50 EGP,False,"Store below 25°C, protect from light",Painkillers
med_00895,Voltaren Emulgel 600mg,Voltaren Emulgel,Paracetamol,Novartis,6222002743983,6222003959538,600mg,Injection,1ml,5-50 EGP,False,"Store below 25°C, protect from light",Painkillers
med_00896,Voltaren Emulgel,Voltaren Emulgel,Ibuprofen,Novartis,6222002634238,6222003772997,1000mg,Capsule,50 units,5-50 EGP,False,"Store below 25°C, protect from light",Painkillers
med_00897,Voltaren Emulgel,Voltaren Emulgel,Diclofenac,Novartis,6223002637920,6222001488776,1000mg,Capsule,50 units,5-50 EGP,False,"Store below 25°C, protect from light",Painkillers
med_00898,Voltaren Gel 500mg,Voltaren Gel,Ibuprofen,Novartis,6221003992372,6223002367530,500mg,Gel,30g,5-50 EGP,False,"Store below 25°C, protect from light",Painkillers
med_00899,Voltaren Gel,Voltaren Gel,Ibuprofen,Novartis,6221001755397,6222002633275,200mg,Gel,50g,5-50 EGP,False,"Store below 25°C, protect from light",Painkillers
med_00900,Voltaren Gel,Voltaren Gel,Diclofenac,Novartis,6221002119297,6221001429517,400mg,Suppository,12,5-50 EGP,False,"Store below 25°C, protect from light",Painkillers
med_00901,Voltaren 600mg,Voltaren,Paracetamol,Novartis,6221003654702,6222003763741,600mg,Suppository,12,5-50 EGP,False,"Store below 25°C, protect from light",Painkillers
med_00902,Voltaren,Voltaren,Paracetamol,Novartis,6221001380557,6221002480658,500mg,Injection,2ml,5-50 EGP,False,"Store below 25°C, protect from light",Painkillers
med_00903,Voltaren,Voltaren,Paracetamol,Novartis,6223001629830,6221003555197,200mg,Suppository,6,5-50 EGP,False,"Store below 25°C, protect from light",Painkillers
med_00904,Excedrin 400mg,Excedrin,Diclofenac,Novartis,6222003454187,6223001787150,400mg,Gel,50g,5-50 EGP,False,"Store below 25°C, protect from light",Painkillers
med_00905,Excedrin,Excedrin,Ibuprofen,Novartis,6221003831207,6222002794872,200mg,Suppository,12,5-50 EGP,False,"Store below 25°C, protect from light",Painkillers
med_00906,Excedrin,Excedrin,Diclofenac,Novartis,6223001881461,6221002398017,400mg,Injection,1ml,5-50 EGP,False,"Store below 25°C, protect from light",Painkillers
med_00907,Aspirin 200mg,Aspirin,Ibuprofen,Novartis,6222002865102,6222001884232,200mg,Injection,2ml,5-50 EGP,False,"Store below 25°C, protect from light",Painkillers
med_00908,Aspirin,Aspirin,Diclofenac,Novartis,6222002902524,6221003857031,500mg,Capsule,10 units,5-50 EGP,False,"Store below 25°C, protect from light",Painkillers
med_00909,Aspirin,Aspirin,Ibuprofen,Novartis,6222001873806,6223001933015,200mg,Tablet,100 units,5-50 EGP,False,"Store below 25°C, protect from light",Painkillers
med_00910,Excedrin 1000mg,Excedrin,Diclofenac,Novartis,6222001398277,6221001578686,1000mg,Gel,50g,5-50 EGP,False,"Store below 25°C, protect from light",Painkillers
med_00911,Excedrin,Excedrin,Ibuprofen,Novartis,6222003708404,6221002617227,400mg,Gel,30g,5-50 EGP,False,"Store below 25°C, protect from light",Painkillers
med_00912,Excedrin,Excedrin,Ibuprofen,Novartis,6221003135572,6222003674307,600mg,Capsule,10 units,5-50 EGP,False,"Store below 25°C, protect from light",Painkillers
med_00913,Aspirin 200mg,Aspirin,Paracetamol,Novartis,6222003753994,6222001806075,200mg,Tablet,10 units,5-50 EGP,False,"Store below 25°C, protect from light",Painkillers
med_00914,Aspirin,Aspirin,Ibuprofen,Novartis,6223001381275,6221001578140,500mg,Capsule,50 units,5-50 EGP,False,"Store below 25°C, protect from light",Painkillers
med_00915,Aspirin,Aspirin,Ibuprofen,Novartis,6221003705764,6222003366369,400mg,Gel,100g,5-50 EGP,False,"Store below 25°C, protect from light",Painkillers
med_00916,Excedrin 600mg,Excedrin,Paracetamol,Novartis,6222003488273,6221002137518,600mg,Gel,50g,5-50 EGP,False,"Store below 25°C, protect from light",Painkillers
med_00917,Excedrin,Excedrin,Diclofenac,Novartis,6222001726201,6223002764532,1000mg,Suppository,6,5-50 EGP,False,"Store below 25°C, protect from light",Painkillers
med_00918,Excedrin,Excedrin,Paracetamol,Novartis,6221001228852,6222001734984,500mg,Gel,15g,5-50 EGP,False,"Store below 25°C, protect from light",Painkillers
med_00919,Diovan 25mg,Diovan,Atorvastatin,Novartis,6221001632727,6222003432141,25mg,Tablet,100 units,40-150 EGP,True,"Store below 25°C, protect from light",Cardiovascular
med_00920,Diovan,Diovan,Atorvastatin,Novartis,6222001699015,6222002921132,20mg,Capsule,10 units,40-150 EGP,True,"Store below 25°C, protect from light",Cardiovascular
med_00921,Diovan,Diovan,Amlodipine,Novartis,6223002656910,6222003234885,25mg,Tablet,100 units,40-150 EGP,True,"Store below 25°C, protect from light",Cardiovascular
med_00922,Valsartan 100mg,Valsartan,Amlodipine,Novartis,6222003689615,6221002668049,100mg,Tablet,50 units,40-150 EGP,True,"Store below 25°C, protect from light",Cardiovascular
med_00923,Valsartan,Valsartan,Lisinopril,Novartis,6223001578552,6222001725397,10mg,Capsule,50 units,40-150 EGP,True,"Store below 25°C, protect from light",Cardiovascular
med_00924,Valsartan,Valsartan,Lisinopril,Novartis,6222002505404,6221001438400,25mg,Capsule,50 units,40-150 EGP,True,"Store below 25°C, protect from light",Cardiovascular
med_00925,Diovan 10mg,Diovan,Lisinopril,Novartis,6221003100910,6222002235152,10mg,Tablet,10 units,40-150 EGP,True,"Store below 25°C, protect from light",Cardiovascular
med_00926,Diovan,Diovan,Atorvastatin,Novartis,6222003464614,6221001547163,10mg,Capsule,20 units,40-150 EGP,True,"Store below 25°C, protect from light",Cardiovascular
med_00927,Diovan,Diovan,Atorvastatin,Novartis,6221003814866,6223002397512,25mg,Tablet,100 units,40-150 EGP,True,"Store below 25°C, protect from light",Cardiovascular
med_00928,Valsartan 10mg,Valsartan,Atorvastatin,Novartis,6221003923532,6222003412321,10mg,Tablet,100 units,40-150 EGP,True,"Store below 25°C, protect from light",Cardiovascular
med_00929,Valsartan,Valsartan,Atorvastatin,Novartis,6223001918181,6221001340186,25mg,Tablet,10 units,40-150 EGP,True,"Store below 25°C, protect from light",Cardiovascular
med_00930,Valsartan,Valsartan,Amlodipine,Novartis,6222002286215,6222001405818,5mg,Tablet,100 units,40-150 EGP,True,"Store below 25°C, protect from light",Cardiovascular
med_00931,Diovan 20mg,Diovan,Amlodipine,Novartis,6221002542103,6223001170500,20mg,Tablet,100 units,40-150 EGP,True,"Store below 25°C, protect from light",Cardiovascular
med_00932,Diovan,Diovan,Atorvastatin,Novartis,6221002452768,6221001687148,5mg,Tablet,50 units,40-150 EGP,True,"Store below 25°C, protect from light",Cardiovascular
med_00933,Diovan,Diovan,Lisinopril,Novartis,6223001674691,6223002867169,25mg,Tablet,100 units,40-150 EGP,True,"Store below 25°C, protect from light",Cardiovascular
med_00934,Co-Diovan 20mg,Co-Diovan,Atorvastatin,Novartis,6223001848177,6223002213305,20mg,Capsule,50 units,40-150 EGP,True,"Store below 25°C, protect from light",Cardiovascular
med_00935,Co-Diovan,Co-Diovan,Lisinopril,Novartis,6221003914303,6221001859300,10mg,Tablet,20 units,40-150 EGP,True,"Store below 25°C, protect from light",Cardiovascular
med_00936,Co-Diovan,Co-Diovan,Lisinopril,Novartis,6223001631781,6222002558098,5mg,Capsule,20 units,40-150 EGP,True,"Store below 25°C, protect from light",Cardiovascular
med_00937,Valsartan/HCTZ 50mg,Valsartan/HCTZ,Lisinopril,Novartis,6221001159403,6223001428318,50mg,Capsule,50 units,40-150 EGP,True,"Store below 25°C, protect from light",Cardiovascular
med_00938,Valsartan/HCTZ,Valsartan/HCTZ,Amlodipine,Novartis,6222001970716,6223001570612,5mg,Tablet,100 units,40-150 EGP,True,"Store below 25°C, protect from light",Cardiovascular
med_00939,Valsartan/HCTZ,Valsartan/HCTZ,Atorvastatin,Novartis,6223002445393,6221003658737,20mg,Tablet,50 units,40-150 EGP,True,"Store below 25°C, protect from light",Cardiovascular
med_00940,Co-Diovan 20mg,Co-Diovan,Atorvastatin,Novartis,6223001589069,6222002355238,20mg,Capsule,10 units,40-150 EGP,True,"Store below 25°C, protect from light",Cardiovascular
med_00941,Co-Diovan,Co-Diovan,Lisinopril,Novartis,6221001251809,6222003245080,20mg,Capsule,30 units,40-150 EGP,True,"Store below 25°C, protect from light",Cardiovascular
med_00942,Co-Diovan,Co-Diovan,Lisinopril,Novartis,6221003289871,6223001723114,10mg,Tablet,50 units,40-150 EGP,True,"Store below 25°C, protect from light",Cardiovascular
med_00943,Diovan HCT 10mg,Diovan HCT,Atorvastatin,Novartis,6221001773173,6222002878480,10mg,Tablet,50 units,40-150 EGP,True,"Store below 25°C, protect from light",Cardiovascular
med_00944,Diovan HCT,Diovan HCT,Amlodipine,Novartis,6221003173426,6222001637018,25mg,Capsule,30 units,40-150 EGP,True,"Store below 25°C, protect from light",Cardiovascular
med_00945,Diovan HCT,Diovan HCT,Atorvastatin,Novartis,6222003492124,6223001381065,100mg,Tablet,20 units,40-150 EGP,True,"Store below 25°C, protect from light",Cardiovascular
med_00946,Co-Diovan 100mg,Co-Diovan,Lisinopril,Novartis,6223002888364,6223001146059,100mg,Capsule,30 units,40-150 EGP,True,"Store below 25°C, protect from light",Cardiovascular
med_00947,Co-Diovan,Co-Diovan,Lisinopril,Novartis,6222001836914,6221003352756,25mg,Capsule,10 units,40-150 EGP,True,"Store below 25°C, protect from light",Cardiovascular
med_00948,Co-Diovan,Co-Diovan,Lisinopril,Novartis,6221001688138,6223002667715,25mg,Tablet,10 units,40-150 EGP,True,"Store below 25°C, protect from light",Cardiovascular
med_00949,Lotrel 50mg,Lotrel,Amlodipine,Novartis,6222003324774,6223002266104,50mg,Tablet,100 units,40-150 EGP,True,"Store below 25°C, protect from light",Cardiovascular
med_00950,Lotrel,Lotrel,Amlodipine,Novartis,6221002880731,6222002776395,20mg,Capsule,50 units,40-150 EGP,True,"Store below 25°C, protect from light",Cardiovascular
med_00951,Lotrel,Lotrel,Amlodipine,Novartis,6222003891223,6221002474978,100mg,Tablet,50 units,40-150 EGP,True,"Store below 25°C, protect from light",Cardiovascular
med_00952,Amlodipine/Benazepril 100mg,Amlodipine/Benazepril,Amlodipine,Novartis,6223001299785,6221001694559,100mg,Capsule,30 units,40-150 EGP,True,"Store below 25°C, protect from light",Cardiovascular
med_00953,Amlodipine/Benazepril,Amlodipine/Benazepril,Amlodipine,Novartis,6223002557288,6223002491036,50mg,Tablet,10 units,40-150 EGP,True,"Store below 25°C, protect from light",Cardiovascular
med_00954,Amlodipine/Benazepril,Amlodipine/Benazepril,Amlodipine,Novartis,6223002484382,6222001243244,100mg,Capsule,10 units,40-150 EGP,True,"Store below 25°C, protect from light",Cardiovascular
med_00955,Lotrel 25mg,Lotrel,Amlodipine,Novartis,6222001491057,6223002202861,25mg,Capsule,20 units,40-150 EGP,True,"Store below 25°C, protect from light",Cardiovascular
med_00956,Lotrel,Lotrel,Lisinopril,Novartis,6222001571858,6221003339879,5mg,Capsule,10 units,40-150 EGP,True,"Store below 25°C, protect from light",Cardiovascular
med_00957,Lotrel,Lotrel,Lisinopril,Novartis,6221003684515,6223001781610,25mg,Tablet,50 units,40-150 EGP,True,"Store below 25°C, protect from light",Cardiovascular
med_00958,Amlodipine/Benazepril 50mg,Amlodipine/Benazepril,Amlodipine,Novartis,6221001630206,6221003997673,50mg,Capsule,30 units,40-150 EGP,True,"Store below 25°C, protect from light",Cardiovascular
med_00959,Amlodipine/Benazepril,Amlodipine/Benazepril,Amlodipine,Novartis,6222001698027,6222002257839,100mg,Tablet,20 units,40-150 EGP,True,"Store below 25°C, protect from light",Cardiovascular
med_00960,Amlodipine/Benazepril,Amlodipine/Benazepril,Amlodipine,Novartis,6222001669768,6222002510498,25mg,Tablet,10 units,40-150 EGP,True,"Store below 25°C, protect from light",Cardiovascular
med_00961,Lotrel 5mg,Lotrel,Amlodipine,Novartis,6223002745728,6222002268239,5mg,Tablet,10 units,40-150 EGP,True,"Store below 25°C, protect from light",Cardiovascular
med_00962,Lotrel,Lotrel,Lisinopril,Novartis,6221003478005,6221003360707,100mg,Tablet,20 units,40-150 EGP,True,"Store below 25°C, protect from light",Cardiovascular
med_00963,Lotrel,Lotrel,Atorvastatin,Novartis,6221001753825,6222003666689,25mg,Tablet,50 units,40-150 EGP,True,"Store below 25°C, protect from light",Cardiovascular
med_00964,Gleevec Standard,Gleevec,Unknown,Novartis,6223001550168,6223001962062,Standard,Tablet,50 units,20-100 EGP,False,"Store below 25°C, protect from light",Cancer
med_00965,Gleevec,Gleevec,Unknown,Novartis,6222002771384,6221001278644,Standard,Tablet,10 units,20-100 EGP,False,"Store below 25°C, protect from light",Cancer
med_00966,Gleevec,Gleevec,Unknown,Novartis,6221002424449,6223001445054,Standard,Tablet,10 units,20-100 EGP,False,"Store below 25°C, protect from light",Cancer
med_00967,Imatinib Standard,Imatinib,Unknown,Novartis,6222001443241,6222001619436,Standard,Tablet,100 units,20-100 EGP,False,"Store below 25°C, protect from light",Cancer
med_00968,Imatinib,Imatinib,Unknown,Novartis,6222002842181,6221003504565,Standard,Tablet,10 units,20-100 EGP,False,"Store below 25°C, protect from light",Cancer
med_00969,Imatinib,Imatinib,Unknown,Novartis,6221003753110,6223002494417,Standard,Tablet,100 units,20-100 EGP,False,"Store below 25°C, protect from light",Cancer
med_00970,Gleevec Standard,Gleevec,Unknown,Novartis,6222001545578,6221001644172,Standard,Tablet,30 units,20-100 EGP,False,"Store below 25°C, protect from light",Cancer
med_00971,Gleevec,Gleevec,Unknown,Novartis,6222003240992,6221002875664,Standard,Tablet,30 units,20-100 EGP,False,"Store below 25°C, protect from light",Cancer
med_00972,Gleevec,Gleevec,Unknown,Novartis,6222003877650,6221002797577,Standard,Tablet,30 units,20-100 EGP,False,"Store below 25°C, protect from light",Cancer
med_00973,Imatinib Standard,Imatinib,Unknown,Novartis,6222003576524,6222001290723,Standard,Tablet,50 units,20-100 EGP,False,"Store below 25°C, protect from light",Cancer
med_00974,Imatinib,Imatinib,Unknown,Novartis,6223002248322,6222003734547,Standard,Tablet,10 units,20-100 EGP,False,"Store below 25°C, protect from light",Cancer
med_00975,Imatinib,Imatinib,Unknown,Novartis,6222002748546,6221003200702,Standard,Tablet,100 units,20-100 EGP,False,"Store below 25°C, protect from light",Cancer
med_00976,Gleevec Standard,Gleevec,Unknown,Novartis,6221001392789,6222001841534,Standard,Tablet,20 units,20-100 EGP,False,"Store below 25°C, protect from light",Cancer
med_00977,Gleevec,Gleevec,Unknown,Novartis,6223002403493,6222003885014,Standard,Tablet,30 units,20-100 EGP,False,"Store below 25°C, protect from light",Cancer
med_00978,Gleevec,Gleevec,Unknown,Novartis,6221001157855,6222003399825,Standard,Tablet,100 units,20-100 EGP,False,"Store below 25°C, protect from light",Cancer
med_00979,Tasigna Standard,Tasigna,Unknown,Novartis,6222003237868,6222002633000,Standard,Tablet,50 units,20-100 EGP,False,"Store below 25°C, protect from light",Cancer
med_00980,Tasigna,Tasigna,Unknown,Novartis,6221001549693,6223002895490,Standard,Tablet,20 units,20-100 EGP,False,"Store below 25°C, protect from light",Cancer
med_00981,Tasigna,Tasigna,Unknown,Novartis,6221001463724,6223001695975,Standard,Tablet,10 units,20-100 EGP,False,"Store below 25°C, protect from light",Cancer
med_00982,Nilotinib Standard,Nilotinib,Unknown,Novartis,6221001487931,6222001742120,Standard,Tablet,50 units,20-100 EGP,False,"Store below 25°C, protect from light",Cancer
med_00983,Nilotinib,Nilotinib,Unknown,Novartis,6221002758186,6221002419547,Standard,Tablet,20 units,20-100 EGP,False,"Store below 25°C, protect from light",Cancer
med_00984,Nilotinib,Nilotinib,Unknown,Novartis,6223001353711,6221001880243,Standard,Tablet,10 units,20-100 EGP,False,"Store below 25°C, protect from light",Cancer
med_00985,Tasigna Standard,Tasigna,Unknown,Novartis,6222001891415,6221003333762,Standard,Tablet,30 units,20-100 EGP,False,"Store below 25°C, protect from light",Cancer
med_00986,Tasigna,Tasigna,Unknown,Novartis,6223001187455,6221001673308,Standard,Tablet,50 units,20-100 EGP,False,"Store below 25°C, protect from light",Cancer
med_00987,Tasigna,Tasigna,Unknown,Novartis,6221001709432,6221001290536,Standard,Tablet,20 units,20-100 EGP,False,"Store below 25°C, protect from light",Cancer
med_00988,Nilotinib Standard,Nilotinib,Unknown,Novartis,6222001979043,6221003194834,Standard,Tablet,30 units,20-100 EGP,False,"Store below 25°C, protect from light",Cancer
med_00989,Nilotinib,Nilotinib,Unknown,Novartis,6223002566946,6222001182693,Standard,Tablet,100 units,20-100 EGP,False,"Store below 25°C, protect from light",Cancer
med_00990,Nilotinib,Nilotinib,Unknown,Novartis,6221001327225,6223001225720,Standard,Tablet,20 units,20-100 EGP,False,"Store below 25°C, protect from light",Cancer
med_00991,Tasigna Standard,Tasigna,Unknown,Novartis,6223002139704,6221001554370,Standard,Tablet,50 units,20-100 EGP,False,"Store below 25°C, protect from light",Cancer
med_00992,Tasigna,Tasigna,Unknown,Novartis,6221002286840,6222003477585,Standard,Tablet,100 units,20-100 EGP,False,"Store below 25°C, protect from light",Cancer
med_00993,Tasigna,Tasigna,Unknown,Novartis,6223001158211,6223001214359,Standard,Tablet,10 units,20-100 EGP,False,"Store below 25°C, protect from light",Cancer
med_00994,Zithromax 1g,Zithromax,Ciprofloxacin,Pfizer,6221001472737,6221002704687,1g,Injection,10ml,15-80 EGP,True,"Store below 25°C, protect from light",Antibiotics
med_00995,Zithromax,Zithromax,Amoxicillin,Pfizer,6223001134646,6221001398430,1g,Injection,2ml,15-80 EGP,True,"Store below 25°C, protect from light",Antibiotics
med_00996,Zithromax,Zithromax,Amoxicillin,Pfizer,6221001634686,6222003213244,500mg,Suspension,250ml,15-80 EGP,True,"Store below 25°C, protect from light",Antibiotics
med_00997,Azithromycin 250mg,Azithromycin,Azithromycin,Pfizer,6223001848496,6223001565207,250mg,Suspension,250ml,15-80 EGP,True,"Store below 25°C, protect from light",Antibiotics
med_00998,Azithromycin,Azithromycin,Azithromycin,Pfizer,6221003172383,6223002736707,1g,Injection,5ml,15-80 EGP,True,"Store below 25°C, protect from light",Antibiotics
med_00999,Azithromycin,Azithromycin,Azithromycin,Pfizer,6223001207098,6221002762776,250mg,Tablet,10 units,15-80 EGP,True,"Store below 25°C, protect from light",Antibiotics
med_01000,Zithromax 1g,Zithromax,Azithromycin,Pfizer,6222001154517,6222003953241,1g,Tablet,50 units,15-80 EGP,True,"Store below 25°C, protect from light",Antibiotics
med_01001,Zithromax,Zithromax,Azithromycin,Pfizer,6222002257265,6221002906725,500mg,Tablet,100 units,15-80 EGP,True,"Store below 25°C, protect from light",Antibiotics
med_01002,Zithromax,Zithromax,Amoxicillin,Pfizer,6223002243246,6223002976034,500mg,Tablet,20 units,15-80 EGP,True,"Store below 25°C, protect from light",Antibiotics
med_01003,Azithromycin 500mg,Azithromycin,Azithromycin,Pfizer,6222003610714,6221001289225,500mg,Suspension,250ml,15-80 EGP,True,"Store below 25°C, protect from light",Antibiotics
med_01004,Azithromycin,Azithromycin,Azithromycin,Pfizer,6221002582261,6221003864586,500mg,Suspension,100ml,15-80 EGP,True,"Store below 25°C, protect from light",Antibiotics
med_01005,Azithromycin,Azithromycin,Azithromycin,Pfizer,6222003718041,6221002507348,500mg,Tablet,10 units,15-80 EGP,True,"Store below 25°C, protect from light",Antibiotics
med_01006,Zithromax 1g,Zithromax,Azithromycin,Pfizer,6222001561504,6223001598960,1g,Capsule,30 units,15-80 EGP,True,"Store below 25°C, protect from light",Antibiotics
med_01007,Zithromax,Zithromax,Amoxicillin,Pfizer,6222002137157,6222002961527,500mg,Tablet,10 units,15-80 EGP,True,"Store below 25°C, protect from light",Antibiotics
med_01008,Zithromax,Zithromax,Azithromycin,Pfizer,6223001391644,6222003267887,500mg,Capsule,30 units,15-80 EGP,True,"Store below 25°C, protect from light",Antibiotics
med_01009,Sulperazon 250mg,Sulperazon,Ciprofloxacin,Pfizer,6221003594244,6221003657388,250mg,Suspension,250ml,15-80 EGP,True,"Store below 25°C, protect from light",Antibiotics
med_01010,Sulperazon,Sulperazon,Azithromycin,Pfizer,6222001467900,6222001823950,1g,Injection,2ml,15-80 EGP,True,"Store below 25°C, protect from light",Antibiotics
med_01011,Sulperazon,Sulperazon,Ciprofloxacin,Pfizer,6221001612125,6221001872189,250mg,Tablet,10 units,15-80 EGP,True,"Store below 25°C, protect from light",Antibiotics
med_01012,Cefoperazone/Sulbactam 250mg,Cefoperazone/Sulbactam,Azithromycin,Pfizer,6223001366567,6221003862319,250mg,Tablet,20 units,15-80 EGP,True,"Store below 25°C, protect from light",Antibiotics
med_01013,Cefoperazone/Sulbactam,Cefoperazone/Sulbactam,Amoxicillin,Pfizer,6221001505651,6223001222096,500mg,Capsule,20 units,15-80 EGP,True,"Store below 25°C, protect from light",Antibiotics
med_01014,Cefoperazone/Sulbactam,Cefoperazone/Sulbactam,Amoxicillin,Pfizer,6221001195100,6222002663770,500mg,Tablet,20 units,15-80 EGP,True,"Store below 25°C, protect from light",Antibiotics
med_01015,Sulperazon 500mg,Sulperazon,Ciprofloxacin,Pfizer,6221001804446,6222001455321,500mg,Capsule,50 units,15-80 EGP,True,"Store below 25°C, protect from light",Antibiotics
med_01016,Sulperazon,Sulperazon,Amoxicillin,Pfizer,6221001799927,6221003246537,500mg,Capsule,30 units,15-80 EGP,True,"Store below 25°C, protect from light",Antibiotics
med_01017,Sulperazon,Sulperazon,Azithromycin,Pfizer,6222002393941,6221002776611,500mg,Suspension,60ml,15-80 EGP,True,"Store below 25°C, protect from light",Antibiotics
med_01018,Cefoperazone 500mg,Cefoperazone,Ciprofloxacin,Pfizer,6223001738958,6222002639936,500mg,Tablet,50 units,15-80 EGP,True,"Store below 25°C, protect from light",Antibiotics
med_01019,Cefoperazone,Cefoperazone,Azithromycin,Pfizer,6221001284584,6221003536795,250mg,Injection,2ml,15-80 EGP,True,"Store below 25°C, protect from light",Antibiotics
med_01020,Cefoperazone,Cefoperazone,Azithromycin,Pfizer,6223002997519,6222003323103,500mg,Injection,2ml,15-80 EGP,True,"Store below 25°C, protect from light",Antibiotics
med_01021,Sulperazon 500mg,Sulperazon,Azithromycin,Pfizer,6221003161793,6221001349511,500mg,Tablet,20 units,15-80 EGP,True,"Store below 25°C, protect from light",Antibiotics
med_01022,Sulperazon,Sulperazon,Amoxicillin,Pfizer,6222001779968,6222001734806,500mg,Capsule,30 units,15-80 EGP,True,"Store below 25°C, protect from light",Antibiotics
med_01023,Sulperazon,Sulperazon,Azithromycin,Pfizer,6222003401774,6223002316565,1g,Capsule,50 units,15-80 EGP,True,"Store below 25°C, protect from light",Antibiotics
med_01024,Norvasc 100mg,Norvasc,Atorvastatin,Pfizer,6221002159599,6223002348412,100mg,Tablet,20 units,40-150 EGP,True,"Store below 25°C, protect from light",Cardiovascular
med_01025,Norvasc,Norvasc,Lisinopril,Pfizer,6222003677227,6221002998960,50mg,Tablet,30 units,40-150 EGP,True,"Store below 25°C, protect from light",Cardiovascular
med_01026,Norvasc,Norvasc,Amlodipine,Pfizer,6221001370837,6222001494436,10mg,Capsule,20 units,40-150 EGP,True,"Store below 25°C, protect from light",Cardiovascular
med_01027,Amlodipine 25mg,Amlodipine,Amlodipine,Pfizer,6223001509408,6222002487441,25mg,Capsule,10 units,40-150 EGP,True,"Store below 25°C, protect from light",Cardiovascular
med_01028,Amlodipine,Amlodipine,Amlodipine,Pfizer,6223001753623,6221003967354,50mg,Tablet,10 units,40-150 EGP,True,"Store below 25°C, protect from light",Cardiovascular
med_01029,Amlodipine,Amlodipine,Amlodipine,Pfizer,6222001441384,6221003936495,10mg,Capsule,30 units,40-150 EGP,True,"Store below 25°C, protect from light",Cardiovascular
med_01030,Norvasc 50mg,Norvasc,Lisinopril,Pfizer,6221001639770,6222003703663,50mg,Tablet,20 units,40-150 EGP,True,"Store below 25°C, protect from light",Cardiovascular
med_01031,Norvasc,Norvasc,Lisinopril,Pfizer,6222001140792,6222002430600,25mg,Capsule,10 units,40-150 EGP,True,"Store below 25°C, protect from light",Cardiovascular
med_01032,Norvasc,Norvasc,Lisinopril,Pfizer,6221003793715,6221001764346,10mg,Capsule,50 units,40-150 EGP,True,"Store below 25°C, protect from light",Cardiovascular
med_01033,Amlodipine 10mg,Amlodipine,Amlodipine,Pfizer,6223002462944,6221003266315,10mg,Capsule,30 units,40-150 EGP,True,"Store below 25°C, protect from light",Cardiovascular
med_01034,Amlodipine,Amlodipine,Amlodipine,Pfizer,6221002359894,6222003129294,20mg,Tablet,50 units,40-150 EGP,True,"Store below 25°C, protect from light",Cardiovascular
med_01035,Amlodipine,Amlodipine,Amlodipine,Pfizer,6222002118624,6223002450208,5mg,Capsule,20 units,40-150 EGP,True,"Store below 25°C, protect from light",Cardiovascular
med_01036,Norvasc 5mg,Norvasc,Atorvastatin,Pfizer,6221003419155,6222001478046,5mg,Capsule,30 units,40-150 EGP,True,"Store below 25°C, protect from light",Cardiovascular
med_01037,Norvasc,Norvasc,Lisinopril,Pfizer,6221001457167,6221001638909,10mg,Capsule,20 units,40-150 EGP,True,"Store below 25°C, protect from light",Cardiovascular
med_01038,Norvasc,Norvasc,Lisinopril,Pfizer,6222002545813,6223001199264,20mg,Tablet,20 units,40-150 EGP,True,"Store below 25°C, protect from light",Cardiovascular
med_01039,Lipitor 50mg,Lipitor,Lisinopril,Pfizer,6222001512520,6221001859080,50mg,Capsule,20 units,40-150 EGP,True,"Store below 25°C, protect from light",Cardiovascular
med_01040,Lipitor,Lipitor,Amlodipine,Pfizer,6222003380723,6223002334497,100mg,Capsule,20 units,40-150 EGP,True,"Store below 25°C, protect from light",Cardiovascular
med_01041,Lipitor,Lipitor,Lisinopril,Pfizer,6222001619577,6223001822938,50mg,Capsule,10 units,40-150 EGP,True,"Store below 25°C, protect from light",Cardiovascular
med_01042,Atorvastatin 25mg,Atorvastatin,Atorvastatin,Pfizer,6222003675575,6223001833931,25mg,Capsule,10 units,40-150 EGP,True,"Store below 25°C, protect from light",Cardiovascular
med_01043,Atorvastatin,Atorvastatin,Atorvastatin,Pfizer,6221001618736,6223001517457,25mg,Capsule,20 units,40-150 EGP,True,"Store below 25°C, protect from light",Cardiovascular
med_01044,Atorvastatin,Atorvastatin,Atorvastatin,Pfizer,6223001587339,6222002559825,20mg,Tablet,20 units,40-150 EGP,True,"Store below 25°C, protect from light",Cardiovascular
med_01045,Lipitor 10mg,Lipitor,Lisinopril,Pfizer,6223002683212,6222002163806,10mg,Tablet,50 units,40-150 EGP,True,"Store below 25°C, protect from light",Cardiovascular
med_01046,Lipitor,Lipitor,Amlodipine,Pfizer,6222001765039,6223001584233,100mg,Tablet,50 units,40-150 EGP,True,"Store below 25°C, protect from light",Cardiovascular
med_01047,Lipitor,Lipitor,Lisinopril,Pfizer,6223002751434,6222001164677,100mg,Tablet,30 units,40-150 EGP,True,"Store below 25°C, protect from light",Cardiovascular
med_01048,Atorvastatin 20mg,Atorvastatin,Atorvastatin,Pfizer,6222001613914,6221003505924,20mg,Capsule,50 units,40-150 EGP,True,"Store below 25°C, protect from light",Cardiovascular
med_01049,Atorvastatin,Atorvastatin,Atorvastatin,Pfizer,6222002483231,6223001309605,100mg,Tablet,10 units,40-150 EGP,True,"Store below 25°C, protect from light",Cardiovascular
med_01050,Atorvastatin,Atorvastatin,Atorvastatin,Pfizer,6221003880597,6222002181214,10mg,Capsule,10 units,40-150 EGP,True,"Store below 25°C, protect from light",Cardiovascular
med_01051,Lipitor 5mg,Lipitor,Lisinopril,Pfizer,6223001723451,6222002967412,5mg,Capsule,50 units,40-150 EGP,True,"Store below 25°C, protect from light",Cardiovascular
med_01052,Lipitor,Lipitor,Amlodipine,Pfizer,6222001655243,6222001684413,25mg,Tablet,30 units,40-150 EGP,True,"Store below 25°C, protect from light",Cardiovascular
med_01053,Lipitor,Lipitor,Lisinopril,Pfizer,6223002462494,6221001613272,10mg,Capsule,30 units,40-150 EGP,True,"Store below 25°C, protect from light",Cardiovascular
med_01054,Caduet 100mg,Caduet,Amlodipine,Pfizer,6221003579128,6223001428938,100mg,Tablet,10 units,40-150 EGP,True,"Store below 25°C, protect from light",Cardiovascular
med_01055,Caduet,Caduet,Atorvastatin,Pfizer,6221003802637,6221002540962,10mg,Capsule,30 units,40-150 EGP,True,"Store below 25°C, protect from light",Cardiovascular
med_01056,Caduet,Caduet,Atorvastatin,Pfizer,6223001758495,6223001820501,10mg,Tablet,10 units,40-150 EGP,True,"Store below 25°C, protect from light",Cardiovascular
med_01057,Amlodipine/Atorvastatin 100mg,Amlodipine/Atorvastatin,Amlodipine,Pfizer,6223001425547,6222002462322,100mg,Capsule,10 units,40-150 EGP,True,"Store below 25°C, protect from light",Cardiovascular
med_01058,Amlodipine/Atorvastatin,Amlodipine/Atorvastatin,Amlodipine,Pfizer,6223001567119,6222001700347,10mg,Capsule,50 units,40-150 EGP,True,"Store below 25°C, protect from light",Cardiovascular
med_01059,Amlodipine/Atorvastatin,Amlodipine/Atorvastatin,Amlodipine,Pfizer,6222002540273,6222002139733,100mg,Tablet,100 units,40-150 EGP,True,"Store below 25°C, protect from light",Cardiovascular
med_01060,Caduet 25mg,Caduet,Lisinopril,Pfizer,6223001711578,6221001369125,25mg,Capsule,10 units,40-150 EGP,True,"Store below 25°C, protect from light",Cardiovascular
med_01061,Caduet,Caduet,Lisinopril,Pfizer,6223002405445,6223002296746,25mg,Tablet,10 units,40-150 EGP,True,"Store below 25°C, protect from light",Cardiovascular
med_01062,Caduet,Caduet,Atorvastatin,Pfizer,6221001726453,6222003429101,5mg,Tablet,100 units,40-150 EGP,True,"Store below 25°C, protect from light",Cardiovascular
med_01063,Amlodipine/Atorvastatin 100mg,Amlodipine/Atorvastatin,Amlodipine,Pfizer,6221003772357,6223001859760,100mg,Tablet,50 units,40-150 EGP,True,"Store below 25°C, protect from light",Cardiovascular
med_01064,Amlodipine/Atorvastatin,Amlodipine/Atorvastatin,Amlodipine,Pfizer,6222003972376,6223001780243,100mg,Tablet,100 units,40-150 EGP,True,"Store below 25°C, protect from light",Cardiovascular
med_01065,Amlodipine/Atorvastatin,Amlodipine/Atorvastatin,Amlodipine,Pfizer,6222003479840,6223001100077,5mg,Capsule,10 units,40-150 EGP,True,"Store below 25°C, protect from light",Cardiovascular
med_01066,Caduet 5mg,Caduet,Lisinopril,Pfizer,6221001551092,6221003772946,5mg,Capsule,10 units,40-150 EGP,True,"Store below 25°C, protect from light",Cardiovascular
med_01067,Caduet,Caduet,Atorvastatin,Pfizer,6222001731808,6221001582992,20mg,Tablet,20 units,40-150 EGP,True,"Store below 25°C, protect from light",Cardiovascular
med_01068,Caduet,Caduet,Lisinopril,Pfizer,6221003981430,6222002625671,5mg,Tablet,50 units,40-150 EGP,True,"Store below 25°C, protect from light",Cardiovascular
med_01069,Viagra Standard,Viagra,Unknown,Pfizer,6221003250465,6223002556075,Standard,Tablet,10 units,20-100 EGP,False,"Store below 25°C, protect from light",Viagra
med_01070,Viagra,Viagra,Unknown,Pfizer,6222001181460,6223002263123,Standard,Tablet,50 units,20-100 EGP,False,"Store below 25°C, protect from light",Viagra
med_01071,Viagra,Viagra,Unknown,Pfizer,6223001180164,6223002918177,Standard,Tablet,20 units,20-100 EGP,False,"Store below 25°C, protect from light",Viagra
med_01072,Sildenafil Standard,Sildenafil,Unknown,Pfizer,6222002989703,6221003862103,Standard,Tablet,50 units,20-100 EGP,False,"Store below 25°C, protect from light",Viagra
med_01073,Sildenafil,Sildenafil,Unknown,Pfizer,6221002889566,6223002569691,Standard,Tablet,50 units,20-100 EGP,False,"Store below 25°C, protect from light",Viagra
med_01074,Sildenafil,Sildenafil,Unknown,Pfizer,6223001214123,6223002220597,Standard,Tablet,20 units,20-100 EGP,False,"Store below 25°C, protect from light",Viagra
med_01075,Viagra Standard,Viagra,Unknown,Pfizer,6221001686965,6221001306251,Standard,Tablet,30 units,20-100 EGP,False,"Store below 25°C, protect from light",Viagra
med_01076,Viagra,Viagra,Unknown,Pfizer,6221003418470,6223002166816,Standard,Tablet,50 units,20-100 EGP,False,"Store below 25°C, protect from light",Viagra
med_01077,Viagra,Viagra,Unknown,Pfizer,6221002256271,6221003133583,Standard,Tablet,30 units,20-100 EGP,False,"Store below 25°C, protect from light",Viagra
med_01078,Sildenafil Standard,Sildenafil,Unknown,Pfizer,6223002132351,6222003297451,Standard,Tablet,20 units,20-100 EGP,False,"Store below 25°C, protect from light",Viagra
med_01079,Sildenafil,Sildenafil,Unknown,Pfizer,6222002833432,6223002835648,Standard,Tablet,10 units,20-100 EGP,False,"Store below 25°C, protect from light",Viagra
med_01080,Sildenafil,Sildenafil,Unknown,Pfizer,6223001572417,6222002884064,Standard,Tablet,20 units,20-100 EGP,False,"Store below 25°C, protect from light",Viagra
med_01081,Viagra Standard,Viagra,Unknown,Pfizer,6222001663063,6221002869935,Standard,Tablet,50 units,20-100 EGP,False,"Store below 25°C, protect from light",Viagra
med_01082,Viagra,Viagra,Unknown,Pfizer,6221002387241,6221002587842,Standard,Tablet,30 units,20-100 EGP,False,"Store below 25°C, protect from light",Viagra
med_01083,Viagra,Viagra,Unknown,Pfizer,6222002764799,6222002345475,Standard,Tablet,30 units,20-100 EGP,False,"Store below 25°C, protect from light",Viagra
med_01084,Revatio Standard,Revatio,Unknown,Pfizer,6222003695607,6221003720241,Standard,Tablet,10 units,20-100 EGP,False,"Store below 25°C, protect from light",Viagra
med_01085,Revatio,Revatio,Unknown,Pfizer,6222002214676,6222003537280,Standard,Tablet,100 units,20-100 EGP,False,"Store below 25°C, protect from light",Viagra
med_01086,Revatio,Revatio,Unknown,Pfizer,6222001743809,6221003453568,Standard,Tablet,30 units,20-100 EGP,False,"Store below 25°C, protect from light",Viagra
med_01087,Sildenafil Standard,Sildenafil,Unknown,Pfizer,6223002816873,6222002712973,Standard,Tablet,30 units,20-100 EGP,False,"Store below 25°C, protect from light",Viagra
med_01088,Sildenafil,Sildenafil,Unknown,Pfizer,6222001290614,6221002716909,Standard,Tablet,10 units,20-100 EGP,False,"Store below 25°C, protect from light",Viagra
med_01089,Sildenafil,Sildenafil,Unknown,Pfizer,6222002946999,6223001309484,Standard,Tablet,30 units,20-100 EGP,False,"Store below 25°C, protect from light",Viagra
med_01090,Revatio Standard,Revatio,Unknown,Pfizer,6223001611091,6222002124268,Standard,Tablet,20 units,20-100 EGP,False,"Store below 25°C, protect from light",Viagra
med_01091,Revatio,Revatio,Unknown,Pfizer,6222001617103,6221001117465,Standard,Tablet,50 units,20-100 EGP,False,"Store below 25°C, protect from light",Viagra
med_01092,Revatio,Revatio,Unknown,Pfizer,6222002901286,6223001993021,Standard,Tablet,30 units,20-100 EGP,False,"Store below 25°C, protect from light",Viagra
med_01093,Sildenafil Standard,Sildenafil,Unknown,Pfizer,6221003374119,6222001726980,Standard,Tablet,10 units,20-100 EGP,False,"Store below 25°C, protect from light",Viagra
med_01094,Sildenafil,Sildenafil,Unknown,Pfizer,6222001577847,6222002963599,Standard,Tablet,50 units,20-100 EGP,False,"Store below 25°C, protect from light",Viagra
med_01095,Sildenafil,Sildenafil,Unknown,Pfizer,6223002206105,6222003761820,Standard,Tablet,30 units,20-100 EGP,False,"Store below 25°C, protect from light",Viagra
med_01096,Revatio Standard,Revatio,Unknown,Pfizer,6222001906979,6223001414861,Standard,Tablet,10 units,20-100 EGP,False,"Store below 25°C, protect from light",Viagra
med_01097,Revatio,Revatio,Unknown,Pfizer,6222003498044,6221001839602,Standard,Tablet,20 units,20-100 EGP,False,"Store below 25°C, protect from light",Viagra
med_01098,Revatio,Revatio,Unknown,Pfizer,6222003555635,6222001922293,Standard,Tablet,100 units,20-100 EGP,False,"Store below 25°C, protect from light",Viagra
med_01099,Lantus 850mg,Lantus,Sitagliptin,Sanofi,6222003906464,6221002640447,850mg,Injection,2ml,30-200 EGP,True,"Store below 25°C, protect from light",Diabetes
med_01100,Lantus,Lantus,Sitagliptin,Sanofi,6221001330135,6223002111313,1000mg,Tablet,100 units,30-200 EGP,True,"Store below 25°C, protect from light",Diabetes
med_01101,Lantus,Lantus,Glibenclamide,Sanofi,6221002123647,6222003605520,500mg,Suspension,125ml,30-200 EGP,True,"Store below 25°C, protect from light",Diabetes
med_01102,Insulin Glargine 850mg,Insulin Glargine,Glibenclamide,Sanofi,6221001226294,6223002651007,850mg,Tablet,100 units,30-200 EGP,True,"Store below 25°C, protect from light",Diabetes
med_01103,Insulin Glargine,Insulin Glargine,Metformin,Sanofi,6221002465830,6222002999107,5mg,Suspension,250ml,30-200 EGP,True,"Store below 25°C, protect from light",Diabetes
med_01104,Insulin Glargine,Insulin Glargine,Metformin,Sanofi,6222002739283,6221001185530,500mg,Injection,2ml,30-200 EGP,True,"Store below 25°C, protect from light",Diabetes
med_01105,Lantus Solostar 1000mg,Lantus Solostar,Sitagliptin,Sanofi,6221001154691,6222001239720,1000mg,Injection,5ml,30-200 EGP,True,"Store below 25°C, protect from light",Diabetes
med_01106,Lantus Solostar,Lantus Solostar,Glibenclamide,Sanofi,6221002697304,6222003532759,5mg,Suspension,250ml,30-200 EGP,True,"Store below 25°C, protect from light",Diabetes
med_01107,Lantus Solostar,Lantus Solostar,Sitagliptin,Sanofi,6223002252120,6221003537666,10mg,Injection,2ml,30-200 EGP,True,"Store below 25°C, protect from light",Diabetes
med_01108,Lantus Pen 850mg,Lantus Pen,Glibenclamide,Sanofi,6221002697926,6223001475531,850mg,Tablet,10 units,30-200 EGP,True,"Store below 25°C, protect from light",Diabetes
med_01109,Lantus Pen,Lantus Pen,Metformin,Sanofi,6223001357246,6222001254876,5mg,Suspension,250ml,30-200 EGP,True,"Store below 25°C, protect from light",Diabetes
med_01110,Lantus Pen,Lantus Pen,Metformin,Sanofi,6223002850028,6222003366469,500mg,Tablet,30 units,30-200 EGP,True,"Store below 25°C, protect from light",Diabetes
med_01111,Lantus 1000mg,Lantus,Metformin,Sanofi,6222003230445,6222001244314,1000mg,Injection,10ml,30-200 EGP,True,"Store below 25°C, protect from light",Diabetes
med_01112,Lantus,Lantus,Metformin,Sanofi,6221003285180,6221002531084,500mg,Suspension,250ml,30-200 EGP,True,"Store below 25°C, protect from light",Diabetes
med_01113,Lantus,Lantus,Glibenclamide,Sanofi,6222002668413,6223002148301,5mg,Suspension,100ml,30-200 EGP,True,"Store below 25°C, protect from light",Diabetes
med_01114,Apidra 500mg,Apidra,Metformin,Sanofi,6222002473962,6222001261103,500mg,Tablet,20 units,30-200 EGP,True,"Store below 25°C, protect from light",Diabetes
med_01115,Apidra,Apidra,Sitagliptin,Sanofi,6223002500309,6221003208974,1000mg,Injection,1ml,30-200 EGP,True,"Store below 25°C, protect from light",Diabetes
med_01116,Apidra,Apidra,Sitagliptin,Sanofi,6221002796753,6222001893797,500mg,Tablet,10 units,30-200 EGP,True,"Store below 25°C, protect from light",Diabetes
med_01117,Insulin Glulisine 1000mg,Insulin Glulisine,Metformin,Sanofi,6221001374983,6221002597014,1000mg,Tablet,20 units,30-200 EGP,True,"Store below 25°C, protect from light",Diabetes
med_01118,Insulin Glulisine,Insulin Glulisine,Glibenclamide,Sanofi,6221001763468,6221001814518,1000mg,Tablet,100 units,30-200 EGP,True,"Store below 25°C, protect from light",Diabetes
med_01119,Insulin Glulisine,Insulin Glulisine,Metformin,Sanofi,6222002247240,6223001932993,10mg,Injection,2ml,30-200 EGP,True,"Store below 25°C, protect from light",Diabetes
med_01120,Apidra 500mg,Apidra,Glibenclamide,Sanofi,6223002652773,6222001742072,500mg,Tablet,20 units,30-200 EGP,True,"Store below 25°C, protect from light",Diabetes
med_01121,Apidra,Apidra,Glibenclamide,Sanofi,6223001961475,6222003803068,1000mg,Injection,2ml,30-200 EGP,True,"Store below 25°C, protect from light",Diabetes
med_01122,Apidra,Apidra,Metformin,Sanofi,6223002557362,6222001320108,10mg,Injection,5ml,30-200 EGP,True,"Store below 25°C, protect from light",Diabetes
med_01123,Insulin Glulisine 1000mg,Insulin Glulisine,Sitagliptin,Sanofi,6221003169620,6223002690730,1000mg,Injection,5ml,30-200 EGP,True,"Store below 25°C, protect from light",Diabetes
med_01124,Insulin Glulisine,Insulin Glulisine,Metformin,Sanofi,6221001302489,6223002472092,850mg,Tablet,20 units,30-200 EGP,True,"Store below 25°C, protect from light",Diabetes
med_01125,Insulin Glulisine,Insulin Glulisine,Glibenclamide,Sanofi,6222003786335,6222003535355,5mg,Tablet,30 units,30-200 EGP,True,"Store below 25°C, protect from light",Diabetes
med_01126,Apidra 1000mg,Apidra,Metformin,Sanofi,6222003382772,6221003534520,1000mg,Injection,10ml,30-200 EGP,True,"Store below 25°C, protect from light",Diabetes
med_01127,Apidra,Apidra,Sitagliptin,Sanofi,6222003240505,6222001728911,5mg,Suspension,60ml,30-200 EGP,True,"Store below 25°C, protect from light",Diabetes
med_01128,Apidra,Apidra,Sitagliptin,Sanofi,6221001288813,6222002367248,5mg,Injection,5ml,30-200 EGP,True,"Store below 25°C, protect from light",Diabetes
med_01129,Toujeo 5mg,Toujeo,Glibenclamide,Sanofi,6221001971843,6222001200608,5mg,Injection,1ml,30-200 EGP,True,"Store below 25°C, protect from light",Diabetes
med_01130,Toujeo,Toujeo,Glibenclamide,Sanofi,6221001843216,6221001425712,1000mg,Suspension,125ml,30-200 EGP,True,"Store below 25°C, protect from light",Diabetes
med_01131,Toujeo,Toujeo,Sitagliptin,Sanofi,6221002820811,6222001823355,5mg,Injection,10ml,30-200 EGP,True,"Store below 25°C, protect from light",Diabetes
med_01132,Insulin Glargine 500mg,Insulin Glargine,Metformin,Sanofi,6221002126086,6223002916552,500mg,Suspension,125ml,30-200 EGP,True,"Store below 25°C, protect from light",Diabetes
med_01133,Insulin Glargine,Insulin Glargine,Metformin,Sanofi,6222003938733,6222002859937,5mg,Injection,10ml,30-200 EGP,True,"Store below 25°C, protect from light",Diabetes
med_01134,Insulin Glargine,Insulin Glargine,Glibenclamide,Sanofi,6222002703612,6221001807065,10mg,Injection,1ml,30-200 EGP,True,"Store below 25°C, protect from light",Diabetes
med_01135,Toujeo 10mg,Toujeo,Sitagliptin,Sanofi,6223001862681,6222001453134,10mg,Suspension,100ml,30-200 EGP,True,"Store below 25°C, protect from light",Diabetes
med_01136,Toujeo,Toujeo,Glibenclamide,Sanofi,6221002200961,6222001813463,10mg,Suspension,100ml,30-200 EGP,True,"Store below 25°C, protect from light",Diabetes
med_01137,Toujeo,Toujeo,Glibenclamide,Sanofi,6222001615615,6221003433925,500mg,Injection,1ml,30-200 EGP,True,"Store below 25°C, protect from light",Diabetes
med_01138,Insulin Glargine 5mg,Insulin Glargine,Metformin,Sanofi,6223002781779,6221001136172,5mg,Injection,2ml,30-200 EGP,True,"Store below 25°C, protect from light",Diabetes
med_01139,Insulin Glargine,Insulin Glargine,Glibenclamide,Sanofi,6221003740986,6222002714892,500mg,Suspension,125ml,30-200 EGP,True,"Store below 25°C, protect from light",Diabetes
med_01140,Insulin Glargine,Insulin Glargine,Sitagliptin,Sanofi,6223001119263,6223001248750,5mg,Suspension,125ml,30-200 EGP,True,"Store below 25°C, protect from light",Diabetes
med_01141,Toujeo 500mg,Toujeo,Sitagliptin,Sanofi,6222001363900,6221001694355,500mg,Injection,1ml,30-200 EGP,True,"Store below 25°C, protect from light",Diabetes
med_01142,Toujeo,Toujeo,Sitagliptin,Sanofi,6221002876173,6222002344466,10mg,Tablet,100 units,30-200 EGP,True,"Store below 25°C, protect from light",Diabetes
med_01143,Toujeo,Toujeo,Metformin,Sanofi,6223002656149,6223002391835,10mg,Suspension,100ml,30-200 EGP,True,"Store below 25°C, protect from light",Diabetes
med_01144,Fluzone Standard,Fluzone,Unknown,Sanofi,6222003220402,6221002716805,Standard,Tablet,20 units,20-100 EGP,False,"Store below 25°C, protect from light",Vaccines
med_01145,Fluzone,Fluzone,Unknown,Sanofi,6222003587613,6223002422969,Standard,Tablet,10 units,20-100 EGP,False,"Store below 25°C, protect from light",Vaccines
med_01146,Fluzone,Fluzone,Unknown,Sanofi,6221002827238,6222001679962,Standard,Tablet,50 units,20-100 EGP,False,"Store below 25°C, protect from light",Vaccines
med_01147,Influenza Vaccine Standard,Influenza Vaccine,Unknown,Sanofi,6223002641957,6221002387363,Standard,Tablet,50 units,20-100 EGP,False,"Store below 25°C, protect from light",Vaccines
med_01148,Influenza Vaccine,Influenza Vaccine,Unknown,Sanofi,6222002769793,6223002573797,Standard,Tablet,30 units,20-100 EGP,False,"Store below 25°C, protect from light",Vaccines
med_01149,Influenza Vaccine,Influenza Vaccine,Unknown,Sanofi,6221003955743,6222003408309,Standard,Tablet,10 units,20-100 EGP,False,"Store below 25°C, protect from light",Vaccines
med_01150,Fluzone Standard,Fluzone,Unknown,Sanofi,6221003235339,6223002422336,Standard,Tablet,30 units,20-100 EGP,False,"Store below 25°C, protect from light",Vaccines
med_01151,Fluzone,Fluzone,Unknown,Sanofi,6222003197585,6221002125546,Standard,Tablet,10 units,20-100 EGP,False,"Store below 25°C, protect from light",Vaccines
med_01152,Fluzone,Fluzone,Unknown,Sanofi,6223002353594,6222003425090,Standard,Tablet,100 units,20-100 EGP,False,"Store below 25°C, protect from light",Vaccines
med_01153,Influenza Vaccine Standard,Influenza Vaccine,Unknown,Sanofi,6223002368029,6222003287673,Standard,Tablet,20 units,20-100 EGP,False,"Store below 25°C, protect from light",Vaccines
med_01154,Influenza Vaccine,Influenza Vaccine,Unknown,Sanofi,6221003876662,6222001826884,Standard,Tablet,20 units,20-100 EGP,False,"Store below 25°C, protect from light",Vaccines
med_01155,Influenza Vaccine,Influenza Vaccine,Unknown,Sanofi,6223001504791,6222003710901,Standard,Tablet,50 units,20-100 EGP,False,"Store below 25°C, protect from light",Vaccines
med_01156,Fluzone Standard,Fluzone,Unknown,Sanofi,6222001575220,6221003432104,Standard,Tablet,20 units,20-100 EGP,False,"Store below 25°C, protect from light",Vaccines
med_01157,Fluzone,Fluzone,Unknown,Sanofi,6223001197215,6221002745863,Standard,Tablet,20 units,20-100 EGP,False,"Store below 25°C, protect from light",Vaccines
med_01158,Fluzone,Fluzone,Unknown,Sanofi,6222001919185,6223002316375,Standard,Tablet,50 units,20-100 EGP,False,"Store below 25°C, protect from light",Vaccines
med_01159,Menactra Standard,Menactra,Unknown,Sanofi,6221002214603,6222001128754,Standard,Tablet,100 units,20-100 EGP,False,"Store below 25°C, protect from light",Vaccines
med_01160,Menactra,Menactra,Unknown,Sanofi,6221003793449,6221001124650,Standard,Tablet,30 units,20-100 EGP,False,"Store below 25°C, protect from light",Vaccines
med_01161,Menactra,Menactra,Unknown,Sanofi,6223002956548,6222001946367,Standard,Tablet,10 units,20-100 EGP,False,"Store below 25°C, protect from light",Vaccines
med_01162,Meningococcal Vaccine Standard,Meningococcal Vaccine,Unknown,Sanofi,6222003642513,6221002771012,Standard,Tablet,100 units,20-100 EGP,False,"Store below 25°C, protect from light",Vaccines
med_01163,Meningococcal Vaccine,Meningococcal Vaccine,Unknown,Sanofi,6221001981670,6221002151615,Standard,Tablet,50 units,20-100 EGP,False,"Store below 25°C, protect from light",Vaccines
med_01164,Meningococcal Vaccine,Meningococcal Vaccine,Unknown,Sanofi,6221001580352,6221003818507,Standard,Tablet,10 units,20-100 EGP,False,"Store below 25°C, protect from light",Vaccines
med_01165,Menactra Standard,Menactra,Unknown,Sanofi,6223001429387,6221003774882,Standard,Tablet,50 units,20-100 EGP,False,"Store below 25°C, protect from light",Vaccines
med_01166,Menactra,Menactra,Unknown,Sanofi,6221002263004,6222002404113,Standard,Tablet,50 units,20-100 EGP,False,"Store below 25°C, protect from light",Vaccines
med_01167,Menactra,Menactra,Unknown,Sanofi,6222002813006,6222002610027,Standard,Tablet,30 units,20-100 EGP,False,"Store below 25°C, protect from light",Vaccines
med_01168,Meningococcal Vaccine Standard,Meningococcal Vaccine,Unknown,Sanofi,6222002508678,6221001579319,Standard,Tablet,20 units,20-100 EGP,False,"Store below 25°C, protect from light",Vaccines
med_01169,Meningococcal Vaccine,Meningococcal Vaccine,Unknown,Sanofi,6221001627070,6221003244655,Standard,Tablet,20 units,20-100 EGP,False,"Store below 25°C, protect from light",Vaccines
med_01170,Meningococcal Vaccine,Meningococcal Vaccine,Unknown,Sanofi,6223001568659,6223002151950,Standard,Tablet,100 units,20-100 EGP,False,"Store below 25°C, protect from light",Vaccines
med_01171,Menactra Standard,Menactra,Unknown,Sanofi,6222003835363,6221003345516,Standard,Tablet,10 units,20-100 EGP,False,"Store below 25°C, protect from light",Vaccines
med_01172,Menactra,Menactra,Unknown,Sanofi,6221002411294,6221003416408,Standard,Tablet,30 units,20-100 EGP,False,"Store below 25°C, protect from light",Vaccines
med_01173,Menactra,Menactra,Unknown,Sanofi,6221002466829,6221003597123,Standard,Tablet,100 units,20-100 EGP,False,"Store below 25°C, protect from light",Vaccines
med_01174,Plavix 5mg,Plavix,Amlodipine,Sanofi,6222001444026,6223002847623,5mg,Capsule,10 units,40-150 EGP,True,"Store below 25°C, protect from light",Cardiovascular
med_01175,Plavix,Plavix,Lisinopril,Sanofi,6221001157437,6223002809603,20mg,Tablet,30 units,40-150 EGP,True,"Store below 25°C, protect from light",Cardiovascular
med_01176,Plavix,Plavix,Amlodipine,Sanofi,6222001275706,6221001378225,50mg,Tablet,20 units,40-150 EGP,True,"Store below 25°C, protect from light",Cardiovascular
med_01177,Clopidogrel 5mg,Clopidogrel,Atorvastatin,Sanofi,6223002363600,6223001412660,5mg,Capsule,20 units,40-150 EGP,True,"Store below 25°C, protect from light",Cardiovascular
med_01178,Clopidogrel,Clopidogrel,Atorvastatin,Sanofi,6223001173333,6222001136705,5mg,Tablet,50 units,40-150 EGP,True,"Store below 25°C, protect from light",Cardiovascular
med_01179,Clopidogrel,Clopidogrel,Amlodipine,Sanofi,6221001648923,6221001503775,50mg,Tablet,50 units,40-150 EGP,True,"Store below 25°C, protect from light",Cardiovascular
med_01180,Plavix 20mg,Plavix,Amlodipine,Sanofi,6222001282045,6222002388811,20mg,Tablet,100 units,40-150 EGP,True,"Store below 25°C, protect from light",Cardiovascular
med_01181,Plavix,Plavix,Amlodipine,Sanofi,6222003212308,6222003245869,5mg,Capsule,20 units,40-150 EGP,True,"Store below 25°C, protect from light",Cardiovascular
med_01182,Plavix,Plavix,Atorvastatin,Sanofi,6223002349011,6221002251387,10mg,Tablet,50 units,40-150 EGP,True,"Store below 25°C, protect from light",Cardiovascular
med_01183,Clopidogrel 20mg,Clopidogrel,Lisinopril,Sanofi,6223001355814,6222002343423,20mg,Capsule,10 units,40-150 EGP,True,"Store below 25°C, protect from light",Cardiovascular
med_01184,Clopidogrel,Clopidogrel,Amlodipine,Sanofi,6223001940673,6222003853860,25mg,Tablet,20 units,40-150 EGP,True,"Store below 25°C, protect from light",Cardiovascular
med_01185,Clopidogrel,Clopidogrel,Lisinopril,Sanofi,6222003754820,6223001153602,20mg,Tablet,30 units,40-150 EGP,True,"Store below 25°C, protect from light",Cardiovascular
med_01186,Plavix 25mg,Plavix,Amlodipine,Sanofi,6222002708650,6222002542923,25mg,Tablet,10 units,40-150 EGP,True,"Store below 25°C, protect from light",Cardiovascular
med_01187,Plavix,Plavix,Atorvastatin,Sanofi,6223001992254,6221001706552,25mg,Tablet,30 units,40-150 EGP,True,"Store below 25°C, protect from light",Cardiovascular
med_01188,Plavix,Plavix,Atorvastatin,Sanofi,6222003960822,6223002789674,25mg,Capsule,30 units,40-150 EGP,True,"Store below 25°C, protect from light",Cardiovascular
med_01189,Aprovel 5mg,Aprovel,Atorvastatin,Sanofi,6221002277835,6222001625484,5mg,Capsule,20 units,40-150 EGP,True,"Store below 25°C, protect from light",Cardiovascular
med_01190,Aprovel,Aprovel,Amlodipine,Sanofi,6223001665864,6222001419065,100mg,Capsule,10 units,40-150 EGP,True,"Store below 25°C, protect from light",Cardiovascular
med_01191,Aprovel,Aprovel,Amlodipine,Sanofi,6222003528832,6221002901616,20mg,Capsule,30 units,40-150 EGP,True,"Store below 25°C, protect from light",Cardiovascular
med_01192,Irbesartan 50mg,Irbesartan,Amlodipine,Sanofi,6223002716894,6223001794228,50mg,Tablet,30 units,40-150 EGP,True,"Store below 25°C, protect from light",Cardiovascular
med_01193,Irbesartan,Irbesartan,Atorvastatin,Sanofi,6222003241052,6222003885701,5mg,Tablet,30 units,40-150 EGP,True,"Store below 25°C, protect from light",Cardiovascular
med_01194,Irbesartan,Irbesartan,Amlodipine,Sanofi,6222003891931,6221002581188,25mg,Tablet,50 units,40-150 EGP,True,"Store below 25°C, protect from light",Cardiovascular
med_01195,Aprovel 50mg,Aprovel,Lisinopril,Sanofi,6222003981241,6221001386805,50mg,Capsule,20 units,40-150 EGP,True,"Store below 25°C, protect from light",Cardiovascular
med_01196,Aprovel,Aprovel,Amlodipine,Sanofi,6221001352133,6222001975755,25mg,Capsule,30 units,40-150 EGP,True,"Store below 25°C, protect from light",Cardiovascular
med_01197,Aprovel,Aprovel,Lisinopril,Sanofi,6221003585388,6221001426338,25mg,Tablet,30 units,40-150 EGP,True,"Store below 25°C, protect from light",Cardiovascular
med_01198,Irbesartan 50mg,Irbesartan,Amlodipine,Sanofi,6222001710571,6221002852202,50mg,Capsule,30 units,40-150 EGP,True,"Store below 25°C, protect from light",Cardiovascular
med_01199,Irbesartan,Irbesartan,Atorvastatin,Sanofi,6223001899116,6222002304107,100mg,Tablet,10 units,40-150 EGP,True,"Store below 25°C, protect from light",Cardiovascular
med_01200,Irbesartan,Irbesartan,Atorvastatin,Sanofi,6223001352429,6222003156399,50mg,Tablet,100 units,40-150 EGP,True,"Store below 25°C, protect from light",Cardiovascular
med_01201,Aprovel 50mg,Aprovel,Atorvastatin,Sanofi,6221001969166,6221003741401,50mg,Capsule,20 units,40-150 EGP,True,"Store below 25°C, protect from light",Cardiovascular
med_01202,Aprovel,Aprovel,Atorvastatin,Sanofi,6222002780333,6221003249473,20mg,Capsule,20 units,40-150 EGP,True,"Store below 25°C, protect from light",Cardiovascular
med_01203,Aprovel,Aprovel,Amlodipine,Sanofi,6222001274474,6223002457572,100mg,Tablet,100 units,40-150 EGP,True,"Store below 25°C, protect from light",Cardiovascular
med_01204,Glucophage 850mg,Glucophage,Sitagliptin,Merck,6221001299550,6221002603493,850mg,Suspension,60ml,30-200 EGP,True,"Store below 25°C, protect from light",Diabetes
med_01205,Glucophage,Glucophage,Sitagliptin,Merck,6222001669221,6222003522429,500mg,Tablet,100 units,30-200 EGP,True,"Store below 25°C, protect from light",Diabetes
med_01206,Glucophage,Glucophage,Glibenclamide,Merck,6221001437696,6222001864917,850mg,Suspension,250ml,30-200 EGP,True,"Store below 25°C, protect from light",Diabetes
med_01207,Metformin 850mg,Metformin,Metformin,Merck,6223002104976,6222003296666,850mg,Tablet,30 units,30-200 EGP,True,"Store below 25°C, protect from light",Diabetes
med_01208,Metformin,Metformin,Metformin,Merck,6223002983629,6222002180979,1000mg,Suspension,60ml,30-200 EGP,True,"Store below 25°C, protect from light",Diabetes
med_01209,Metformin,Metformin,Metformin,Merck,6222001350028,6222001764143,500mg,Tablet,20 units,30-200 EGP,True,"Store below 25°C, protect from light",Diabetes
med_01210,Glucophage XR 850mg,Glucophage XR,Sitagliptin,Merck,6222003534834,6222001405467,850mg,Injection,5ml,30-200 EGP,True,"Store below 25°C, protect from light",Diabetes
med_01211,Glucophage XR,Glucophage XR,Glibenclamide,Merck,6221002502675,6223001962540,850mg,Tablet,50 units,30-200 EGP,True,"Store below 25°C, protect from light",Diabetes
med_01212,Glucophage XR,Glucophage XR,Glibenclamide,Merck,6222003934353,6221003104704,10mg,Tablet,50 units,30-200 EGP,True,"Store below 25°C, protect from light",Diabetes
med_01213,Metformin XR 1000mg,Metformin XR,Metformin,Merck,6222003171525,6222002884673,1000mg,Injection,1ml,30-200 EGP,True,"Store below 25°C, protect from light",Diabetes
med_01214,Metformin XR,Metformin XR,Metformin,Merck,6221001864253,6221002263577,10mg,Suspension,250ml,30-200 EGP,True,"Store below 25°C, protect from light",Diabetes
med_01215,Metformin XR,Metformin XR,Metformin,Merck,6223001823155,6223001606297,5mg,Injection,2ml,30-200 EGP,True,"Store below 25°C, protect from light",Diabetes
med_01216,Glucophage 10mg,Glucophage,Sitagliptin,Merck,6222001916179,6223002333473,10mg,Injection,2ml,30-200 EGP,True,"Store below 25°C, protect from light",Diabetes
med_01217,Glucophage,Glucophage,Sitagliptin,Merck,6221002658238,6223001623813,850mg,Injection,2ml,30-200 EGP,True,"Store below 25°C, protect from light",Diabetes
med_01218,Glucophage,Glucophage,Sitagliptin,Merck,6222003769543,6222001120918,5mg,Suspension,100ml,30-200 EGP,True,"Store below 25°C, protect from light",Diabetes
med_01219,Januvia 1000mg,Januvia,Glibenclamide,Merck,6221001264187,6223002731293,1000mg,Injection,2ml,30-200 EGP,True,"Store below 25°C, protect from light",Diabetes
med_01220,Januvia,Januvia,Sitagliptin,Merck,6221002966702,6222001100382,500mg,Suspension,125ml,30-200 EGP,True,"Store below 25°C, protect from light",Diabetes
med_01221,Januvia,Januvia,Metformin,Merck,6221002499122,6223002810906,5mg,Suspension,60ml,30-200 EGP,True,"Store below 25°C, protect from light",Diabetes
med_01222,Sitagliptin 1000mg,Sitagliptin,Sitagliptin,Merck,6221002138056,6223001591688,1000mg,Tablet,30 units,30-200 EGP,True,"Store below 25°C, protect from light",Diabetes
med_01223,Sitagliptin,Sitagliptin,Metformin,Merck,6221002986354,6222003956702,500mg,Suspension,60ml,30-200 EGP,True,"Store below 25°C, protect from light",Diabetes
med_01224,Sitagliptin,Sitagliptin,Sitagliptin,Merck,6221002528857,6222003534504,5mg,Suspension,100ml,30-200 EGP,True,"Store below 25°C, protect from light",Diabetes
med_01225,Januvia 1000mg,Januvia,Metformin,Merck,6223002878793,6222002381228,1000mg,Tablet,100 units,30-200 EGP,True,"Store below 25°C, protect from light",Diabetes
med_01226,Januvia,Januvia,Sitagliptin,Merck,6223002874329,6222003756980,500mg,Injection,10ml,30-200 EGP,True,"Store below 25°C, protect from light",Diabetes
med_01227,Januvia,Januvia,Metformin,Merck,6221003209592,6223002190044,1000mg,Suspension,100ml,30-200 EGP,True,"Store below 25°C, protect from light",Diabetes
med_01228,Sitagliptin 1000mg,Sitagliptin,Metformin,Merck,6221001298759,6221003242368,1000mg,Suspension,125ml,30-200 EGP,True,"Store below 25°C, protect from light",Diabetes
med_01229,Sitagliptin,Sitagliptin,Glibenclamide,Merck,6223001302638,6223001746809,10mg,Tablet,30 units,30-200 EGP,True,"Store below 25°C, protect from light",Diabetes
med_01230,Sitagliptin,Sitagliptin,Sitagliptin,Merck,6222002932468,6222002956276,1000mg,Tablet,10 units,30-200 EGP,True,"Store below 25°C, protect from light",Diabetes
med_01231,Januvia 5mg,Januvia,Glibenclamide,Merck,6222003474678,6222001559843,5mg,Suspension,100ml,30-200 EGP,True,"Store below 25°C, protect from light",Diabetes
med_01232,Januvia,Januvia,Glibenclamide,Merck,6222003664004,6221002380719,10mg,Tablet,30 units,30-200 EGP,True,"Store below 25°C, protect from light",Diabetes
med_01233,Januvia,Januvia,Metformin,Merck,6221001742556,6222001535531,500mg,Suspension,250ml,30-200 EGP,True,"Store below 25°C, protect from light",Diabetes
med_01234,Janumet 500mg,Janumet,Metformin,Merck,6221003303767,6221003746668,500mg,Injection,10ml,30-200 EGP,True,"Store below 25°C, protect from light",Diabetes
med_01235,Janumet,Janumet,Metformin,Merck,6222002811032,6222003789229,10mg,Injection,1ml,30-200 EGP,True,"Store below 25°C, protect from light",Diabetes
med_01236,Janumet,Janumet,Glibenclamide,Merck,6221001992763,6223001198478,1000mg,Suspension,250ml,30-200 EGP,True,"Store below 25°C, protect from light",Diabetes
med_01237,Sitagliptin/Metformin 5mg,Sitagliptin/Metformin,Metformin,Merck,6223001318330,6222001626260,5mg,Injection,1ml,30-200 EGP,True,"Store below 25°C, protect from light",Diabetes
med_01238,Sitagliptin/Metformin,Sitagliptin/Metformin,Metformin,Merck,6221001143305,6221002457225,10mg,Injection,2ml,30-200 EGP,True,"Store below 25°C, protect from light",Diabetes
med_01239,Sitagliptin/Metformin,Sitagliptin/Metformin,Metformin,Merck,6221003646432,6221002376573,1000mg,Injection,1ml,30-200 EGP,True,"Store below 25°C, protect from light",Diabetes
med_01240,Janumet 500mg,Janumet,Metformin,Merck,6222001752077,6222001146872,500mg,Suspension,60ml,30-200 EGP,True,"Store below 25°C, protect from light",Diabetes
med_01241,Janumet,Janumet,Sitagliptin,Merck,6221001524852,6223002636991,10mg,Suspension,250ml,30-200 EGP,True,"Store below 25°C, protect from light",Diabetes
med_01242,Janumet,Janumet,Metformin,Merck,6222002316433,6222003712487,500mg,Tablet,100 units,30-200 EGP,True,"Store below 25°C, protect from light",Diabetes
med_01243,Sitagliptin/Metformin 10mg,Sitagliptin/Metformin,Metformin,Merck,6223001765039,6222003758175,10mg,Tablet,10 units,30-200 EGP,True,"Store below 25°C, protect from light",Diabetes
med_01244,Sitagliptin/Metformin,Sitagliptin/Metformin,Metformin,Merck,6223002150256,6223002514946,5mg,Tablet,20 units,30-200 EGP,True,"Store below 25°C, protect from light",Diabetes
med_01245,Sitagliptin/Metformin,Sitagliptin/Metformin,Metformin,Merck,6222001799020,6222003790559,500mg,Tablet,100 units,30-200 EGP,True,"Store below 25°C, protect from light",Diabetes
med_01246,Janumet 500mg,Janumet,Sitagliptin,Merck,6222001763198,6221003120521,500mg,Suspension,125ml,30-200 EGP,True,"Store below 25°C, protect from light",Diabetes
med_01247,Janumet,Janumet,Metformin,Merck,6221003169163,6221002872355,500mg,Suspension,100ml,30-200 EGP,True,"Store below 25°C, protect from light",Diabetes
med_01248,Janumet,Janumet,Sitagliptin,Merck,6221001911544,6221001728337,10mg,Suspension,100ml,30-200 EGP,True,"Store below 25°C, protect from light",Diabetes
med_01249,Zocor 25mg,Zocor,Amlodipine,Merck,6223001128181,6221003658272,25mg,Capsule,20 units,40-150 EGP,True,"Store below 25°C, protect from light",Cardiovascular
med_01250,Zocor,Zocor,Amlodipine,Merck,6222003222403,6222003716383,50mg,Tablet,20 units,40-150 EGP,True,"Store below 25°C, protect from light",Cardiovascular
med_01251,Zocor,Zocor,Lisinopril,Merck,6222003361540,6221001989804,10mg,Capsule,20 units,40-150 EGP,True,"Store below 25°C, protect from light",Cardiovascular
med_01252,Simvastatin 100mg,Simvastatin,Amlodipine,Merck,6221003457038,6221003942474,100mg,Tablet,100 units,40-150 EGP,True,"Store below 25°C, protect from light",Cardiovascular
med_01253,Simvastatin,Simvastatin,Amlodipine,Merck,6223002902068,6222003775483,50mg,Capsule,10 units,40-150 EGP,True,"Store below 25°C, protect from light",Cardiovascular
med_01254,Simvastatin,Simvastatin,Lisinopril,Merck,6222003154436,6221003910011,20mg,Tablet,30 units,40-150 EGP,True,"Store below 25°C, protect from light",Cardiovascular
med_01255,Zocor 25mg,Zocor,Amlodipine,Merck,6221001612438,6222001980677,25mg,Capsule,20 units,40-150 EGP,True,"Store below 25°C, protect from light",Cardiovascular
med_01256,Zocor,Zocor,Amlodipine,Merck,6222003487678,6222002640987,10mg,Tablet,20 units,40-150 EGP,True,"Store below 25°C, protect from light",Cardiovascular
med_01257,Zocor,Zocor,Amlodipine,Merck,6221002374366,6223002344885,100mg,Tablet,50 units,40-150 EGP,True,"Store below 25°C, protect from light",Cardiovascular
med_01258,Simvastatin 5mg,Simvastatin,Amlodipine,Merck,6221003441799,6221001414934,5mg,Tablet,30 units,40-150 EGP,True,"Store below 25°C, protect from light",Cardiovascular
med_01259,Simvastatin,Simvastatin,Lisinopril,Merck,6222003574687,6222002495677,20mg,Tablet,50 units,40-150 EGP,True,"Store below 25°C, protect from light",Cardiovascular
med_01260,Simvastatin,Simvastatin,Atorvastatin,Merck,6221001272372,6222002853922,20mg,Tablet,100 units,40-150 EGP,True,"Store below 25°C, protect from light",Cardiovascular
med_01261,Zocor 50mg,Zocor,Lisinopril,Merck,6223002767288,6221002668021,50mg,Tablet,20 units,40-150 EGP,True,"Store below 25°C, protect from light",Cardiovascular
med_01262,Zocor,Zocor,Lisinopril,Merck,6223001950158,6223002916737,25mg,Capsule,50 units,40-150 EGP,True,"Store below 25°C, protect from light",Cardiovascular
med_01263,Zocor,Zocor,Atorvastatin,Merck,6221003597045,6221002632706,10mg,Capsule,20 units,40-150 EGP,True,"Store below 25°C, protect from light",Cardiovascular
med_01264,Vytorin 100mg,Vytorin,Lisinopril,Merck,6223001281749,6223002388303,100mg,Tablet,100 units,40-150 EGP,True,"Store below 25°C, protect from light",Cardiovascular
med_01265,Vytorin,Vytorin,Atorvastatin,Merck,6222002580223,6222002506047,100mg,Tablet,50 units,40-150 EGP,True,"Store below 25°C, protect from light",Cardiovascular
med_01266,Vytorin,Vytorin,Amlodipine,Merck,6221002901300,6221003956209,25mg,Capsule,20 units,40-150 EGP,True,"Store below 25°C, protect from light",Cardiovascular
med_01267,Ezetimibe/Simvastatin 100mg,Ezetimibe/Simvastatin,Lisinopril,Merck,6221002848827,6223001188646,100mg,Tablet,10 units,40-150 EGP,True,"Store below 25°C, protect from light",Cardiovascular
med_01268,Ezetimibe/Simvastatin,Ezetimibe/Simvastatin,Atorvastatin,Merck,6223002929988,6221003391994,50mg,Tablet,20 units,40-150 EGP,True,"Store below 25°C, protect from light",Cardiovascular
med_01269,Ezetimibe/Simvastatin,Ezetimibe/Simvastatin,Amlodipine,Merck,6222001183788,6221003250795,5mg,Capsule,30 units,40-150 EGP,True,"Store below 25°C, protect from light",Cardiovascular
med_01270,Vytorin 50mg,Vytorin,Amlodipine,Merck,6222002855312,6223002337982,50mg,Tablet,30 units,40-150 EGP,True,"Store below 25°C, protect from light",Cardiovascular
med_01271,Vytorin,Vytorin,Atorvastatin,Merck,6221001147365,6222001519082,10mg,Tablet,50 units,40-150 EGP,True,"Store below 25°C, protect from light",Cardiovascular
med_01272,Vytorin,Vytorin,Lisinopril,Merck,6223002426081,6222001470599,10mg,Tablet,50 units,40-150 EGP,True,"Store below 25°C, protect from light",Cardiovascular
med_01273,Ezetimibe/Simvastatin 25mg,Ezetimibe/Simvastatin,Lisinopril,Merck,6221002304292,6222003654191,25mg,Capsule,30 units,40-150 EGP,True,"Store below 25°C, protect from light",Cardiovascular
med_01274,Ezetimibe/Simvastatin,Ezetimibe/Simvastatin,Atorvastatin,Merck,6222003629255,6222001803506,20mg,Capsule,20 units,40-150 EGP,True,"Store below 25°C, protect from light",Cardiovascular
med_01275,Ezetimibe/Simvastatin,Ezetimibe/Simvastatin,Atorvastatin,Merck,6223002611858,6223001136916,50mg,Tablet,20 units,40-150 EGP,True,"Store below 25°C, protect from light",Cardiovascular
med_01276,Vytorin 50mg,Vytorin,Lisinopril,Merck,6222003798828,6222002872169,50mg,Capsule,10 units,40-150 EGP,True,"Store below 25°C, protect from light",Cardiovascular
med_01277,Vytorin,Vytorin,Amlodipine,Merck,6222003615995,6221003823152,20mg,Tablet,100 units,40-150 EGP,True,"Store below 25°C, protect from light",Cardiovascular
med_01278,Vytorin,Vytorin,Amlodipine,Merck,6222001800792,6222003636733,50mg,Tablet,100 units,40-150 EGP,True,"Store below 25°C, protect from light",Cardiovascular
med_01279,Gardasil Standard,Gardasil,Unknown,Merck,6222003217117,6223001573074,Standard,Tablet,20 units,20-100 EGP,False,"Store below 25°C, protect from light",Vaccines
med_01280,Gardasil,Gardasil,Unknown,Merck,6223001178846,6221003443014,Standard,Tablet,30 units,20-100 EGP,False,"Store below 25°C, protect from light",Vaccines
med_01281,Gardasil,Gardasil,Unknown,Merck,6222002863967,6223001718497,Standard,Tablet,10 units,20-100 EGP,False,"Store below 25°C, protect from light",Vaccines
med_01282,HPV Vaccine Standard,HPV Vaccine,Unknown,Merck,6222002274342,6222003964234,Standard,Tablet,30 units,20-100 EGP,False,"Store below 25°C, protect from light",Vaccines
med_01283,HPV Vaccine,HPV Vaccine,Unknown,Merck,6223002419380,6221003292818,Standard,Tablet,50 units,20-100 EGP,False,"Store below 25°C, protect from light",Vaccines
med_01284,HPV Vaccine,HPV Vaccine,Unknown,Merck,6223002391776,6222001753586,Standard,Tablet,50 units,20-100 EGP,False,"Store below 25°C, protect from light",Vaccines
med_01285,Gardasil Standard,Gardasil,Unknown,Merck,6222002212835,6223001478272,Standard,Tablet,50 units,20-100 EGP,False,"Store below 25°C, protect from light",Vaccines
med_01286,Gardasil,Gardasil,Unknown,Merck,6222001616756,6222003451882,Standard,Tablet,100 units,20-100 EGP,False,"Store below 25°C, protect from light",Vaccines
med_01287,Gardasil,Gardasil,Unknown,Merck,6223001503165,6221003929942,Standard,Tablet,30 units,20-100 EGP,False,"Store below 25°C, protect from light",Vaccines
med_01288,HPV Vaccine Standard,HPV Vaccine,Unknown,Merck,6221003642872,6222001569943,Standard,Tablet,10 units,20-100 EGP,False,"Store below 25°C, protect from light",Vaccines
med_01289,HPV Vaccine,HPV Vaccine,Unknown,Merck,6221003448287,6222001465685,Standard,Tablet,10 units,20-100 EGP,False,"Store below 25°C, protect from light",Vaccines
med_01290,HPV Vaccine,HPV Vaccine,Unknown,Merck,6221001263876,6221001396913,Standard,Tablet,100 units,20-100 EGP,False,"Store below 25°C, protect from light",Vaccines
med_01291,Gardasil Standard,Gardasil,Unknown,Merck,6221001468283,6222003291932,Standard,Tablet,10 units,20-100 EGP,False,"Store below 25°C, protect from light",Vaccines
med_01292,Gardasil,Gardasil,Unknown,Merck,6223001559371,6222003474201,Standard,Tablet,50 units,20-100 EGP,False,"Store below 25°C, protect from light",Vaccines
med_01293,Gardasil,Gardasil,Unknown,Merck,6222003670540,6221003783555,Standard,Tablet,30 units,20-100 EGP,False,"Store below 25°C, protect from light",Vaccines
med_01294,Proquad Standard,Proquad,Unknown,Merck,6223002438735,6221003761234,Standard,Tablet,50 units,20-100 EGP,False,"Store below 25°C, protect from light",Vaccines
med_01295,Proquad,Proquad,Unknown,Merck,6221001806926,6223002164081,Standard,Tablet,10 units,20-100 EGP,False,"Store below 25°C, protect from light",Vaccines
med_01296,Proquad,Proquad,Unknown,Merck,6221001892531,6221001551682,Standard,Tablet,20 units,20-100 EGP,False,"Store below 25°C, protect from light",Vaccines
med_01297,MMRV Vaccine Standard,MMRV Vaccine,Unknown,Merck,6222003424460,6223001505682,Standard,Tablet,10 units,20-100 EGP,False,"Store below 25°C, protect from light",Vaccines
med_01298,MMRV Vaccine,MMRV Vaccine,Unknown,Merck,6221003355836,6222003667639,Standard,Tablet,10 units,20-100 EGP,False,"Store below 25°C, protect from light",Vaccines
med_01299,MMRV Vaccine,MMRV Vaccine,Unknown,Merck,6222002176179,6222001460253,Standard,Tablet,20 units,20-100 EGP,False,"Store below 25°C, protect from light",Vaccines
med_01300,Proquad Standard,Proquad,Unknown,Merck,6222003763317,6223002184092,Standard,Tablet,100 units,20-100 EGP,False,"Store below 25°C, protect from light",Vaccines
med_01301,Proquad,Proquad,Unknown,Merck,6222001497614,6221001622149,Standard,Tablet,100 units,20-100 EGP,False,"Store below 25°C, protect from light",Vaccines
med_01302,Proquad,Proquad,Unknown,Merck,6222002522210,6221001664724,Standard,Tablet,10 units,20-100 EGP,False,"Store below 25°C, protect from light",Vaccines
med_01303,MMRV Vaccine Standard,MMRV Vaccine,Unknown,Merck,6222003638857,6221003740945,Standard,Tablet,30 units,20-100 EGP,False,"Store below 25°C, protect from light",Vaccines
med_01304,MMRV Vaccine,MMRV Vaccine,Unknown,Merck,6222001381237,6223001701184,Standard,Tablet,100 units,20-100 EGP,False,"Store below 25°C, protect from light",Vaccines
med_01305,MMRV Vaccine,MMRV Vaccine,Unknown,Merck,6221002876531,6221002354410,Standard,Tablet,20 units,20-100 EGP,False,"Store below 25°C, protect from light",Vaccines
med_01306,Proquad Standard,Proquad,Unknown,Merck,6222001788663,6221002244386,Standard,Tablet,20 units,20-100 EGP,False,"Store below 25°C, protect from light",Vaccines
med_01307,Proquad,Proquad,Unknown,Merck,6221002972000,6221002265347,Standard,Tablet,100 units,20-100 EGP,False,"Store below 25°C, protect from light",Vaccines
med_01308,Proquad,Proquad,Unknown,Merck,6223002854588,6222003776930,Standard,Tablet,20 units,20-100 EGP,False,"Store below 25°C, protect from light",Vaccines
med_01309,Zestril 50mg,Zestril,Lisinopril,AstraZeneca,6222001719992,6221002236933,50mg,Capsule,50 units,40-150 EGP,True,"Store below 25°C, protect from light",Cardiovascular
med_01310,Zestril,Zestril,Lisinopril,AstraZeneca,6222002529031,6221003255307,50mg,Tablet,20 units,40-150 EGP,True,"Store below 25°C, protect from light",Cardiovascular
med_01311,Zestril,Zestril,Amlodipine,AstraZeneca,6222001463105,6221002492199,100mg,Capsule,20 units,40-150 EGP,True,"Store below 25°C, protect from light",Cardiovascular
med_01312,Lisinopril 10mg,Lisinopril,Lisinopril,AstraZeneca,6222003501596,6223001711043,10mg,Tablet,100 units,40-150 EGP,True,"Store below 25°C, protect from light",Cardiovascular
med_01313,Lisinopril,Lisinopril,Lisinopril,AstraZeneca,6221001918924,6221002722260,10mg,Capsule,30 units,40-150 EGP,True,"Store below 25°C, protect from light",Cardiovascular
med_01314,Lisinopril,Lisinopril,Lisinopril,AstraZeneca,6222002207120,6223001812140,20mg,Tablet,30 units,40-150 EGP,True,"Store below 25°C, protect from light",Cardiovascular
med_01315,Zestril 10mg,Zestril,Atorvastatin,AstraZeneca,6222003181471,6223001317867,10mg,Capsule,20 units,40-150 EGP,True,"Store below 25°C, protect from light",Cardiovascular
med_01316,Zestril,Zestril,Atorvastatin,AstraZeneca,6223001366251,6223001606444,25mg,Capsule,50 units,40-150 EGP,True,"Store below 25°C, protect from light",Cardiovascular
med_01317,Zestril,Zestril,Atorvastatin,AstraZeneca,6221003122028,6222002546598,25mg,Capsule,20 units,40-150 EGP,True,"Store below 25°C, protect from light",Cardiovascular
med_01318,Lisinopril 10mg,Lisinopril,Lisinopril,AstraZeneca,6222003648790,6222002780951,10mg,Capsule,30 units,40-150 EGP,True,"Store below 25°C, protect from light",Cardiovascular
med_01319,Lisinopril,Lisinopril,Lisinopril,AstraZeneca,6221001449897,6221002721995,10mg,Capsule,10 units,40-150 EGP,True,"Store below 25°C, protect from light",Cardiovascular
med_01320,Lisinopril,Lisinopril,Lisinopril,AstraZeneca,6221001977233,6221003725144,5mg,Capsule,30 units,40-150 EGP,True,"Store below 25°C, protect from light",Cardiovascular
med_01321,Zestril 10mg,Zestril,Lisinopril,AstraZeneca,6223001560173,6223001233308,10mg,Tablet,10 units,40-150 EGP,True,"Store below 25°C, protect from light",Cardiovascular
med_01322,Zestril,Zestril,Lisinopril,AstraZeneca,6221002803369,6222003479216,20mg,Capsule,30 units,40-150 EGP,True,"Store below 25°C, protect from light",Cardiovascular
med_01323,Zestril,Zestril,Lisinopril,AstraZeneca,6222001520594,6223001938269,20mg,Capsule,30 units,40-150 EGP,True,"Store below 25°C, protect from light",Cardiovascular
med_01324,Tenormin 5mg,Tenormin,Lisinopril,AstraZeneca,6223001384495,6221003219058,5mg,Tablet,50 units,40-150 EGP,True,"Store below 25°C, protect from light",Cardiovascular
med_01325,Tenormin,Tenormin,Lisinopril,AstraZeneca,6222001950504,6222002724291,50mg,Tablet,30 units,40-150 EGP,True,"Store below 25°C, protect from light",Cardiovascular
med_01326,Tenormin,Tenormin,Lisinopril,AstraZeneca,6221003652370,6221003341676,25mg,Tablet,100 units,40-150 EGP,True,"Store below 25°C, protect from light",Cardiovascular
med_01327,Atenolol 50mg,Atenolol,Amlodipine,AstraZeneca,6222002612160,6222001522457,50mg,Capsule,20 units,40-150 EGP,True,"Store below 25°C, protect from light",Cardiovascular
med_01328,Atenolol,Atenolol,Lisinopril,AstraZeneca,6221001809130,6221003269968,20mg,Capsule,20 units,40-150 EGP,True,"Store below 25°C, protect from light",Cardiovascular
med_01329,Atenolol,Atenolol,Lisinopril,AstraZeneca,6222002237791,6222002826207,100mg,Tablet,30 units,40-150 EGP,True,"Store below 25°C, protect from light",Cardiovascular
med_01330,Tenormin 20mg,Tenormin,Lisinopril,AstraZeneca,6223002224661,6221002383217,20mg,Capsule,10 units,40-150 EGP,True,"Store below 25°C, protect from light",Cardiovascular
med_01331,Tenormin,Tenormin,Atorvastatin,AstraZeneca,6221003424609,6222003140691,25mg,Tablet,100 units,40-150 EGP,True,"Store below 25°C, protect from light",Cardiovascular
med_01332,Tenormin,Tenormin,Atorvastatin,AstraZeneca,6223001575217,6221001561699,20mg,Capsule,10 units,40-150 EGP,True,"Store below 25°C, protect from light",Cardiovascular
med_01333,Atenolol 25mg,Atenolol,Amlodipine,AstraZeneca,6222001396567,6221001286701,25mg,Tablet,50 units,40-150 EGP,True,"Store below 25°C, protect from light",Cardiovascular
med_01334,Atenolol,Atenolol,Amlodipine,AstraZeneca,6221001331031,6221003791516,10mg,Tablet,100 units,40-150 EGP,True,"Store below 25°C, protect from light",Cardiovascular
med_01335,Atenolol,Atenolol,Amlodipine,AstraZeneca,6221001415705,6222003244253,10mg,Capsule,10 units,40-150 EGP,True,"Store below 25°C, protect from light",Cardiovascular
med_01336,Tenormin 20mg,Tenormin,Atorvastatin,AstraZeneca,6221002547710,6222003224296,20mg,Capsule,10 units,40-150 EGP,True,"Store below 25°C, protect from light",Cardiovascular
med_01337,Tenormin,Tenormin,Lisinopril,AstraZeneca,6222003546904,6222003453053,5mg,Capsule,30 units,40-150 EGP,True,"Store below 25°C, protect from light",Cardiovascular
med_01338,Tenormin,Tenormin,Amlodipine,AstraZeneca,6222003691786,6223001691750,100mg,Tablet,50 units,40-150 EGP,True,"Store below 25°C, protect from light",Cardiovascular
med_01339,Toprol 50mg,Toprol,Amlodipine,AstraZeneca,6221003920133,6222003309856,50mg,Capsule,20 units,40-150 EGP,True,"Store below 25°C, protect from light",Cardiovascular
med_01340,Toprol,Toprol,Lisinopril,AstraZeneca,6222002105194,6221003825205,5mg,Tablet,10 units,40-150 EGP,True,"Store below 25°C, protect from light",Cardiovascular
med_01341,Toprol,Toprol,Amlodipine,AstraZeneca,6223001842831,6221002413175,20mg,Tablet,30 units,40-150 EGP,True,"Store below 25°C, protect from light",Cardiovascular
med_01342,Metoprolol 25mg,Metoprolol,Lisinopril,AstraZeneca,6222002238527,6221003246832,25mg,Capsule,50 units,40-150 EGP,True,"Store below 25°C, protect from light",Cardiovascular
med_01343,Metoprolol,Metoprolol,Lisinopril,AstraZeneca,6222002124597,6223001181090,5mg,Capsule,30 units,40-150 EGP,True,"Store below 25°C, protect from light",Cardiovascular
med_01344,Metoprolol,Metoprolol,Lisinopril,AstraZeneca,6221003557768,6222002614088,50mg,Tablet,10 units,40-150 EGP,True,"Store below 25°C, protect from light",Cardiovascular
med_01345,Toprol 20mg,Toprol,Atorvastatin,AstraZeneca,6221002202543,6221002891892,20mg,Tablet,100 units,40-150 EGP,True,"Store below 25°C, protect from light",Cardiovascular
med_01346,Toprol,Toprol,Atorvastatin,AstraZeneca,6221003109830,6223001282436,10mg,Capsule,50 units,40-150 EGP,True,"Store below 25°C, protect from light",Cardiovascular
med_01347,Toprol,Toprol,Amlodipine,AstraZeneca,6222001400421,6222002678472,10mg,Tablet,20 units,40-150 EGP,True,"Store below 25°C, protect from light",Cardiovascular
med_01348,Metoprolol 10mg,Metoprolol,Lisinopril,AstraZeneca,6223001997027,6221002137548,10mg,Tablet,10 units,40-150 EGP,True,"Store below 25°C, protect from light",Cardiovascular
med_01349,Metoprolol,Metoprolol,Lisinopril,AstraZeneca,6221001381394,6222003381949,20mg,Capsule,50 units,40-150 EGP,True,"Store below 25°C, protect from light",Cardiovascular
med_01350,Metoprolol,Metoprolol,Amlodipine,AstraZeneca,6221001866113,6221001818681,25mg,Tablet,10 units,40-150 EGP,True,"Store below 25°C, protect from light",Cardiovascular
med_01351,Toprol 10mg,Toprol,Atorvastatin,AstraZeneca,6223002380663,6223002969651,10mg,Tablet,30 units,40-150 EGP,True,"Store below 25°C, protect from light",Cardiovascular
med_01352,Toprol,Toprol,Atorvastatin,AstraZeneca,6221002509812,6221002553272,100mg,Tablet,10 units,40-150 EGP,True,"Store below 25°C, protect from light",Cardiovascular
med_01353,Toprol,Toprol,Atorvastatin,AstraZeneca,6222002171446,6223001610786,20mg,Tablet,10 units,40-150 EGP,True,"Store below 25°C, protect from light",Cardiovascular
med_01354,Symbicort 8mg,Symbicort,Unknown,AstraZeneca,6223001476582,6221002138983,8mg,Tablet,100 units,50-200 EGP,True,"Store below 25°C, protect from light",Respiratory
med_01355,Symbicort,Symbicort,Unknown,AstraZeneca,6223002568774,6223001118124,100mcg,Syrup,100ml,50-200 EGP,True,"Store below 25°C, protect from light",Respiratory
med_01356,Symbicort,Symbicort,Unknown,AstraZeneca,6222003882909,6221001987069,250mcg,Tablet,30 units,50-200 EGP,True,"Store below 25°C, protect from light",Respiratory
med_01357,Budesonide/Formoterol 100mcg,Budesonide/Formoterol,Unknown,AstraZeneca,6222001167343,6222002195235,100mcg,Tablet,100 units,50-200 EGP,True,"Store below 25°C, protect from light",Respiratory
med_01358,Budesonide/Formoterol,Budesonide/Formoterol,Unknown,AstraZeneca,6221002355022,6222001370044,8mg,Syrup,100ml,50-200 EGP,True,"Store below 25°C, protect from light",Respiratory
med_01359,Budesonide/Formoterol,Budesonide/Formoterol,Unknown,AstraZeneca,6222001317097,6221002388245,8mg,Nebulizer solution,30,50-200 EGP,True,"Store below 25°C, protect from light",Respiratory
med_01360,Symbicort 500mcg,Symbicort,Unknown,AstraZeneca,6223002194523,6223001786487,500mcg,Inhaler,1 inhaler,50-200 EGP,True,"Store below 25°C, protect from light",Respiratory
med_01361,Symbicort,Symbicort,Unknown,AstraZeneca,6223001340865,6222001201618,250mcg,Inhaler,1 inhaler,50-200 EGP,True,"Store below 25°C, protect from light",Respiratory
med_01362,Symbicort,Symbicort,Unknown,AstraZeneca,6222002366238,6223001920037,100mcg,Syrup,120ml,50-200 EGP,True,"Store below 25°C, protect from light",Respiratory
med_01363,Budesonide/Formoterol 500mcg,Budesonide/Formoterol,Unknown,AstraZeneca,6222002554106,6223001779538,500mcg,Tablet,30 units,50-200 EGP,True,"Store below 25°C, protect from light",Respiratory
med_01364,Budesonide/Formoterol,Budesonide/Formoterol,Unknown,AstraZeneca,6221002370516,6223002535633,4mg,Tablet,20 units,50-200 EGP,True,"Store below 25°C, protect from light",Respiratory
med_01365,Budesonide/Formoterol,Budesonide/Formoterol,Unknown,AstraZeneca,6223002445922,6221002954144,8mg,Nebulizer solution,30,50-200 EGP,True,"Store below 25°C, protect from light",Respiratory
med_01366,Symbicort 500mcg,Symbicort,Unknown,AstraZeneca,6222002356211,6221002814449,500mcg,Nebulizer solution,30,50-200 EGP,True,"Store below 25°C, protect from light",Respiratory
med_01367,Symbicort,Symbicort,Unknown,AstraZeneca,6223002619599,6222001606628,8mg,Tablet,100 units,50-200 EGP,True,"Store below 25°C, protect from light",Respiratory
med_01368,Symbicort,Symbicort,Unknown,AstraZeneca,6223001362495,6223001324751,100mcg,Syrup,250ml,50-200 EGP,True,"Store below 25°C, protect from light",Respiratory
med_01369,Pulmicort 250mcg,Pulmicort,Unknown,AstraZeneca,6222003582634,6222001449135,250mcg,Tablet,10 units,50-200 EGP,True,"Store below 25°C, protect from light",Respiratory
med_01370,Pulmicort,Pulmicort,Unknown,AstraZeneca,6223002105034,6221003622886,8mg,Tablet,100 units,50-200 EGP,True,"Store below 25°C, protect from light",Respiratory
med_01371,Pulmicort,Pulmicort,Unknown,AstraZeneca,6222003662211,6221002794693,8mg,Tablet,50 units,50-200 EGP,True,"Store below 25°C, protect from light",Respiratory
med_01372,Budesonide 8mg,Budesonide,Unknown,AstraZeneca,6221003118767,6221001677327,8mg,Tablet,10 units,50-200 EGP,True,"Store below 25°C, protect from light",Respiratory
med_01373,Budesonide,Budesonide,Unknown,AstraZeneca,6223002606890,6222002497737,4mg,Inhaler,1 inhaler,50-200 EGP,True,"Store below 25°C, protect from light",Respiratory
med_01374,Budesonide,Budesonide,Unknown,AstraZeneca,6221003240883,6222002748805,100mcg,Tablet,30 units,50-200 EGP,True,"Store below 25°C, protect from light",Respiratory
med_01375,Pulmicort 100mcg,Pulmicort,Unknown,AstraZeneca,6221001708313,6221002863214,100mcg,Inhaler,2 inhalers,50-200 EGP,True,"Store below 25°C, protect from light",Respiratory
med_01376,Pulmicort,Pulmicort,Unknown,AstraZeneca,6221003305444,6221001426383,8mg,Inhaler,2 inhalers,50-200 EGP,True,"Store below 25°C, protect from light",Respiratory
med_01377,Pulmicort,Pulmicort,Unknown,AstraZeneca,6222003257466,6222001305509,100mcg,Nebulizer solution,30,50-200 EGP,True,"Store below 25°C, protect from light",Respiratory
med_01378,Budesonide 4mg,Budesonide,Unknown,AstraZeneca,6221002839914,6221003445117,4mg,Tablet,30 units,50-200 EGP,True,"Store below 25°C, protect from light",Respiratory
med_01379,Budesonide,Budesonide,Unknown,AstraZeneca,6221003204338,6223002214416,4mg,Nebulizer solution,30,50-200 EGP,True,"Store below 25°C, protect from light",Respiratory
med_01380,Budesonide,Budesonide,Unknown,AstraZeneca,6222003958409,6222003125680,250mcg,Tablet,50 units,50-200 EGP,True,"Store below 25°C, protect from light",Respiratory
med_01381,Pulmicort 4mg,Pulmicort,Unknown,AstraZeneca,6221003554927,6221003572467,4mg,Tablet,20 units,50-200 EGP,True,"Store below 25°C, protect from light",Respiratory
med_01382,Pulmicort,Pulmicort,Unknown,AstraZeneca,6221001216484,6222001333892,8mg,Tablet,50 units,50-200 EGP,True,"Store below 25°C, protect from light",Respiratory
med_01383,Pulmicort,Pulmicort,Unknown,AstraZeneca,6222003448637,6222003240064,500mcg,Nebulizer solution,30,50-200 EGP,True,"Store below 25°C, protect from light",Respiratory
med_01384,Nolvadex Standard,Nolvadex,Unknown,AstraZeneca,6221003336712,6223001587429,Standard,Tablet,20 units,20-100 EGP,False,"Store below 25°C, protect from light",Cancer
med_01385,Nolvadex,Nolvadex,Unknown,AstraZeneca,6222001786777,6223002563358,Standard,Tablet,10 units,20-100 EGP,False,"Store below 25°C, protect from light",Cancer
med_01386,Nolvadex,Nolvadex,Unknown,AstraZeneca,6223001148928,6221001909830,Standard,Tablet,30 units,20-100 EGP,False,"Store below 25°C, protect from light",Cancer
med_01387,Tamoxifen Standard,Tamoxifen,Amoxicillin,AstraZeneca,6223001682802,6223001105186,Standard,Tablet,30 units,20-100 EGP,False,"Store below 25°C, protect from light",Cancer
med_01388,Tamoxifen,Tamoxifen,Amoxicillin,AstraZeneca,6222001427496,6221001751567,Standard,Tablet,100 units,20-100 EGP,False,"Store below 25°C, protect from light",Cancer
med_01389,Tamoxifen,Tamoxifen,Amoxicillin,AstraZeneca,6223002420100,6223002902956,Standard,Tablet,20 units,20-100 EGP,False,"Store below 25°C, protect from light",Cancer
med_01390,Nolvadex Standard,Nolvadex,Unknown,AstraZeneca,6223001145739,6222001616671,Standard,Tablet,10 units,20-100 EGP,False,"Store below 25°C, protect from light",Cancer
med_01391,Nolvadex,Nolvadex,Unknown,AstraZeneca,6223001595535,6221003186786,Standard,Tablet,30 units,20-100 EGP,False,"Store below 25°C, protect from light",Cancer
med_01392,Nolvadex,Nolvadex,Unknown,AstraZeneca,6223002106240,6221002950603,Standard,Tablet,20 units,20-100 EGP,False,"Store below 25°C, protect from light",Cancer
med_01393,Tamoxifen Standard,Tamoxifen,Amoxicillin,AstraZeneca,6221001370261,6222001686452,Standard,Tablet,100 units,20-100 EGP,False,"Store below 25°C, protect from light",Cancer
med_01394,Tamoxifen,Tamoxifen,Amoxicillin,AstraZeneca,6221001597814,6222002857428,Standard,Tablet,50 units,20-100 EGP,False,"Store below 25°C, protect from light",Cancer
med_01395,Tamoxifen,Tamoxifen,Amoxicillin,AstraZeneca,6221003987447,6221003124415,Standard,Tablet,10 units,20-100 EGP,False,"Store below 25°C, protect from light",Cancer
med_01396,Nolvadex Standard,Nolvadex,Unknown,AstraZeneca,6222003606941,6222003707234,Standard,Tablet,30 units,20-100 EGP,False,"Store below 25°C, protect from light",Cancer
med_01397,Nolvadex,Nolvadex,Unknown,AstraZeneca,6223001908751,6222001245791,Standard,Tablet,100 units,20-100 EGP,False,"Store below 25°C, protect from light",Cancer
med_01398,Nolvadex,Nolvadex,Unknown,AstraZeneca,6223002397356,6222001466914,Standard,Tablet,50 units,20-100 EGP,False,"Store below 25°C, protect from light",Cancer
med_01399,Arimidex Standard,Arimidex,Unknown,AstraZeneca,6221001342230,6223001537583,Standard,Tablet,100 units,20-100 EGP,False,"Store below 25°C, protect from light",Cancer
med_01400,Arimidex,Arimidex,Unknown,AstraZeneca,6223002704033,6221002438510,Standard,Tablet,30 units,20-100 EGP,False,"Store below 25°C, protect from light",Cancer
med_01401,Arimidex,Arimidex,Unknown,AstraZeneca,6222001272929,6222002241630,Standard,Tablet,20 units,20-100 EGP,False,"Store below 25°C, protect from light",Cancer
med_01402,Anastrozole Standard,Anastrozole,Unknown,AstraZeneca,6223001466027,6222003993212,Standard,Tablet,50 units,20-100 EGP,False,"Store below 25°C, protect from light",Cancer
med_01403,Anastrozole,Anastrozole,Unknown,AstraZeneca,6221002940829,6221003795178,Standard,Tablet,100 units,20-100 EGP,False,"Store below 25°C, protect from light",Cancer
med_01404,Anastrozole,Anastrozole,Unknown,AstraZeneca,6221003343809,6221003627423,Standard,Tablet,20 units,20-100 EGP,False,"Store below 25°C, protect from light",Cancer
med_01405,Arimidex Standard,Arimidex,Unknown,AstraZeneca,6223001581473,6221003427312,Standard,Tablet,20 units,20-100 EGP,False,"Store below 25°C, protect from light",Cancer
med_01406,Arimidex,Arimidex,Unknown,AstraZeneca,6222003950754,6221002813043,Standard,Tablet,10 units,20-100 EGP,False,"Store below 25°C, protect from light",Cancer
med_01407,Arimidex,Arimidex,Unknown,AstraZeneca,6221003937552,6223002800361,Standard,Tablet,100 units,20-100 EGP,False,"Store below 25°C, protect from light",Cancer
med_01408,Anastrozole Standard,Anastrozole,Unknown,AstraZeneca,6222003239700,6223002361617,Standard,Tablet,30 units,20-100 EGP,False,"Store below 25°C, protect from light",Cancer
med_01409,Anastrozole,Anastrozole,Unknown,AstraZeneca,6221002985560,6223002287596,Standard,Tablet,100 units,20-100 EGP,False,"Store below 25°C, protect from light",Cancer
med_01410,Anastrozole,Anastrozole,Unknown,AstraZeneca,6221001808383,6223001393141,Standard,Tablet,10 units,20-100 EGP,False,"Store below 25°C, protect from light",Cancer
med_01411,Arimidex Standard,Arimidex,Unknown,AstraZeneca,6221003429633,6221002860396,Standard,Tablet,30 units,20-100 EGP,False,"Store below 25°C, protect from light",Cancer
med_01412,Arimidex,Arimidex,Unknown,AstraZeneca,6221003854356,6221001773435,Standard,Tablet,30 units,20-100 EGP,False,"Store below 25°C, protect from light",Cancer
med_01413,Arimidex,Arimidex,Unknown,AstraZeneca,6221002629536,6221001518528,Standard,Tablet,30 units,20-100 EGP,False,"Store below 25°C, protect from light",Cancer
med_01414,Aspirin 200mg,Aspirin,Ibuprofen,Bayer,6223002806361,6222002672691,200mg,Injection,1ml,5-50 EGP,False,"Store below 25°C, protect from light",Painkillers
med_01415,Aspirin,Aspirin,Diclofenac,Bayer,6221003782393,6222003684341,400mg,Gel,30g,5-50 EGP,False,"Store below 25°C, protect from light",Painkillers
med_01416,Aspirin,Aspirin,Diclofenac,Bayer,6223001249695,6222003243036,1000mg,Capsule,30 units,5-50 EGP,False,"Store below 25°C, protect from light",Painkillers
med_01417,Acetylsalicylic acid 200mg,Acetylsalicylic acid,Paracetamol,Bayer,6221003646388,6222002882472,200mg,Capsule,50 units,5-50 EGP,False,"Store below 25°C, protect from light",Painkillers
med_01418,Acetylsalicylic acid,Acetylsalicylic acid,Paracetamol,Bayer,6223001672795,6223001706547,1000mg,Injection,10ml,5-50 EGP,False,"Store below 25°C, protect from light",Painkillers
med_01419,Acetylsalicylic acid,Acetylsalicylic acid,Diclofenac,Bayer,6222002483997,6221003970370,600mg,Suppository,6,5-50 EGP,False,"Store below 25°C, protect from light",Painkillers
med_01420,Aspirin Cardio 600mg,Aspirin Cardio,Paracetamol,Bayer,6221002574643,6223002619966,600mg,Injection,5ml,5-50 EGP,False,"Store below 25°C, protect from light",Painkillers
med_01421,Aspirin Cardio,Aspirin Cardio,Diclofenac,Bayer,6223001422446,6222003811166,1000mg,Suppository,12,5-50 EGP,False,"Store below 25°C, protect from light",Painkillers
med_01422,Aspirin Cardio,Aspirin Cardio,Paracetamol,Bayer,6222001553699,6221001490269,600mg,Capsule,30 units,5-50 EGP,False,"Store below 25°C, protect from light",Painkillers
med_01423,Aspirin 1000mg,Aspirin,Paracetamol,Bayer,6222001410760,6223002893486,1000mg,Tablet,10 units,5-50 EGP,False,"Store below 25°C, protect from light",Painkillers
med_01424,Aspirin,Aspirin,Ibuprofen,Bayer,6223002859667,6221003860617,400mg,Suppository,6,5-50 EGP,False,"Store below 25°C, protect from light",Painkillers
med_01425,Aspirin,Aspirin,Paracetamol,Bayer,6221003145178,6221002921932,1000mg,Suppository,6,5-50 EGP,False,"Store below 25°C, protect from light",Painkillers
med_01426,Aspirin 600mg,Aspirin,Paracetamol,Bayer,6223001200443,6222002412347,600mg,Gel,50g,5-50 EGP,False,"Store below 25°C, protect from light",Painkillers
med_01427,Aspirin,Aspirin,Ibuprofen,Bayer,6223002894131,6222002767591,200mg,Tablet,10 units,5-50 EGP,False,"Store below 25°C, protect from light",Painkillers
med_01428,Aspirin,Aspirin,Paracetamol,Bayer,6223002342539,6221001941532,600mg,Tablet,100 units,5-50 EGP,False,"Store below 25°C, protect from light",Painkillers
med_01429,Aleve 400mg,Aleve,Paracetamol,Bayer,6221002223545,6221001988883,400mg,Capsule,50 units,5-50 EGP,False,"Store below 25°C, protect from light",Painkillers
med_01430,Aleve,Aleve,Paracetamol,Bayer,6222001954833,6223001844929,200mg,Tablet,20 units,5-50 EGP,False,"Store below 25°C, protect from light",Painkillers
med_01431,Aleve,Aleve,Paracetamol,Bayer,6221003539272,6221001400036,600mg,Injection,10ml,5-50 EGP,False,"Store below 25°C, protect from light",Painkillers
med_01432,Naproxen 1000mg,Naproxen,Paracetamol,Bayer,6222001551360,6221002344005,1000mg,Suppository,6,5-50 EGP,False,"Store below 25°C, protect from light",Painkillers
med_01433,Naproxen,Naproxen,Paracetamol,Bayer,6221001184448,6221002938839,400mg,Suppository,6,5-50 EGP,False,"Store below 25°C, protect from light",Painkillers
med_01434,Naproxen,Naproxen,Paracetamol,Bayer,6222002596799,6222003778296,500mg,Gel,100g,5-50 EGP,False,"Store below 25°C, protect from light",Painkillers
med_01435,Aleve 500mg,Aleve,Paracetamol,Bayer,6222002917658,6221003433743,500mg,Capsule,50 units,5-50 EGP,False,"Store below 25°C, protect from light",Painkillers
med_01436,Aleve,Aleve,Ibuprofen,Bayer,6221002474324,6222002602081,400mg,Gel,100g,5-50 EGP,False,"Store below 25°C, protect from light",Painkillers
med_01437,Aleve,Aleve,Ibuprofen,Bayer,6221003487752,6222002399244,1000mg,Injection,10ml,5-50 EGP,False,"Store below 25°C, protect from light",Painkillers
med_01438,Naproxen 1000mg,Naproxen,Ibuprofen,Bayer,6223002782741,6222001167474,1000mg,Injection,2ml,5-50 EGP,False,"Store below 25°C, protect from light",Painkillers
med_01439,Naproxen,Naproxen,Diclofenac,Bayer,6221002283003,6221002929167,400mg,Gel,100g,5-50 EGP,False,"Store below 25°C, protect from light",Painkillers
med_01440,Naproxen,Naproxen,Ibuprofen,Bayer,6221003109190,6222003461803,400mg,Tablet,20 units,5-50 EGP,False,"Store below 25°C, protect from light",Painkillers
med_01441,Aleve 400mg,Aleve,Diclofenac,Bayer,6221001653458,6222002195070,400mg,Injection,5ml,5-50 EGP,False,"Store below 25°C, protect from light",Painkillers
med_01442,Aleve,Aleve,Diclofenac,Bayer,6221001401914,6221003476919,400mg,Gel,30g,5-50 EGP,False,"Store below 25°C, protect from light",Painkillers
med_01443,Aleve,Aleve,Diclofenac,Bayer,6222003189252,6222002123388,1000mg,Suppository,12,5-50 EGP,False,"Store below 25°C, protect from light",Painkillers
med_01444,Xarelto 5mg,Xarelto,Lisinopril,Bayer,6222001279168,6223001332663,5mg,Tablet,50 units,40-150 EGP,True,"Store below 25°C, protect from light",Cardiovascular
med_01445,Xarelto,Xarelto,Atorvastatin,Bayer,6223001938475,6221001552314,50mg,Capsule,30 units,40-150 EGP,True,"Store below 25°C, protect from light",Cardiovascular
med_01446,Xarelto,Xarelto,Amlodipine,Bayer,6223001224437,6221002942069,5mg,Tablet,20 units,40-150 EGP,True,"Store below 25°C, protect from light",Cardiovascular
med_01447,Rivaroxaban 50mg,Rivaroxaban,Amlodipine,Bayer,6221001952015,6221003987915,50mg,Capsule,50 units,40-150 EGP,True,"Store below 25°C, protect from light",Cardiovascular
med_01448,Rivaroxaban,Rivaroxaban,Atorvastatin,Bayer,6221002266173,6222001226301,25mg,Tablet,50 units,40-150 EGP,True,"Store below 25°C, protect from light",Cardiovascular
med_01449,Rivaroxaban,Rivaroxaban,Atorvastatin,Bayer,6223001517513,6223001566899,25mg,Tablet,50 units,40-150 EGP,True,"Store below 25°C, protect from light",Cardiovascular
med_01450,Xarelto 5mg,Xarelto,Lisinopril,Bayer,6222003820167,6221002604152,5mg,Capsule,30 units,40-150 EGP,True,"Store below 25°C, protect from light",Cardiovascular
med_01451,Xarelto,Xarelto,Atorvastatin,Bayer,6221001931676,6221002321535,50mg,Tablet,30 units,40-150 EGP,True,"Store below 25°C, protect from light",Cardiovascular
med_01452,Xarelto,Xarelto,Atorvastatin,Bayer,6221002358046,6223002382342,5mg,Capsule,50 units,40-150 EGP,True,"Store below 25°C, protect from light",Cardiovascular
med_01453,Rivaroxaban 5mg,Rivaroxaban,Atorvastatin,Bayer,6223001667648,6222002439237,5mg,Tablet,50 units,40-150 EGP,True,"Store below 25°C, protect from light",Cardiovascular
med_01454,Rivaroxaban,Rivaroxaban,Amlodipine,Bayer,6223002306120,6221001336231,100mg,Capsule,10 units,40-150 EGP,True,"Store below 25°C, protect from light",Cardiovascular
med_01455,Rivaroxaban,Rivaroxaban,Amlodipine,Bayer,6221001954266,6223002936395,20mg,Capsule,50 units,40-150 EGP,True,"Store below 25°C, protect from light",Cardiovascular
med_01456,Xarelto 25mg,Xarelto,Atorvastatin,Bayer,6221002601292,6222002648943,25mg,Tablet,100 units,40-150 EGP,True,"Store below 25°C, protect from light",Cardiovascular
med_01457,Xarelto,Xarelto,Lisinopril,Bayer,6222002488801,6221002845170,50mg,Capsule,20 units,40-150 EGP,True,"Store below 25°C, protect from light",Cardiovascular
med_01458,Xarelto,Xarelto,Amlodipine,Bayer,6223002564961,6222001246384,5mg,Capsule,10 units,40-150 EGP,True,"Store below 25°C, protect from light",Cardiovascular
med_01459,Adalat 100mg,Adalat,Lisinopril,Bayer,6223002614268,6221002678389,100mg,Tablet,100 units,40-150 EGP,True,"Store below 25°C, protect from light",Cardiovascular
med_01460,Adalat,Adalat,Amlodipine,Bayer,6222003875282,6221002834842,25mg,Tablet,20 units,40-150 EGP,True,"Store below 25°C, protect from light",Cardiovascular
med_01461,Adalat,Adalat,Atorvastatin,Bayer,6222001603024,6222002617031,20mg,Tablet,20 units,40-150 EGP,True,"Store below 25°C, protect from light",Cardiovascular
med_01462,Nifedipine 5mg,Nifedipine,Atorvastatin,Bayer,6221001489636,6222002576830,5mg,Capsule,20 units,40-150 EGP,True,"Store below 25°C, protect from light",Cardiovascular
med_01463,Nifedipine,Nifedipine,Amlodipine,Bayer,6222002395214,6223001217585,50mg,Tablet,20 units,40-150 EGP,True,"Store below 25°C, protect from light",Cardiovascular
med_01464,Nifedipine,Nifedipine,Atorvastatin,Bayer,6222002795378,6222002744060,100mg,Tablet,100 units,40-150 EGP,True,"Store below 25°C, protect from light",Cardiovascular
med_01465,Adalat 50mg,Adalat,Atorvastatin,Bayer,6223002173975,6222001868219,50mg,Tablet,50 units,40-150 EGP,True,"Store below 25°C, protect from light",Cardiovascular
med_01466,Adalat,Adalat,Amlodipine,Bayer,6222001918780,6223001237263,50mg,Capsule,20 units,40-150 EGP,True,"Store below 25°C, protect from light",Cardiovascular
med_01467,Adalat,Adalat,Lisinopril,Bayer,6221001180871,6222003322974,20mg,Tablet,10 units,40-150 EGP,True,"Store below 25°C, protect from light",Cardiovascular
med_01468,Nifedipine 20mg,Nifedipine,Lisinopril,Bayer,6221002855319,6223002167843,20mg,Tablet,20 units,40-150 EGP,True,"Store below 25°C, protect from light",Cardiovascular
med_01469,Nifedipine,Nifedipine,Amlodipine,Bayer,6223001118167,6222002807662,20mg,Tablet,30 units,40-150 EGP,True,"Store below 25°C, protect from light",Cardiovascular
med_01470,Nifedipine,Nifedipine,Atorvastatin,Bayer,6221002179879,6221002531921,10mg,Tablet,30 units,40-150 EGP,True,"Store below 25°C, protect from light",Cardiovascular
med_01471,Adalat 5mg,Adalat,Atorvastatin,Bayer,6223001540927,6223001783790,5mg,Tablet,100 units,40-150 EGP,True,"Store below 25°C, protect from light",Cardiovascular
med_01472,Adalat,Adalat,Atorvastatin,Bayer,6223002304756,6221002649689,10mg,Capsule,20 units,40-150 EGP,True,"Store below 25°C, protect from light",Cardiovascular
med_01473,Adalat,Adalat,Amlodipine,Bayer,6222003958397,6221002957759,50mg,Tablet,30 units,40-150 EGP,True,"Store below 25°C, protect from light",Cardiovascular
med_01474,Glucobay 500mg,Glucobay,Glibenclamide,Bayer,6221001162772,6221002746635,500mg,Tablet,20 units,30-200 EGP,True,"Store below 25°C, protect from light",Diabetes
med_01475,Glucobay,Glucobay,Glibenclamide,Bayer,6221003514461,6223002862455,500mg,Injection,10ml,30-200 EGP,True,"Store below 25°C, protect from light",Diabetes
med_01476,Glucobay,Glucobay,Glibenclamide,Bayer,6221003603445,6221001172197,850mg,Suspension,250ml,30-200 EGP,True,"Store below 25°C, protect from light",Diabetes
med_01477,Acarbose 5mg,Acarbose,Glibenclamide,Bayer,6222002474162,6221001917552,5mg,Tablet,30 units,30-200 EGP,True,"Store below 25°C, protect from light",Diabetes
med_01478,Acarbose,Acarbose,Sitagliptin,Bayer,6222003253769,6222002816178,10mg,Tablet,10 units,30-200 EGP,True,"Store below 25°C, protect from light",Diabetes
med_01479,Acarbose,Acarbose,Sitagliptin,Bayer,6221003690746,6222002985104,5mg,Suspension,60ml,30-200 EGP,True,"Store below 25°C, protect from light",Diabetes
med_01480,Glucobay 500mg,Glucobay,Sitagliptin,Bayer,6223001400799,6221001956357,500mg,Suspension,250ml,30-200 EGP,True,"Store below 25°C, protect from light",Diabetes
med_01481,Glucobay,Glucobay,Glibenclamide,Bayer,6222001315996,6222001475814,10mg,Suspension,125ml,30-200 EGP,True,"Store below 25°C, protect from light",Diabetes
med_01482,Glucobay,Glucobay,Glibenclamide,Bayer,6222002913514,6221002746961,5mg,Tablet,100 units,30-200 EGP,True,"Store below 25°C, protect from light",Diabetes
med_01483,Acarbose 10mg,Acarbose,Glibenclamide,Bayer,6221002557966,6221003513404,10mg,Injection,5ml,30-200 EGP,True,"Store below 25°C, protect from light",Diabetes
med_01484,Acarbose,Acarbose,Sitagliptin,Bayer,6222003354113,6223002184928,500mg,Suspension,60ml,30-200 EGP,True,"Store below 25°C, protect from light",Diabetes
med_01485,Acarbose,Acarbose,Sitagliptin,Bayer,6223001774194,6222002622754,500mg,Suspension,100ml,30-200 EGP,True,"Store below 25°C, protect from light",Diabetes
med_01486,Glucobay 850mg,Glucobay,Metformin,Bayer,6223001628714,6223001167691,850mg,Tablet,30 units,30-200 EGP,True,"Store below 25°C, protect from light",Diabetes
med_01487,Glucobay,Glucobay,Metformin,Bayer,6222001662599,6222003309692,5mg,Injection,2ml,30-200 EGP,True,"Store below 25°C, protect from light",Diabetes
med_01488,Glucobay,Glucobay,Sitagliptin,Bayer,6222002894681,6221002733548,1000mg,Injection,1ml,30-200 EGP,True,"Store below 25°C, protect from light",Diabetes
med_01489,Daonil 5mg,Daonil,Sitagliptin,Servier,6222001464081,6223001121758,5mg,Tablet,20 units,30-200 EGP,True,"Store below 25°C, protect from light",Diabetes
med_01490,Daonil,Daonil,Glibenclamide,Servier,6222003406529,6222001209174,850mg,Tablet,50 units,30-200 EGP,True,"Store below 25°C, protect from light",Diabetes
med_01491,Daonil,Daonil,Metformin,Servier,6222001833241,6221001109135,10mg,Suspension,60ml,30-200 EGP,True,"Store below 25°C, protect from light",Diabetes
med_01492,Glibenclamide 5mg,Glibenclamide,Sitagliptin,Servier,6223001863012,6223002499491,5mg,Injection,1ml,30-200 EGP,True,"Store below 25°C, protect from light",Diabetes
med_01493,Glibenclamide,Glibenclamide,Sitagliptin,Servier,6223002398305,6222002724887,1000mg,Tablet,100 units,30-200 EGP,True,"Store below 25°C, protect from light",Diabetes
med_01494,Glibenclamide,Glibenclamide,Metformin,Servier,6222001771354,6221002347942,850mg,Injection,5ml,30-200 EGP,True,"Store below 25°C, protect from light",Diabetes
med_01495,Daonil 1000mg,Daonil,Glibenclamide,Servier,6222002715564,6222003414933,1000mg,Tablet,10 units,30-200 EGP,True,"Store below 25°C, protect from light",Diabetes
med_01496,Daonil,Daonil,Glibenclamide,Servier,6223002342263,6222001200852,850mg,Injection,5ml,30-200 EGP,True,"Store below 25°C, protect from light",Diabetes
med_01497,Daonil,Daonil,Glibenclamide,Servier,6223001942819,6221003195853,850mg,Tablet,20 units,30-200 EGP,True,"Store below 25°C, protect from light",Diabetes
med_01498,Glibenclamide 500mg,Glibenclamide,Metformin,Servier,6222003990764,6222003701740,500mg,Tablet,50 units,30-200 EGP,True,"Store below 25°C, protect from light",Diabetes
med_01499,Glibenclamide,Glibenclamide,Metformin,Servier,6222001120523,6222002452102,850mg,Injection,2ml,30-200 EGP,True,"Store below 25°C, protect from light",Diabetes
med_01500,Glibenclamide,Glibenclamide,Sitagliptin,Servier,6221003890240,6222001739137,1000mg,Injection,10ml,30-200 EGP,True,"Store below 25°C, protect from light",Diabetes
med_01501,Daonil 850mg,Daonil,Metformin,Servier,6221003961643,6222001720962,850mg,Suspension,250ml,30-200 EGP,True,"Store below 25°C, protect from light",Diabetes
med_01502,Daonil,Daonil,Sitagliptin,Servier,6222002425013,6222002645407,850mg,Tablet,50 units,30-200 EGP,True,"Store below 25°C, protect from light",Diabetes
med_01503,Daonil,Daonil,Glibenclamide,Servier,6222002646781,6223002719417,500mg,Suspension,60ml,30-200 EGP,True,"Store below 25°C, protect from light",Diabetes
med_01504,Diamicron 500mg,Diamicron,Metformin,Servier,6222002737935,6221003199026,500mg,Suspension,250ml,30-200 EGP,True,"Store below 25°C, protect from light",Diabetes
med_01505,Diamicron,Diamicron,Glibenclamide,Servier,6221003281090,6221002670531,1000mg,Suspension,125ml,30-200 EGP,True,"Store below 25°C, protect from light",Diabetes
med_01506,Diamicron,Diamicron,Glibenclamide,Servier,6223001696570,6222002290208,850mg,Injection,10ml,30-200 EGP,True,"Store below 25°C, protect from light",Diabetes
med_01507,Gliclazide 500mg,Gliclazide,Sitagliptin,Servier,6223001138409,6222002930211,500mg,Tablet,10 units,30-200 EGP,True,"Store below 25°C, protect from light",Diabetes
med_01508,Gliclazide,Gliclazide,Metformin,Servier,6221002341478,6222002216960,850mg,Suspension,250ml,30-200 EGP,True,"Store below 25°C, protect from light",Diabetes
med_01509,Gliclazide,Gliclazide,Sitagliptin,Servier,6222002194222,6223001962396,500mg,Tablet,20 units,30-200 EGP,True,"Store below 25°C, protect from light",Diabetes
med_01510,Diamicron 500mg,Diamicron,Metformin,Servier,6222003200227,6222001229022,500mg,Injection,1ml,30-200 EGP,True,"Store below 25°C, protect from light",Diabetes
med_01511,Diamicron,Diamicron,Glibenclamide,Servier,6222002667637,6221003687323,850mg,Injection,2ml,30-200 EGP,True,"Store below 25°C, protect from light",Diabetes
med_01512,Diamicron,Diamicron,Sitagliptin,Servier,6222001917461,6221002492208,500mg,Tablet,50 units,30-200 EGP,True,"Store below 25°C, protect from light",Diabetes
med_01513,Gliclazide 5mg,Gliclazide,Metformin,Servier,6222001847671,6222003975893,5mg,Tablet,50 units,30-200 EGP,True,"Store below 25°C, protect from light",Diabetes
med_01514,Gliclazide,Gliclazide,Metformin,Servier,6221001435200,6221002707109,1000mg,Suspension,100ml,30-200 EGP,True,"Store below 25°C, protect from light",Diabetes
med_01515,Gliclazide,Gliclazide,Sitagliptin,Servier,6221002155372,6222003537949,500mg,Tablet,10 units,30-200 EGP,True,"Store below 25°C, protect from light",Diabetes
med_01516,Diamicron 1000mg,Diamicron,Metformin,Servier,6223001867697,6222003256191,1000mg,Suspension,60ml,30-200 EGP,True,"Store below 25°C, protect from light",Diabetes
med_01517,Diamicron,Diamicron,Sitagliptin,Servier,6221002750034,6223001503343,850mg,Injection,10ml,30-200 EGP,True,"Store below 25°C, protect from light",Diabetes
med_01518,Diamicron,Diamicron,Sitagliptin,Servier,6223002502593,6221001183640,850mg,Injection,5ml,30-200 EGP,True,"Store below 25°C, protect from light",Diabetes
med_01519,Coversyl 25mg,Coversyl,Atorvastatin,Servier,6223002598696,6222001983818,25mg,Tablet,20 units,40-150 EGP,True,"Store below 25°C, protect from light",Cardiovascular
med_01520,Coversyl,Coversyl,Lisinopril,Servier,6222002166335,6222001787023,25mg,Tablet,20 units,40-150 EGP,True,"Store below 25°C, protect from light",Cardiovascular
med_01521,Coversyl,Coversyl,Atorvastatin,Servier,6221003897058,6221003204767,10mg,Tablet,30 units,40-150 EGP,True,"Store below 25°C, protect from light",Cardiovascular
med_01522,Perindopril 50mg,Perindopril,Lisinopril,Servier,6221001857474,6221003290380,50mg,Capsule,20 units,40-150 EGP,True,"Store below 25°C, protect from light",Cardiovascular
med_01523,Perindopril,Perindopril,Amlodipine,Servier,6221003556931,6223002343403,5mg,Capsule,50 units,40-150 EGP,True,"Store below 25°C, protect from light",Cardiovascular
med_01524,Perindopril,Perindopril,Lisinopril,Servier,6223002375730,6221001928428,5mg,Capsule,10 units,40-150 EGP,True,"Store below 25°C, protect from light",Cardiovascular
med_01525,Coversyl 50mg,Coversyl,Atorvastatin,Servier,6223001440753,6223002381872,50mg,Tablet,20 units,40-150 EGP,True,"Store below 25°C, protect from light",Cardiovascular
med_01526,Coversyl,Coversyl,Atorvastatin,Servier,6222001653833,6223001770843,100mg,Capsule,30 units,40-150 EGP,True,"Store below 25°C, protect from light",Cardiovascular
med_01527,Coversyl,Coversyl,Lisinopril,Servier,6221001862526,6221002379067,100mg,Tablet,50 units,40-150 EGP,True,"Store below 25°C, protect from light",Cardiovascular
med_01528,Perindopril 10mg,Perindopril,Amlodipine,Servier,6221001251522,6221003284430,10mg,Tablet,50 units,40-150 EGP,True,"Store below 25°C, protect from light",Cardiovascular
med_01529,Perindopril,Perindopril,Lisinopril,Servier,6222002328175,6223002886243,100mg,Capsule,10 units,40-150 EGP,True,"Store below 25°C, protect from light",Cardiovascular
med_01530,Perindopril,Perindopril,Amlodipine,Servier,6222003538980,6221003478161,50mg,Capsule,20 units,40-150 EGP,True,"Store below 25°C, protect from light",Cardiovascular
med_01531,Coversyl 25mg,Coversyl,Atorvastatin,Servier,6221001216384,6223002890688,25mg,Tablet,30 units,40-150 EGP,True,"Store below 25°C, protect from light",Cardiovascular
med_01532,Coversyl,Coversyl,Atorvastatin,Servier,6222002398898,6221003928620,10mg,Tablet,10 units,40-150 EGP,True,"Store below 25°C, protect from light",Cardiovascular
med_01533,Coversyl,Coversyl,Atorvastatin,Servier,6223002475722,6222002285539,10mg,Tablet,100 units,40-150 EGP,True,"Store below 25°C, protect from light",Cardiovascular
med_01534,Vastarel 20mg,Vastarel,Atorvastatin,Servier,6222003519356,6221001934696,20mg,Tablet,20 units,40-150 EGP,True,"Store below 25°C, protect from light",Cardiovascular
med_01535,Vastarel,Vastarel,Amlodipine,Servier,6221003567102,6222003336952,20mg,Capsule,50 units,40-150 EGP,True,"Store below 25°C, protect from light",Cardiovascular
med_01536,Vastarel,Vastarel,Amlodipine,Servier,6223001198536,6221003859274,10mg,Tablet,20 units,40-150 EGP,True,"Store below 25°C, protect from light",Cardiovascular
med_01537,Trimetazidine 5mg,Trimetazidine,Amlodipine,Servier,6222002585987,6221002638088,5mg,Tablet,50 units,40-150 EGP,True,"Store below 25°C, protect from light",Cardiovascular
med_01538,Trimetazidine,Trimetazidine,Atorvastatin,Servier,6221002986436,6222001134517,25mg,Capsule,10 units,40-150 EGP,True,"Store below 25°C, protect from light",Cardiovascular
med_01539,Trimetazidine,Trimetazidine,Amlodipine,Servier,6223002287551,6222003694149,100mg,Capsule,30 units,40-150 EGP,True,"Store below 25°C, protect from light",Cardiovascular
med_01540,Vastarel 50mg,Vastarel,Amlodipine,Servier,6221003283217,6221001963780,50mg,Capsule,20 units,40-150 EGP,True,"Store below 25°C, protect from light",Cardiovascular
med_01541,Vastarel,Vastarel,Amlodipine,Servier,6223002467265,6221002348693,25mg,Tablet,20 units,40-150 EGP,True,"Store below 25°C, protect from light",Cardiovascular
med_01542,Vastarel,Vastarel,Amlodipine,Servier,6221001961600,6223001600052,50mg,Tablet,100 units,40-150 EGP,True,"Store below 25°C, protect from light",Cardiovascular
med_01543,Trimetazidine 50mg,Trimetazidine,Amlodipine,Servier,6223002627990,6222001840367,50mg,Capsule,30 units,40-150 EGP,True,"Store below 25°C, protect from light",Cardiovascular
med_01544,Trimetazidine,Trimetazidine,Amlodipine,Servier,6221003877134,6221001185381,10mg,Tablet,100 units,40-150 EGP,True,"Store below 25°C, protect from light",Cardiovascular
med_01545,Trimetazidine,Trimetazidine,Amlodipine,Servier,6221002886370,6222001982435,20mg,Tablet,20 units,40-150 EGP,True,"Store below 25°C, protect from light",Cardiovascular
med_01546,Vastarel 20mg,Vastarel,Lisinopril,Servier,6221002864869,6222001402341,20mg,Tablet,100 units,40-150 EGP,True,"Store below 25°C, protect from light",Cardiovascular
med_01547,Vastarel,Vastarel,Amlodipine,Servier,6221003106315,6221003333280,25mg,Capsule,50 units,40-150 EGP,True,"Store below 25°C, protect from light",Cardiovascular
med_01548,Vastarel,Vastarel,Amlodipine,Servier,6222002153628,6223001267640,10mg,Capsule,30 units,40-150 EGP,True,"Store below 25°C, protect from light",Cardiovascular
med_01549,Pantoloc 150mg,Pantoloc,Omeprazole,Takeda,6221002533792,6221001880977,150mg,Injection,2ml,25-70 EGP,False,"Store below 25°C, protect from light",Stomach
med_01550,Pantoloc,Pantoloc,Pantoprazole,Takeda,6222002716658,6221002886617,300mg,Capsule,20 units,25-70 EGP,False,"Store below 25°C, protect from light",Stomach
med_01551,Pantoloc,Pantoloc,Pantoprazole,Takeda,6222003742348,6221002576084,300mg,Injection,1ml,25-70 EGP,False,"Store below 25°C, protect from light",Stomach
med_01552,Pantoprazole 150mg,Pantoprazole,Ranitidine,Takeda,6223002706507,6223001874153,150mg,Tablet,50 units,25-70 EGP,False,"Store below 25°C, protect from light",Stomach
med_01553,Pantoprazole,Pantoprazole,Pantoprazole,Takeda,6223001858180,6221001954221,20mg,Suspension,100ml,25-70 EGP,False,"Store below 25°C, protect from light",Stomach
med_01554,Pantoprazole,Pantoprazole,Omeprazole,Takeda,6223001380506,6221001560024,40mg,Injection,5ml,25-70 EGP,False,"Store below 25°C, protect from light",Stomach
med_01555,Pantoloc 40mg 20mg,Pantoloc 40mg,Omeprazole,Takeda,6221002708474,6223002201279,20mg,Tablet,10 units,25-70 EGP,False,"Store below 25°C, protect from light",Stomach
med_01556,Pantoloc 40mg,Pantoloc 40mg,Ranitidine,Takeda,6222003815318,6221002438457,150mg,Tablet,30 units,25-70 EGP,False,"Store below 25°C, protect from light",Stomach
med_01557,Pantoloc 40mg,Pantoloc 40mg,Omeprazole,Takeda,6221002172422,6223002823560,20mg,Capsule,50 units,25-70 EGP,False,"Store below 25°C, protect from light",Stomach
med_01558,Pantoprazole 300mg,Pantoprazole,Pantoprazole,Takeda,6222001852725,6222003373181,300mg,Tablet,50 units,25-70 EGP,False,"Store below 25°C, protect from light",Stomach
med_01559,Pantoprazole,Pantoprazole,Pantoprazole,Takeda,6221002511695,6223002559171,40mg,Suspension,100ml,25-70 EGP,False,"Store below 25°C, protect from light",Stomach
med_01560,Pantoprazole,Pantoprazole,Pantoprazole,Takeda,6223001181361,6221001872757,20mg,Injection,5ml,25-70 EGP,False,"Store below 25°C, protect from light",Stomach
med_01561,Pantoloc 150mg,Pantoloc,Pantoprazole,Takeda,6222001540563,6222002484699,150mg,Capsule,10 units,25-70 EGP,False,"Store below 25°C, protect from light",Stomach
med_01562,Pantoloc,Pantoloc,Pantoprazole,Takeda,6222001150605,6221002375018,150mg,Tablet,50 units,25-70 EGP,False,"Store below 25°C, protect from light",Stomach
med_01563,Pantoloc,Pantoloc,Pantoprazole,Takeda,6221001825446,6223001933450,20mg,Suspension,60ml,25-70 EGP,False,"Store below 25°C, protect from light",Stomach
med_01564,Prevacid 40mg,Prevacid,Ranitidine,Takeda,6221003845919,6221003800819,40mg,Tablet,10 units,25-70 EGP,False,"Store below 25°C, protect from light",Stomach
med_01565,Prevacid,Prevacid,Pantoprazole,Takeda,6221001169684,6223002153883,150mg,Suspension,125ml,25-70 EGP,False,"Store below 25°C, protect from light",Stomach
med_01566,Prevacid,Prevacid,Ranitidine,Takeda,6222003331351,6222003491747,20mg,Capsule,10 units,25-70 EGP,False,"Store below 25°C, protect from light",Stomach
med_01567,Lansoprazole 300mg,Lansoprazole,Omeprazole,Takeda,6222003685519,6222002884106,300mg,Tablet,30 units,25-70 EGP,False,"Store below 25°C, protect from light",Stomach
med_01568,Lansoprazole,Lansoprazole,Pantoprazole,Takeda,6221001937914,6222001631249,150mg,Tablet,50 units,25-70 EGP,False,"Store below 25°C, protect from light",Stomach
med_01569,Lansoprazole,Lansoprazole,Ranitidine,Takeda,6221001933542,6222001293371,150mg,Injection,1ml,25-70 EGP,False,"Store below 25°C, protect from light",Stomach
med_01570,Prevacid 20mg,Prevacid,Omeprazole,Takeda,6222001734381,6221001544393,20mg,Capsule,20 units,25-70 EGP,False,"Store below 25°C, protect from light",Stomach
med_01571,Prevacid,Prevacid,Pantoprazole,Takeda,6222003377184,6221002531615,20mg,Capsule,30 units,25-70 EGP,False,"Store below 25°C, protect from light",Stomach
med_01572,Prevacid,Prevacid,Pantoprazole,Takeda,6222001189505,6221002503593,150mg,Injection,2ml,25-70 EGP,False,"Store below 25°C, protect from light",Stomach
med_01573,Lansoprazole 20mg,Lansoprazole,Ranitidine,Takeda,6221002973792,6222003946128,20mg,Suspension,100ml,25-70 EGP,False,"Store below 25°C, protect from light",Stomach
med_01574,Lansoprazole,Lansoprazole,Ranitidine,Takeda,6221002310766,6223002957866,150mg,Tablet,20 units,25-70 EGP,False,"Store below 25°C, protect from light",Stomach
med_01575,Lansoprazole,Lansoprazole,Pantoprazole,Takeda,6221002620302,6222002102204,300mg,Tablet,10 units,25-70 EGP,False,"Store below 25°C, protect from light",Stomach
med_01576,Prevacid 40mg,Prevacid,Pantoprazole,Takeda,6221002923281,6221002145166,40mg,Capsule,10 units,25-70 EGP,False,"Store below 25°C, protect from light",Stomach
med_01577,Prevacid,Prevacid,Omeprazole,Takeda,6222003763793,6223002223611,300mg,Capsule,30 units,25-70 EGP,False,"Store below 25°C, protect from light",Stomach
med_01578,Prevacid,Prevacid,Omeprazole,Takeda,6222003461466,6221003891730,150mg,Suspension,250ml,25-70 EGP,False,"Store below 25°C, protect from light",Stomach
med_01579,Actos 500mg,Actos,Glibenclamide,Takeda,6222003513296,6222001170023,500mg,Suspension,60ml,30-200 EGP,True,"Store below 25°C, protect from light",Diabetes
med_01580,Actos,Actos,Sitagliptin,Takeda,6221003875525,6222001443405,5mg,Injection,5ml,30-200 EGP,True,"Store below 25°C, protect from light",Diabetes
med_01581,Actos,Actos,Sitagliptin,Takeda,6222002829925,6221003660490,1000mg,Suspension,250ml,30-200 EGP,True,"Store below 25°C, protect from light",Diabetes
med_01582,Pioglitazone 1000mg,Pioglitazone,Sitagliptin,Takeda,6223002428353,6222001506864,1000mg,Tablet,50 units,30-200 EGP,True,"Store below 25°C, protect from light",Diabetes
med_01583,Pioglitazone,Pioglitazone,Glibenclamide,Takeda,6223001699160,6223001281427,850mg,Suspension,100ml,30-200 EGP,True,"Store below 25°C, protect from light",Diabetes
med_01584,Pioglitazone,Pioglitazone,Sitagliptin,Takeda,6222003148272,6221003160093,10mg,Tablet,100 units,30-200 EGP,True,"Store below 25°C, protect from light",Diabetes
med_01585,Actos 5mg,Actos,Sitagliptin,Takeda,6223001498074,6223002973932,5mg,Tablet,50 units,30-200 EGP,True,"Store below 25°C, protect from light",Diabetes
med_01586,Actos,Actos,Sitagliptin,Takeda,6222001505401,6222001389792,1000mg,Injection,2ml,30-200 EGP,True,"Store below 25°C, protect from light",Diabetes
med_01587,Actos,Actos,Glibenclamide,Takeda,6222002848712,6223002106578,1000mg,Suspension,125ml,30-200 EGP,True,"Store below 25°C, protect from light",Diabetes
med_01588,Pioglitazone 500mg,Pioglitazone,Sitagliptin,Takeda,6222003677854,6222002194293,500mg,Tablet,10 units,30-200 EGP,True,"Store below 25°C, protect from light",Diabetes
med_01589,Pioglitazone,Pioglitazone,Glibenclamide,Takeda,6222001130239,6222001145964,850mg,Suspension,250ml,30-200 EGP,True,"Store below 25°C, protect from light",Diabetes
med_01590,Pioglitazone,Pioglitazone,Sitagliptin,Takeda,6222002852213,6221003730857,500mg,Tablet,10 units,30-200 EGP,True,"Store below 25°C, protect from light",Diabetes
med_01591,Actos 850mg,Actos,Metformin,Takeda,6223001400427,6221002665464,850mg,Injection,10ml,30-200 EGP,True,"Store below 25°C, protect from light",Diabetes
med_01592,Actos,Actos,Glibenclamide,Takeda,6221002547204,6221002192118,5mg,Injection,2ml,30-200 EGP,True,"Store below 25°C, protect from light",Diabetes
med_01593,Actos,Actos,Metformin,Takeda,6222001554330,6222003448095,500mg,Tablet,50 units,30-200 EGP,True,"Store below 25°C, protect from light",Diabetes
med_01594,Zyrtec 5mg,Zyrtec,Fexofenadine,UCB,6221002704271,6221001573332,5mg,Tablet,30 units,15-40 EGP,False,"Store below 25°C, protect from light",Allergy
med_01595,Zyrtec,Zyrtec,Cetirizine,UCB,6221001301418,6223002750353,10mg,Eye drops,5ml,15-40 EGP,False,"Store below 25°C, protect from light",Allergy
med_01596,Zyrtec,Zyrtec,Cetirizine,UCB,6223001705304,6223001110912,10mg,Eye drops,10ml,15-40 EGP,False,"Store below 25°C, protect from light",Allergy
med_01597,Cetirizine 180mg,Cetirizine,Cetirizine,UCB,6222002708350,6222003897167,180mg,Syrup,120ml,15-40 EGP,False,"Store below 25°C, protect from light",Allergy
med_01598,Cetirizine,Cetirizine,Cetirizine,UCB,6222003129983,6223001480329,10mg,Syrup,120ml,15-40 EGP,False,"Store below 25°C, protect from light",Allergy
med_01599,Cetirizine,Cetirizine,Cetirizine,UCB,6221001535736,6221003792723,5mg,Capsule,20 units,15-40 EGP,False,"Store below 25°C, protect from light",Allergy
med_01600,Zyrtec-D 5mg,Zyrtec-D,Cetirizine,UCB,6222003845073,6221002816528,5mg,Tablet,30 units,15-40 EGP,False,"Store below 25°C, protect from light",Allergy
med_01601,Zyrtec-D,Zyrtec-D,Cetirizine,UCB,6221001774727,6223001104887,120mg,Eye drops,5ml,15-40 EGP,False,"Store below 25°C, protect from light",Allergy
med_01602,Zyrtec-D,Zyrtec-D,Loratadine,UCB,6221003639066,6222003783640,120mg,Eye drops,10ml,15-40 EGP,False,"Store below 25°C, protect from light",Allergy
med_01603,Cetirizine 180mg,Cetirizine,Cetirizine,UCB,6221001554385,6221003912703,180mg,Tablet,100 units,15-40 EGP,False,"Store below 25°C, protect from light",Allergy
med_01604,Cetirizine,Cetirizine,Cetirizine,UCB,6221003634778,6221002536273,5mg,Syrup,100ml,15-40 EGP,False,"Store below 25°C, protect from light",Allergy
med_01605,Cetirizine,Cetirizine,Cetirizine,UCB,6222001650251,6221003979443,5mg,Tablet,10 units,15-40 EGP,False,"Store below 25°C, protect from light",Allergy
med_01606,Zyrtec 10mg,Zyrtec,Loratadine,UCB,6223001184731,6222001821229,10mg,Capsule,10 units,15-40 EGP,False,"Store below 25°C, protect from light",Allergy
med_01607,Zyrtec,Zyrtec,Loratadine,UCB,6222003826628,6221002874149,120mg,Tablet,30 units,15-40 EGP,False,"Store below 25°C, protect from light",Allergy
med_01608,Zyrtec,Zyrtec,Cetirizine,UCB,6221001896785,6222001346552,120mg,Tablet,20 units,15-40 EGP,False,"Store below 25°C, protect from light",Allergy
med_01609,Xyzal 180mg,Xyzal,Loratadine,UCB,6223002172741,6222003938899,180mg,Capsule,20 units,15-40 EGP,False,"Store below 25°C, protect from light",Allergy
med_01610,Xyzal,Xyzal,Fexofenadine,UCB,6221001954825,6222002848733,5mg,Capsule,30 units,15-40 EGP,False,"Store below 25°C, protect from light",Allergy
med_01611,Xyzal,Xyzal,Cetirizine,UCB,6223001658653,6222002973566,5mg,Eye drops,5ml,15-40 EGP,False,"Store below 25°C, protect from light",Allergy
med_01612,Levocetirizine 120mg,Levocetirizine,Cetirizine,UCB,6222002372039,6221003465993,120mg,Eye drops,5ml,15-40 EGP,False,"Store below 25°C, protect from light",Allergy
med_01613,Levocetirizine,Levocetirizine,Cetirizine,UCB,6222003112950,6222001260749,5mg,Eye drops,10ml,15-40 EGP,False,"Store below 25°C, protect from light",Allergy
med_01614,Levocetirizine,Levocetirizine,Cetirizine,UCB,6222003768800,6223002332847,10mg,Eye drops,5ml,15-40 EGP,False,"Store below 25°C, protect from light",Allergy
med_01615,Xyzal 10mg,Xyzal,Loratadine,UCB,6221001482470,6223001637939,10mg,Capsule,10 units,15-40 EGP,False,"Store below 25°C, protect from light",Allergy
med_01616,Xyzal,Xyzal,Fexofenadine,UCB,6221003705403,6221001861260,180mg,Eye drops,5ml,15-40 EGP,False,"Store below 25°C, protect from light",Allergy
med_01617,Xyzal,Xyzal,Cetirizine,UCB,6221002783034,6221002976334,180mg,Tablet,20 units,15-40 EGP,False,"Store below 25°C, protect from light",Allergy
med_01618,Levocetirizine 120mg,Levocetirizine,Cetirizine,UCB,6223002692430,6222002516806,120mg,Capsule,10 units,15-40 EGP,False,"Store below 25°C, protect from light",Allergy
med_01619,Levocetirizine,Levocetirizine,Cetirizine,UCB,6221002468671,6223002889895,10mg,Eye drops,10ml,15-40 EGP,False,"Store below 25°C, protect from light",Allergy
med_01620,Levocetirizine,Levocetirizine,Cetirizine,UCB,6221003208946,6223002183219,5mg,Tablet,100 units,15-40 EGP,False,"Store below 25°C, protect from light",Allergy
med_01621,Xyzal 180mg,Xyzal,Cetirizine,UCB,6223001550112,6223002526853,180mg,Capsule,30 units,15-40 EGP,False,"Store below 25°C, protect from light",Allergy
med_01622,Xyzal,Xyzal,Fexofenadine,UCB,6222002750386,6222002380526,5mg,Capsule,30 units,15-40 EGP,False,"Store below 25°C, protect from light",Allergy
med_01623,Xyzal,Xyzal,Loratadine,UCB,6223002374463,6222001105554,120mg,Capsule,30 units,15-40 EGP,False,"Store below 25°C, protect from light",Allergy
med_01624,Keppra Standard,Keppra,Unknown,UCB,6223002703772,6222001315015,Standard,Tablet,50 units,20-100 EGP,False,"Store below 25°C, protect from light",Epilepsy
med_01625,Keppra,Keppra,Unknown,UCB,6223002161297,6223002162270,Standard,Tablet,10 units,20-100 EGP,False,"Store below 25°C, protect from light",Epilepsy
med_01626,Keppra,Keppra,Unknown,UCB,6221003569854,6222002516950,Standard,Tablet,20 units,20-100 EGP,False,"Store below 25°C, protect from light",Epilepsy
med_01627,Levetiracetam Standard,Levetiracetam,Unknown,UCB,6221002969279,6222003963999,Standard,Tablet,100 units,20-100 EGP,False,"Store below 25°C, protect from light",Epilepsy
med_01628,Levetiracetam,Levetiracetam,Unknown,UCB,6221001690724,6222002837267,Standard,Tablet,10 units,20-100 EGP,False,"Store below 25°C, protect from light",Epilepsy
med_01629,Levetiracetam,Levetiracetam,Unknown,UCB,6222003811067,6222003175461,Standard,Tablet,50 units,20-100 EGP,False,"Store below 25°C, protect from light",Epilepsy
med_01630,Keppra Standard,Keppra,Unknown,UCB,6222001245878,6221003266068,Standard,Tablet,50 units,20-100 EGP,False,"Store below 25°C, protect from light",Epilepsy
med_01631,Keppra,Keppra,Unknown,UCB,6223001185645,6222002929696,Standard,Tablet,100 units,20-100 EGP,False,"Store below 25°C, protect from light",Epilepsy
med_01632,Keppra,Keppra,Unknown,UCB,6222001831786,6222002505245,Standard,Tablet,50 units,20-100 EGP,False,"Store below 25°C, protect from light",Epilepsy
med_01633,Levetiracetam Standard,Levetiracetam,Unknown,UCB,6222003711741,6223002137937,Standard,Tablet,30 units,20-100 EGP,False,"Store below 25°C, protect from light",Epilepsy
med_01634,Levetiracetam,Levetiracetam,Unknown,UCB,6221001635404,6223002262186,Standard,Tablet,10 units,20-100 EGP,False,"Store below 25°C, protect from light",Epilepsy
med_01635,Levetiracetam,Levetiracetam,Unknown,UCB,6223001675623,6222002761453,Standard,Tablet,20 units,20-100 EGP,False,"Store below 25°C, protect from light",Epilepsy
med_01636,Keppra Standard,Keppra,Unknown,UCB,6222002207241,6221003889102,Standard,Tablet,10 units,20-100 EGP,False,"Store below 25°C, protect from light",Epilepsy
med_01637,Keppra,Keppra,Unknown,UCB,6221002136073,6221002373417,Standard,Tablet,100 units,20-100 EGP,False,"Store below 25°C, protect from light",Epilepsy
med_01638,Keppra,Keppra,Unknown,UCB,6222002462031,6222001360817,Standard,Tablet,10 units,20-100 EGP,False,"Store below 25°C, protect from light",Epilepsy
med_01639,Vimpat Standard,Vimpat,Unknown,UCB,6221002479859,6222003620308,Standard,Tablet,20 units,20-100 EGP,False,"Store below 25°C, protect from light",Epilepsy
med_01640,Vimpat,Vimpat,Unknown,UCB,6223001301446,6222002652785,Standard,Tablet,50 units,20-100 EGP,False,"Store below 25°C, protect from light",Epilepsy
med_01641,Vimpat,Vimpat,Unknown,UCB,6223002750459,6223002113757,Standard,Tablet,100 units,20-100 EGP,False,"Store below 25°C, protect from light",Epilepsy
med_01642,Lacosamide Standard,Lacosamide,Unknown,UCB,6222002420387,6222001900828,Standard,Tablet,30 units,20-100 EGP,False,"Store below 25°C, protect from light",Epilepsy
med_01643,Lacosamide,Lacosamide,Unknown,UCB,6221003961482,6222001809765,Standard,Tablet,20 units,20-100 EGP,False,"Store below 25°C, protect from light",Epilepsy
med_01644,Lacosamide,Lacosamide,Unknown,UCB,6221001322666,6221002488154,Standard,Tablet,20 units,20-100 EGP,False,"Store below 25°C, protect from light",Epilepsy
med_01645,Vimpat Standard,Vimpat,Unknown,UCB,6222002352651,6221001329487,Standard,Tablet,20 units,20-100 EGP,False,"Store below 25°C, protect from light",Epilepsy
med_01646,Vimpat,Vimpat,Unknown,UCB,6221001421631,6221002902780,Standard,Tablet,30 units,20-100 EGP,False,"Store below 25°C, protect from light",Epilepsy
med_01647,Vimpat,Vimpat,Unknown,UCB,6222003959974,6221001660714,Standard,Tablet,20 units,20-100 EGP,False,"Store below 25°C, protect from light",Epilepsy
med_01648,Lacosamide Standard,Lacosamide,Unknown,UCB,6221001127894,6221001704946,Standard,Tablet,100 units,20-100 EGP,False,"Store below 25°C, protect from light",Epilepsy
med_01649,Lacosamide,Lacosamide,Unknown,UCB,6221002536069,6223001949922,Standard,Tablet,20 units,20-100 EGP,False,"Store below 25°C, protect from light",Epilepsy
med_01650,Lacosamide,Lacosamide,Unknown,UCB,6223001182968,6221001291659,Standard,Tablet,30 units,20-100 EGP,False,"Store below 25°C, protect from light",Epilepsy
med_01651,Vimpat Standard,Vimpat,Unknown,UCB,6221003641047,6221001851871,Standard,Tablet,10 units,20-100 EGP,False,"Store below 25°C, protect from light",Epilepsy
med_01652,Vimpat,Vimpat,Unknown,UCB,6221003655866,6222003675918,Standard,Tablet,30 units,20-100 EGP,False,"Store below 25°C, protect from light",Epilepsy
med_01653,Vimpat,Vimpat,Unknown,UCB,6221001147479,6222001416408,Standard,Tablet,100 units,20-100 EGP,False,"Store below 25°C, protect from light",Epilepsy
med_01654,Tamiflu,Tamiflu,Unknown,Roche,6221003580077,6221001422787,Standard,Tablet,30 units,20-100 EGP,True,Store below 25°C,Other
med_01655,Tamiflu,Tamiflu,Unknown,Roche,6221001676715,6222002396613,Standard,Tablet,30 units,20-100 EGP,True,Store below 25°C,Other
med_01656,Oseltamivir,Oseltamivir,Unknown,Roche,6222001673862,6221003736862,Standard,Tablet,30 units,20-100 EGP,True,Store below 25°C,Other
med_01657,Oseltamivir,Oseltamivir,Unknown,Roche,6221001856568,6222001476037,Standard,Tablet,30 units,20-100 EGP,True,Store below 25°C,Other
med_01658,Tamiflu 75mg,Tamiflu 75mg,Unknown,Roche,6221003326423,6221002900072,Standard,Tablet,30 units,20-100 EGP,True,Store below 25°C,Other
med_01659,Tamiflu 75mg,Tamiflu 75mg,Unknown,Roche,6223002948681,6223001937125,Standard,Tablet,30 units,20-100 EGP,True,Store below 25°C,Other
med_01660,Oseltamivir,Oseltamivir,Unknown,Roche,6222001560184,6223002395888,Standard,Tablet,30 units,20-100 EGP,True,Store below 25°C,Other
med_01661,Oseltamivir,Oseltamivir,Unknown,Roche,6222002850563,6222001928101,Standard,Tablet,30 units,20-100 EGP,True,Store below 25°C,Other
med_01662,Tamiflu,Tamiflu,Unknown,Roche,6222001645033,6222001479632,Standard,Tablet,30 units,20-100 EGP,True,Store below 25°C,Other
med_01663,Tamiflu,Tamiflu,Unknown,Roche,6221002513274,6221003242009,Standard,Tablet,30 units,20-100 EGP,True,Store below 25°C,Other
med_01664,Valium,Valium,Unknown,Roche,6222002563147,6223001231798,Standard,Tablet,30 units,20-100 EGP,True,Store below 25°C,Other
med_01665,Valium,Valium,Unknown,Roche,6222003574292,6223001807100,Standard,Tablet,30 units,20-100 EGP,True,Store below 25°C,Other
med_01666,Diazepam,Diazepam,Unknown,Roche,6222002467822,6221002437341,Standard,Tablet,30 units,20-100 EGP,True,Store below 25°C,Other
med_01667,Diazepam,Diazepam,Unknown,Roche,6221001633702,6222002346047,Standard,Tablet,30 units,20-100 EGP,True,Store below 25°C,Other
med_01668,Valium,Valium,Unknown,Roche,6221001131081,6221002630410,Standard,Tablet,30 units,20-100 EGP,True,Store below 25°C,Other
med_01669,Valium,Valium,Unknown,Roche,6222002431389,6222003992334,Standard,Tablet,30 units,20-100 EGP,True,Store below 25°C,Other
med_01670,Diazepam,Diazepam,Unknown,Roche,6223001599253,6222002380465,Standard,Tablet,30 units,20-100 EGP,True,Store below 25°C,Other
med_01671,Diazepam,Diazepam,Unknown,Roche,6221002501693,6222002617224,Standard,Tablet,30 units,20-100 EGP,True,Store below 25°C,Other
med_01672,Valium,Valium,Unknown,Roche,6222003220937,6221002202185,Standard,Tablet,30 units,20-100 EGP,True,Store below 25°C,Other
med_01673,Valium,Valium,Unknown,Roche,6221002166804,6222003978595,Standard,Tablet,30 units,20-100 EGP,True,Store below 25°C,Other
med_01674,Xanax,Xanax,Unknown,Roche,6222001413752,6221003821620,Standard,Tablet,30 units,20-100 EGP,True,Store below 25°C,Other
med_01675,Xanax,Xanax,Unknown,Roche,6223002864304,6222001275370,Standard,Tablet,30 units,20-100 EGP,True,Store below 25°C,Other
med_01676,Alprazolam,Alprazolam,Unknown,Roche,6221003889399,6221002977646,Standard,Tablet,30 units,20-100 EGP,True,Store below 25°C,Other
med_01677,Alprazolam,Alprazolam,Unknown,Roche,6221003921922,6221003879615,Standard,Tablet,30 units,20-100 EGP,True,Store below 25°C,Other
med_01678,Xanax,Xanax,Unknown,Roche,6222003844146,6221002676787,Standard,Tablet,30 units,20-100 EGP,True,Store below 25°C,Other
med_01679,Xanax,Xanax,Unknown,Roche,6222003415846,6222003765256,Standard,Tablet,30 units,20-100 EGP,True,Store below 25°C,Other
med_01680,Alprazolam,Alprazolam,Unknown,Roche,6221002546475,6221001324017,Standard,Tablet,30 units,20-100 EGP,True,Store below 25°C,Other
med_01681,Alprazolam,Alprazolam,Unknown,Roche,6222002740148,6222001550475,Standard,Tablet,30 units,20-100 EGP,True,Store below 25°C,Other
med_01682,Xanax,Xanax,Unknown,Roche,6221002919679,6221001961046,Standard,Tablet,30 units,20-100 EGP,True,Store below 25°C,Other
med_01683,Xanax,Xanax,Unknown,Roche,6222003621046,6221001888698,Standard,Tablet,30 units,20-100 EGP,True,Store below 25°C,Other
med_01684,Eliquis,Eliquis,Unknown,Bristol-Myers Squibb,6222001613183,6221001650529,Standard,Tablet,30 units,20-100 EGP,True,Store below 25°C,Other
med_01685,Eliquis,Eliquis,Unknown,Bristol-Myers Squibb,6221001378120,6222003975863,Standard,Tablet,30 units,20-100 EGP,True,Store below 25°C,Other
med_01686,Apixaban,Apixaban,Unknown,Bristol-Myers Squibb,6221002637215,6222001745076,Standard,Tablet,30 units,20-100 EGP,True,Store below 25°C,Other
med_01687,Apixaban,Apixaban,Unknown,Bristol-Myers Squibb,6222003955323,6221003994373,Standard,Tablet,30 units,20-100 EGP,True,Store below 25°C,Other
med_01688,Eliquis 5mg,Eliquis 5mg,Unknown,Bristol-Myers Squibb,6221003827557,6221001846006,Standard,Tablet,30 units,20-100 EGP,True,Store below 25°C,Other
med_01689,Eliquis 5mg,Eliquis 5mg,Unknown,Bristol-Myers Squibb,6222003601456,6221003821917,Standard,Tablet,30 units,20-100 EGP,True,Store below 25°C,Other
med_01690,Apixaban,Apixaban,Unknown,Bristol-Myers Squibb,6222003146992,6223002474493,Standard,Tablet,30 units,20-100 EGP,True,Store below 25°C,Other
med_01691,Apixaban,Apixaban,Unknown,Bristol-Myers Squibb,6222003219853,6221001113374,Standard,Tablet,30 units,20-100 EGP,True,Store below 25°C,Other
med_01692,Eliquis,Eliquis,Unknown,Bristol-Myers Squibb,6221001741061,6223002827160,Standard,Tablet,30 units,20-100 EGP,True,Store below 25°C,Other
med_01693,Eliquis,Eliquis,Unknown,Bristol-Myers Squibb,6222003598848,6223002102734,Standard,Tablet,30 units,20-100 EGP,True,Store below 25°C,Other
med_01694,Reyataz,Reyataz,Unknown,Bristol-Myers Squibb,6221003170497,6221002257193,Standard,Tablet,30 units,20-100 EGP,True,Store below 25°C,Other
med_01695,Reyataz,Reyataz,Unknown,Bristol-Myers Squibb,6221002156251,6221001101967,Standard,Tablet,30 units,20-100 EGP,True,Store below 25°C,Other
med_01696,Atazanavir,Atazanavir,Unknown,Bristol-Myers Squibb,6223001613776,6223002544251,Standard,Tablet,30 units,20-100 EGP,True,Store below 25°C,Other
med_01697,Atazanavir,Atazanavir,Unknown,Bristol-Myers Squibb,6221003519657,6223001834010,Standard,Tablet,30 units,20-100 EGP,True,Store below 25°C,Other
med_01698,Reyataz,Reyataz,Unknown,Bristol-Myers Squibb,6222002286763,6222003423263,Standard,Tablet,30 units,20-100 EGP,True,Store below 25°C,Other
med_01699,Reyataz,Reyataz,Unknown,Bristol-Myers Squibb,6223001623889,6223001662611,Standard,Tablet,30 units,20-100 EGP,True,Store below 25°C,Other
med_01700,Atazanavir,Atazanavir,Unknown,Bristol-Myers Squibb,6221001118631,6221003331654,Standard,Tablet,30 units,20-100 EGP,True,Store below 25°C,Other
med_01701,Atazanavir,Atazanavir,Unknown,Bristol-Myers Squibb,6223001968489,6222001820383,Standard,Tablet,30 units,20-100 EGP,True,Store below 25°C,Other
med_01702,Reyataz,Reyataz,Unknown,Bristol-Myers Squibb,6223002638803,6222001280762,Standard,Tablet,30 units,20-100 EGP,True,Store below 25°C,Other
med_01703,Reyataz,Reyataz,Unknown,Bristol-Myers Squibb,6221001862316,6222001655301,Standard,Tablet,30 units,20-100 EGP,True,Store below 25°C,Other
