Trade_Name_En,Active_Ingredient,Concentration,Pharmaceutical_Form,Manufacturer,GTIN_Barcode,Price_EGP
Panadol 500mg Suppository,Paracetamol,500mg,Suppository,Rameda,6226089300143,60.32
Panadol 1000mg Suppository,Paracetamol,1000mg,Suppository,Amoun,6220567552352,184.3
Panadol Extra 500mg Capsule,Paracetamol + Caffeine,500mg,Capsule,EIPICO,6226101921943,195.5
Panadol Advance 500mg Injection,Paracetamol,500mg,Injection,Memphis,6220106622126,327.81
Panadol Joint 665mg Capsule,Paracetamol,665mg,Capsule,SEDICO,6223985940183,205.64
Novaldol 1000mg Injection,Paracetamol,1000mg,Injection,Kahira,6228401252055,305.38
Abimol 500mg Tablet,Paracetamol,500mg,Tablet,EIPICO,6222180673612,254.08
Cetal 500mg Tablet,Paracetamol,500mg,Tablet,SEDICO,6228514847742,132.49
Paramol 500mg Capsule,Paracetamol,500mg,Capsule,Memphis,6221942293099,66.2
Pyral 500mg Tablet,Paracetamol,500mg,Tablet,Kahira,6225997476797,303.13
Brufen 200mg Injection,Ibuprofen,200mg,Injection,CID,6228942050752,52.74
Brufen 400mg Injection,Ibuprofen,400mg,Injection,Sigma,6225370561577,146.61
Brufen 600mg Injection,Ibuprofen,600mg,Injection,Delta Pharma,6225274009557,206.8
Brufen 800mg Suppository,Ibuprofen,800mg,Suppository,Marcyrl,6226659435565,140.46
Marcofen 400mg Suppository,Ibuprofen,400mg,Suppository,EVA Pharma,6223725993875,212.51
Marcofen 600mg Tablet,Ibuprofen,600mg,Tablet,Kahira,6224449896824,174.26
Profen 400mg Suppository,Ibuprofen,400mg,Suppository,GSK Egypt,6220639941473,114.63
Cataflam 25mg Tablet,Diclofenac Potassium,25mg,Tablet,EVA Pharma,6226503634199,246.95
Cataflam 50mg Capsule,Diclofenac Potassium,50mg,Capsule,Novartis Egypt,6228532639398,283.64
Voltaren 25mg Injection,Diclofenac Sodium,25mg,Injection,Sanofi Egypt,6228803956339,298.02
Voltaren 50mg Capsule,Diclofenac Sodium,50mg,Capsule,CID,6228861671960,186.73
Voltaren 75mg Capsule,Diclofenac Sodium,75mg,Capsule,Sanofi Egypt,6220903762759,197.09
Voltaren 100mg Capsule,Diclofenac Sodium,100mg,Capsule,Memphis,6221814961255,204.44
Declophen 25mg Injection,Diclofenac Sodium,25mg,Injection,MUP,6223900919355,258.6
Declophen 50mg Tablet,Diclofenac Sodium,50mg,Tablet,EIPICO,6227073134966,345.48
Dolphin 25mg Suppository,Diclofenac,25mg,Suppository,Sigma,6222227737758,92.51
Dolphin 50mg Tablet,Diclofenac,50mg,Tablet,Hikma Egypt,6229758495423,333.68
Epifen 200mg Injection,Ibuprofen,200mg,Injection,CID,6222735473926,96.5
Epifen 400mg Tablet,Ibuprofen,400mg,Tablet,Global Napi,6221615813777,147.68
Ketofan 25mg Injection,Ketoprofen,25mg,Injection,Sigma,6229313474948,268.83
Ketofan 50mg Suppository,Ketoprofen,50mg,Suppository,Rameda,6229241199616,304.02
Ketofan 75mg Capsule,Ketoprofen,75mg,Capsule,MUP,6225499672079,309.7
Ketolac 10mg Suppository,Ketorolac,10mg,Suppository,October Pharma,6228596241155,208.33
Ketolac 30mg Capsule,Ketorolac,30mg,Capsule,GSK Egypt,6228379365689,328.26
Mobic 7.5mg Tablet,Meloxicam,7.5mg,Tablet,Delta Pharma,6221372184479,318.04
Mobic 15mg Injection,Meloxicam,15mg,Injection,EIPICO,6222373928918,333.22
Mobitil 7.5mg Suppository,Meloxicam,7.5mg,Suppository,MUP,6228917681301,291.57
Mobitil 15mg Suppository,Meloxicam,15mg,Suppository,Alexandria,6226355884919,85.18
Celebrex 100mg Suppository,Celecoxib,100mg,Suppository,Amoun,6220331604065,301.41
Celebrex 200mg Injection,Celecoxib,200mg,Injection,Alexandria,6224834301988,111.65
Arcoxia 60mg Suppository,Etoricoxib,60mg,Suppository,Delta Pharma,6228103995052,275.52
Arcoxia 90mg Suppository,Etoricoxib,90mg,Suppository,Global Napi,6225464108602,230.28
Arcoxia 120mg Injection,Etoricoxib,120mg,Injection,EVA Pharma,6221512093432,308.23
Feldene 10mg Capsule,Piroxicam,10mg,Capsule,Marcyrl,6228845218464,277.5
Feldene 20mg Tablet,Piroxicam,20mg,Tablet,Alexandria,6223300531997,127.77
Dispercam 20mg Tablet,Piroxicam,20mg,Tablet,Hikma Egypt,6225498651532,93.94
Aspirin Protect 100mg Injection,Acetylsalicylic Acid,100mg,Injection,SEDICO,6222589624994,227.62
Jusprin 81mg Capsule,Acetylsalicylic Acid,81mg,Capsule,Global Napi,6224282075905,168.39
Ezacard 75mg Suppository,Acetylsalicylic Acid,75mg,Suppository,October Pharma,6227067908580,199.97
Aggrex 75mg Suppository,Acetylsalicylic Acid,75mg,Suppository,Alexandria,6225332545348,281.14
Augmentin 375mg Capsule,Amoxicillin + Clavulanate,375mg,Capsule,Rameda,6227816140032,345.63
Augmentin 625mg Tablet,Amoxicillin + Clavulanate,625mg,Tablet,SEDICO,6221212249245,164.95
Augmentin 1000mg Capsule,Amoxicillin + Clavulanate,1000mg,Capsule,October Pharma,6223366277815,227.03
Hibiotic 375mg Capsule,Amoxicillin + Clavulanate,375mg,Capsule,CID,6221251717835,202.71
Hibiotic 625mg Suppository,Amoxicillin + Clavulanate,625mg,Suppository,EIPICO,6220592510013,184.99
Hibiotic 1000mg Injection,Amoxicillin + Clavulanate,1000mg,Injection,Kahira,6220772501879,82.34
Megamox 375mg Tablet,Amoxicillin + Clavulanate,375mg,Tablet,Nile,6229295257256,173.21
Megamox 625mg Injection,Amoxicillin + Clavulanate,625mg,Injection,Hikma Egypt,6226526623798,147.11
Megamox 1000mg Suppository,Amoxicillin + Clavulanate,1000mg,Suppository,Amoun,6226634259773,249.61
Curam 375mg Tablet,Amoxicillin + Clavulanate,375mg,Tablet,Novartis Egypt,6227315193386,198.42
Curam 625mg Injection,Amoxicillin + Clavulanate,625mg,Injection,Sanofi Egypt,6223362666101,31.4
Curam 1000mg Suppository,Amoxicillin + Clavulanate,1000mg,Suppository,Sanofi Egypt,6225516705360,312.79
E-Mox 250mg Tablet,Amoxicillin,250mg,Tablet,Minapharm,6229780417097,321.21
E-Mox 500mg Injection,Amoxicillin,500mg,Injection,Alexandria,6220311494075,143.05
Amoxil 250mg Tablet,Amoxicillin,250mg,Tablet,Delta Pharma,6227804303715,194.91
Amoxil 500mg Injection,Amoxicillin,500mg,Injection,Pfizer Egypt,6227968924108,179.74
Flumox 250mg Suppository,Amoxicillin + Flucloxacillin,250mg,Suppository,EVA Pharma,6225460653892,22.72
Flumox 500mg Capsule,Amoxicillin + Flucloxacillin,500mg,Capsule,Apex,6226127222086,13.47
Flumox 1000mg Tablet,Amoxicillin + Flucloxacillin,1000mg,Tablet,Novartis Egypt,6226200464747,191.18
Zithromax 250mg Tablet,Azithromycin,250mg,Tablet,Hikma Egypt,6221361743748,323.76
Zithromax 500mg Suppository,Azithromycin,500mg,Suppository,Kahira,6224348757332,78.85
Zisrocin 500mg Injection,Azithromycin,500mg,Injection,MUP,6222259644567,184.73
Azrolid 500mg Suppository,Azithromycin,500mg,Suppository,October Pharma,6226287259342,227.71
Xithrokan 500mg Capsule,Azithromycin,500mg,Capsule,Alexandria,6225067265382,102.98
Klacid 250mg Capsule,Clarithromycin,250mg,Capsule,Pharco,6226470106309,329.97
Klacid 500mg Suppository,Clarithromycin,500mg,Suppository,Sanofi Egypt,6220189124432,29.25
Claritt 250mg Capsule,Clarithromycin,250mg,Capsule,EVA Pharma,6227000446957,303.31
Claritt 500mg Injection,Clarithromycin,500mg,Injection,Sigma,6229149343906,149.87
Cravit 250mg Suppository,Levofloxacin,250mg,Suppository,CID,6226371519239,236.36
Cravit 500mg Suppository,Levofloxacin,500mg,Suppository,Apex,6229706009665,335.86
Cravit 750mg Capsule,Levofloxacin,750mg,Capsule,Global Napi,6224124848742,98.91
Tavanic 250mg Capsule,Levofloxacin,250mg,Capsule,Global Napi,6221031154966,197.19
Tavanic 500mg Tablet,Levofloxacin,500mg,Tablet,Marcyrl,6220313380024,230.01
Unictam 375mg Suppository,Ampicillin + Sulbactam,375mg,Suppository,Global Napi,6225774814521,309.72
Unictam 750mg Suppository,Ampicillin + Sulbactam,750mg,Suppository,CID,6227245247265,143.6
Unictam 1500mg Powder for Suspension,Ampicillin + Sulbactam,1500mg,Powder for Suspension,Amoun,6225579433040,56.5
Sulbin 375mg Tablet,Ampicillin + Sulbactam,375mg,Tablet,Nile,6229956256024,140.12
Sulbin 750mg Capsule,Ampicillin + Sulbactam,750mg,Capsule,Sigma,6222804393186,65.06
Sulbin 1500mg Powder for Suspension,Ampicillin + Sulbactam,1500mg,Powder for Suspension,Sanofi Egypt,6227778751451,343.94
Cefotax 500mg Capsule,Cefotaxime,500mg,Capsule,Pfizer Egypt,6224149716781,24.99
Cefotax 1000mg Suppository,Cefotaxime,1000mg,Suppository,Nile,6227864838431,293.98
Rocephin 500mg Capsule,Ceftriaxone,500mg,Capsule,Amoun,6223019467204,327.74
Rocephin 1000mg Suppository,Ceftriaxone,1000mg,Suppository,Kahira,6225850436630,286.77
Cefaxone 500mg Suppository,Ceftriaxone,500mg,Suppository,EVA Pharma,6223744123147,304.01
Cefaxone 1000mg Tablet,Ceftriaxone,1000mg,Tablet,MUP,6224083179062,234.98
Triaxone 500mg Capsule,Ceftriaxone,500mg,Capsule,October Pharma,6220747893930,217.16
Triaxone 1000mg Capsule,Ceftriaxone,1000mg,Capsule,Rameda,6220364604070,151.08
Suprax 200mg Suppository,Cefixime,200mg,Suppository,Alexandria,6220432914339,37.58
Suprax 400mg Tablet,Cefixime,400mg,Tablet,Pharco,6223472229470,57.05
Duricef 250mg Tablet,Cefadroxil,250mg,Tablet,Pfizer Egypt,6226279299851,43.82
Duricef 500mg Capsule,Cefadroxil,500mg,Capsule,SEDICO,6229598480917,276.72
Duricef 1000mg Injection,Cefadroxil,1000mg,Injection,CID,6225215111769,280.56
Ibiamox 250mg Suppository,Amoxicillin,250mg,Suppository,GSK Egypt,6222070732665,45.43
Ibiamox 500mg Suppository,Amoxicillin,500mg,Suppository,EVA Pharma,6226014342668,125.22
Dalacin C 150mg Capsule,Clindamycin,150mg,Capsule,GSK Egypt,6229909239807,349.41
Dalacin C 300mg Suppository,Clindamycin,300mg,Suppository,Global Napi,6223187202485,217.49
Flagyl 250mg Suppository,Metronidazole,250mg,Suppository,EIPICO,6227171382023,316.38
Flagyl 500mg Capsule,Metronidazole,500mg,Capsule,Marcyrl,6224644492098,81.29
Amrizole 250mg Suppository,Metronidazole,250mg,Suppository,Sigma,6222526022289,76.05
Amrizole 500mg Capsule,Metronidazole,500mg,Capsule,CID,6223097819490,167.14
Cipro 250mg Suppository,Ciprofloxacin,250mg,Suppository,Kahira,6228001713758,27.14
Cipro 500mg Capsule,Ciprofloxacin,500mg,Capsule,Novartis Egypt,6221682414525,57.87
Cipro 750mg Tablet,Ciprofloxacin,750mg,Tablet,Sanofi Egypt,6226286455578,295.66
Ciprobay 250mg Injection,Ciprofloxacin,250mg,Injection,Kahira,6226850203833,151.76
Ciprobay 500mg Suppository,Ciprofloxacin,500mg,Suppository,October Pharma,6228317358865,73.5
Ciprobay 750mg Injection,Ciprofloxacin,750mg,Injection,Alexandria,6227807189385,217.71
Congestal Standard Syrup,Paracetamol + Pseudoephedrine + Chlorpheniramine,Standard,Syrup,Pharco,6222728381788,148.21
"1,2,3 Standard Ointment",Paracetamol + Pseudoephedrine + Chlorpheniramine,Standard,Ointment,Memphis,6226280182388,181.8
Comtrex Standard Ointment,Paracetamol + Pseudoephedrine + Brompheniramine,Standard,Ointment,EVA Pharma,6220516841056,28.66
Flurest Standard Ointment,Paracetamol + Pseudoephedrine + Chlorpheniramine,Standard,Ointment,Apex,6223591337940,199.97
Dolo-D Standard Syrup,Ibuprofen + Pseudoephedrine,Standard,Syrup,Pfizer Egypt,6224942254657,345.61
Cold Free Standard Drops,Paracetamol + Pseudoephedrine,Standard,Drops,Rameda,6223032414278,205.81
Cetafen Standard Capsule,Paracetamol + Ibuprofen,Standard,Capsule,SEDICO,6221737626989,10.14
Panadol Cold & Flu Standard Syrup,Paracetamol + Pseudoephedrine,Standard,Syrup,Kahira,6226660014131,110.83
Zyrtec 10mg Injection,Cetirizine,10mg,Injection,Sanofi Egypt,6221640503452,72.33
Histazine 10mg Tablet,Cetirizine,10mg,Tablet,Novartis Egypt,6226352160108,92.12
Claritine 10mg Injection,Loratadine,10mg,Injection,Minapharm,6228657388751,31.54
Mosedin 10mg Tablet,Loratadine,10mg,Tablet,Novartis Egypt,6225639467985,48.74
Telfast 120mg Tablet,Fexofenadine,120mg,Tablet,EVA Pharma,6221537066305,295.39
Telfast 180mg Tablet,Fexofenadine,180mg,Tablet,October Pharma,6225794628016,51.66
Fexodine 120mg Capsule,Fexofenadine,120mg,Capsule,Nile,6227692177801,296.86
Fexodine 180mg Capsule,Fexofenadine,180mg,Capsule,Pfizer Egypt,6225073170038,106.25
Aerius 5mg Suppository,Desloratadine,5mg,Suppository,Kahira,6227234748827,186.88
Desa 5mg Injection,Desloratadine,5mg,Injection,Global Napi,6225024648890,52.23
Levhistam 5mg Injection,Levocetirizine,5mg,Injection,Sanofi Egypt,6227419530308,100.74
Mosid 5mg Tablet,Levocetirizine,5mg,Tablet,Alexandria,6222135171989,228.7
Controloc 20mg Suppository,Pantoprazole,20mg,Suppository,Amoun,6224999052015,182.68
Controloc 40mg Suppository,Pantoprazole,40mg,Suppository,Sanofi Egypt,6220481148006,69.42
Antopral 20mg Capsule,Pantoprazole,20mg,Capsule,Minapharm,6221841960337,45.49
Antopral 40mg Tablet,Pantoprazole,40mg,Tablet,October Pharma,6221271515510,78.31
Nexium 20mg Tablet,Esomeprazole,20mg,Tablet,Rameda,6220726271803,28.72
Nexium 40mg Injection,Esomeprazole,40mg,Injection,Delta Pharma,6227214319153,164.75
Esmatac 20mg Suppository,Esomeprazole,20mg,Suppository,GSK Egypt,6225596641152,239.87
Esmatac 40mg Capsule,Esomeprazole,40mg,Capsule,Sanofi Egypt,6229941684719,140.93
Pariet 10mg Capsule,Rabeprazole,10mg,Capsule,CID,6229851062843,37.41
Pariet 20mg Tablet,Rabeprazole,20mg,Tablet,CID,6226740832013,279.85
Gastrozole 20mg Tablet,Omeprazole,20mg,Tablet,Apex,6224776787871,333.21
Gastrozole 40mg Injection,Omeprazole,40mg,Injection,GSK Egypt,6227224548819,279.03
Losec 20mg Injection,Omeprazole,20mg,Injection,Memphis,6221480393565,340.04
Motilium 10mg Capsule,Domperidone,10mg,Capsule,EVA Pharma,6220052910889,215.91
Gastromotil 10mg Injection,Domperidone,10mg,Injection,GSK Egypt,6227840661879,145.12
Primperan 10mg Suppository,Metoclopramide,10mg,Suppository,Novartis Egypt,6225584231785,328.85
Antinal 200mg Suppository,Nifuroxazide,200mg,Suppository,Hikma Egypt,6225520831246,279.3
Diax 200mg Injection,Nifuroxazide,200mg,Injection,Nile,6224419354071,170.7
Spasmocure 40mg Injection,Drotaverine,40mg,Injection,EVA Pharma,6222857692854,185.01
Buscopan 10mg Injection,Hyoscine butylbromide,10mg,Injection,Memphis,6220144486179,147.12
Visceralgin 50mg Suppository,Tiemonium,50mg,Suppository,Delta Pharma,6221690514491,184.95
Colona Standard Drops,Sulpiride + Mebeverine,Standard,Drops,Pfizer Egypt,6220903559342,300.81
Coloverin 135mg Injection,Mebeverine,135mg,Injection,Nile,6227682073465,287.8
Coloverin 200mg Capsule,Mebeverine,200mg,Capsule,Memphis,6221745824629,96.35
Duspatalin 135mg Tablet,Mebeverine,135mg,Tablet,Memphis,6224278728440,104.06
Duspatalin 200mg Tablet,Mebeverine,200mg,Tablet,Pharco,6228559798191,222.69
Smecta 3000mg Powder for Suspension,Diosmectite,3000mg,Powder for Suspension,Sigma,6223596886191,314.83
Lactulose 10mg Capsule,Lactulose,10mg,Capsule,Novartis Egypt,6226024250328,91.41
Duphalac 10mg Suppository,Lactulose,10mg,Suppository,EIPICO,6221263226202,72.59
Pikolax 5mg Tablet,Sodium Picosulfate,5mg,Tablet,Marcyrl,6228945884606,343.04
Pikolax 7.5mg Injection,Sodium Picosulfate,7.5mg,Injection,Amoun,6226064807612,146.63
Concor 2.5% Ointment,Bisoprolol,2.5%,Ointment,Novartis Egypt,6229542152945,174.64
Concor 5mg Capsule,Bisoprolol,5mg,Capsule,Marcyrl,6229968869168,184.54
Concor 10mg Tablet,Bisoprolol,10mg,Tablet,CID,6229791873707,52.71
Bisocard 2.5% Ointment,Bisoprolol,2.5%,Ointment,Global Napi,6226705698982,167.7
Bisocard 5mg Suppository,Bisoprolol,5mg,Suppository,GSK Egypt,6220455510594,254.2
Bisocard 10mg Injection,Bisoprolol,10mg,Injection,CID,6222519687051,124.19
Capozide 50mg Injection,Captopril + Hydrochlorothiazide,50mg,Injection,EVA Pharma,6228429881800,112.1
Capoten 25mg Tablet,Captopril,25mg,Tablet,Rameda,6220738628367,204.98
Capoten 50mg Tablet,Captopril,50mg,Tablet,Nile,6226418671852,105.09
Ezapril 5mg Injection,Enalapril,5mg,Injection,Pfizer Egypt,6228515899122,101.02
Ezapril 10mg Capsule,Enalapril,10mg,Capsule,Pharco,6221584675260,38.13
Ezapril 20mg Tablet,Enalapril,20mg,Tablet,Global Napi,6226050551697,327.36
Zestril 5mg Suppository,Lisinopril,5mg,Suppository,October Pharma,6227922475448,63.5
Zestril 10mg Suppository,Lisinopril,10mg,Suppository,Pharco,6220602949895,45.02
Zestril 20mg Tablet,Lisinopril,20mg,Tablet,GSK Egypt,6227605489366,239.51
Tritace 1.25mg Tablet,Ramipril,1.25mg,Tablet,Hikma Egypt,6222754070151,297.37
Tritace 2.5mg Tablet,Ramipril,2.5mg,Tablet,Sigma,6222761373788,99.18
Tritace 5mg Suppository,Ramipril,5mg,Suppository,Delta Pharma,6220684708694,317.56
Tritace 10mg Capsule,Ramipril,10mg,Capsule,Novartis Egypt,6221327476956,325.32
Micardis 40mg Tablet,Telmisartan,40mg,Tablet,MUP,6226469988992,61.55
Micardis 80mg Injection,Telmisartan,80mg,Injection,Novartis Egypt,6224242071510,178.54
Tareg 40mg Suppository,Valsartan,40mg,Suppository,GSK Egypt,6226264588052,104.26
Tareg 80mg Suppository,Valsartan,80mg,Suppository,MUP,6229918128987,210.6
Tareg 160mg Suppository,Valsartan,160mg,Suppository,GSK Egypt,6227147257805,149.87
Blopress 8mg Suppository,Candesartan,8mg,Suppository,Delta Pharma,6223960042765,45.82
Blopress 16mg Injection,Candesartan,16mg,Injection,Amoun,6220173211643,138.56
Amlodipine 5mg Tablet,Amlodipine,5mg,Tablet,Sigma,6222643908749,90.0
Amlodipine 10mg Suppository,Amlodipine,10mg,Suppository,Alexandria,6226209210567,47.08
Alkpress 5mg Injection,Amlodipine,5mg,Injection,Nile,6228012534649,144.22
Alkpress 10mg Capsule,Amlodipine,10mg,Capsule,Apex,6220502516159,213.32
Adalat 10mg Capsule,Nifedipine,10mg,Capsule,Sanofi Egypt,6225867733425,183.68
Adalat 20mg Capsule,Nifedipine,20mg,Capsule,GSK Egypt,6228546029406,185.8
Adalat 30mg Capsule,Nifedipine,30mg,Capsule,Marcyrl,6221220365289,153.45
Plavix 75mg Tablet,Clopidogrel,75mg,Tablet,Sigma,6229862902534,84.21
Borgrel 75mg Injection,Clopidogrel,75mg,Injection,Memphis,6226939967465,323.74
Lipitor 10mg Suppository,Atorvastatin,10mg,Suppository,Delta Pharma,6229850764373,258.59
Lipitor 20mg Capsule,Atorvastatin,20mg,Capsule,SEDICO,6222529033732,131.82
Lipitor 40mg Tablet,Atorvastatin,40mg,Tablet,Kahira,6223112689787,244.45
Ator 10mg Tablet,Atorvastatin,10mg,Tablet,Global Napi,6228749081775,268.11
Ator 20mg Capsule,Atorvastatin,20mg,Capsule,October Pharma,6225987806412,17.85
Ator 40mg Tablet,Atorvastatin,40mg,Tablet,Apex,6222068914899,197.02
Ator 80mg Capsule,Atorvastatin,80mg,Capsule,Novartis Egypt,6227551742102,68.18
Crestor 10mg Suppository,Rosuvastatin,10mg,Suppository,MUP,6224755303955,334.04
Crestor 20mg Suppository,Rosuvastatin,20mg,Suppository,Global Napi,6223818295053,115.91
Justcol 10mg Injection,Rosuvastatin,10mg,Injection,Global Napi,6220303188845,295.82
Justcol 20mg Suppository,Rosuvastatin,20mg,Suppository,Sanofi Egypt,6222376996136,56.25
Lasix 40mg Tablet,Furosemide,40mg,Tablet,SEDICO,6227786245911,126.04
Aldactone 25mg Capsule,Spironolactone,25mg,Capsule,Sigma,6220787842707,202.36
Aldactone 100mg Tablet,Spironolactone,100mg,Tablet,Global Napi,6223383785546,252.2
Cordarone 200mg Capsule,Amiodarone,200mg,Capsule,Nile,6220976735025,18.03
Lanoxin 0.25% Ointment,Digoxin,0.25%,Ointment,MUP,6220967830319,23.38
Glucophage 500mg Suppository,Metformin,500mg,Suppository,Global Napi,6223113980234,67.13
Glucophage 850mg Capsule,Metformin,850mg,Capsule,Alexandria,6220287056697,264.75
Glucophage 1000mg Capsule,Metformin,1000mg,Capsule,SEDICO,6220940722365,134.43
Siofor 500mg Suppository,Metformin,500mg,Suppository,October Pharma,6227873514791,92.53
Siofor 850mg Suppository,Metformin,850mg,Suppository,Global Napi,6226591434640,229.85
Siofor 1000mg Capsule,Metformin,1000mg,Capsule,Global Napi,6221587359570,310.62
Cidophage 500mg Tablet,Metformin,500mg,Tablet,EVA Pharma,6222359691270,185.28
Cidophage 850mg Suppository,Metformin,850mg,Suppository,Delta Pharma,6226273404671,57.84
Cidophage 1000mg Tablet,Metformin,1000mg,Tablet,Pfizer Egypt,6227164247377,61.49
Amaryl Standard Cream,Glimepiride,Standard,Cream,Global Napi,6229452552637,273.28
Amaryl 2% Ointment,Glimepiride,2%,Ointment,EIPICO,6229300489016,334.34
Amaryl 3% Cream,Glimepiride,3%,Cream,Global Napi,6227098495042,77.8
Amaryl 4mg Tablet,Glimepiride,4mg,Tablet,EVA Pharma,6221539246866,122.5
Dolcyl Standard Cream,Glimepiride,Standard,Cream,Alexandria,6221952060254,241.13
Dolcyl 2% Gel,Glimepiride,2%,Gel,Minapharm,6224078712557,92.14
Dolcyl 3% Gel,Glimepiride,3%,Gel,EIPICO,6227911581051,233.53
Dolcyl 4% Ointment,Glimepiride,4%,Ointment,Apex,6221835957213,311.93
Diamicron 30mg Suppository,Gliclazide,30mg,Suppository,Amoun,6222304022289,69.0
Diamicron 60mg Injection,Gliclazide,60mg,Injection,Novartis Egypt,6222760669486,320.81
Januvia 50mg Suppository,Sitagliptin,50mg,Suppository,GSK Egypt,6225915813383,330.2
Januvia 100mg Capsule,Sitagliptin,100mg,Capsule,Sanofi Egypt,6222625649158,175.71
Galvus 50mg Tablet,Vildagliptin,50mg,Tablet,Delta Pharma,6227901871209,30.78
Galvus Met 50mg Suppository,Vildagliptin + Metformin,50mg,Suppository,MUP,6223513990826,255.6
Jardiance 10mg Tablet,Empagliflozin,10mg,Tablet,SEDICO,6221146713294,42.58
Jardiance 25mg Suppository,Empagliflozin,25mg,Suppository,Sanofi Egypt,6220377624386,322.34
Forxiga 5mg Capsule,Dapagliflozin,5mg,Capsule,Marcyrl,6228104244456,251.63
Forxiga 10mg Suppository,Dapagliflozin,10mg,Suppository,EVA Pharma,6226862748629,41.63
Mixtard 30 HM 100mg Capsule,Insulin Human,100mg,Capsule,Rameda,6223424624933,14.77
Lantus 100mg Capsule,Insulin Glargine,100mg,Capsule,CID,6228633266851,199.69
Levemir 100mg Tablet,Insulin Detemir,100mg,Tablet,Rameda,6227489573670,278.57
Lyrica 50mg Capsule,Pregabalin,50mg,Capsule,Pfizer Egypt,6226753020940,225.2
Lyrica 75mg Capsule,Pregabalin,75mg,Capsule,Hikma Egypt,6224976835600,271.49
Lyrica 150mg Injection,Pregabalin,150mg,Injection,Delta Pharma,6228125479103,342.52
Lyrica 300mg Capsule,Pregabalin,300mg,Capsule,Delta Pharma,6225954715785,109.25
Averopreg 50mg Suppository,Pregabalin,50mg,Suppository,SEDICO,6227598495689,229.32
Averopreg 75mg Tablet,Pregabalin,75mg,Tablet,Novartis Egypt,6226992138314,145.11
Averopreg 150mg Capsule,Pregabalin,150mg,Capsule,SEDICO,6225156900354,137.09
Neurontin 300mg Tablet,Gabapentin,300mg,Tablet,EVA Pharma,6223492760632,35.4
Neurontin 400mg Capsule,Gabapentin,400mg,Capsule,Marcyrl,6229803295749,250.03
Gaptin 300mg Tablet,Gabapentin,300mg,Tablet,Memphis,6226378938217,213.75
Gaptin 400mg Suppository,Gabapentin,400mg,Suppository,Marcyrl,6229971790046,22.21
Tegretol 200mg Injection,Carbamazepine,200mg,Injection,EIPICO,6225921557219,143.21
Tegretol 400mg Injection,Carbamazepine,400mg,Injection,Global Napi,6224898974036,137.54
Depakine 200mg Injection,Sodium Valproate,200mg,Injection,Nile,6221178020322,269.85
Depakine 500mg Capsule,Sodium Valproate,500mg,Capsule,Minapharm,6224132648709,276.63
Keppra 500mg Injection,Levetiracetam,500mg,Injection,Pfizer Egypt,6228592674223,36.48
Keppra 1000mg Suppository,Levetiracetam,1000mg,Suppository,Apex,6223057824595,284.82
Cipralex 10mg Capsule,Escitalopram,10mg,Capsule,Apex,6223586058058,258.44
Cipralex 20mg Capsule,Escitalopram,20mg,Capsule,EVA Pharma,6220439047269,122.25
Estikan 10mg Injection,Escitalopram,10mg,Injection,SEDICO,6222809066382,254.92
Estikan 20mg Injection,Escitalopram,20mg,Injection,Nile,6228357763469,76.97
Prozac 20mg Tablet,Fluoxetine,20mg,Tablet,Delta Pharma,6224307315658,224.68
Philozac 20mg Injection,Fluoxetine,20mg,Injection,Novartis Egypt,6227367087169,349.24
Zoloft 50mg Injection,Sertraline,50mg,Injection,Kahira,6224372194035,137.05
Sirpass 50mg Injection,Sertraline,50mg,Injection,October Pharma,6228522206678,17.77
Effexor 75mg Injection,Venlafaxine,75mg,Injection,October Pharma,6224007191958,340.76
Effexor 150mg Injection,Venlafaxine,150mg,Injection,Amoun,6223889097334,331.22
Seroquel 25mg Suppository,Quetiapine,25mg,Suppository,EVA Pharma,6226620312291,197.92
Seroquel 100mg Capsule,Quetiapine,100mg,Capsule,Pfizer Egypt,6225966877464,169.75
Seroquel 200mg Suppository,Quetiapine,200mg,Suppository,GSK Egypt,6225146158444,224.85
Zyprexa 5mg Suppository,Olanzapine,5mg,Suppository,EVA Pharma,6225993888099,76.59
Zyprexa 10mg Suppository,Olanzapine,10mg,Suppository,GSK Egypt,6225771962201,124.02
Lexotanil 1.5% Ointment,Bromazepam,1.5%,Ointment,Rameda,6229968519292,39.54
Lexotanil 3mg Tablet,Bromazepam,3mg,Tablet,Hikma Egypt,6221246766756,112.92
Xanax 0.25% Gel,Alprazolam,0.25%,Gel,EVA Pharma,6220832578308,61.37
Xanax 0.5% Cream,Alprazolam,0.5%,Cream,GSK Egypt,6227933097998,154.54
Rivotril 0.5% Drops,Clonazepam,0.5%,Drops,Sanofi Egypt,6224677836098,39.42
Rivotril 2% Cream,Clonazepam,2%,Cream,Kahira,6225489809058,305.83
Ventolin 2mg Tablet,Salbutamol,2mg,Tablet,Memphis,6221816951506,291.98
Farcolin 2mg Tablet,Salbutamol,2mg,Tablet,Sanofi Egypt,6229444364804,67.6
Seretide 250mg Tablet,Salmeterol + Fluticasone,250mg,Tablet,EVA Pharma,6225050471028,250.75
Seretide 500mg Injection,Salmeterol + Fluticasone,500mg,Injection,Sanofi Egypt,6222145574671,91.05
Symbicort 160mg Injection,Budesonide + Formoterol,160mg,Injection,EVA Pharma,6220905624727,137.1
Singulair 4% Cream,Montelukast,4%,Cream,Apex,6222939115028,95.24
Singulair 5mg Suppository,Montelukast,5mg,Suppository,Marcyrl,6225855517655,222.71
Singulair 10mg Suppository,Montelukast,10mg,Suppository,Sanofi Egypt,6223429753683,304.24
Sedokast 4% Drops,Montelukast,4%,Drops,EVA Pharma,6222213231437,140.11
Sedokast 5mg Injection,Montelukast,5mg,Injection,Sigma,6220726898260,32.52
Sedokast 10mg Injection,Montelukast,10mg,Injection,Amoun,6226066131654,28.87
Miwok 10mg Capsule,Montelukast,10mg,Capsule,Rameda,6222958427393,33.72
Mucosolvan 15mg Tablet,Ambroxol,15mg,Tablet,Kahira,6228319413463,184.52
Mucosolvan 30mg Injection,Ambroxol,30mg,Injection,Novartis Egypt,6220963927594,160.19
Bisolvon 8mg Injection,Bromhexine,8mg,Injection,Apex,6226971325728,150.14
Opex 5mg Capsule,Pholcodine,5mg,Capsule,Novartis Egypt,6224419134529,340.16
Sinecod 50mg Injection,Butamirate,50mg,Injection,Rameda,6220691483706,133.14
Selgon 20mg Suppository,Pipazethate,20mg,Suppository,GSK Egypt,6228128187395,70.17
Eltroxin 50mg Tablet,Levothyroxine,50mg,Tablet,Minapharm,6228562485422,275.52
Eltroxin 100mg Suppository,Levothyroxine,100mg,Suppository,Pharco,6228659894434,303.26
Hostacortin 5mg Capsule,Prednisone,5mg,Capsule,EVA Pharma,6224502678305,65.17
Solupred 5mg Injection,Prednisolone,5mg,Injection,Global Napi,6221182940852,80.27
Solupred 20mg Tablet,Prednisolone,20mg,Tablet,EIPICO,6229631855269,102.75
Dexamethasone 0.5% Drops,Dexamethasone,0.5%,Drops,CID,6220528065501,299.37
Dexamethasone 8mg Injection,Dexamethasone,8mg,Injection,Marcyrl,6221966527309,87.01
Epidron 8mg Capsule,Dexamethasone,8mg,Capsule,Amoun,6224803561474,44.86
Cortigen 100mg Tablet,Hydrocortisone,100mg,Tablet,October Pharma,6227580350262,44.9
Gynera Standard Cream,Gestodene + Ethinylestradiol,Standard,Cream,Sanofi Egypt,6223481744360,166.02
Yasmin Standard Syrup,Drospirenone + Ethinylestradiol,Standard,Syrup,Marcyrl,6225814634300,45.15
Microcept Standard Syrup,Levonorgestrel + Ethinylestradiol,Standard,Syrup,Marcyrl,6220549268523,284.06
Clomid 50mg Capsule,Clomiphene,50mg,Capsule,Kahira,6222585485599,331.99
Nolvadex 10mg Injection,Tamoxifen,10mg,Injection,Nile,6222737536674,242.34
Nolvadex 20mg Tablet,Tamoxifen,20mg,Tablet,Sigma,6226881579594,319.61
Dostinex 0.5% Drops,Cabergoline,0.5%,Drops,EIPICO,6223772170335,199.85
Primolut N 5mg Tablet,Norethisterone,5mg,Tablet,Amoun,6229607404507,237.36
Centrum Standard Tablet,Multivitamins + Minerals,Standard,Tablet,Kahira,6220068188289,139.16
Kerovit Standard Cream,Multivitamins + Minerals,Standard,Cream,MUP,6221250705642,263.4
Vitayami Standard Ointment,Multivitamins + Minerals,Standard,Ointment,Pfizer Egypt,6223361405169,123.86
Ferroglobin Standard Ointment,Iron + Vitamins,Standard,Ointment,Global Napi,6220426349277,337.29
Haemoton Standard Cream,Iron,Standard,Cream,Nile,6229489032225,331.89
C-Retard 500mg Tablet,Vitamin C,500mg,Tablet,Global Napi,6223124707493,173.81
Vitamax Plus Standard Tablet,Multivitamins,Standard,Tablet,MUP,6222921823672,294.29
Neurobion Standard Syrup,Vitamin B Complex,Standard,Syrup,Memphis,6224623022353,105.93
Milga Standard Capsule,Benfotiamine + B6 + B12,Standard,Capsule,Nile,6224516594547,124.52
Thiotacid 300mg Suppository,Thioctic Acid,300mg,Suppository,Hikma Egypt,6220710536710,148.24
Thiotacid 600mg Capsule,Thioctic Acid,600mg,Capsule,Nile,6222295189039,338.92
Calcical Standard Capsule,Calcium + Vitamin D3,Standard,Capsule,Alexandria,6225145447839,168.5
Osteocare Standard Ointment,Calcium + Magnesium + Vitamin D3,Standard,Ointment,Sigma,6225869757160,79.76
One-A-Day Standard Capsule,Multivitamins,Standard,Capsule,EIPICO,6223938069213,183.07
Maddox Standard Ointment,Vitamin C + Zinc,Standard,Ointment,Apex,6223945336209,62.33
Fucidin 2% Ointment,Fusidic Acid,2%,Ointment,Alexandria,6228689357374,234.63
Fucicort 2% Drops,Fusidic Acid + Betamethasone,2%,Drops,MUP,6223973848491,24.44
Kenacomb Standard Cream,Triamcinolone + Neomycin + Nystatin,Standard,Cream,Novartis Egypt,6223800405262,70.5
Betnovate 0.1% Drops,Betamethasone,0.1%,Drops,Alexandria,6221904211598,71.14
Dermovate 0.05% Gel,Clobetasol,0.05%,Gel,October Pharma,6221274532644,301.5
Elocon 0.1% Cream,Mometasone,0.1%,Cream,Sanofi Egypt,6228153810985,149.83
Voltaren Emulgel Standard Drops,Diclofenac,Standard,Drops,October Pharma,6224623258912,225.06
Reparil Gel Standard Cream,Aescin + Diethylamine Salicylate,Standard,Cream,Nile,6225319357353,155.46
Hemoclar 0.5% Cream,Pentosan Polysulfate,0.5%,Cream,Alexandria,6221905055245,252.71
Fenistil 0.1mg Tablet,Dimetindene,0.1mg,Tablet,Marcyrl,6223320521015,123.21
Panthenol 2% Drops,Dexpanthenol,2%,Drops,Novartis Egypt,6221994977855,262.83
Bepanthen 5mg Tablet,Dexpanthenol,5mg,Tablet,Amoun,6221986712013,323.01
Mebo 0.25% Ointment,Beta-sitosterol,0.25%,Ointment,Rameda,6226809319837,99.8
Derma T Standard Ointment,Clindamycin,Standard,Ointment,Memphis,6224042840583,125.06
Adapalene 0.1mg Tablet,Adapalene,0.1mg,Tablet,EIPICO,6221766026286,136.74
Epiduo 0.1% Gel,Adapalene + Benzoyl Peroxide,0.1%,Gel,CID,6226648257758,108.38
Tobradex Standard Capsule,Tobramycin + Dexamethasone,Standard,Capsule,EVA Pharma,6220357682450,335.19
Orchadex Standard Tablet,Dexamethasone,Standard,Tablet,Sanofi Egypt,6226327088758,220.22
Vigamox 5mg Suppository,Moxifloxacin,5mg,Suppository,CID,6222062357234,335.47
Apisal 0.9% Drops,Sodium Chloride,0.9%,Drops,Amoun,6228097119649,252.79
Refresh Tears 0.5% Drops,Carboxymethylcellulose,0.5%,Drops,Minapharm,6223171576608,150.06
Systane Standard Ointment,Polyethylene Glycol,Standard,Ointment,Sigma,6224577689909,224.81
Otocort Standard Capsule,Fludrocortisone + Neomycin + Polymyxin,Standard,Capsule,EVA Pharma,6229247464831,319.84
Viotic Standard Ointment,Flumetasone + Clioquinol,Standard,Ointment,Novartis Egypt,6220953740998,70.43
Viagra 50mg Suppository,Sildenafil,50mg,Suppository,CID,6224936896412,17.04
Viagra 100mg Suppository,Sildenafil,100mg,Suppository,Sanofi Egypt,6224956963699,114.05
Virecta 50mg Tablet,Sildenafil,50mg,Tablet,Minapharm,6221121497751,335.03
Virecta 100mg Capsule,Sildenafil,100mg,Capsule,Kahira,6227256960962,61.75
Cialis 5mg Tablet,Tadalafil,5mg,Tablet,Nile,6228292015296,261.39
Cialis 20mg Tablet,Tadalafil,20mg,Tablet,Delta Pharma,6227534152300,247.55
Starcoprix 20mg Tablet,Tadalafil,20mg,Tablet,Global Napi,6227880210891,221.39
Joypox 30mg Suppository,Dapoxetine,30mg,Suppository,Pfizer Egypt,6227359283500,168.94
Joypox 60mg Capsule,Dapoxetine,60mg,Capsule,Amoun,6228442557867,129.84
Prostec 5mg Tablet,Finasteride,5mg,Tablet,Apex,6228450351471,338.54
Tamsulin 0.4% Drops,Tamsulosin,0.4%,Drops,CID,6220371397279,261.93
Omnic Ocas 0.4mg Tablet,Tamsulosin,0.4mg,Tablet,October Pharma,6228296494035,282.51
Uricol Standard Syrup,Hexamine + Piperazine,Standard,Syrup,Pharco,6220944773417,210.48
Rowatinex Standard Drops,Essential Oils,Standard,Drops,MUP,6228475040664,174.98
Cystone Standard Drops,Herbal Extracts,Standard,Drops,October Pharma,6220206232218,309.27
Ginkgo Biloba 40mg Tablet,Ginkgo Biloba,40mg,Tablet,Novartis Egypt,6221938642597,110.58
Ginkgo Biloba 80mg Tablet,Ginkgo Biloba,80mg,Tablet,Pfizer Egypt,6225251841439,145.28
Cidflox 1000mg Tablet,Ceftriaxone,1000mg,Tablet,Novartis Egypt,6224452427640,197.94
Sigtine 500mg Injection,Ciprofloxacin,500mg,Injection,Delta Pharma,6224133662889,131.06
Alexmol 10mg Capsule,Loratadine,10mg,Capsule,Nile,6224483262531,150.31
Sigcort 100mg Capsule,Valsartan,100mg,Capsule,Minapharm,6220781143565,153.74
Pharcoflox 400mg Syrup,Esomeprazole,400mg,Syrup,EVA Pharma,6229704282886,168.52
Cidstatin 10mg Tablet,Amlodipine,10mg,Tablet,SEDICO,6223634991504,177.94
Nilecort 1000mg Injection,Ibuprofen,1000mg,Injection,Amoun,6224656532003,135.3
Sigmol 500mg Capsule,Cetirizine,500mg,Capsule,Sigma,6229453842805,90.76
Muppress 500mg Injection,Fluoxetine,500mg,Injection,Novartis Egypt,6228576301756,20.47
Octafen 200mg Injection,Azithromycin,200mg,Injection,Pfizer Egypt,6229239674965,70.84
Epiformin 400mg Syrup,Losartan,400mg,Syrup,EIPICO,6220847053081,166.75
Muptine 50mg Capsule,Sitagliptin,50mg,Capsule,Novartis Egypt,6221290061562,52.2
Pharcozole 50mg Capsule,Sertraline,50mg,Capsule,Novartis Egypt,6224794104179,101.51
Octazole 20mg Capsule,Diclofenac,20mg,Capsule,Minapharm,6228472149933,105.39
Nilecort 50mg Capsule,Esomeprazole,50mg,Capsule,GSK Egypt,6228921341710,187.03
Mupmol 5mg Tablet,Diclofenac,5mg,Tablet,Pfizer Egypt,6224299578857,40.3
Octazole 200mg Injection,Fexofenadine,200mg,Injection,Sanofi Egypt,6221489816638,73.62
Amounzole 20mg Capsule,Mometasone,20mg,Capsule,October Pharma,6224605128677,143.89
Sigflox 10mg Syrup,Levocetirizine,10mg,Syrup,Rameda,6228807912188,170.24
Octastatin 1000mg Injection,Rabeprazole,1000mg,Injection,Minapharm,6221760612362,249.14
Alexstatin 10mg Injection,Betamethasone,10mg,Injection,EVA Pharma,6221216452818,45.73
Cidstatin 200mg Capsule,Ciprofloxacin,200mg,Capsule,Kahira,6221155647016,204.37
Sigpress 1000mg Tablet,Cetirizine,1000mg,Tablet,Delta Pharma,6225189642863,105.08
Epicort 50mg Tablet,Gliclazide,50mg,Tablet,EVA Pharma,6228158259529,15.73
Sigcort 1000mg Injection,Ceftriaxone,1000mg,Injection,Alexandria,6228655268925,234.71
Amounzole 5mg Syrup,Empagliflozin,5mg,Syrup,Pharco,6221393451352,249.17
Niletine 1000mg Capsule,Omeprazole,1000mg,Capsule,SEDICO,6229867037736,231.09
Amounstatin 500mg Tablet,Esomeprazole,500mg,Tablet,GSK Egypt,6221626826827,92.41
Epicillin 400mg Capsule,Cetirizine,400mg,Capsule,Apex,6227583814006,19.88
Pharcotine 850mg Tablet,Esomeprazole,850mg,Tablet,SEDICO,6229694815439,236.65
Pharcofen 10mg Capsule,Betamethasone,10mg,Capsule,CID,6222338222020,59.04
Epiflox 20mg Capsule,Empagliflozin,20mg,Capsule,EVA Pharma,6228609561157,47.76
Ramcillin 250mg Syrup,Metformin,250mg,Syrup,EVA Pharma,6221542038021,177.12
Mupflox 50mg Tablet,Sertraline,50mg,Tablet,SEDICO,6228794690953,179.06
Epizole 1000mg Syrup,Glimepiride,1000mg,Syrup,Kahira,6227101327124,202.49
Amountine 1000mg Tablet,Levocetirizine,1000mg,Tablet,EIPICO,6228784949139,144.43
Epicort 400mg Tablet,Amlodipine,400mg,Tablet,Marcyrl,6222544518580,25.58
Epifen 50mg Injection,Ceftriaxone,50mg,Injection,Global Napi,6225193768177,53.09
Pharcoformin 1000mg Tablet,Gliclazide,1000mg,Tablet,EVA Pharma,6229264665563,154.73
Amountine 10mg Tablet,Valsartan,10mg,Tablet,Minapharm,6227600619751,67.26
Muptine 850mg Capsule,Cetirizine,850mg,Capsule,Apex,6225787870743,128.6
Nilecillin 20mg Tablet,Fexofenadine,20mg,Tablet,Apex,6227180649117,35.86
Epicillin 400mg Tablet,Sertraline,400mg,Tablet,MUP,6223537246596,122.77
Pharcoformin 850mg Capsule,Paracetamol,850mg,Capsule,GSK Egypt,6220381642901,181.27
Alexcillin 250mg Tablet,Dexamethasone,250mg,Tablet,Delta Pharma,6223897002894,222.73
Mupflox 100mg Syrup,Ibuprofen,100mg,Syrup,Alexandria,6226197106897,111.9
Octaflox 1000mg Capsule,Fexofenadine,1000mg,Capsule,Sigma,6225909819483,226.27
Cidzole 50mg Tablet,Hydrocortisone,50mg,Tablet,Sanofi Egypt,6229566334693,38.93
Cidtine 100mg Syrup,Rabeprazole,100mg,Syrup,Kahira,6220796258742,213.67
Rampress 20mg Tablet,Desloratadine,20mg,Tablet,Novartis Egypt,6222759739114,220.35
Amounpress 200mg Tablet,Amoxicillin,200mg,Tablet,EIPICO,6228823634569,91.08
Sigzole 400mg Injection,Ibuprofen,400mg,Injection,Apex,6227460253980,98.53
Nileflox 250mg Capsule,Mometasone,250mg,Capsule,CID,6225524700234,103.74
Ramformin 5mg Capsule,Omeprazole,5mg,Capsule,Delta Pharma,6229114409705,176.97
Nileflox 400mg Capsule,Dexamethasone,400mg,Capsule,Sanofi Egypt,6229249185581,50.48
Ramfen 500mg Injection,Fluoxetine,500mg,Injection,Nile,6220679794596,173.13
Nilecillin 50mg Tablet,Gliclazide,50mg,Tablet,Pfizer Egypt,6222705712574,133.75
Ramformin 100mg Capsule,Lansoprazole,100mg,Capsule,Amoun,6225139637871,195.98
Pharcozole 400mg Tablet,Valsartan,400mg,Tablet,Hikma Egypt,6226741698816,54.17
Pharcofen 250mg Syrup,Loratadine,250mg,Syrup,Pfizer Egypt,6227270703262,225.2
Pharcofen 10mg Injection,Omeprazole,10mg,Injection,Pharco,6227217432224,171.75
Rammol 250mg Injection,Valsartan,250mg,Injection,October Pharma,6221904234610,46.24
Cidcillin 500mg Injection,Meloxicam,500mg,Injection,Nile,6228276917813,49.25
Pharcoflox 500mg Capsule,Glimepiride,500mg,Capsule,SEDICO,6227603708230,56.62
Nileformin 200mg Capsule,Dexamethasone,200mg,Capsule,Delta Pharma,6222656115202,209.92
Epimol 400mg Syrup,Valsartan,400mg,Syrup,Kahira,6224205046623,188.86
Ramflox 20mg Capsule,Losartan,20mg,Capsule,SEDICO,6223543003152,163.12
Mupcillin 5mg Syrup,Gabapentin,5mg,Syrup,Novartis Egypt,6221970115998,168.5
Octaflox 1000mg Syrup,Fexofenadine,1000mg,Syrup,SEDICO,6227805935991,116.4
Sigcillin 250mg Syrup,Desloratadine,250mg,Syrup,GSK Egypt,6229915867292,232.26
Alexcillin 5mg Syrup,Desloratadine,5mg,Syrup,Alexandria,6221889983039,124.4
Cidtine 200mg Syrup,Azithromycin,200mg,Syrup,Minapharm,6229674834658,110.04
Octamol 5mg Syrup,Prednisolone,5mg,Syrup,SEDICO,6221384611871,145.43
Alextine 5mg Tablet,Dexamethasone,5mg,Tablet,Amoun,6228824340537,113.41
Octatine 20mg Capsule,Pregabalin,20mg,Capsule,Rameda,6229558972407,244.24
Alexzole 500mg Injection,Pregabalin,500mg,Injection,Memphis,6220265996274,230.82
Muptine 1000mg Injection,Empagliflozin,1000mg,Injection,Rameda,6223894228334,135.1
Epicillin 400mg Syrup,Cetirizine,400mg,Syrup,Amoun,6221535697310,78.68
Mupstatin 50mg Injection,Diclofenac,50mg,Injection,Minapharm,6229508770404,65.46
Pharcopress 10mg Syrup,Glimepiride,10mg,Syrup,Delta Pharma,6223858767473,222.64
Amounmol 1000mg Tablet,Metformin,1000mg,Tablet,Memphis,6224569582478,125.08
Cidflox 200mg Capsule,Pantoprazole,200mg,Capsule,Pfizer Egypt,6227778905670,110.7
Pharcopress 200mg Tablet,Bisoprolol,200mg,Tablet,Sigma,6225897956504,207.26
Epiflox 100mg Capsule,Atorvastatin,100mg,Capsule,MUP,6229811156315,171.46
Alexfen 20mg Syrup,Prednisolone,20mg,Syrup,EVA Pharma,6227151612225,177.0
Ramflox 500mg Injection,Desloratadine,500mg,Injection,GSK Egypt,6223341202689,18.32
Sigstatin 1000mg Injection,Betamethasone,1000mg,Injection,CID,6227246362837,208.81
Nilecillin 250mg Tablet,Omeprazole,250mg,Tablet,Rameda,6226894934540,201.8
Nilecort 1000mg Injection,Losartan,1000mg,Injection,Novartis Egypt,6220273906487,65.81
Nileflox 50mg Injection,Levofloxacin,50mg,Injection,October Pharma,6224320537709,87.11
Sigformin 5mg Injection,Ceftriaxone,5mg,Injection,Kahira,6225813374139,166.04
Octacort 200mg Injection,Ciprofloxacin,200mg,Injection,Nile,6222777372058,136.4
Mupflox 850mg Syrup,Hydrocortisone,850mg,Syrup,Pfizer Egypt,6225788175816,232.94
Nilefen 20mg Tablet,Metformin,20mg,Tablet,SEDICO,6225625804251,249.68
Epipress 850mg Injection,Paracetamol,850mg,Injection,Rameda,6226453367871,42.74
Octazole 400mg Injection,Atorvastatin,400mg,Injection,Delta Pharma,6221013373460,239.48
Alextine 250mg Injection,Prednisolone,250mg,Injection,Amoun,6221004073539,119.31
Mupcort 5mg Syrup,Sertraline,5mg,Syrup,October Pharma,6228565951191,86.97
Cidstatin 500mg Syrup,Atorvastatin,500mg,Syrup,Sanofi Egypt,6224052749319,102.61
Octastatin 500mg Injection,Losartan,500mg,Injection,Alexandria,6222385153216,61.95
Epipress 5mg Capsule,Hydrocortisone,5mg,Capsule,Delta Pharma,6225525916894,120.22
Octastatin 1000mg Injection,Empagliflozin,1000mg,Injection,Sanofi Egypt,6223288076664,233.99
Niletine 20mg Capsule,Paracetamol,20mg,Capsule,Pharco,6229772938432,75.31
Sigzole 250mg Tablet,Ceftriaxone,250mg,Tablet,Apex,6224159937695,226.5
Epicort 100mg Injection,Losartan,100mg,Injection,Rameda,6222828027258,125.62
Mupfen 250mg Syrup,Rabeprazole,250mg,Syrup,Sanofi Egypt,6223812835002,132.68
Octacillin 850mg Tablet,Amlodipine,850mg,Tablet,Amoun,6229467653053,235.14
Octazole 500mg Injection,Ciprofloxacin,500mg,Injection,Amoun,6225886583582,186.7
Epipress 400mg Tablet,Fexofenadine,400mg,Tablet,Novartis Egypt,6225284177925,74.87
Sigcillin 10mg Syrup,Sertraline,10mg,Syrup,October Pharma,6223712173884,234.93
Pharcoformin 5mg Capsule,Ibuprofen,5mg,Capsule,Novartis Egypt,6229634286244,69.4
Pharcostatin 5mg Capsule,Pregabalin,5mg,Capsule,October Pharma,6221605296191,35.63
Ramtine 20mg Syrup,Prednisolone,20mg,Syrup,Minapharm,6229935972327,227.93
Octatine 50mg Syrup,Amlodipine,50mg,Syrup,Sanofi Egypt,6222800182937,140.09
Nileflox 400mg Syrup,Dexamethasone,400mg,Syrup,CID,6223023690865,81.43
Octamol 50mg Syrup,Sertraline,50mg,Syrup,MUP,6223126588793,34.07
Alexflox 20mg Syrup,Bisoprolol,20mg,Syrup,Pfizer Egypt,6225992540486,237.89
Cidcillin 200mg Syrup,Empagliflozin,200mg,Syrup,Hikma Egypt,6226830646186,46.02
Cidzole 850mg Syrup,Atorvastatin,850mg,Syrup,CID,6229751142669,62.09
Nileflox 20mg Tablet,Levocetirizine,20mg,Tablet,EIPICO,6227461043344,202.88
Amounzole 10mg Capsule,Escitalopram,10mg,Capsule,Sanofi Egypt,6224844852425,157.59
Cidtine 500mg Syrup,Ceftriaxone,500mg,Syrup,Pfizer Egypt,6223845593474,193.46
Sigstatin 5mg Syrup,Ketoprofen,5mg,Syrup,Alexandria,6224679871592,123.72
Nilemol 10mg Injection,Hydrocortisone,10mg,Injection,EVA Pharma,6227481026518,46.87
Alexcillin 250mg Capsule,Glimepiride,250mg,Capsule,SEDICO,6227350275771,67.89
Pharcostatin 850mg Capsule,Pantoprazole,850mg,Capsule,CID,6222176507655,115.88
Alextine 20mg Tablet,Loratadine,20mg,Tablet,Memphis,6224526212486,27.47
Cidpress 400mg Injection,Ketoprofen,400mg,Injection,Memphis,6221535082208,222.01
Octacort 20mg Syrup,Sertraline,20mg,Syrup,Sanofi Egypt,6224999165517,133.07
Nileformin 20mg Capsule,Sertraline,20mg,Capsule,Marcyrl,6227017841639,165.82
Amouncort 850mg Capsule,Ketoprofen,850mg,Capsule,Pharco,6225746155119,184.83
Cidzole 200mg Syrup,Valsartan,200mg,Syrup,Pharco,6227131751722,50.06
Epistatin 50mg Injection,Pantoprazole,50mg,Injection,EVA Pharma,6222160050358,66.01
Rammol 5mg Tablet,Sertraline,5mg,Tablet,Sigma,6221296761978,241.58
Cidtine 100mg Capsule,Rabeprazole,100mg,Capsule,Global Napi,6224396774190,154.35
Mupstatin 250mg Capsule,Bisoprolol,250mg,Capsule,Kahira,6221240205541,140.59
Cidflox 20mg Syrup,Pantoprazole,20mg,Syrup,Marcyrl,6228083045426,93.83
Octazole 20mg Syrup,Ketoprofen,20mg,Syrup,Sanofi Egypt,6222163306889,68.92
Cidstatin 10mg Injection,Esomeprazole,10mg,Injection,October Pharma,6220304384314,143.25
Cidzole 50mg Syrup,Atorvastatin,50mg,Syrup,Marcyrl,6225490693134,188.22
Sigpress 250mg Tablet,Levofloxacin,250mg,Tablet,Delta Pharma,6220779096149,64.77
Epifen 50mg Capsule,Levocetirizine,50mg,Capsule,Rameda,6220589790282,33.35
Octacillin 50mg Tablet,Losartan,50mg,Tablet,Hikma Egypt,6224090215487,54.32
Rampress 10mg Syrup,Betamethasone,10mg,Syrup,EVA Pharma,6223729121496,223.7
Pharcocillin 50mg Tablet,Sertraline,50mg,Tablet,SEDICO,6225610653574,211.53
Octacort 20mg Syrup,Mometasone,20mg,Syrup,Marcyrl,6226756050180,222.09
Octacort 1000mg Injection,Paracetamol,1000mg,Injection,Rameda,6220341157889,215.96
Cidflox 400mg Syrup,Desloratadine,400mg,Syrup,Nile,6229682421857,235.83
Pharcoflox 200mg Injection,Fluoxetine,200mg,Injection,Pharco,6221165871869,87.81
Nilepress 400mg Capsule,Gliclazide,400mg,Capsule,Sanofi Egypt,6222031170529,107.29
Ramtine 1000mg Tablet,Glimepiride,1000mg,Tablet,October Pharma,6222918888042,169.92
Amounpress 10mg Injection,Escitalopram,10mg,Injection,Memphis,6221860782620,41.74
Amountine 1000mg Tablet,Levofloxacin,1000mg,Tablet,Pfizer Egypt,6224921877679,59.17
Amouncort 100mg Capsule,Mometasone,100mg,Capsule,Hikma Egypt,6228051025078,194.95
Nileflox 5mg Capsule,Bisoprolol,5mg,Capsule,EIPICO,6227950979680,226.44
Nilestatin 250mg Syrup,Losartan,250mg,Syrup,Delta Pharma,6221458754534,164.0
Cidpress 20mg Capsule,Azithromycin,20mg,Capsule,Rameda,6227165187917,20.01
Epitine 500mg Injection,Empagliflozin,500mg,Injection,Pharco,6227998933200,164.34
Nilecillin 200mg Tablet,Sitagliptin,200mg,Tablet,Amoun,6222048582964,138.87
Rampress 200mg Injection,Paracetamol,200mg,Injection,Pharco,6221623631202,101.58
Ramformin 400mg Injection,Gabapentin,400mg,Injection,Apex,6222542103566,96.27
Pharcoformin 400mg Injection,Dexamethasone,400mg,Injection,CID,6228253502322,153.93
Pharcocillin 100mg Syrup,Prednisolone,100mg,Syrup,Hikma Egypt,6228925250889,193.53
Sigcillin 100mg Tablet,Bisoprolol,100mg,Tablet,Kahira,6221977732396,216.48
Amounflox 200mg Tablet,Fluoxetine,200mg,Tablet,Hikma Egypt,6228721433240,101.94
Pharcofen 250mg Capsule,Metformin,250mg,Capsule,Global Napi,6222992868695,134.69
Cidcort 20mg Syrup,Sitagliptin,20mg,Syrup,SEDICO,6226402432384,69.11
Octaformin 100mg Tablet,Mometasone,100mg,Tablet,Amoun,6222297520823,24.53
Pharcozole 1000mg Tablet,Mometasone,1000mg,Tablet,Memphis,6226022950947,23.03
Nileflox 5mg Syrup,Sitagliptin,5mg,Syrup,Hikma Egypt,6225037626007,136.79
Mupzole 850mg Tablet,Atorvastatin,850mg,Tablet,Minapharm,6228313092053,166.58
Octaformin 50mg Capsule,Levofloxacin,50mg,Capsule,Marcyrl,6226457272720,192.14
Nilecort 1000mg Tablet,Gabapentin,1000mg,Tablet,Kahira,6220010544415,49.86
Sigflox 200mg Injection,Meloxicam,200mg,Injection,Hikma Egypt,6229876831301,19.49
Ramformin 10mg Injection,Prednisolone,10mg,Injection,CID,6227677520295,165.65
Sigstatin 10mg Tablet,Metformin,10mg,Tablet,Global Napi,6223536249086,62.59
Ramformin 5mg Tablet,Pantoprazole,5mg,Tablet,Kahira,6221678580470,26.64
Pharcofen 500mg Syrup,Pantoprazole,500mg,Syrup,MUP,6226933715741,194.38
Pharcomol 5mg Syrup,Amlodipine,5mg,Syrup,Global Napi,6225983864539,101.56
Nilezole 250mg Capsule,Azithromycin,250mg,Capsule,Sanofi Egypt,6227666725502,41.65
Pharcomol 200mg Syrup,Rabeprazole,200mg,Syrup,Apex,6222361804569,215.31
Sigstatin 20mg Capsule,Ciprofloxacin,20mg,Capsule,Minapharm,6227622361195,154.49
Nilecort 50mg Syrup,Sertraline,50mg,Syrup,Delta Pharma,6220190930084,202.67
Ramflox 100mg Injection,Escitalopram,100mg,Injection,Sigma,6228780944732,78.51
Nilepress 100mg Capsule,Ciprofloxacin,100mg,Capsule,October Pharma,6220185143796,177.0
Ramcort 850mg Syrup,Betamethasone,850mg,Syrup,Memphis,6224376606770,113.35
Sigcort 50mg Tablet,Fexofenadine,50mg,Tablet,Nile,6223372192188,174.25
Epimol 400mg Injection,Atorvastatin,400mg,Injection,Sanofi Egypt,6221804503014,191.42
Mupzole 100mg Capsule,Esomeprazole,100mg,Capsule,Rameda,6220136543743,84.91
Alextine 50mg Syrup,Losartan,50mg,Syrup,Delta Pharma,6221552846173,118.62
Epifen 5mg Injection,Amoxicillin,5mg,Injection,Minapharm,6228616350041,113.36
Mupfen 1000mg Capsule,Meloxicam,1000mg,Capsule,Delta Pharma,6227606308697,236.67
Nilezole 20mg Injection,Sertraline,20mg,Injection,Minapharm,6225978364976,55.14
Alexmol 10mg Syrup,Desloratadine,10mg,Syrup,Apex,6229620688090,59.73
Alextine 400mg Syrup,Amoxicillin,400mg,Syrup,Memphis,6226393260973,123.2
Epifen 500mg Tablet,Amoxicillin,500mg,Tablet,EIPICO,6222313021709,25.26
Nilezole 400mg Tablet,Azithromycin,400mg,Tablet,Nile,6222753191697,96.06
Ramcort 100mg Tablet,Amlodipine,100mg,Tablet,EIPICO,6222990586782,157.73
Octazole 20mg Injection,Empagliflozin,20mg,Injection,Sanofi Egypt,6221484714397,89.08
Cidcillin 500mg Injection,Pantoprazole,500mg,Injection,Sigma,6224245395200,78.07
Muppress 500mg Syrup,Omeprazole,500mg,Syrup,Pfizer Egypt,6228247556133,46.84
Pharcotine 250mg Injection,Esomeprazole,250mg,Injection,CID,6228353669796,49.34
Cidtine 400mg Tablet,Atorvastatin,400mg,Tablet,Rameda,6223651373505,180.95
Pharcotine 50mg Injection,Ibuprofen,50mg,Injection,Pharco,6226967304027,224.29
Mupmol 100mg Syrup,Amoxicillin,100mg,Syrup,Minapharm,6220097686947,122.93
Amounmol 20mg Capsule,Ceftriaxone,20mg,Capsule,Nile,6221144066477,185.48
Amounpress 850mg Tablet,Levofloxacin,850mg,Tablet,Nile,6228106141050,150.06
Nilezole 20mg Syrup,Ceftriaxone,20mg,Syrup,October Pharma,6226681182253,164.11
Epiflox 400mg Capsule,Prednisolone,400mg,Capsule,Pfizer Egypt,6221432378008,163.65
Amounflox 20mg Tablet,Pregabalin,20mg,Tablet,Global Napi,6227193967406,45.4
Octaformin 200mg Capsule,Escitalopram,200mg,Capsule,Nile,6223463971708,237.07
Sigflox 200mg Tablet,Amoxicillin,200mg,Tablet,Minapharm,6221465360179,154.7
Octazole 850mg Tablet,Losartan,850mg,Tablet,MUP,6226660213763,206.3
Alexcort 10mg Injection,Prednisolone,10mg,Injection,Sanofi Egypt,6229644797242,113.99
Ramformin 10mg Tablet,Sitagliptin,10mg,Tablet,EIPICO,6228221882081,121.7
Cidcillin 250mg Injection,Metformin,250mg,Injection,GSK Egypt,6227658921431,226.52
Mupfen 400mg Capsule,Omeprazole,400mg,Capsule,Sanofi Egypt,6223888055472,64.53
Ramtine 20mg Capsule,Cetirizine,20mg,Capsule,SEDICO,6223383775769,156.33
Alexflox 500mg Syrup,Rabeprazole,500mg,Syrup,Kahira,6226592224462,225.47
Octatine 10mg Tablet,Fluoxetine,10mg,Tablet,October Pharma,6225007526269,184.57
Nileformin 1000mg Syrup,Sitagliptin,1000mg,Syrup,Minapharm,6224216470721,36.3
Ramflox 50mg Syrup,Gabapentin,50mg,Syrup,SEDICO,6227556611342,180.92
Amountine 200mg Syrup,Fexofenadine,200mg,Syrup,October Pharma,6226546998036,150.17
Octazole 10mg Injection,Meloxicam,10mg,Injection,Amoun,6228333877142,224.53
Epiformin 5mg Capsule,Loratadine,5mg,Capsule,Hikma Egypt,6221740143435,216.62
Nilefen 250mg Tablet,Amlodipine,250mg,Tablet,EVA Pharma,6227455895331,121.24
Ramflox 10mg Capsule,Pantoprazole,10mg,Capsule,Global Napi,6221272717845,177.48
Ramstatin 500mg Syrup,Loratadine,500mg,Syrup,Novartis Egypt,6224113215753,126.39
Alexflox 100mg Syrup,Diclofenac,100mg,Syrup,Memphis,6220669980770,48.66
Octafen 200mg Syrup,Loratadine,200mg,Syrup,Alexandria,6226787356992,34.04
Cidfen 1000mg Syrup,Levofloxacin,1000mg,Syrup,Apex,6227851404960,29.8
Cidzole 850mg Syrup,Gabapentin,850mg,Syrup,EIPICO,6226797723104,69.66
Ramformin 500mg Tablet,Pregabalin,500mg,Tablet,Delta Pharma,6220056306305,225.16
Amountine 10mg Tablet,Cetirizine,10mg,Tablet,SEDICO,6222534050144,171.08
Sigzole 100mg Syrup,Dexamethasone,100mg,Syrup,Global Napi,6225995931212,226.07
Octacillin 5mg Capsule,Valsartan,5mg,Capsule,Hikma Egypt,6229660012978,163.31
Epicillin 400mg Capsule,Cetirizine,400mg,Capsule,October Pharma,6223604044346,228.46
Cidfen 400mg Tablet,Metformin,400mg,Tablet,Sigma,6226537873489,224.34
Pharcotine 400mg Injection,Pregabalin,400mg,Injection,EVA Pharma,6226265445194,151.49
Mupcort 250mg Syrup,Valsartan,250mg,Syrup,Nile,6222064387604,145.48
Rammol 50mg Capsule,Paracetamol,50mg,Capsule,Sigma,6225795516695,62.09
Nilecillin 100mg Syrup,Levofloxacin,100mg,Syrup,GSK Egypt,6222603942035,229.74
Octafen 5mg Syrup,Desloratadine,5mg,Syrup,Alexandria,6220483346172,34.53
Sigformin 100mg Injection,Rabeprazole,100mg,Injection,Pfizer Egypt,6225122042330,214.16
Amouncillin 850mg Syrup,Azithromycin,850mg,Syrup,Sigma,6225281421397,85.86
Nilemol 20mg Injection,Prednisolone,20mg,Injection,Hikma Egypt,6221044733677,176.62
Alexcillin 200mg Tablet,Fexofenadine,200mg,Tablet,GSK Egypt,6226104928260,94.9
Alexfen 5mg Capsule,Sitagliptin,5mg,Capsule,Kahira,6221052133353,92.26
Nilestatin 100mg Injection,Azithromycin,100mg,Injection,SEDICO,6225541462351,114.79
Epifen 5mg Syrup,Amlodipine,5mg,Syrup,Delta Pharma,6223438676539,193.42
Octaformin 5mg Capsule,Pantoprazole,5mg,Capsule,Rameda,6221085976248,135.89
Amounmol 250mg Syrup,Prednisolone,250mg,Syrup,Amoun,6228138572303,168.27
Pharcoflox 1000mg Capsule,Pregabalin,1000mg,Capsule,Pfizer Egypt,6223693141780,243.98
Amouncillin 50mg Syrup,Levofloxacin,50mg,Syrup,SEDICO,6227652141491,25.96
Amouncillin 100mg Tablet,Metformin,100mg,Tablet,GSK Egypt,6225821846284,169.38
Alexzole 50mg Capsule,Losartan,50mg,Capsule,Marcyrl,6227885193373,49.55
Alextine 5mg Injection,Pantoprazole,5mg,Injection,Alexandria,6222908529443,185.36
Alexcillin 250mg Syrup,Paracetamol,250mg,Syrup,Sanofi Egypt,6226919086339,241.66
Sigmol 50mg Capsule,Pantoprazole,50mg,Capsule,Sanofi Egypt,6226120944688,147.31
Pharcozole 1000mg Syrup,Esomeprazole,1000mg,Syrup,Rameda,6223070947134,200.08
Cidstatin 100mg Syrup,Ceftriaxone,100mg,Syrup,Novartis Egypt,6228118209434,97.68
Pharcofen 100mg Injection,Glimepiride,100mg,Injection,Rameda,6226804062981,83.48
Sigflox 5mg Capsule,Sitagliptin,5mg,Capsule,SEDICO,6220375016480,122.58
Amouncillin 850mg Syrup,Rabeprazole,850mg,Syrup,Kahira,6226541569576,233.26
Pharcoformin 1000mg Syrup,Gabapentin,1000mg,Syrup,Marcyrl,6222434755989,247.84
Rammol 200mg Tablet,Esomeprazole,200mg,Tablet,SEDICO,6224714026819,132.26
Amounpress 200mg Injection,Ceftriaxone,200mg,Injection,GSK Egypt,6224142329117,106.13
Epicillin 200mg Capsule,Loratadine,200mg,Capsule,Delta Pharma,6223727031797,44.18
Sigcort 400mg Tablet,Atorvastatin,400mg,Tablet,Nile,6229293152713,21.37
Sigformin 10mg Capsule,Rabeprazole,10mg,Capsule,Novartis Egypt,6226417834975,195.2
Sigcillin 10mg Tablet,Ibuprofen,10mg,Tablet,Sanofi Egypt,6225379091709,247.79
Amounpress 100mg Tablet,Mometasone,100mg,Tablet,Alexandria,6221625873761,225.9
Ramcort 100mg Capsule,Ceftriaxone,100mg,Capsule,October Pharma,6229468607192,245.3
Amounfen 850mg Capsule,Amlodipine,850mg,Capsule,CID,6222201314487,175.17
Cidstatin 100mg Tablet,Lansoprazole,100mg,Tablet,EVA Pharma,6228005111079,114.23
Octaflox 5mg Tablet,Meloxicam,5mg,Tablet,Novartis Egypt,6220127641465,112.83
Muptine 100mg Injection,Escitalopram,100mg,Injection,Amoun,6224011706377,53.73
Alexstatin 50mg Injection,Metformin,50mg,Injection,Pharco,6227726855378,232.17
Epizole 400mg Injection,Gabapentin,400mg,Injection,Sigma,6225604728172,136.47
Octacort 400mg Syrup,Bisoprolol,400mg,Syrup,Memphis,6226476991121,219.76
Nilezole 250mg Tablet,Losartan,250mg,Tablet,Global Napi,6224904064270,25.4
Epistatin 10mg Syrup,Omeprazole,10mg,Syrup,Novartis Egypt,6220143627283,202.46
Mupmol 100mg Injection,Atorvastatin,100mg,Injection,Alexandria,6227679191226,84.83
Pharcoflox 1000mg Syrup,Metformin,1000mg,Syrup,Marcyrl,6224524913088,134.9
Ramcillin 400mg Syrup,Meloxicam,400mg,Syrup,Kahira,6223873228560,69.26
Ramcort 500mg Tablet,Ibuprofen,500mg,Tablet,EIPICO,6229177862851,182.67
Octacort 200mg Syrup,Sitagliptin,200mg,Syrup,Amoun,6224938134208,15.69
Mupzole 400mg Injection,Azithromycin,400mg,Injection,Global Napi,6224891117430,112.85
Octacillin 500mg Injection,Fluoxetine,500mg,Injection,Hikma Egypt,6228777443606,205.67
Alexzole 50mg Syrup,Valsartan,50mg,Syrup,Sigma,6229787540149,237.69
Pharcozole 10mg Injection,Azithromycin,10mg,Injection,Apex,6223651989904,240.03
Ramfen 100mg Tablet,Valsartan,100mg,Tablet,Nile,6226420146805,162.6
Sigstatin 5mg Tablet,Desloratadine,5mg,Tablet,EIPICO,6220517184855,79.79
Epimol 100mg Capsule,Gliclazide,100mg,Capsule,CID,6224511499922,157.93
Sigtine 20mg Tablet,Gliclazide,20mg,Tablet,GSK Egypt,6229730243738,156.16
Octacillin 850mg Capsule,Gabapentin,850mg,Capsule,Nile,6223508468644,102.28
Octacort 500mg Syrup,Gabapentin,500mg,Syrup,Minapharm,6229564068323,21.3
Sigmol 1000mg Tablet,Cetirizine,1000mg,Tablet,Memphis,6223400920103,22.54
Cidstatin 10mg Tablet,Rabeprazole,10mg,Tablet,Alexandria,6222315978179,212.85
Sigzole 50mg Injection,Empagliflozin,50mg,Injection,Pfizer Egypt,6222656674013,62.18
Cidzole 50mg Syrup,Levocetirizine,50mg,Syrup,Global Napi,6220511559932,193.55
Pharcostatin 5mg Capsule,Paracetamol,5mg,Capsule,Kahira,6227928945181,173.0
Octacillin 500mg Syrup,Gabapentin,500mg,Syrup,Pfizer Egypt,6226205170087,52.16
Amounformin 850mg Syrup,Valsartan,850mg,Syrup,MUP,6227949789092,46.1
Ramformin 20mg Injection,Diclofenac,20mg,Injection,Rameda,6220537214785,127.18
Alexcort 500mg Injection,Empagliflozin,500mg,Injection,Kahira,6225532826346,23.53
Pharcofen 400mg Syrup,Loratadine,400mg,Syrup,MUP,6226431096151,215.38
Mupmol 250mg Injection,Levocetirizine,250mg,Injection,Memphis,6228238138515,145.9
Sigpress 400mg Injection,Loratadine,400mg,Injection,Pfizer Egypt,6222747656423,72.36
Octapress 850mg Capsule,Fexofenadine,850mg,Capsule,Global Napi,6229976185861,138.06
Ramcillin 850mg Tablet,Prednisolone,850mg,Tablet,Kahira,6225337281975,229.08
Mupcort 500mg Tablet,Omeprazole,500mg,Tablet,Alexandria,6228161435347,92.28
Epicort 1000mg Syrup,Gabapentin,1000mg,Syrup,MUP,6228813078960,43.23
Octaflox 5mg Injection,Ciprofloxacin,5mg,Injection,SEDICO,6224856545650,56.18
Ramtine 20mg Syrup,Sertraline,20mg,Syrup,Kahira,6221033078536,194.62
Muppress 500mg Capsule,Amlodipine,500mg,Capsule,MUP,6220088639921,227.81
Sigcort 50mg Tablet,Fexofenadine,50mg,Tablet,Pharco,6229315938738,195.62
Ramtine 400mg Injection,Lansoprazole,400mg,Injection,Minapharm,6225131690133,34.72
Octapress 850mg Syrup,Diclofenac,850mg,Syrup,Sanofi Egypt,6220102031571,93.43
Octaformin 250mg Injection,Metformin,250mg,Injection,SEDICO,6221496016250,156.38
Rammol 1000mg Tablet,Loratadine,1000mg,Tablet,Delta Pharma,6223077846935,217.04
Ramfen 850mg Tablet,Mometasone,850mg,Tablet,October Pharma,6221248025318,244.5
Sigflox 10mg Capsule,Ketoprofen,10mg,Capsule,Delta Pharma,6221399927981,248.04
Pharcomol 1000mg Capsule,Ceftriaxone,1000mg,Capsule,Minapharm,6222521972459,24.48
Octaflox 850mg Syrup,Meloxicam,850mg,Syrup,EIPICO,6222249833155,193.41
Sigflox 20mg Tablet,Diclofenac,20mg,Tablet,Delta Pharma,6228282325305,81.52
Nilecort 400mg Syrup,Escitalopram,400mg,Syrup,CID,6224083354186,68.95
Nilefen 20mg Injection,Diclofenac,20mg,Injection,SEDICO,6221511006341,86.38
Nilepress 850mg Syrup,Pantoprazole,850mg,Syrup,October Pharma,6226170890867,94.72
Octazole 20mg Capsule,Desloratadine,20mg,Capsule,Sigma,6229759416670,96.96
Ramflox 50mg Capsule,Amlodipine,50mg,Capsule,GSK Egypt,6220231281052,47.98
Sigzole 1000mg Injection,Levofloxacin,1000mg,Injection,GSK Egypt,6226046547734,171.49
Ramflox 200mg Tablet,Fluoxetine,200mg,Tablet,Apex,6227424016927,47.56
Sigflox 250mg Tablet,Ciprofloxacin,250mg,Tablet,Minapharm,6225877053476,24.34
Muppress 500mg Capsule,Betamethasone,500mg,Capsule,Memphis,6220229980554,189.3
Mupfen 20mg Injection,Ibuprofen,20mg,Injection,SEDICO,6228947226664,116.4
Octapress 5mg Syrup,Ciprofloxacin,5mg,Syrup,Marcyrl,6221421829665,154.92
Mupcillin 250mg Tablet,Rabeprazole,250mg,Tablet,Minapharm,6227677100466,122.6
Rampress 200mg Tablet,Loratadine,200mg,Tablet,Kahira,6223571396974,246.36
Nilezole 1000mg Tablet,Meloxicam,1000mg,Tablet,Novartis Egypt,6226376019512,103.87
Octafen 10mg Tablet,Metformin,10mg,Tablet,Pharco,6225123423251,146.08
Cidcillin 20mg Injection,Dexamethasone,20mg,Injection,Marcyrl,6221598510809,179.77
Nilefen 500mg Capsule,Meloxicam,500mg,Capsule,Amoun,6226153291025,75.59
Sigcillin 500mg Syrup,Ciprofloxacin,500mg,Syrup,Pharco,6229773956978,162.3
Amounpress 5mg Tablet,Betamethasone,5mg,Tablet,Hikma Egypt,6224700373262,16.76
Amounflox 1000mg Syrup,Desloratadine,1000mg,Syrup,Marcyrl,6228428831387,19.75
Muppress 10mg Tablet,Losartan,10mg,Tablet,Pharco,6220518833578,206.54
Muppress 250mg Capsule,Esomeprazole,250mg,Capsule,Amoun,6227606761553,69.52
Sigstatin 200mg Capsule,Loratadine,200mg,Capsule,Delta Pharma,6229558260672,58.05
Alexformin 5mg Injection,Bisoprolol,5mg,Injection,Amoun,6220786164022,81.57
Cidformin 1000mg Syrup,Rabeprazole,1000mg,Syrup,Kahira,6220244512136,34.77
Epicillin 1000mg Capsule,Dexamethasone,1000mg,Capsule,GSK Egypt,6227068630442,128.22
Pharcocillin 20mg Injection,Amlodipine,20mg,Injection,Kahira,6225709094721,33.69
Epimol 10mg Capsule,Empagliflozin,10mg,Capsule,MUP,6220730716543,196.4
Cidcillin 200mg Capsule,Amoxicillin,200mg,Capsule,Delta Pharma,6226901844350,214.45
Cidcillin 5mg Tablet,Amlodipine,5mg,Tablet,Apex,6228471691129,239.78
Epipress 1000mg Injection,Glimepiride,1000mg,Injection,Pharco,6225689435125,233.65
Amountine 850mg Syrup,Metformin,850mg,Syrup,Global Napi,6229579895853,144.95
Sigzole 5mg Injection,Pregabalin,5mg,Injection,Kahira,6222516563105,24.71
Ramcort 10mg Injection,Omeprazole,10mg,Injection,Amoun,6224371303674,231.97
Octatine 400mg Injection,Betamethasone,400mg,Injection,Nile,6229132035863,134.4
Ramformin 250mg Capsule,Escitalopram,250mg,Capsule,Amoun,6227791683074,159.47
Alextine 200mg Syrup,Hydrocortisone,200mg,Syrup,Marcyrl,6226702547504,48.47
Ramcillin 400mg Capsule,Dexamethasone,400mg,Capsule,MUP,6226247960219,142.8
Cidfen 100mg Tablet,Ciprofloxacin,100mg,Tablet,October Pharma,6221018524836,183.21
Octaformin 50mg Capsule,Lansoprazole,50mg,Capsule,Nile,6225407469609,114.42
Amounpress 1000mg Injection,Mometasone,1000mg,Injection,Novartis Egypt,6221034883603,204.73
Alexstatin 200mg Injection,Pantoprazole,200mg,Injection,Hikma Egypt,6225542144102,111.04
Pharcoformin 5mg Tablet,Ceftriaxone,5mg,Tablet,Marcyrl,6224632449042,149.39
Nilestatin 1000mg Capsule,Glimepiride,1000mg,Capsule,Sigma,6229368963817,68.0
Epicort 850mg Capsule,Empagliflozin,850mg,Capsule,Sigma,6226129752987,240.6
Octaformin 400mg Injection,Valsartan,400mg,Injection,Sigma,6227629437886,93.87
Nileflox 1000mg Syrup,Sitagliptin,1000mg,Syrup,Memphis,6225598750982,115.66
Nilecillin 100mg Syrup,Sitagliptin,100mg,Syrup,GSK Egypt,6220697150046,32.07
Octapress 850mg Injection,Ceftriaxone,850mg,Injection,October Pharma,6225837880272,126.78
Pharcoformin 250mg Syrup,Ceftriaxone,250mg,Syrup,EVA Pharma,6224995997334,18.94
Pharcofen 10mg Capsule,Ciprofloxacin,10mg,Capsule,Rameda,6224955226580,38.25
Octamol 850mg Capsule,Empagliflozin,850mg,Capsule,Sanofi Egypt,6226150001023,127.09
Octacillin 850mg Capsule,Pantoprazole,850mg,Capsule,Hikma Egypt,6227549996616,98.64
Sigfen 200mg Tablet,Atorvastatin,200mg,Tablet,Kahira,6220296962910,80.56
Amounmol 850mg Tablet,Esomeprazole,850mg,Tablet,October Pharma,6226886979559,135.23
Sigfen 1000mg Capsule,Gliclazide,1000mg,Capsule,MUP,6229742815336,118.58
Ramtine 1000mg Capsule,Mometasone,1000mg,Capsule,Pfizer Egypt,6224575020483,106.17
Octacillin 400mg Capsule,Levocetirizine,400mg,Capsule,GSK Egypt,6226891774019,242.7
Nileformin 400mg Capsule,Fluoxetine,400mg,Capsule,SEDICO,6222712820781,170.51
Octacort 5mg Tablet,Bisoprolol,5mg,Tablet,EIPICO,6222541526229,131.9
Sigfen 200mg Injection,Meloxicam,200mg,Injection,Minapharm,6225192286818,226.58
Nilezole 400mg Injection,Valsartan,400mg,Injection,SEDICO,6226248811183,159.43
Sigflox 850mg Tablet,Mometasone,850mg,Tablet,Memphis,6223294377731,145.14
Sigcillin 20mg Capsule,Meloxicam,20mg,Capsule,Alexandria,6222646702603,85.47
Rampress 100mg Injection,Gliclazide,100mg,Injection,Sigma,6220411444260,213.78
Cidcort 400mg Capsule,Pantoprazole,400mg,Capsule,Alexandria,6225069632625,61.5
Octafen 250mg Injection,Losartan,250mg,Injection,Memphis,6220341162401,111.18
Pharcoflox 500mg Capsule,Sitagliptin,500mg,Capsule,SEDICO,6221508174893,47.86
Ramfen 200mg Capsule,Pregabalin,200mg,Capsule,Pharco,6224205925522,89.03
Octacort 200mg Injection,Paracetamol,200mg,Injection,GSK Egypt,6223564329392,19.35
Amounzole 250mg Syrup,Azithromycin,250mg,Syrup,October Pharma,6225997508535,175.63
Cidmol 400mg Injection,Amlodipine,400mg,Injection,Amoun,6228526801206,221.66
Octapress 200mg Tablet,Empagliflozin,200mg,Tablet,GSK Egypt,6220823253313,53.75
Mupstatin 5mg Tablet,Omeprazole,5mg,Tablet,Pfizer Egypt,6223870723617,39.94
Cidflox 20mg Syrup,Metformin,20mg,Syrup,Delta Pharma,6226994461571,166.06
Nilecort 5mg Injection,Cetirizine,5mg,Injection,Kahira,6226335678552,105.37
Rampress 5mg Syrup,Paracetamol,5mg,Syrup,October Pharma,6226965880288,37.99
Nilecort 100mg Syrup,Empagliflozin,100mg,Syrup,Alexandria,6228759369061,37.46
Ramflox 500mg Capsule,Levofloxacin,500mg,Capsule,Marcyrl,6226460374138,196.22
Octapress 400mg Capsule,Hydrocortisone,400mg,Capsule,Pfizer Egypt,6221783722857,225.84
Sigtine 5mg Injection,Gabapentin,5mg,Injection,Nile,6220152691565,221.85
Pharcoformin 50mg Injection,Pantoprazole,50mg,Injection,Sigma,6228368605970,165.04
Ramstatin 1000mg Syrup,Ibuprofen,1000mg,Syrup,Marcyrl,6229820141630,241.88
Sigcort 200mg Injection,Ibuprofen,200mg,Injection,Nile,6225095857160,225.35
Octaformin 50mg Syrup,Empagliflozin,50mg,Syrup,Amoun,6224169567066,94.45
Cidzole 100mg Injection,Glimepiride,100mg,Injection,Novartis Egypt,6223215060209,78.42
Mupcort 100mg Capsule,Levofloxacin,100mg,Capsule,SEDICO,6227864613670,227.73
Alextine 1000mg Injection,Metformin,1000mg,Injection,Hikma Egypt,6220237958705,219.98
Niletine 10mg Tablet,Dexamethasone,10mg,Tablet,Memphis,6222832671065,246.34
Alexzole 20mg Capsule,Esomeprazole,20mg,Capsule,October Pharma,6222913097302,34.31
Epistatin 100mg Capsule,Azithromycin,100mg,Capsule,GSK Egypt,6229983801228,171.7
Amounzole 50mg Syrup,Gliclazide,50mg,Syrup,CID,6221098179339,194.52
Nilestatin 850mg Capsule,Sertraline,850mg,Capsule,Sanofi Egypt,6221773814333,102.44
Amounfen 5mg Tablet,Diclofenac,5mg,Tablet,Delta Pharma,6220804269272,37.7
Nilecillin 400mg Syrup,Levofloxacin,400mg,Syrup,Alexandria,6222533847073,218.79
Sigpress 1000mg Capsule,Mometasone,1000mg,Capsule,Alexandria,6229709510151,168.68
Alexfen 50mg Capsule,Gabapentin,50mg,Capsule,CID,6223818584232,100.43
Sigcort 5mg Capsule,Amlodipine,5mg,Capsule,Pharco,6226238109580,90.97
Sigfen 400mg Syrup,Pregabalin,400mg,Syrup,Hikma Egypt,6223008539875,82.29
Nilestatin 200mg Capsule,Dexamethasone,200mg,Capsule,GSK Egypt,6221186594365,114.66
Mupflox 10mg Injection,Empagliflozin,10mg,Injection,Marcyrl,6229484632451,27.85
Alexcillin 10mg Capsule,Omeprazole,10mg,Capsule,Pharco,6226816853256,167.56
Pharcostatin 5mg Injection,Betamethasone,5mg,Injection,Memphis,6229486014668,185.2
Alexpress 200mg Syrup,Azithromycin,200mg,Syrup,Delta Pharma,6221527015269,202.83
Alexpress 50mg Tablet,Paracetamol,50mg,Tablet,GSK Egypt,6222643919981,108.21
Nilepress 100mg Tablet,Hydrocortisone,100mg,Tablet,MUP,6229184170598,131.55
Alexcort 400mg Tablet,Ibuprofen,400mg,Tablet,Hikma Egypt,6221207830854,149.13
Cidstatin 10mg Injection,Amoxicillin,10mg,Injection,Global Napi,6220467556757,79.4
Pharcopress 850mg Capsule,Omeprazole,850mg,Capsule,Novartis Egypt,6223792929272,245.3
Octapress 250mg Tablet,Diclofenac,250mg,Tablet,Amoun,6229416374466,244.98
Amounflox 5mg Injection,Pantoprazole,5mg,Injection,Hikma Egypt,6226930885065,179.64
Pharcofen 10mg Injection,Glimepiride,10mg,Injection,Pharco,6222366822674,17.82
Cidformin 400mg Capsule,Atorvastatin,400mg,Capsule,Novartis Egypt,6225095502343,193.27
Octafen 50mg Syrup,Glimepiride,50mg,Syrup,Global Napi,6225448667903,240.05
Cidflox 850mg Capsule,Pregabalin,850mg,Capsule,Global Napi,6226623184352,249.95
Pharcocillin 5mg Tablet,Atorvastatin,5mg,Tablet,Apex,6220293741013,158.12
Sigfen 850mg Syrup,Levofloxacin,850mg,Syrup,October Pharma,6221540710097,153.97
Sigzole 100mg Capsule,Prednisolone,100mg,Capsule,Apex,6222828710457,200.37
Cidflox 100mg Injection,Dexamethasone,100mg,Injection,EIPICO,6220166512832,52.0
Epitine 500mg Syrup,Ceftriaxone,500mg,Syrup,Novartis Egypt,6225509671269,147.26
Ramflox 50mg Syrup,Levocetirizine,50mg,Syrup,Global Napi,6228691136196,146.62
Octatine 50mg Capsule,Dexamethasone,50mg,Capsule,Pharco,6227613306914,68.93
Cidcort 10mg Capsule,Desloratadine,10mg,Capsule,Pfizer Egypt,6229464520433,81.02
Sigtine 100mg Syrup,Azithromycin,100mg,Syrup,Memphis,6225883121541,209.66
Octatine 100mg Capsule,Pregabalin,100mg,Capsule,Nile,6228008507411,110.63
Alexcort 250mg Capsule,Metformin,250mg,Capsule,SEDICO,6229925149791,213.08
Amounfen 400mg Injection,Ketoprofen,400mg,Injection,GSK Egypt,6225166813545,149.07
Octacillin 250mg Tablet,Amoxicillin,250mg,Tablet,SEDICO,6223657852165,204.47
Epitine 100mg Injection,Glimepiride,100mg,Injection,MUP,6227771224662,205.61
Muptine 200mg Capsule,Escitalopram,200mg,Capsule,October Pharma,6222690007013,53.13
Ramstatin 200mg Injection,Ibuprofen,200mg,Injection,Amoun,6229314876253,82.61
Nileformin 500mg Syrup,Lansoprazole,500mg,Syrup,Rameda,6229292283753,19.98
Pharcozole 5mg Syrup,Hydrocortisone,5mg,Syrup,Apex,6227830273716,82.24
Pharcostatin 5mg Injection,Omeprazole,5mg,Injection,Nile,6226807063060,190.41
Sigmol 10mg Injection,Ceftriaxone,10mg,Injection,SEDICO,6227663259871,134.06
Ramtine 250mg Tablet,Pantoprazole,250mg,Tablet,Sanofi Egypt,6221990786703,39.71
Amounfen 50mg Syrup,Ibuprofen,50mg,Syrup,Delta Pharma,6225559711922,230.79
Pharcocillin 5mg Tablet,Bisoprolol,5mg,Tablet,EVA Pharma,6226782510054,216.08
Octaformin 850mg Tablet,Levofloxacin,850mg,Tablet,Marcyrl,6224835747334,46.01
Ramfen 500mg Tablet,Loratadine,500mg,Tablet,EVA Pharma,6224483406614,145.92
Epicort 500mg Capsule,Rabeprazole,500mg,Capsule,Alexandria,6225915214791,157.66
Cidcort 250mg Syrup,Pregabalin,250mg,Syrup,Rameda,6226488468901,142.21
Amounpress 500mg Tablet,Pantoprazole,500mg,Tablet,Alexandria,6226134543280,193.68
Sigpress 20mg Syrup,Bisoprolol,20mg,Syrup,CID,6225991682613,100.57
Alexflox 5mg Injection,Bisoprolol,5mg,Injection,Hikma Egypt,6223179636892,223.6
Epicillin 10mg Syrup,Cetirizine,10mg,Syrup,Pharco,6221938841464,119.68
Epiformin 400mg Injection,Ceftriaxone,400mg,Injection,Rameda,6221613963061,46.62
Rammol 850mg Injection,Ibuprofen,850mg,Injection,Rameda,6227691334304,142.74
Cidmol 50mg Syrup,Ceftriaxone,50mg,Syrup,EIPICO,6228338042347,34.94
Sigpress 50mg Capsule,Gabapentin,50mg,Capsule,CID,6227080117679,167.95
Octaformin 5mg Capsule,Desloratadine,5mg,Capsule,GSK Egypt,6222627946019,73.94
Cidpress 850mg Tablet,Levofloxacin,850mg,Tablet,SEDICO,6222092718081,212.41
Sigformin 200mg Injection,Sitagliptin,200mg,Injection,SEDICO,6221073646849,247.79
Alexpress 250mg Injection,Diclofenac,250mg,Injection,Pfizer Egypt,6224294004740,68.6
Octamol 200mg Tablet,Azithromycin,200mg,Tablet,Sanofi Egypt,6225687364007,246.47
Ramcort 400mg Injection,Empagliflozin,400mg,Injection,Apex,6224688648673,155.27
Alexmol 500mg Tablet,Ketoprofen,500mg,Tablet,Sigma,6226465222373,195.46
Pharcopress 1000mg Capsule,Glimepiride,1000mg,Capsule,Delta Pharma,6224079341732,207.62
Amounfen 850mg Tablet,Glimepiride,850mg,Tablet,Sanofi Egypt,6227958634567,119.22
Epipress 20mg Injection,Rabeprazole,20mg,Injection,MUP,6222494794195,118.92
Pharcomol 20mg Capsule,Empagliflozin,20mg,Capsule,EVA Pharma,6222972441092,186.27
Alexcillin 10mg Tablet,Bisoprolol,10mg,Tablet,Alexandria,6220139394892,187.26
Sigcillin 850mg Injection,Fluoxetine,850mg,Injection,Memphis,6220528950890,51.7
Cidtine 850mg Syrup,Pregabalin,850mg,Syrup,EIPICO,6220184470947,44.48
Sigzole 50mg Injection,Ciprofloxacin,50mg,Injection,MUP,6228586539279,227.83
Rammol 5mg Syrup,Lansoprazole,5mg,Syrup,Novartis Egypt,6223596114522,102.94
Octatine 400mg Tablet,Betamethasone,400mg,Tablet,Rameda,6228846260967,218.14
Alexcillin 500mg Tablet,Diclofenac,500mg,Tablet,Delta Pharma,6221021646952,247.12
Alexmol 1000mg Capsule,Empagliflozin,1000mg,Capsule,Hikma Egypt,6227723589061,180.47
Sigzole 850mg Capsule,Escitalopram,850mg,Capsule,Alexandria,6226796197302,146.15
Sigmol 20mg Tablet,Diclofenac,20mg,Tablet,MUP,6220141467386,224.69
Octacillin 10mg Injection,Empagliflozin,10mg,Injection,Sanofi Egypt,6227113145709,243.86
Pharcoformin 850mg Tablet,Pregabalin,850mg,Tablet,Marcyrl,6224128062212,132.03
Nilestatin 20mg Syrup,Gliclazide,20mg,Syrup,Sigma,6224386387201,53.47
Sigtine 1000mg Tablet,Pregabalin,1000mg,Tablet,Sanofi Egypt,6222084168795,50.23
Ramcillin 500mg Capsule,Esomeprazole,500mg,Capsule,Pfizer Egypt,6228833742834,111.72
Alexstatin 100mg Injection,Mometasone,100mg,Injection,Rameda,6228539583397,18.63
Octacort 850mg Tablet,Bisoprolol,850mg,Tablet,MUP,6224140341104,190.5
Nileformin 400mg Capsule,Gabapentin,400mg,Capsule,Pfizer Egypt,6220236324402,110.78
Ramstatin 850mg Injection,Loratadine,850mg,Injection,October Pharma,6222410617782,188.06
Mupformin 50mg Capsule,Levocetirizine,50mg,Capsule,SEDICO,6229546238720,204.31
Alexmol 50mg Injection,Glimepiride,50mg,Injection,October Pharma,6228209232389,70.48
Rammol 50mg Injection,Ceftriaxone,50mg,Injection,EIPICO,6221293072350,175.82
Nilepress 500mg Syrup,Empagliflozin,500mg,Syrup,MUP,6222497793973,170.31
Sigstatin 1000mg Syrup,Meloxicam,1000mg,Syrup,Pfizer Egypt,6225487658665,34.95
Amounpress 20mg Syrup,Meloxicam,20mg,Syrup,Delta Pharma,6229069163875,64.43
Cidcort 850mg Tablet,Gliclazide,850mg,Tablet,October Pharma,6225413795419,125.42
Cidfen 400mg Injection,Meloxicam,400mg,Injection,Kahira,6227821889865,184.3
Sigfen 400mg Injection,Gabapentin,400mg,Injection,CID,6228320953200,82.07
Alexstatin 100mg Syrup,Ciprofloxacin,100mg,Syrup,Memphis,6224797201608,87.64
Octacillin 10mg Tablet,Losartan,10mg,Tablet,Alexandria,6227787560334,60.63
Octafen 1000mg Injection,Meloxicam,1000mg,Injection,GSK Egypt,6224986887293,126.13
Pharcostatin 10mg Tablet,Desloratadine,10mg,Tablet,EIPICO,6227538396939,28.44
Sigcillin 400mg Injection,Gliclazide,400mg,Injection,Apex,6221227319322,77.32
Alexpress 250mg Injection,Esomeprazole,250mg,Injection,Pfizer Egypt,6221595349877,204.53
Epitine 200mg Syrup,Fluoxetine,200mg,Syrup,GSK Egypt,6228821027233,48.38
Sigformin 200mg Capsule,Gliclazide,200mg,Capsule,Pharco,6222618888274,171.19
Pharcopress 200mg Syrup,Fexofenadine,200mg,Syrup,Memphis,6228786091171,158.56
Muppress 200mg Capsule,Empagliflozin,200mg,Capsule,Sigma,6228494513682,15.27
Octazole 850mg Injection,Glimepiride,850mg,Injection,Rameda,6222453224510,141.05
Pharcotine 5mg Syrup,Azithromycin,5mg,Syrup,Apex,6222541661678,206.04
Alexpress 5mg Injection,Levofloxacin,5mg,Injection,Minapharm,6229440621048,166.04
Ramfen 1000mg Tablet,Betamethasone,1000mg,Tablet,Amoun,6220907986656,124.06
Alexstatin 50mg Injection,Omeprazole,50mg,Injection,Minapharm,6227341050776,228.69
Nileformin 5mg Syrup,Paracetamol,5mg,Syrup,Hikma Egypt,6220520370412,143.84
Nilestatin 10mg Injection,Sitagliptin,10mg,Injection,Amoun,6225245112927,131.18
Sigcillin 100mg Tablet,Cetirizine,100mg,Tablet,Nile,6224237928065,242.22
Sigstatin 400mg Injection,Rabeprazole,400mg,Injection,October Pharma,6225290612298,193.42
Octacort 250mg Capsule,Sertraline,250mg,Capsule,MUP,6220071667009,136.67
Mupstatin 850mg Capsule,Meloxicam,850mg,Capsule,Memphis,6226377664964,66.33
Epistatin 250mg Capsule,Valsartan,250mg,Capsule,EIPICO,6226938813428,130.01
Amounmol 500mg Capsule,Glimepiride,500mg,Capsule,Sigma,6226030706499,210.3
Epifen 850mg Injection,Levocetirizine,850mg,Injection,Kahira,6222883216895,246.79
Amounformin 5mg Tablet,Betamethasone,5mg,Tablet,GSK Egypt,6228955924163,221.97
Mupformin 850mg Tablet,Gliclazide,850mg,Tablet,Marcyrl,6224216616488,141.45
Amounformin 250mg Capsule,Escitalopram,250mg,Capsule,EVA Pharma,6220742117123,43.93
Epizole 850mg Capsule,Sitagliptin,850mg,Capsule,Global Napi,6227297388985,25.87
Ramflox 20mg Injection,Prednisolone,20mg,Injection,Amoun,6227495761436,105.9
Sigstatin 100mg Tablet,Amoxicillin,100mg,Tablet,Apex,6224647330427,171.35
Alextine 5mg Injection,Gabapentin,5mg,Injection,EIPICO,6224749708896,46.98
Alexzole 10mg Capsule,Levocetirizine,10mg,Capsule,October Pharma,6229339202846,57.56
Cidfen 250mg Syrup,Omeprazole,250mg,Syrup,Delta Pharma,6226799046706,60.69
Amounpress 200mg Syrup,Sitagliptin,200mg,Syrup,CID,6225207259035,190.99
Amounpress 850mg Syrup,Valsartan,850mg,Syrup,October Pharma,6225273259779,212.19
Cidformin 100mg Syrup,Amoxicillin,100mg,Syrup,Nile,6229049610511,128.6
Amounmol 5mg Injection,Cetirizine,5mg,Injection,SEDICO,6221297612347,207.33
Ramzole 1000mg Syrup,Gabapentin,1000mg,Syrup,Sanofi Egypt,6229518151576,53.33
Epistatin 250mg Tablet,Cetirizine,250mg,Tablet,SEDICO,6228466554538,188.88
Amountine 850mg Capsule,Gliclazide,850mg,Capsule,Sanofi Egypt,6223499006788,228.25
Nilepress 400mg Injection,Escitalopram,400mg,Injection,Amoun,6222085573086,211.87
Nilefen 200mg Injection,Ceftriaxone,200mg,Injection,Pfizer Egypt,6223539308575,232.35
Mupzole 850mg Tablet,Atorvastatin,850mg,Tablet,Nile,6222884598402,78.72
Sigpress 1000mg Tablet,Ciprofloxacin,1000mg,Tablet,Novartis Egypt,6225248622737,64.03
Octaflox 250mg Injection,Escitalopram,250mg,Injection,Memphis,6227919660932,189.24
Alexcort 250mg Injection,Hydrocortisone,250mg,Injection,MUP,6228175927722,52.03
Amountine 400mg Tablet,Amlodipine,400mg,Tablet,Pharco,6223851580307,153.22
Epimol 5mg Syrup,Amoxicillin,5mg,Syrup,SEDICO,6226509123222,22.54
Sigflox 500mg Injection,Lansoprazole,500mg,Injection,October Pharma,6227808436709,199.09
Alexcillin 400mg Tablet,Diclofenac,400mg,Tablet,Global Napi,6226209116326,151.28
Amountine 20mg Tablet,Prednisolone,20mg,Tablet,Hikma Egypt,6222640483140,87.49
Cidcort 200mg Capsule,Cetirizine,200mg,Capsule,Sigma,6226402073549,217.84
Octastatin 5mg Syrup,Diclofenac,5mg,Syrup,Sanofi Egypt,6224182339893,66.88
Amounflox 10mg Syrup,Mometasone,10mg,Syrup,Kahira,6226235817907,70.04
Amounstatin 250mg Syrup,Gabapentin,250mg,Syrup,Alexandria,6224910212641,186.67
Mupflox 20mg Capsule,Sitagliptin,20mg,Capsule,CID,6220439663544,148.3
Alexzole 250mg Capsule,Cetirizine,250mg,Capsule,Hikma Egypt,6220430712333,171.34
Nilestatin 200mg Tablet,Pregabalin,200mg,Tablet,Pharco,6223103302817,76.46
Mupzole 100mg Syrup,Desloratadine,100mg,Syrup,Global Napi,6226207694055,108.01
Epipress 10mg Tablet,Cetirizine,10mg,Tablet,Global Napi,6220126066870,104.3
Sigcort 1000mg Injection,Mometasone,1000mg,Injection,SEDICO,6225949121836,244.76
Cidflox 200mg Tablet,Amoxicillin,200mg,Tablet,Sigma,6228437085245,174.1
Ramcillin 400mg Tablet,Ibuprofen,400mg,Tablet,Memphis,6220091793191,21.33
Epistatin 1000mg Tablet,Loratadine,1000mg,Tablet,Apex,6222805653180,159.13
Mupflox 100mg Injection,Levocetirizine,100mg,Injection,MUP,6229167333774,28.29
Alextine 1000mg Tablet,Desloratadine,1000mg,Tablet,Novartis Egypt,6226670540095,23.52
Nilefen 1000mg Tablet,Prednisolone,1000mg,Tablet,Novartis Egypt,6222186952810,206.98
Ramfen 850mg Syrup,Hydrocortisone,850mg,Syrup,Global Napi,6220489463859,89.03
Alexcillin 850mg Capsule,Cetirizine,850mg,Capsule,Nile,6227065146311,206.72
Cidstatin 850mg Injection,Valsartan,850mg,Injection,Delta Pharma,6228530602165,103.55
Mupcillin 10mg Capsule,Esomeprazole,10mg,Capsule,October Pharma,6224777815672,208.72
Octaflox 500mg Injection,Esomeprazole,500mg,Injection,Amoun,6222745609162,82.89
Cidflox 200mg Syrup,Loratadine,200mg,Syrup,CID,6226629476055,243.82
Sigcort 500mg Injection,Ceftriaxone,500mg,Injection,Pfizer Egypt,6225953206963,32.26
Sigzole 20mg Injection,Ceftriaxone,20mg,Injection,Marcyrl,6228242671138,28.34
Mupzole 400mg Capsule,Pregabalin,400mg,Capsule,Global Napi,6225313761194,104.24
Alexstatin 850mg Tablet,Ciprofloxacin,850mg,Tablet,Novartis Egypt,6223027169176,88.43
Amounzole 20mg Syrup,Valsartan,20mg,Syrup,MUP,6224105264431,22.78
Ramtine 200mg Capsule,Empagliflozin,200mg,Capsule,Hikma Egypt,6224704809095,89.49
Sigstatin 10mg Capsule,Diclofenac,10mg,Capsule,Global Napi,6221940847096,120.97
Cidmol 20mg Tablet,Prednisolone,20mg,Tablet,Delta Pharma,6226050837890,74.47
Amounzole 400mg Syrup,Paracetamol,400mg,Syrup,Alexandria,6229860019562,103.27
Sigtine 5mg Capsule,Ciprofloxacin,5mg,Capsule,Nile,6228964795068,198.81
Muppress 50mg Tablet,Sitagliptin,50mg,Tablet,Novartis Egypt,6228556332152,186.33
Ramtine 5mg Capsule,Ibuprofen,5mg,Capsule,Apex,6223466438611,123.63
Alexmol 10mg Syrup,Pantoprazole,10mg,Syrup,Marcyrl,6223532427679,55.82
Nilepress 850mg Syrup,Ibuprofen,850mg,Syrup,Delta Pharma,6222990484804,244.85
Pharcotine 850mg Tablet,Gliclazide,850mg,Tablet,Novartis Egypt,6229517502690,38.19
Alexpress 1000mg Capsule,Amlodipine,1000mg,Capsule,Apex,6228986465802,75.49
Amounfen 100mg Injection,Escitalopram,100mg,Injection,Novartis Egypt,6229827555942,178.05
Pharcofen 250mg Capsule,Losartan,250mg,Capsule,October Pharma,6224993716340,106.39
Ramstatin 400mg Tablet,Ketoprofen,400mg,Tablet,Sigma,6221418882208,167.12
Ramflox 50mg Injection,Empagliflozin,50mg,Injection,Minapharm,6228357842188,20.01
Octafen 250mg Syrup,Ciprofloxacin,250mg,Syrup,SEDICO,6229994639919,214.93
Alexflox 850mg Tablet,Meloxicam,850mg,Tablet,Minapharm,6224622823142,172.81
Epimol 250mg Injection,Empagliflozin,250mg,Injection,Delta Pharma,6227698778330,218.73
Nilepress 200mg Capsule,Ibuprofen,200mg,Capsule,Global Napi,6221078938444,61.97
Pharcotine 5mg Syrup,Ceftriaxone,5mg,Syrup,Pfizer Egypt,6223093036648,159.06
Sigmol 500mg Syrup,Paracetamol,500mg,Syrup,Rameda,6224620743893,154.82
Nileflox 400mg Syrup,Esomeprazole,400mg,Syrup,Pharco,6225593209669,145.28
Pharcopress 50mg Tablet,Losartan,50mg,Tablet,Amoun,6224867882324,85.11
Muptine 200mg Syrup,Pantoprazole,200mg,Syrup,Memphis,6224808360058,63.61
Alextine 400mg Tablet,Loratadine,400mg,Tablet,Sanofi Egypt,6220608305992,65.9
Epiformin 10mg Capsule,Hydrocortisone,10mg,Capsule,Rameda,6226751903788,186.68
Mupflox 50mg Tablet,Ibuprofen,50mg,Tablet,Alexandria,6222523009153,182.8
Alextine 1000mg Capsule,Losartan,1000mg,Capsule,SEDICO,6225745971925,225.29
Mupmol 400mg Syrup,Betamethasone,400mg,Syrup,EVA Pharma,6222689018273,195.05
Octaformin 400mg Tablet,Lansoprazole,400mg,Tablet,EIPICO,6224632505861,158.26
Octamol 1000mg Syrup,Bisoprolol,1000mg,Syrup,Sanofi Egypt,6223987987476,106.9
Amounmol 250mg Syrup,Sitagliptin,250mg,Syrup,MUP,6226484789529,42.25
Muppress 5mg Tablet,Pantoprazole,5mg,Tablet,GSK Egypt,6226768482313,243.07
Alextine 50mg Capsule,Ceftriaxone,50mg,Capsule,GSK Egypt,6226082955463,69.3
Sigzole 10mg Injection,Cetirizine,10mg,Injection,EVA Pharma,6228889260207,94.56
Cidzole 850mg Syrup,Paracetamol,850mg,Syrup,Marcyrl,6226819712635,119.56
Octastatin 1000mg Injection,Atorvastatin,1000mg,Injection,Alexandria,6226162221952,65.53
Ramflox 500mg Capsule,Ibuprofen,500mg,Capsule,Amoun,6226695239998,78.06
Cidpress 200mg Syrup,Betamethasone,200mg,Syrup,Memphis,6222180711499,32.43
Epicort 10mg Injection,Dexamethasone,10mg,Injection,SEDICO,6228582506718,61.92
Pharcocillin 50mg Syrup,Fluoxetine,50mg,Syrup,Hikma Egypt,6222498842953,208.46
Epimol 20mg Capsule,Metformin,20mg,Capsule,Memphis,6228826109132,34.94
Sigzole 50mg Syrup,Gabapentin,50mg,Syrup,Minapharm,6227096276896,129.61
Rampress 850mg Syrup,Hydrocortisone,850mg,Syrup,Memphis,6229425436162,76.46
Ramformin 20mg Injection,Mometasone,20mg,Injection,Rameda,6227613354045,51.43
Sigflox 500mg Tablet,Desloratadine,500mg,Tablet,Hikma Egypt,6227189196704,100.21
Alexpress 5mg Tablet,Diclofenac,5mg,Tablet,Sigma,6222211914004,60.54
Sigtine 50mg Capsule,Fexofenadine,50mg,Capsule,Sanofi Egypt,6224140086746,245.2
Amounzole 20mg Syrup,Lansoprazole,20mg,Syrup,Amoun,6221689636326,159.49
Mupstatin 1000mg Tablet,Prednisolone,1000mg,Tablet,Pfizer Egypt,6220207501504,197.68
Amounformin 10mg Tablet,Cetirizine,10mg,Tablet,EIPICO,6220373261080,119.67
Pharcoflox 100mg Tablet,Azithromycin,100mg,Tablet,Alexandria,6227983779110,32.94
Ramcort 5mg Tablet,Atorvastatin,5mg,Tablet,Global Napi,6227225015570,112.82
Epistatin 1000mg Injection,Gliclazide,1000mg,Injection,Global Napi,6222444337694,99.16
Amounfen 200mg Capsule,Esomeprazole,200mg,Capsule,Sanofi Egypt,6220467983423,35.38
Octaflox 10mg Injection,Atorvastatin,10mg,Injection,Memphis,6220273854849,37.67
Alexstatin 500mg Capsule,Escitalopram,500mg,Capsule,Kahira,6221008648696,102.58
Pharcoformin 500mg Injection,Ceftriaxone,500mg,Injection,Nile,6229438577845,201.35
Epizole 20mg Tablet,Amlodipine,20mg,Tablet,Minapharm,6226456652264,119.19
Mupflox 1000mg Tablet,Sertraline,1000mg,Tablet,Nile,6227186014995,201.71
Muppress 250mg Capsule,Azithromycin,250mg,Capsule,Sigma,6221998018097,41.3
Epimol 10mg Capsule,Loratadine,10mg,Capsule,MUP,6225921705061,97.57
Cidzole 1000mg Syrup,Omeprazole,1000mg,Syrup,Memphis,6229144878939,132.82
Nilestatin 100mg Syrup,Cetirizine,100mg,Syrup,Marcyrl,6228834684164,42.79
Octacillin 100mg Syrup,Meloxicam,100mg,Syrup,Nile,6225405316967,150.75
Pharcocort 400mg Injection,Ceftriaxone,400mg,Injection,GSK Egypt,6223073519291,222.27
Nileformin 400mg Capsule,Pantoprazole,400mg,Capsule,Memphis,6229045525741,76.0
Nilezole 850mg Tablet,Rabeprazole,850mg,Tablet,MUP,6222538027234,49.87
Alexformin 500mg Syrup,Prednisolone,500mg,Syrup,Minapharm,6222410518614,58.2
Sigformin 250mg Syrup,Pregabalin,250mg,Syrup,Apex,6221911059350,75.24
Nilestatin 500mg Injection,Prednisolone,500mg,Injection,Minapharm,6223244383478,247.46
Ramfen 850mg Tablet,Prednisolone,850mg,Tablet,GSK Egypt,6225110836378,214.3
Ramtine 10mg Capsule,Desloratadine,10mg,Capsule,Pharco,6228303428114,66.21
Alexstatin 5mg Syrup,Losartan,5mg,Syrup,Rameda,6225934727951,204.07
Amounformin 1000mg Syrup,Loratadine,1000mg,Syrup,Rameda,6222750445427,231.97
Alexzole 500mg Tablet,Amoxicillin,500mg,Tablet,Global Napi,6226822469793,244.76
Epimol 850mg Tablet,Paracetamol,850mg,Tablet,Kahira,6223185358344,161.72
Ramstatin 1000mg Tablet,Sertraline,1000mg,Tablet,Rameda,6220359843187,203.79
Cidmol 50mg Tablet,Prednisolone,50mg,Tablet,Minapharm,6228411838232,59.68
Nileformin 100mg Syrup,Dexamethasone,100mg,Syrup,MUP,6220122457245,152.16
Octacort 50mg Capsule,Gabapentin,50mg,Capsule,Amoun,6220065696626,123.58
Octaflox 850mg Syrup,Betamethasone,850mg,Syrup,Hikma Egypt,6220595451504,74.48
Alexpress 250mg Injection,Meloxicam,250mg,Injection,GSK Egypt,6227011880764,43.62
Alexcort 1000mg Capsule,Pregabalin,1000mg,Capsule,Sanofi Egypt,6222819748940,183.53
Nilecillin 500mg Syrup,Atorvastatin,500mg,Syrup,Alexandria,6223797107729,37.99
Cidcillin 200mg Injection,Lansoprazole,200mg,Injection,EVA Pharma,6226001992890,222.46
Epicillin 10mg Capsule,Azithromycin,10mg,Capsule,Delta Pharma,6226126979462,79.64
Alextine 1000mg Capsule,Glimepiride,1000mg,Capsule,Nile,6220823525717,124.24
Pharcopress 850mg Injection,Lansoprazole,850mg,Injection,MUP,6229161828085,94.98
Cidtine 100mg Injection,Rabeprazole,100mg,Injection,Global Napi,6223327622456,16.39
Nileflox 10mg Tablet,Metformin,10mg,Tablet,Novartis Egypt,6225827446860,183.05
Pharcotine 100mg Syrup,Empagliflozin,100mg,Syrup,Pharco,6227453577253,168.71
Muppress 10mg Capsule,Bisoprolol,10mg,Capsule,October Pharma,6220801218938,110.21
Mupmol 20mg Syrup,Sitagliptin,20mg,Syrup,MUP,6229689250276,188.08
Epifen 250mg Capsule,Diclofenac,250mg,Capsule,October Pharma,6226488475206,184.56
Alexzole 850mg Tablet,Amoxicillin,850mg,Tablet,Marcyrl,6229658662925,44.15
Epistatin 500mg Syrup,Valsartan,500mg,Syrup,GSK Egypt,6229472840868,69.26
Nilezole 100mg Tablet,Sertraline,100mg,Tablet,Pharco,6222624547158,57.73
Nilecort 100mg Capsule,Ciprofloxacin,100mg,Capsule,GSK Egypt,6227280524772,56.12
Sigcillin 10mg Injection,Ciprofloxacin,10mg,Injection,Minapharm,6225538993127,45.29
Octamol 850mg Capsule,Pantoprazole,850mg,Capsule,Sanofi Egypt,6221941172012,146.88
Epicort 50mg Injection,Diclofenac,50mg,Injection,MUP,6222316388403,74.71
Amounflox 5mg Tablet,Omeprazole,5mg,Tablet,Hikma Egypt,6222695621849,173.69
Ramstatin 1000mg Capsule,Rabeprazole,1000mg,Capsule,Hikma Egypt,6226146120615,47.04
Octaformin 500mg Injection,Valsartan,500mg,Injection,Sigma,6227446003271,240.1
Cidmol 10mg Capsule,Valsartan,10mg,Capsule,Memphis,6228852494899,141.2
Amounmol 1000mg Tablet,Prednisolone,1000mg,Tablet,Apex,6222096413739,117.16
Epimol 10mg Capsule,Loratadine,10mg,Capsule,Pfizer Egypt,6228086168924,190.37
Epipress 10mg Capsule,Gliclazide,10mg,Capsule,GSK Egypt,6223979140438,218.43
Octastatin 400mg Syrup,Atorvastatin,400mg,Syrup,EIPICO,6228431692692,144.21
Sigpress 850mg Tablet,Amoxicillin,850mg,Tablet,Alexandria,6225270654997,221.31
Cidmol 50mg Syrup,Ciprofloxacin,50mg,Syrup,Pfizer Egypt,6220997723193,121.78
Amounfen 850mg Tablet,Ibuprofen,850mg,Tablet,Minapharm,6220913707467,248.72
Pharcoformin 100mg Tablet,Mometasone,100mg,Tablet,MUP,6225161886605,84.62
Pharcopress 850mg Tablet,Ceftriaxone,850mg,Tablet,Rameda,6224099797960,78.89
Amounflox 50mg Syrup,Levocetirizine,50mg,Syrup,SEDICO,6225203334217,241.48
Muptine 850mg Capsule,Cetirizine,850mg,Capsule,Minapharm,6226162851524,246.93
Alexflox 850mg Injection,Levocetirizine,850mg,Injection,Amoun,6223602950502,89.18
Ramcort 200mg Tablet,Ceftriaxone,200mg,Tablet,Apex,6221742083180,208.04
Nilecillin 20mg Injection,Fexofenadine,20mg,Injection,Novartis Egypt,6223489543286,201.69
Cidfen 50mg Capsule,Bisoprolol,50mg,Capsule,Apex,6224320239429,224.22
Cidflox 50mg Tablet,Ketoprofen,50mg,Tablet,Rameda,6226310953698,55.21
Alexfen 20mg Capsule,Paracetamol,20mg,Capsule,Memphis,6222745686378,134.27
Sigcillin 250mg Injection,Hydrocortisone,250mg,Injection,EVA Pharma,6224436433421,176.04
Pharcoflox 400mg Syrup,Azithromycin,400mg,Syrup,Novartis Egypt,6224696553228,195.66
Cidpress 400mg Injection,Gliclazide,400mg,Injection,October Pharma,6228644280297,73.21
Octamol 250mg Syrup,Diclofenac,250mg,Syrup,Apex,6226410132979,141.72
Mupcillin 250mg Capsule,Ciprofloxacin,250mg,Capsule,MUP,6221236958840,176.27
Pharcostatin 850mg Tablet,Amoxicillin,850mg,Tablet,EVA Pharma,6225616859659,92.89
Octacort 250mg Injection,Desloratadine,250mg,Injection,Pfizer Egypt,6224547099073,224.85
Ramformin 50mg Syrup,Desloratadine,50mg,Syrup,Hikma Egypt,6224378007865,100.87
Octaformin 100mg Injection,Ceftriaxone,100mg,Injection,Amoun,6223904518639,244.65
Mupcort 250mg Tablet,Amlodipine,250mg,Tablet,SEDICO,6223203892263,181.97
Pharcoflox 850mg Syrup,Ketoprofen,850mg,Syrup,Nile,6223470587237,67.8
Amouncillin 50mg Capsule,Valsartan,50mg,Capsule,Nile,6222267996771,90.08
Alexpress 50mg Syrup,Bisoprolol,50mg,Syrup,MUP,6223564084659,39.49
Nilecort 10mg Capsule,Ceftriaxone,10mg,Capsule,Amoun,6225939321994,172.08
Epimol 50mg Tablet,Cetirizine,50mg,Tablet,Rameda,6222391834017,45.19
Nilecort 500mg Tablet,Fexofenadine,500mg,Tablet,Amoun,6228384686984,214.23
Ramcort 500mg Capsule,Gliclazide,500mg,Capsule,Novartis Egypt,6223204726727,95.6
Sigflox 500mg Capsule,Hydrocortisone,500mg,Capsule,Sanofi Egypt,6226016956207,166.03
Ramfen 850mg Tablet,Meloxicam,850mg,Tablet,Pharco,6227719142591,107.2
Nilefen 400mg Injection,Ceftriaxone,400mg,Injection,Novartis Egypt,6222857660884,232.02
Octaflox 100mg Syrup,Losartan,100mg,Syrup,Delta Pharma,6220325284921,129.45
Alexmol 1000mg Syrup,Loratadine,1000mg,Syrup,Kahira,6225542749383,141.39
Octacort 500mg Injection,Metformin,500mg,Injection,Rameda,6226565132299,34.33
Mupstatin 100mg Syrup,Pantoprazole,100mg,Syrup,Novartis Egypt,6227157976543,93.28
Octastatin 5mg Syrup,Meloxicam,5mg,Syrup,EIPICO,6228759190443,228.0
Pharcofen 5mg Capsule,Glimepiride,5mg,Capsule,Apex,6229766080208,79.55
Epicillin 250mg Capsule,Ketoprofen,250mg,Capsule,Minapharm,6228678429600,195.99
Amouncillin 850mg Tablet,Losartan,850mg,Tablet,EVA Pharma,6226512331225,187.29
Amounmol 100mg Injection,Loratadine,100mg,Injection,Novartis Egypt,6221867888622,22.81
Ramzole 100mg Injection,Empagliflozin,100mg,Injection,Novartis Egypt,6229156969748,232.68
Sigflox 250mg Capsule,Gabapentin,250mg,Capsule,Apex,6223343611731,152.77
Sigfen 50mg Injection,Levocetirizine,50mg,Injection,October Pharma,6228256900965,53.92
Muptine 500mg Injection,Ibuprofen,500mg,Injection,Amoun,6225656087760,221.94
Alexformin 1000mg Injection,Sitagliptin,1000mg,Injection,GSK Egypt,6221607564328,78.93
Nilecort 250mg Capsule,Empagliflozin,250mg,Capsule,Hikma Egypt,6220320338117,112.44
Ramzole 250mg Injection,Levocetirizine,250mg,Injection,Alexandria,6222625223860,53.25
Alextine 200mg Capsule,Loratadine,200mg,Capsule,Marcyrl,6223837894657,34.37
Epicillin 100mg Tablet,Betamethasone,100mg,Tablet,GSK Egypt,6224633382751,39.76
Octazole 20mg Capsule,Rabeprazole,20mg,Capsule,Amoun,6223076312981,64.7
Ramtine 5mg Injection,Desloratadine,5mg,Injection,Delta Pharma,6227306880677,134.29
Alexpress 500mg Syrup,Sitagliptin,500mg,Syrup,Sanofi Egypt,6226785278951,23.75
Nilezole 500mg Tablet,Fexofenadine,500mg,Tablet,Novartis Egypt,6226253278797,226.68
Nilefen 200mg Injection,Ibuprofen,200mg,Injection,Minapharm,6224026576453,49.67
Pharcoflox 200mg Tablet,Omeprazole,200mg,Tablet,Hikma Egypt,6227502391755,71.58
Pharcostatin 20mg Tablet,Losartan,20mg,Tablet,EVA Pharma,6220877313667,47.4
Amounstatin 200mg Capsule,Bisoprolol,200mg,Capsule,Novartis Egypt,6222549567491,149.69
Cidflox 10mg Tablet,Escitalopram,10mg,Tablet,October Pharma,6229096393993,194.28
Alexcort 500mg Tablet,Diclofenac,500mg,Tablet,Minapharm,6221114424559,108.69
Pharcomol 20mg Capsule,Escitalopram,20mg,Capsule,October Pharma,6221870520199,97.76
Ramflox 10mg Syrup,Pregabalin,10mg,Syrup,Alexandria,6224565831938,186.84
Pharcostatin 10mg Capsule,Ceftriaxone,10mg,Capsule,Sanofi Egypt,6228456863534,73.03
Octastatin 200mg Injection,Levocetirizine,200mg,Injection,Apex,6226592129903,109.26
Amounformin 200mg Injection,Amoxicillin,200mg,Injection,SEDICO,6223462739552,158.12
Pharcopress 5mg Injection,Fexofenadine,5mg,Injection,EIPICO,6228864091192,55.05
Ramcillin 1000mg Injection,Hydrocortisone,1000mg,Injection,MUP,6228086426314,112.9
Ramstatin 50mg Tablet,Pregabalin,50mg,Tablet,EIPICO,6227057401152,84.45
Sigfen 250mg Injection,Levofloxacin,250mg,Injection,Amoun,6223925921029,107.19
Pharcomol 10mg Injection,Azithromycin,10mg,Injection,Alexandria,6226540881235,147.04
Mupzole 5mg Tablet,Sitagliptin,5mg,Tablet,Hikma Egypt,6228313164057,208.39
Ramformin 10mg Injection,Esomeprazole,10mg,Injection,Memphis,6228303055327,226.92
Cidflox 20mg Injection,Azithromycin,20mg,Injection,MUP,6220844416612,194.41
Pharcomol 200mg Injection,Levofloxacin,200mg,Injection,Pharco,6224046966906,99.65
Alexmol 200mg Syrup,Pregabalin,200mg,Syrup,EIPICO,6225344306326,59.15
Epicort 100mg Injection,Loratadine,100mg,Injection,Sigma,6220785984317,236.18
Ramtine 1000mg Injection,Valsartan,1000mg,Injection,Sanofi Egypt,6224191775088,96.45
Sigcillin 200mg Syrup,Diclofenac,200mg,Syrup,Nile,6229246734188,152.1
Pharcocort 250mg Injection,Cetirizine,250mg,Injection,Alexandria,6220313786147,157.39
Mupzole 850mg Capsule,Gabapentin,850mg,Capsule,Pfizer Egypt,6223967861574,52.72
Mupformin 850mg Injection,Atorvastatin,850mg,Injection,SEDICO,6221200782143,178.86
Muptine 200mg Syrup,Loratadine,200mg,Syrup,EIPICO,6229810695037,236.28
Nilecort 50mg Injection,Levofloxacin,50mg,Injection,GSK Egypt,6221758633140,45.83
Mupzole 850mg Capsule,Atorvastatin,850mg,Capsule,Pharco,6229480636538,49.41
Pharcopress 5mg Syrup,Fluoxetine,5mg,Syrup,EIPICO,6220547547620,223.43
Nileflox 5mg Tablet,Amoxicillin,5mg,Tablet,October Pharma,6226469763360,28.75
Octaflox 20mg Capsule,Escitalopram,20mg,Capsule,EVA Pharma,6220480716947,147.47
Sigzole 850mg Tablet,Amoxicillin,850mg,Tablet,Pfizer Egypt,6221481509279,184.58
Nilezole 500mg Injection,Diclofenac,500mg,Injection,Marcyrl,6225081289128,199.54
Cidfen 1000mg Injection,Gliclazide,1000mg,Injection,MUP,6226528715804,179.05
Nilestatin 20mg Syrup,Ceftriaxone,20mg,Syrup,Nile,6223516583964,120.94
Amouncillin 1000mg Syrup,Esomeprazole,1000mg,Syrup,Global Napi,6225990190355,193.0
Octafen 10mg Injection,Amlodipine,10mg,Injection,Pharco,6228530395616,150.16
Ramcillin 50mg Capsule,Prednisolone,50mg,Capsule,GSK Egypt,6225574655911,43.02
Mupformin 20mg Tablet,Gliclazide,20mg,Tablet,Alexandria,6228210808856,183.94
Ramstatin 1000mg Capsule,Ibuprofen,1000mg,Capsule,Amoun,6223044641235,26.34
Alexmol 5mg Injection,Dexamethasone,5mg,Injection,CID,6223326690272,79.11
Ramcort 50mg Capsule,Sitagliptin,50mg,Capsule,Novartis Egypt,6226401863837,171.52
Epipress 400mg Injection,Metformin,400mg,Injection,Nile,6224306709298,166.66
Octamol 1000mg Injection,Fluoxetine,1000mg,Injection,GSK Egypt,6223982342034,104.69
Mupcort 100mg Syrup,Ketoprofen,100mg,Syrup,Pfizer Egypt,6221840006470,121.0
Mupcillin 1000mg Injection,Losartan,1000mg,Injection,October Pharma,6229751648635,206.86
Amounflox 850mg Capsule,Fluoxetine,850mg,Capsule,Pharco,6223814862099,33.75
Nilestatin 500mg Tablet,Empagliflozin,500mg,Tablet,GSK Egypt,6222868343639,159.63
Alexfen 100mg Capsule,Levocetirizine,100mg,Capsule,Rameda,6226921707116,118.8
Nilemol 500mg Capsule,Gliclazide,500mg,Capsule,CID,6226897396765,219.97
Epicort 1000mg Tablet,Prednisolone,1000mg,Tablet,Hikma Egypt,6220693198547,112.84
Nilecillin 50mg Tablet,Fluoxetine,50mg,Tablet,EVA Pharma,6228334176343,64.16
Sigformin 50mg Syrup,Valsartan,50mg,Syrup,Minapharm,6222523259602,195.0
Cidzole 400mg Tablet,Paracetamol,400mg,Tablet,Nile,6220620971700,159.52
Sigzole 1000mg Capsule,Sitagliptin,1000mg,Capsule,GSK Egypt,6228956435743,196.77
Nilezole 50mg Injection,Ketoprofen,50mg,Injection,Sanofi Egypt,6224623094411,206.32
Cidformin 850mg Syrup,Losartan,850mg,Syrup,Amoun,6220372553544,220.17
Cidzole 400mg Syrup,Levocetirizine,400mg,Syrup,EIPICO,6226469311233,138.95
Ramcort 500mg Syrup,Esomeprazole,500mg,Syrup,Delta Pharma,6221035114980,150.78
Nileflox 500mg Capsule,Levofloxacin,500mg,Capsule,Amoun,6224487011746,98.27
Nilepress 850mg Capsule,Meloxicam,850mg,Capsule,Delta Pharma,6227279211997,153.63
Ramcort 10mg Syrup,Ketoprofen,10mg,Syrup,SEDICO,6220390461296,212.26
Cidzole 100mg Capsule,Hydrocortisone,100mg,Capsule,Minapharm,6229262041284,203.27
Muppress 850mg Injection,Sertraline,850mg,Injection,Kahira,6221823174226,72.3
Alexmol 200mg Tablet,Desloratadine,200mg,Tablet,Alexandria,6224441450420,136.72
Amounmol 50mg Capsule,Pregabalin,50mg,Capsule,Global Napi,6220397204933,80.49
Nilecort 50mg Injection,Mometasone,50mg,Injection,SEDICO,6228584251524,44.31
Epiflox 50mg Syrup,Gliclazide,50mg,Syrup,Hikma Egypt,6227022278222,156.28
Nilefen 100mg Tablet,Valsartan,100mg,Tablet,October Pharma,6222010778555,59.88
Pharcozole 10mg Syrup,Empagliflozin,10mg,Syrup,Global Napi,6220569841645,224.12
Alexmol 5mg Syrup,Pregabalin,5mg,Syrup,GSK Egypt,6229907624872,207.56
Epiflox 500mg Syrup,Metformin,500mg,Syrup,Novartis Egypt,6227002105470,100.65
Pharcotine 200mg Syrup,Sertraline,200mg,Syrup,Pharco,6224379002630,34.08
Epifen 50mg Syrup,Losartan,50mg,Syrup,Pharco,6222530264040,82.19
Epitine 20mg Tablet,Meloxicam,20mg,Tablet,GSK Egypt,6228178807878,93.48
Octatine 50mg Syrup,Glimepiride,50mg,Syrup,Nile,6226094502129,42.93
Pharcofen 500mg Syrup,Meloxicam,500mg,Syrup,Novartis Egypt,6224347777188,115.24
Cidtine 500mg Syrup,Gliclazide,500mg,Syrup,SEDICO,6224879579793,28.69
Nilepress 5mg Tablet,Ciprofloxacin,5mg,Tablet,SEDICO,6225974276525,35.39
Amounfen 400mg Capsule,Amlodipine,400mg,Capsule,Delta Pharma,6220609158788,52.64
Octapress 10mg Syrup,Metformin,10mg,Syrup,Marcyrl,6223936762536,114.17
Epiformin 1000mg Capsule,Hydrocortisone,1000mg,Capsule,Kahira,6225894396846,84.45
Sigformin 200mg Capsule,Sertraline,200mg,Capsule,Pharco,6226458890398,164.06
Niletine 50mg Injection,Sitagliptin,50mg,Injection,GSK Egypt,6228679308096,87.37
Nilezole 5mg Tablet,Desloratadine,5mg,Tablet,October Pharma,6227574911073,147.62
Nilemol 500mg Injection,Metformin,500mg,Injection,Minapharm,6229441771520,74.8
Ramzole 200mg Syrup,Metformin,200mg,Syrup,October Pharma,6223306688435,66.7
Mupstatin 20mg Capsule,Losartan,20mg,Capsule,Global Napi,6220978333212,26.17
Pharcomol 250mg Syrup,Valsartan,250mg,Syrup,EVA Pharma,6220615858764,227.52
Pharcofen 5mg Tablet,Sitagliptin,5mg,Tablet,Kahira,6226640042918,144.95
Octamol 50mg Injection,Gliclazide,50mg,Injection,October Pharma,6225624881017,225.94
Niletine 20mg Capsule,Betamethasone,20mg,Capsule,Amoun,6220850696558,164.41
Epicort 200mg Tablet,Glimepiride,200mg,Tablet,Sigma,6225681867030,145.03
Ramcort 10mg Tablet,Losartan,10mg,Tablet,MUP,6226517848636,246.62
Mupmol 50mg Capsule,Ceftriaxone,50mg,Capsule,GSK Egypt,6223327994256,33.62
Sigtine 250mg Syrup,Bisoprolol,250mg,Syrup,Marcyrl,6223331930387,43.4
Amouncort 5mg Tablet,Ibuprofen,5mg,Tablet,EVA Pharma,6221074094335,215.29
Cidflox 250mg Injection,Loratadine,250mg,Injection,Nile,6229473806955,74.89
Epistatin 100mg Capsule,Meloxicam,100mg,Capsule,Kahira,6229519409713,108.53
Mupflox 10mg Injection,Loratadine,10mg,Injection,Global Napi,6221160972615,34.72
Sigflox 100mg Injection,Ibuprofen,100mg,Injection,GSK Egypt,6223107588552,32.04
Mupzole 500mg Syrup,Omeprazole,500mg,Syrup,Nile,6228136260240,55.43
Nilezole 850mg Injection,Esomeprazole,850mg,Injection,GSK Egypt,6223638861674,157.56
Amounfen 5mg Capsule,Amlodipine,5mg,Capsule,Pharco,6221079847769,216.68
Muptine 250mg Syrup,Paracetamol,250mg,Syrup,GSK Egypt,6227590583926,19.83
Amounpress 850mg Syrup,Paracetamol,850mg,Syrup,Marcyrl,6221562139050,246.36
Mupstatin 400mg Syrup,Meloxicam,400mg,Syrup,Sanofi Egypt,6222749564955,91.28
Cidstatin 200mg Injection,Azithromycin,200mg,Injection,Pfizer Egypt,6228174103349,76.3
Octastatin 500mg Syrup,Hydrocortisone,500mg,Syrup,Apex,6220681187119,190.48
Pharcoformin 1000mg Capsule,Metformin,1000mg,Capsule,Global Napi,6221494337043,166.19
Mupcort 50mg Tablet,Gliclazide,50mg,Tablet,CID,6225521997019,166.07
Sigcort 20mg Capsule,Mometasone,20mg,Capsule,Pfizer Egypt,6221567725654,69.8
Cidtine 250mg Capsule,Cetirizine,250mg,Capsule,Global Napi,6229064964002,48.48
Epifen 850mg Syrup,Fexofenadine,850mg,Syrup,Delta Pharma,6221362186827,227.33
Sigpress 20mg Injection,Loratadine,20mg,Injection,EVA Pharma,6229378961414,175.13
Ramtine 20mg Tablet,Dexamethasone,20mg,Tablet,Sanofi Egypt,6228064148771,90.25
Niletine 850mg Syrup,Atorvastatin,850mg,Syrup,MUP,6226068676757,15.02
Octafen 100mg Injection,Atorvastatin,100mg,Injection,Marcyrl,6228659983084,64.51
Alexzole 50mg Syrup,Amlodipine,50mg,Syrup,Novartis Egypt,6226541211826,42.0
Ramcort 20mg Injection,Fluoxetine,20mg,Injection,Global Napi,6225644912197,132.07
Niletine 1000mg Syrup,Mometasone,1000mg,Syrup,Hikma Egypt,6229725854017,113.69
Alexformin 400mg Tablet,Empagliflozin,400mg,Tablet,CID,6224827586026,50.02
Amounmol 400mg Injection,Valsartan,400mg,Injection,Memphis,6225729053432,135.59
Pharcoflox 200mg Tablet,Meloxicam,200mg,Tablet,Global Napi,6226650956151,18.24
Mupstatin 5mg Capsule,Metformin,5mg,Capsule,MUP,6225107183775,211.22
Pharcopress 250mg Injection,Azithromycin,250mg,Injection,Amoun,6229040428542,102.63
Epicillin 5mg Tablet,Betamethasone,5mg,Tablet,Pharco,6220417004314,135.92
Sigformin 500mg Tablet,Empagliflozin,500mg,Tablet,CID,6227361727634,113.93
Octaflox 850mg Tablet,Amoxicillin,850mg,Tablet,EIPICO,6227740132547,125.86
Alextine 1000mg Capsule,Fluoxetine,1000mg,Capsule,Sigma,6221037750841,136.27
Alextine 5mg Tablet,Dexamethasone,5mg,Tablet,Novartis Egypt,6224024601683,197.22
Ramstatin 250mg Injection,Empagliflozin,250mg,Injection,EIPICO,6227563666618,147.86
Ramtine 20mg Capsule,Valsartan,20mg,Capsule,Delta Pharma,6227587190755,215.02
Cidstatin 1000mg Syrup,Fexofenadine,1000mg,Syrup,Delta Pharma,6222056631012,211.32
Alexfen 5mg Syrup,Ceftriaxone,5mg,Syrup,Delta Pharma,6229259827624,223.05
Mupcillin 5mg Syrup,Ceftriaxone,5mg,Syrup,Sanofi Egypt,6227844182592,232.04
Pharcocort 5mg Injection,Mometasone,5mg,Injection,Nile,6221738451665,122.4
Muptine 5mg Tablet,Bisoprolol,5mg,Tablet,Sanofi Egypt,6224559005598,72.53
Pharcofen 500mg Injection,Ciprofloxacin,500mg,Injection,SEDICO,6224343396833,184.16
Octafen 500mg Tablet,Azithromycin,500mg,Tablet,Nile,6221651474369,175.84
Ramtine 1000mg Syrup,Valsartan,1000mg,Syrup,Hikma Egypt,6220824655581,124.45
Muptine 100mg Syrup,Ceftriaxone,100mg,Syrup,EIPICO,6224513662300,232.04
Cidmol 50mg Capsule,Empagliflozin,50mg,Capsule,Marcyrl,6221934208100,127.01
Amounmol 500mg Injection,Amlodipine,500mg,Injection,Pharco,6223678143457,243.25
Epicort 250mg Injection,Amoxicillin,250mg,Injection,MUP,6227433681925,84.36
Amounmol 20mg Injection,Ciprofloxacin,20mg,Injection,EIPICO,6229111727710,158.83
Ramformin 850mg Injection,Ibuprofen,850mg,Injection,Minapharm,6223697031308,224.95
Nilezole 250mg Tablet,Atorvastatin,250mg,Tablet,Nile,6225395587590,236.53
Alexcort 200mg Tablet,Pantoprazole,200mg,Tablet,Sanofi Egypt,6224948248391,178.45
Epizole 100mg Tablet,Atorvastatin,100mg,Tablet,Amoun,6226133189496,117.44
Amountine 400mg Injection,Rabeprazole,400mg,Injection,CID,6225188976655,191.37
Pharcofen 400mg Tablet,Losartan,400mg,Tablet,Memphis,6221889254054,26.67
Amounflox 20mg Syrup,Meloxicam,20mg,Syrup,Pharco,6221545570368,150.3
Pharcocort 500mg Capsule,Ibuprofen,500mg,Capsule,Rameda,6220652938054,236.37
Alexzole 20mg Tablet,Amoxicillin,20mg,Tablet,Amoun,6224783614511,177.8
Sigflox 100mg Capsule,Paracetamol,100mg,Capsule,Nile,6220365941860,74.36
Sigfen 20mg Injection,Gliclazide,20mg,Injection,Novartis Egypt,6225843721125,249.86
Amounzole 50mg Syrup,Sertraline,50mg,Syrup,October Pharma,6220076204513,180.53
Sigzole 200mg Tablet,Sitagliptin,200mg,Tablet,Marcyrl,6226064525523,19.78
Nileformin 1000mg Injection,Omeprazole,1000mg,Injection,Amoun,6224882497404,204.97
Niletine 400mg Tablet,Ketoprofen,400mg,Tablet,Minapharm,6223451959213,231.03
Pharcocort 200mg Capsule,Paracetamol,200mg,Capsule,EIPICO,6224724506271,175.8
Alextine 400mg Injection,Loratadine,400mg,Injection,Sanofi Egypt,6221258956367,97.32
Amounmol 500mg Capsule,Ceftriaxone,500mg,Capsule,Nile,6224664478157,133.98
Epifen 10mg Injection,Fexofenadine,10mg,Injection,Sanofi Egypt,6222606065533,98.29
Octaflox 850mg Syrup,Losartan,850mg,Syrup,Marcyrl,6228135920220,219.18
Ramcillin 50mg Injection,Azithromycin,50mg,Injection,Pharco,6223180079978,228.61
Nilecort 400mg Capsule,Fexofenadine,400mg,Capsule,Apex,6228992815646,239.42
Cidmol 250mg Injection,Cetirizine,250mg,Injection,Pharco,6226513151631,222.49
Amounformin 400mg Injection,Betamethasone,400mg,Injection,Memphis,6225137024000,77.41
Pharcozole 100mg Capsule,Gabapentin,100mg,Capsule,Marcyrl,6220528796337,120.7
Ramformin 200mg Tablet,Valsartan,200mg,Tablet,Alexandria,6227177590125,60.21
Amounformin 200mg Tablet,Amoxicillin,200mg,Tablet,Novartis Egypt,6223256833732,79.54
Octaflox 850mg Tablet,Ceftriaxone,850mg,Tablet,MUP,6228245065705,65.48
Mupcillin 500mg Capsule,Valsartan,500mg,Capsule,Alexandria,6221809788669,51.17
Cidpress 10mg Syrup,Loratadine,10mg,Syrup,CID,6229351384070,31.21
Octacillin 10mg Syrup,Sertraline,10mg,Syrup,Hikma Egypt,6227116954919,159.68
Nilemol 10mg Tablet,Loratadine,10mg,Tablet,CID,6221158361292,42.91
Ramcillin 500mg Tablet,Esomeprazole,500mg,Tablet,EVA Pharma,6224144209455,154.9
Alexcillin 50mg Injection,Metformin,50mg,Injection,MUP,6228780532533,194.26
Mupformin 1000mg Syrup,Azithromycin,1000mg,Syrup,Memphis,6221579323220,181.4
Muptine 5mg Syrup,Pregabalin,5mg,Syrup,MUP,6227509511026,57.05
Nileformin 100mg Injection,Escitalopram,100mg,Injection,EVA Pharma,6229149128954,167.56
Cidtine 10mg Tablet,Bisoprolol,10mg,Tablet,Rameda,6223237106527,168.39
Epicillin 100mg Syrup,Amoxicillin,100mg,Syrup,CID,6229867110767,169.32
Rampress 500mg Injection,Esomeprazole,500mg,Injection,CID,6226888076928,145.22
Alextine 850mg Syrup,Empagliflozin,850mg,Syrup,Marcyrl,6222971141641,64.47
Sigcillin 500mg Capsule,Empagliflozin,500mg,Capsule,Memphis,6228577690422,44.87
Alexmol 500mg Syrup,Pregabalin,500mg,Syrup,SEDICO,6221960351269,19.84
Epimol 100mg Capsule,Amoxicillin,100mg,Capsule,Rameda,6220387860453,217.04
Pharcomol 500mg Capsule,Mometasone,500mg,Capsule,Sanofi Egypt,6223145411775,224.32
Sigfen 20mg Tablet,Sitagliptin,20mg,Tablet,Rameda,6222919865493,155.98
Epicort 200mg Injection,Omeprazole,200mg,Injection,Sigma,6228010603460,178.93
Sigstatin 400mg Tablet,Glimepiride,400mg,Tablet,Sigma,6227230171827,224.78
Cidmol 5mg Tablet,Amoxicillin,5mg,Tablet,Marcyrl,6227423119414,177.23
Nilecort 100mg Capsule,Levofloxacin,100mg,Capsule,Minapharm,6221507799967,112.56
Ramcort 5mg Capsule,Dexamethasone,5mg,Capsule,Delta Pharma,6222785050245,130.06
Amouncillin 1000mg Tablet,Pregabalin,1000mg,Tablet,GSK Egypt,6228030052569,185.92
Mupzole 5mg Tablet,Sitagliptin,5mg,Tablet,Sanofi Egypt,6226919640500,166.16
Cidflox 400mg Capsule,Lansoprazole,400mg,Capsule,Kahira,6224877145297,87.55
Amounfen 200mg Syrup,Bisoprolol,200mg,Syrup,Pharco,6220270985546,82.81
Epimol 850mg Syrup,Levocetirizine,850mg,Syrup,SEDICO,6223713893538,134.11
Octacort 850mg Tablet,Pregabalin,850mg,Tablet,Pharco,6220379287565,185.79
Octapress 400mg Injection,Fexofenadine,400mg,Injection,Global Napi,6228969242901,192.43
Cidstatin 100mg Syrup,Azithromycin,100mg,Syrup,MUP,6222175625282,198.89
Octafen 500mg Tablet,Esomeprazole,500mg,Tablet,Sigma,6223254350149,140.54
Cidzole 400mg Injection,Esomeprazole,400mg,Injection,Memphis,6229850528753,124.04
Epimol 50mg Injection,Amlodipine,50mg,Injection,Apex,6224892447338,104.66
Cidpress 400mg Syrup,Gabapentin,400mg,Syrup,Rameda,6220780192946,102.87
Alexzole 100mg Syrup,Ibuprofen,100mg,Syrup,Sigma,6221390610059,65.67
Niletine 50mg Syrup,Gabapentin,50mg,Syrup,SEDICO,6222480676030,139.16
Octazole 200mg Capsule,Pregabalin,200mg,Capsule,Hikma Egypt,6220174348782,159.08
Epipress 100mg Capsule,Pregabalin,100mg,Capsule,Hikma Egypt,6224676525399,124.2
Nilemol 50mg Tablet,Betamethasone,50mg,Tablet,EVA Pharma,6224491769367,84.18
Sigcort 200mg Injection,Fluoxetine,200mg,Injection,Pfizer Egypt,6220635463405,164.88
Amounstatin 100mg Tablet,Atorvastatin,100mg,Tablet,Memphis,6227778694703,23.38
Mupfen 250mg Injection,Meloxicam,250mg,Injection,EIPICO,6226530717612,97.46
Pharcofen 250mg Tablet,Amlodipine,250mg,Tablet,EVA Pharma,6225652052922,149.55
Pharcofen 10mg Syrup,Paracetamol,10mg,Syrup,Pfizer Egypt,6220067309012,93.64
Amounflox 100mg Capsule,Loratadine,100mg,Capsule,Kahira,6225247610704,209.3
Alexflox 250mg Syrup,Levofloxacin,250mg,Syrup,Sanofi Egypt,6229090690760,58.82
Alexstatin 5mg Tablet,Sitagliptin,5mg,Tablet,Pfizer Egypt,6224736108494,225.65
Pharcopress 100mg Tablet,Diclofenac,100mg,Tablet,Memphis,6224999550368,100.49
Pharcopress 250mg Syrup,Fluoxetine,250mg,Syrup,EIPICO,6221280478660,221.98
Ramcort 50mg Capsule,Meloxicam,50mg,Capsule,Rameda,6224238305919,44.97
Epipress 1000mg Syrup,Losartan,1000mg,Syrup,Pfizer Egypt,6221937190624,75.43
Pharcoformin 500mg Syrup,Sitagliptin,500mg,Syrup,Pharco,6226068454362,21.62
Cidzole 500mg Tablet,Amlodipine,500mg,Tablet,Delta Pharma,6220132423223,160.41
Sigcillin 850mg Tablet,Sitagliptin,850mg,Tablet,Hikma Egypt,6222445292909,168.76
Cidflox 400mg Tablet,Empagliflozin,400mg,Tablet,Pharco,6220696045602,86.99
Mupcort 250mg Capsule,Paracetamol,250mg,Capsule,Alexandria,6224638171985,94.36
Mupcillin 200mg Syrup,Losartan,200mg,Syrup,Novartis Egypt,6225053840586,93.73
Octaflox 5mg Syrup,Mometasone,5mg,Syrup,Delta Pharma,6222590993287,45.48
Nilecillin 850mg Capsule,Rabeprazole,850mg,Capsule,Minapharm,6226231818779,175.47
Cidcillin 200mg Injection,Ciprofloxacin,200mg,Injection,Hikma Egypt,6227061702139,237.21
Sigfen 850mg Capsule,Azithromycin,850mg,Capsule,CID,6221476272416,52.84
Pharcotine 250mg Capsule,Meloxicam,250mg,Capsule,SEDICO,6228446782258,23.25
Epizole 10mg Capsule,Levofloxacin,10mg,Capsule,Sanofi Egypt,6224816667071,84.18
Amounpress 100mg Tablet,Glimepiride,100mg,Tablet,Apex,6225074278368,123.46
Epiformin 850mg Injection,Hydrocortisone,850mg,Injection,Global Napi,6227391807092,41.6
Epiformin 5mg Capsule,Betamethasone,5mg,Capsule,Alexandria,6220998176707,238.87
Nilestatin 5mg Capsule,Sertraline,5mg,Capsule,Sigma,6221495789988,65.11
Sigpress 50mg Injection,Fexofenadine,50mg,Injection,Hikma Egypt,6227448093614,137.26
Pharcopress 500mg Capsule,Rabeprazole,500mg,Capsule,Memphis,6222118452548,90.16
Cidstatin 20mg Syrup,Ciprofloxacin,20mg,Syrup,EIPICO,6227755764955,241.58
Amounmol 5mg Syrup,Cetirizine,5mg,Syrup,Alexandria,6221595176855,91.46
Amounmol 5mg Tablet,Azithromycin,5mg,Tablet,October Pharma,6228047851582,141.08
Sigfen 50mg Capsule,Pregabalin,50mg,Capsule,Pfizer Egypt,6227935726032,208.94
Muppress 5mg Capsule,Ciprofloxacin,5mg,Capsule,Amoun,6224028903745,207.74
Cidpress 100mg Capsule,Metformin,100mg,Capsule,Apex,6227807993296,99.15
Octazole 250mg Tablet,Sertraline,250mg,Tablet,October Pharma,6220268048871,165.54
Epiflox 500mg Capsule,Valsartan,500mg,Capsule,EIPICO,6226534720830,140.56
Pharcozole 200mg Capsule,Gabapentin,200mg,Capsule,Amoun,6222095105413,103.21
Cidfen 500mg Tablet,Ciprofloxacin,500mg,Tablet,Apex,6225089930381,162.04
Nileformin 200mg Syrup,Rabeprazole,200mg,Syrup,Minapharm,6227644821004,227.61
Cidformin 200mg Syrup,Levocetirizine,200mg,Syrup,Global Napi,6223193861225,206.44
Alexformin 850mg Capsule,Ciprofloxacin,850mg,Capsule,Nile,6223474210308,238.1
Nilepress 850mg Tablet,Escitalopram,850mg,Tablet,Memphis,6227626131275,227.68
Nilefen 20mg Syrup,Escitalopram,20mg,Syrup,Delta Pharma,6224303972763,186.69
Amounzole 20mg Capsule,Bisoprolol,20mg,Capsule,Marcyrl,6224682863386,64.66
Alexzole 50mg Injection,Mometasone,50mg,Injection,Minapharm,6226464719751,111.15
Ramfen 400mg Tablet,Azithromycin,400mg,Tablet,Novartis Egypt,6221545390966,82.06
Octamol 50mg Tablet,Dexamethasone,50mg,Tablet,EVA Pharma,6225925770874,130.77
Nileformin 50mg Tablet,Lansoprazole,50mg,Tablet,EIPICO,6228706343342,26.27
Epicort 500mg Capsule,Betamethasone,500mg,Capsule,Apex,6224309997968,43.65
Epimol 850mg Injection,Cetirizine,850mg,Injection,CID,6222859679402,113.55
Sigtine 20mg Injection,Omeprazole,20mg,Injection,GSK Egypt,6221817847341,32.61
Alexstatin 20mg Capsule,Ibuprofen,20mg,Capsule,Sigma,6224628572662,205.28
Alexformin 20mg Capsule,Ciprofloxacin,20mg,Capsule,Marcyrl,6226176177542,246.59
Epipress 20mg Tablet,Pregabalin,20mg,Tablet,SEDICO,6227741576685,219.45
Amounmol 250mg Syrup,Amoxicillin,250mg,Syrup,Sanofi Egypt,6223798751914,62.39
Pharcocort 20mg Syrup,Meloxicam,20mg,Syrup,Apex,6221029256979,215.76
Alexfen 50mg Tablet,Pantoprazole,50mg,Tablet,Rameda,6226193628164,235.22
Nilepress 1000mg Syrup,Gabapentin,1000mg,Syrup,Novartis Egypt,6228952523024,193.92
Pharcocillin 100mg Injection,Gliclazide,100mg,Injection,Minapharm,6227263263476,195.75
Epizole 400mg Tablet,Ibuprofen,400mg,Tablet,Novartis Egypt,6221624107034,210.36
Amounpress 850mg Injection,Diclofenac,850mg,Injection,MUP,6222889685305,36.0
Alexpress 5mg Injection,Hydrocortisone,5mg,Injection,Kahira,6223082213944,84.92
Sigtine 5mg Capsule,Atorvastatin,5mg,Capsule,Nile,6228455915524,184.24
Alexcillin 1000mg Capsule,Gabapentin,1000mg,Capsule,EVA Pharma,6228342423705,185.6
Pharcotine 850mg Capsule,Paracetamol,850mg,Capsule,Apex,6226118502821,186.49
Amounfen 1000mg Tablet,Gliclazide,1000mg,Tablet,SEDICO,6225323600582,189.76
Amouncort 20mg Injection,Amoxicillin,20mg,Injection,EIPICO,6224820753517,41.86
Octacillin 200mg Capsule,Empagliflozin,200mg,Capsule,Sanofi Egypt,6220333373822,66.26
Mupcillin 200mg Syrup,Levocetirizine,200mg,Syrup,SEDICO,6225854452537,222.79
Sigflox 250mg Tablet,Betamethasone,250mg,Tablet,Kahira,6229541866430,140.39
Cidstatin 250mg Capsule,Fluoxetine,250mg,Capsule,Sanofi Egypt,6222087018851,214.45
Sigzole 1000mg Capsule,Escitalopram,1000mg,Capsule,Nile,6226370502669,33.29
Epipress 850mg Tablet,Dexamethasone,850mg,Tablet,Novartis Egypt,6224250300671,126.08
Octaformin 250mg Syrup,Azithromycin,250mg,Syrup,EVA Pharma,6229392517673,209.86
Alexmol 5mg Injection,Cetirizine,5mg,Injection,EVA Pharma,6229646052066,120.35
Amounmol 50mg Injection,Lansoprazole,50mg,Injection,October Pharma,6228015370015,92.89
Nileflox 100mg Injection,Gliclazide,100mg,Injection,Global Napi,6220667831937,93.12
Cidtine 250mg Tablet,Empagliflozin,250mg,Tablet,Pharco,6222901004961,67.5
Nilezole 250mg Capsule,Ketoprofen,250mg,Capsule,CID,6225192224810,81.89
Ramfen 100mg Tablet,Desloratadine,100mg,Tablet,EVA Pharma,6228269042928,241.76
Cidstatin 100mg Capsule,Lansoprazole,100mg,Capsule,MUP,6223471824270,169.02
Cidtine 100mg Syrup,Hydrocortisone,100mg,Syrup,Marcyrl,6227277565290,181.93
Mupflox 500mg Syrup,Paracetamol,500mg,Syrup,Kahira,6223635279564,243.32
Mupmol 400mg Capsule,Ketoprofen,400mg,Capsule,Memphis,6222219019893,108.49
Nilezole 500mg Capsule,Gabapentin,500mg,Capsule,Memphis,6223637081547,143.69
Sigflox 50mg Tablet,Losartan,50mg,Tablet,Amoun,6228878469390,212.55
Octamol 100mg Capsule,Pregabalin,100mg,Capsule,Minapharm,6227910377587,227.8
Nilepress 10mg Injection,Gabapentin,10mg,Injection,EIPICO,6228449288641,33.46
Sigstatin 100mg Syrup,Sitagliptin,100mg,Syrup,Sanofi Egypt,6229303299285,46.61
Amounformin 100mg Syrup,Gabapentin,100mg,Syrup,MUP,6227471268157,172.21
Pharcofen 5mg Syrup,Pantoprazole,5mg,Syrup,Sanofi Egypt,6225462874974,39.84
Octazole 500mg Capsule,Fluoxetine,500mg,Capsule,Delta Pharma,6224259733166,177.03
Octastatin 10mg Syrup,Gliclazide,10mg,Syrup,Sigma,6227377497934,178.69
Mupfen 850mg Syrup,Diclofenac,850mg,Syrup,Marcyrl,6223124823360,124.3
Nilecillin 10mg Injection,Ceftriaxone,10mg,Injection,Kahira,6228299609146,70.11
Ramstatin 400mg Injection,Sertraline,400mg,Injection,Apex,6223484149940,239.08
Epitine 100mg Syrup,Escitalopram,100mg,Syrup,SEDICO,6229019699409,183.13
Nilestatin 400mg Syrup,Escitalopram,400mg,Syrup,Global Napi,6221501425763,123.5
Epizole 400mg Syrup,Betamethasone,400mg,Syrup,GSK Egypt,6227036095297,206.35
Nilemol 10mg Injection,Valsartan,10mg,Injection,Amoun,6223421413301,222.68
Octacort 250mg Injection,Atorvastatin,250mg,Injection,GSK Egypt,6227377007416,137.45
Cidformin 400mg Tablet,Valsartan,400mg,Tablet,Hikma Egypt,6225388526841,15.32
Pharcostatin 400mg Syrup,Ibuprofen,400mg,Syrup,Hikma Egypt,6226902547403,196.07
Octaflox 10mg Capsule,Loratadine,10mg,Capsule,Hikma Egypt,6223048889053,42.88
Cidtine 10mg Tablet,Valsartan,10mg,Tablet,Marcyrl,6221502960393,92.16
Rampress 850mg Tablet,Valsartan,850mg,Tablet,Alexandria,6225503647628,203.4
Alexformin 50mg Syrup,Cetirizine,50mg,Syrup,Novartis Egypt,6220005147799,108.3
Ramcort 1000mg Tablet,Pregabalin,1000mg,Tablet,Delta Pharma,6225061617163,165.28
Epistatin 10mg Capsule,Mometasone,10mg,Capsule,Pharco,6226493325312,249.86
Octaformin 5mg Syrup,Fexofenadine,5mg,Syrup,EVA Pharma,6220874271878,53.94
Pharcotine 50mg Injection,Fluoxetine,50mg,Injection,Hikma Egypt,6226178930015,164.51
Cidstatin 250mg Injection,Gliclazide,250mg,Injection,Novartis Egypt,6222608180845,226.2
Alexpress 10mg Injection,Levocetirizine,10mg,Injection,Alexandria,6223342874526,95.96
Pharcopress 400mg Syrup,Levofloxacin,400mg,Syrup,Novartis Egypt,6221296517926,41.12
Rammol 1000mg Capsule,Gabapentin,1000mg,Capsule,Sanofi Egypt,6223719823393,190.49
Epiformin 500mg Capsule,Gabapentin,500mg,Capsule,Kahira,6221944602110,122.67
Sigfen 850mg Tablet,Losartan,850mg,Tablet,Hikma Egypt,6223478355197,229.57
Nilecillin 20mg Capsule,Diclofenac,20mg,Capsule,Rameda,6221791235271,211.12
Alexstatin 10mg Capsule,Bisoprolol,10mg,Capsule,Rameda,6228126080728,243.38
Rampress 1000mg Injection,Amlodipine,1000mg,Injection,Amoun,6223748965569,105.25
Rammol 200mg Injection,Empagliflozin,200mg,Injection,EVA Pharma,6229387373758,137.88
Epipress 850mg Injection,Fluoxetine,850mg,Injection,Amoun,6223933589235,224.63
Ramfen 5mg Injection,Glimepiride,5mg,Injection,Alexandria,6227518650600,182.13
Nilemol 50mg Tablet,Prednisolone,50mg,Tablet,Alexandria,6223277375747,225.47
Cidpress 500mg Syrup,Meloxicam,500mg,Syrup,Memphis,6224804794024,247.08
Epimol 20mg Syrup,Empagliflozin,20mg,Syrup,Nile,6225609126546,161.57
Sigpress 100mg Injection,Gliclazide,100mg,Injection,Memphis,6224331981638,109.7
Octaflox 500mg Tablet,Loratadine,500mg,Tablet,October Pharma,6222849686557,198.26
Cidflox 5mg Injection,Sertraline,5mg,Injection,Memphis,6227442661451,229.49
Epipress 5mg Syrup,Hydrocortisone,5mg,Syrup,Nile,6229697568394,136.24
Cidformin 20mg Syrup,Dexamethasone,20mg,Syrup,Hikma Egypt,6225633661105,211.22
Amounflox 50mg Capsule,Levocetirizine,50mg,Capsule,Pfizer Egypt,6227625333977,67.2
Alexstatin 400mg Injection,Desloratadine,400mg,Injection,Apex,6229168104601,220.02
Amouncillin 400mg Syrup,Azithromycin,400mg,Syrup,Pharco,6226360156964,54.62
Octaformin 200mg Capsule,Glimepiride,200mg,Capsule,Apex,6229825670074,119.4
Pharcoformin 200mg Syrup,Losartan,200mg,Syrup,SEDICO,6220519823332,229.83
Mupflox 5mg Injection,Hydrocortisone,5mg,Injection,Hikma Egypt,6223948640341,193.78
Alexfen 20mg Syrup,Diclofenac,20mg,Syrup,GSK Egypt,6220055254171,113.04
Epifen 100mg Tablet,Valsartan,100mg,Tablet,Rameda,6228273210900,194.34
Nilepress 50mg Capsule,Glimepiride,50mg,Capsule,Amoun,6224603165612,115.89
Mupfen 200mg Syrup,Mometasone,200mg,Syrup,Pharco,6224207635337,241.19
Cidtine 20mg Capsule,Meloxicam,20mg,Capsule,Delta Pharma,6221174901915,113.49
Cidcillin 10mg Injection,Lansoprazole,10mg,Injection,Kahira,6226183863957,225.61
Amountine 10mg Tablet,Prednisolone,10mg,Tablet,Sanofi Egypt,6221012647227,65.17
Nilefen 200mg Tablet,Hydrocortisone,200mg,Tablet,MUP,6224235498874,209.61
Alexfen 10mg Tablet,Levocetirizine,10mg,Tablet,Sanofi Egypt,6228566622151,62.04
Amounpress 400mg Tablet,Ketoprofen,400mg,Tablet,MUP,6220847806304,220.53
Cidformin 100mg Injection,Ceftriaxone,100mg,Injection,October Pharma,6225130416734,98.08
Sigcort 200mg Injection,Prednisolone,200mg,Injection,Memphis,6224633788218,162.62
Octaformin 850mg Injection,Desloratadine,850mg,Injection,Amoun,6226787233422,115.41
Nilepress 250mg Syrup,Meloxicam,250mg,Syrup,Delta Pharma,6227377756420,149.05
Pharcoformin 200mg Tablet,Ketoprofen,200mg,Tablet,EVA Pharma,6227606786358,210.55
Mupcort 1000mg Syrup,Metformin,1000mg,Syrup,GSK Egypt,6221105133620,145.67
Amounformin 20mg Syrup,Atorvastatin,20mg,Syrup,Hikma Egypt,6228036621936,185.91
Epiformin 50mg Capsule,Mometasone,50mg,Capsule,EIPICO,6227026031021,158.79
Sigstatin 20mg Tablet,Loratadine,20mg,Tablet,Pfizer Egypt,6229724883926,168.7
Ramcillin 5mg Injection,Escitalopram,5mg,Injection,Apex,6226161422299,115.63
Mupmol 400mg Tablet,Omeprazole,400mg,Tablet,Sanofi Egypt,6221280568538,67.97
Nilecort 250mg Capsule,Fexofenadine,250mg,Capsule,SEDICO,6226688732352,225.02
Nilefen 250mg Capsule,Atorvastatin,250mg,Capsule,Sigma,6226295112530,183.14
Pharcopress 250mg Injection,Amoxicillin,250mg,Injection,Pharco,6223207066820,169.4
Pharcofen 20mg Tablet,Cetirizine,20mg,Tablet,Kahira,6229462615117,98.49
Cidcillin 50mg Tablet,Escitalopram,50mg,Tablet,Amoun,6226472588516,85.21
Amouncillin 20mg Tablet,Gabapentin,20mg,Tablet,MUP,6221598324918,95.84
Sigcillin 50mg Injection,Lansoprazole,50mg,Injection,GSK Egypt,6228744430585,188.61
Pharcocillin 50mg Syrup,Ibuprofen,50mg,Syrup,Marcyrl,6226542507249,166.51
Amouncillin 20mg Injection,Betamethasone,20mg,Injection,Rameda,6224629980275,122.48
Nilemol 250mg Syrup,Paracetamol,250mg,Syrup,EIPICO,6227113166674,75.73
Ramcillin 500mg Syrup,Losartan,500mg,Syrup,Sigma,6220167978873,83.49
Amouncort 400mg Injection,Metformin,400mg,Injection,Global Napi,6229115547765,205.34
Sigstatin 50mg Injection,Meloxicam,50mg,Injection,Amoun,6221972949003,145.57
Pharcocort 50mg Injection,Esomeprazole,50mg,Injection,CID,6223189709838,192.44
Pharcoformin 1000mg Injection,Diclofenac,1000mg,Injection,Pharco,6225095175189,114.39
Cidcort 200mg Injection,Desloratadine,200mg,Injection,Minapharm,6229354001844,212.82
Epiformin 5mg Injection,Escitalopram,5mg,Injection,Sigma,6224660777629,84.83
Octatine 1000mg Capsule,Gabapentin,1000mg,Capsule,October Pharma,6225526663377,217.4
Ramfen 1000mg Tablet,Ceftriaxone,1000mg,Tablet,Global Napi,6228554898568,201.75
Pharcopress 500mg Tablet,Fluoxetine,500mg,Tablet,Novartis Egypt,6221471000434,124.85
Amounformin 5mg Tablet,Pantoprazole,5mg,Tablet,Pfizer Egypt,6225602097324,140.67
Cidpress 50mg Tablet,Empagliflozin,50mg,Tablet,Pharco,6227126367723,57.59
Pharcozole 400mg Capsule,Pregabalin,400mg,Capsule,Amoun,6222176380869,161.84
Alexfen 1000mg Tablet,Sitagliptin,1000mg,Tablet,Marcyrl,6223350871494,207.11
Amounformin 50mg Syrup,Rabeprazole,50mg,Syrup,EIPICO,6222094544022,71.4
Alexcort 50mg Syrup,Sertraline,50mg,Syrup,Sanofi Egypt,6224050625479,67.12
Sigcillin 50mg Tablet,Dexamethasone,50mg,Tablet,October Pharma,6222577672020,154.85
Cidtine 500mg Tablet,Levofloxacin,500mg,Tablet,SEDICO,6228364845561,61.34
Amouncort 400mg Injection,Sertraline,400mg,Injection,Rameda,6224737569591,235.12
Amounflox 20mg Capsule,Ciprofloxacin,20mg,Capsule,Rameda,6224867518889,33.31
Octaformin 850mg Capsule,Ciprofloxacin,850mg,Capsule,Apex,6222143115005,160.46
Ramstatin 10mg Injection,Cetirizine,10mg,Injection,Novartis Egypt,6226691526368,107.82
Amounflox 500mg Injection,Meloxicam,500mg,Injection,Sigma,6223521459247,110.19
Epitine 5mg Syrup,Betamethasone,5mg,Syrup,Memphis,6224725784920,171.12
Ramcillin 850mg Capsule,Ketoprofen,850mg,Capsule,Hikma Egypt,6222232329368,157.26
Rammol 500mg Tablet,Mometasone,500mg,Tablet,Memphis,6221361261471,220.68
Ramfen 20mg Tablet,Amoxicillin,20mg,Tablet,Novartis Egypt,6228138268862,235.56
Nilepress 250mg Capsule,Meloxicam,250mg,Capsule,Pharco,6224172788861,168.69
Mupstatin 250mg Tablet,Lansoprazole,250mg,Tablet,EVA Pharma,6227264181359,21.4
Alexstatin 10mg Injection,Glimepiride,10mg,Injection,CID,6228773287686,148.0
Mupmol 500mg Tablet,Fluoxetine,500mg,Tablet,Pfizer Egypt,6223459628913,19.45
Nileflox 100mg Tablet,Losartan,100mg,Tablet,Nile,6224639599719,74.96
Cidfen 400mg Tablet,Losartan,400mg,Tablet,Rameda,6220475736530,142.43
Mupmol 850mg Capsule,Diclofenac,850mg,Capsule,Hikma Egypt,6221459563814,92.6
Octastatin 850mg Injection,Fexofenadine,850mg,Injection,Hikma Egypt,6221696590918,228.84
Epimol 1000mg Tablet,Amlodipine,1000mg,Tablet,Rameda,6221828172814,200.73
Rampress 400mg Syrup,Loratadine,400mg,Syrup,Sanofi Egypt,6226447621637,214.57
Octaflox 20mg Syrup,Azithromycin,20mg,Syrup,Minapharm,6227322188214,48.88
Alexfen 100mg Syrup,Empagliflozin,100mg,Syrup,Rameda,6220031664079,246.67
Epicort 200mg Tablet,Ibuprofen,200mg,Tablet,Minapharm,6227147312573,27.0
Pharcofen 50mg Tablet,Atorvastatin,50mg,Tablet,Amoun,6224292727924,246.58
Epicort 1000mg Tablet,Azithromycin,1000mg,Tablet,Novartis Egypt,6222962345423,189.39
Amounzole 20mg Capsule,Azithromycin,20mg,Capsule,Amoun,6224199979150,64.1
Nilepress 1000mg Injection,Ciprofloxacin,1000mg,Injection,Memphis,6224817847083,82.46
Nileformin 250mg Injection,Fluoxetine,250mg,Injection,Marcyrl,6220288005236,15.69
Octazole 100mg Tablet,Sertraline,100mg,Tablet,MUP,6223455376412,238.49
Sigcillin 200mg Injection,Fluoxetine,200mg,Injection,EVA Pharma,6220962421789,48.05
Sigpress 200mg Tablet,Hydrocortisone,200mg,Tablet,Delta Pharma,6222965043609,80.17
Pharcozole 20mg Syrup,Gliclazide,20mg,Syrup,SEDICO,6224033483188,233.59
Mupcillin 1000mg Tablet,Pregabalin,1000mg,Tablet,CID,6225313783363,232.69
Octacort 100mg Syrup,Meloxicam,100mg,Syrup,Memphis,6221841719164,181.67
Ramformin 200mg Tablet,Rabeprazole,200mg,Tablet,Minapharm,6226766492031,69.68
Amounflox 100mg Capsule,Fluoxetine,100mg,Capsule,Delta Pharma,6223052784344,130.93
Octamol 200mg Injection,Valsartan,200mg,Injection,Kahira,6220108787830,92.48
Nileformin 50mg Tablet,Levocetirizine,50mg,Tablet,EVA Pharma,6226628971001,77.18
Rampress 1000mg Tablet,Esomeprazole,1000mg,Tablet,Kahira,6222463108848,59.09
Ramcillin 50mg Capsule,Levocetirizine,50mg,Capsule,Sigma,6229189702886,218.38
Amouncort 10mg Tablet,Pregabalin,10mg,Tablet,Delta Pharma,6226385248095,135.37
Niletine 20mg Syrup,Esomeprazole,20mg,Syrup,EIPICO,6222270938836,27.91
Amounzole 20mg Capsule,Gliclazide,20mg,Capsule,Nile,6226166611223,210.26
Pharcotine 250mg Tablet,Diclofenac,250mg,Tablet,EVA Pharma,6228133021646,94.39
Octacort 200mg Capsule,Metformin,200mg,Capsule,Sanofi Egypt,6228190672904,141.78
Nilecillin 500mg Injection,Prednisolone,500mg,Injection,Marcyrl,6225192906365,196.96
Epifen 10mg Syrup,Glimepiride,10mg,Syrup,EIPICO,6223684601446,234.2
Pharcocillin 50mg Tablet,Ciprofloxacin,50mg,Tablet,October Pharma,6226197238550,116.06
Nilepress 400mg Tablet,Rabeprazole,400mg,Tablet,Sigma,6224459461265,39.74
Octafen 10mg Syrup,Omeprazole,10mg,Syrup,Sigma,6228656513819,28.11
Epicort 10mg Tablet,Losartan,10mg,Tablet,CID,6225070321457,148.98
Ramcort 400mg Capsule,Amlodipine,400mg,Capsule,EIPICO,6220016005620,24.21
Epiformin 20mg Tablet,Gliclazide,20mg,Tablet,October Pharma,6228494866924,80.97
Ramstatin 10mg Capsule,Amoxicillin,10mg,Capsule,GSK Egypt,6229902496917,194.81
Cidcort 500mg Injection,Pantoprazole,500mg,Injection,Kahira,6224905196949,21.59
Alexcort 200mg Tablet,Metformin,200mg,Tablet,Sanofi Egypt,6224319330205,233.98
Cidmol 200mg Syrup,Fluoxetine,200mg,Syrup,Delta Pharma,6221737670135,212.3
Cidpress 200mg Injection,Sitagliptin,200mg,Injection,Amoun,6224120215296,24.05
Cidmol 250mg Injection,Levofloxacin,250mg,Injection,Kahira,6224534288749,95.25
Cidflox 5mg Injection,Omeprazole,5mg,Injection,Global Napi,6228754795827,187.41
Octamol 10mg Injection,Azithromycin,10mg,Injection,EVA Pharma,6226265813207,146.29
Pharcozole 20mg Tablet,Dexamethasone,20mg,Tablet,Pfizer Egypt,6222919005035,246.98
Pharcoformin 20mg Syrup,Ceftriaxone,20mg,Syrup,Amoun,6227262613326,199.72
Nilepress 250mg Tablet,Losartan,250mg,Tablet,MUP,6229199655110,216.84
Ramcillin 50mg Capsule,Loratadine,50mg,Capsule,SEDICO,6223330768202,147.42
Amounmol 850mg Capsule,Meloxicam,850mg,Capsule,Sanofi Egypt,6228410777631,100.96
Nilepress 250mg Syrup,Gabapentin,250mg,Syrup,Sanofi Egypt,6223414825029,67.7
Ramcillin 20mg Injection,Loratadine,20mg,Injection,Alexandria,6228847442324,103.2
Pharcofen 10mg Injection,Rabeprazole,10mg,Injection,Kahira,6223177098289,22.22
Octamol 5mg Capsule,Escitalopram,5mg,Capsule,Alexandria,6224855706045,89.26
Ramformin 5mg Capsule,Losartan,5mg,Capsule,Nile,6224446910233,149.66
Amounformin 100mg Injection,Rabeprazole,100mg,Injection,Delta Pharma,6227633098851,26.31
Muppress 850mg Injection,Betamethasone,850mg,Injection,SEDICO,6224884895321,239.08
Amounflox 20mg Syrup,Omeprazole,20mg,Syrup,Marcyrl,6224803479199,139.08
Rammol 200mg Syrup,Rabeprazole,200mg,Syrup,Global Napi,6225734013193,87.94
Pharcostatin 100mg Capsule,Loratadine,100mg,Capsule,Sigma,6223454401924,142.91
Cidtine 100mg Syrup,Ceftriaxone,100mg,Syrup,MUP,6220867965333,162.04
Pharcopress 20mg Capsule,Fluoxetine,20mg,Capsule,Pfizer Egypt,6227517786454,92.7
Mupcort 1000mg Capsule,Pantoprazole,1000mg,Capsule,EIPICO,6222422892696,223.6
Nilezole 50mg Tablet,Paracetamol,50mg,Tablet,Alexandria,6225439561050,180.13
Mupfen 500mg Capsule,Gabapentin,500mg,Capsule,Kahira,6222885348174,43.43
Pharcocort 400mg Capsule,Amoxicillin,400mg,Capsule,Alexandria,6222161820059,213.97
Nilemol 400mg Tablet,Empagliflozin,400mg,Tablet,Rameda,6222144741999,248.5
Niletine 10mg Tablet,Dexamethasone,10mg,Tablet,CID,6220337724729,230.06
Nilestatin 250mg Syrup,Sertraline,250mg,Syrup,MUP,6223350132731,166.6
Mupcort 500mg Injection,Valsartan,500mg,Injection,Marcyrl,6226821154263,82.28
Rampress 250mg Capsule,Bisoprolol,250mg,Capsule,October Pharma,6229729809136,64.09
Cidflox 100mg Tablet,Mometasone,100mg,Tablet,Sigma,6229105550409,91.44
Cidmol 20mg Tablet,Azithromycin,20mg,Tablet,Amoun,6221504932077,19.85
Rampress 50mg Capsule,Sertraline,50mg,Capsule,Apex,6229055003987,72.79
Octatine 5mg Injection,Diclofenac,5mg,Injection,EIPICO,6227029533478,31.78
Octazole 200mg Syrup,Empagliflozin,200mg,Syrup,CID,6229608258451,105.74
Octaformin 850mg Capsule,Empagliflozin,850mg,Capsule,SEDICO,6227211742565,127.47
Mupcillin 10mg Injection,Esomeprazole,10mg,Injection,EVA Pharma,6221627091200,21.12
Amouncort 400mg Tablet,Amlodipine,400mg,Tablet,Apex,6228213083236,237.05
Epipress 50mg Tablet,Mometasone,50mg,Tablet,GSK Egypt,6220953934151,186.06
Octamol 250mg Tablet,Hydrocortisone,250mg,Tablet,EIPICO,6225999527015,234.1
Alexcillin 1000mg Syrup,Desloratadine,1000mg,Syrup,Global Napi,6226635252025,195.88
Ramstatin 20mg Injection,Gliclazide,20mg,Injection,Rameda,6220011218810,209.11
Amounmol 250mg Capsule,Loratadine,250mg,Capsule,Marcyrl,6225195135922,64.73
Mupfen 1000mg Injection,Valsartan,1000mg,Injection,Sanofi Egypt,6223247325888,233.76
Epipress 850mg Tablet,Loratadine,850mg,Tablet,EIPICO,6223657055580,239.88
Alexformin 100mg Tablet,Pantoprazole,100mg,Tablet,Novartis Egypt,6222866265742,141.74
Octapress 20mg Tablet,Ibuprofen,20mg,Tablet,Novartis Egypt,6225419633432,44.81
Sigfen 500mg Capsule,Lansoprazole,500mg,Capsule,Novartis Egypt,6226973201716,183.62
Octaflox 850mg Tablet,Hydrocortisone,850mg,Tablet,EVA Pharma,6222740633445,165.37
Sigcillin 500mg Syrup,Atorvastatin,500mg,Syrup,SEDICO,6227676462794,20.11
Ramtine 850mg Capsule,Hydrocortisone,850mg,Capsule,Hikma Egypt,6228804877886,151.37
Octastatin 5mg Injection,Lansoprazole,5mg,Injection,Amoun,6225467798121,209.25
Octatine 850mg Syrup,Bisoprolol,850mg,Syrup,Alexandria,6227714385337,16.61
Mupcort 10mg Capsule,Levofloxacin,10mg,Capsule,Nile,6223152050912,201.0
Octazole 1000mg Injection,Hydrocortisone,1000mg,Injection,Rameda,6226110366247,84.28
Mupformin 100mg Tablet,Mometasone,100mg,Tablet,Nile,6223695268089,224.77
Cidzole 500mg Tablet,Hydrocortisone,500mg,Tablet,MUP,6224805352889,41.55
Nilecort 100mg Syrup,Dexamethasone,100mg,Syrup,Global Napi,6229542552165,69.6
Amounpress 250mg Injection,Pantoprazole,250mg,Injection,Kahira,6227814595216,136.68
Amounzole 500mg Syrup,Ciprofloxacin,500mg,Syrup,Rameda,6229374520486,154.13
Cidformin 200mg Syrup,Cetirizine,200mg,Syrup,MUP,6222642835206,216.31
Cidstatin 50mg Tablet,Pregabalin,50mg,Tablet,Pharco,6228184365287,79.25
Cidstatin 400mg Syrup,Levocetirizine,400mg,Syrup,Kahira,6226623172366,68.32
Sigcort 500mg Injection,Pregabalin,500mg,Injection,Amoun,6224191154142,93.87
Pharcofen 1000mg Syrup,Gabapentin,1000mg,Syrup,EVA Pharma,6222010573440,143.44
Mupcillin 200mg Tablet,Glimepiride,200mg,Tablet,Pharco,6229038654762,28.76
Epizole 500mg Capsule,Diclofenac,500mg,Capsule,Rameda,6225328945916,72.01
Alexmol 20mg Tablet,Pregabalin,20mg,Tablet,Memphis,6224057389756,80.82
Ramformin 500mg Injection,Sitagliptin,500mg,Injection,Apex,6223683182830,18.36
Amouncillin 10mg Injection,Cetirizine,10mg,Injection,EIPICO,6221172370027,133.71
Cidflox 500mg Tablet,Atorvastatin,500mg,Tablet,EIPICO,6226620467298,244.42
Sigfen 10mg Injection,Gabapentin,10mg,Injection,Amoun,6229907093524,41.43
Muppress 10mg Injection,Diclofenac,10mg,Injection,Pfizer Egypt,6229807712501,79.4
Pharcomol 100mg Tablet,Sitagliptin,100mg,Tablet,Sanofi Egypt,6229495846878,232.13
Epicort 50mg Syrup,Pantoprazole,50mg,Syrup,Sigma,6227405493655,174.08
Cidstatin 850mg Tablet,Metformin,850mg,Tablet,Pfizer Egypt,6226358649652,79.93
Nilepress 100mg Syrup,Escitalopram,100mg,Syrup,EIPICO,6221657980345,16.42
Sigzole 5mg Syrup,Empagliflozin,5mg,Syrup,SEDICO,6228513694248,51.69
Ramtine 100mg Syrup,Fluoxetine,100mg,Syrup,Sanofi Egypt,6224809695562,143.02
Nilezole 20mg Tablet,Bisoprolol,20mg,Tablet,October Pharma,6225322685597,127.9
Nileformin 850mg Injection,Desloratadine,850mg,Injection,MUP,6228069343249,246.97
Sigcort 50mg Syrup,Losartan,50mg,Syrup,EIPICO,6225324156477,216.37
Amountine 500mg Tablet,Dexamethasone,500mg,Tablet,Global Napi,6227439425813,85.25
Pharcocort 50mg Syrup,Sertraline,50mg,Syrup,October Pharma,6223149692804,181.38
Ramzole 400mg Syrup,Gliclazide,400mg,Syrup,Amoun,6223648062443,32.04
Octapress 20mg Syrup,Valsartan,20mg,Syrup,Nile,6227759390730,118.87
Octacillin 5mg Tablet,Esomeprazole,5mg,Tablet,Sanofi Egypt,6227425191647,102.62
Alexcort 200mg Syrup,Omeprazole,200mg,Syrup,Sigma,6221870766627,63.69
Mupfen 200mg Syrup,Fluoxetine,200mg,Syrup,Kahira,6226039135504,126.48
Amountine 1000mg Injection,Meloxicam,1000mg,Injection,Pharco,6229749490581,98.96
Pharcoformin 10mg Capsule,Gabapentin,10mg,Capsule,EIPICO,6229376056471,48.76
Pharcostatin 200mg Tablet,Levocetirizine,200mg,Tablet,Alexandria,6228034438185,124.07
Epifen 850mg Injection,Ketoprofen,850mg,Injection,EIPICO,6220972250904,31.87
Cidcillin 5mg Tablet,Loratadine,5mg,Tablet,MUP,6225846646036,159.69
Pharcocillin 50mg Tablet,Pregabalin,50mg,Tablet,EVA Pharma,6226621380190,15.46
Octacort 10mg Syrup,Desloratadine,10mg,Syrup,Marcyrl,6222667342451,46.62
Epicillin 100mg Injection,Paracetamol,100mg,Injection,Marcyrl,6225355869438,69.8
Octazole 10mg Syrup,Losartan,10mg,Syrup,Pfizer Egypt,6229304056443,195.43
Cidmol 100mg Capsule,Mometasone,100mg,Capsule,Amoun,6220519823844,140.42
Epizole 50mg Tablet,Loratadine,50mg,Tablet,Amoun,6227097363113,206.27
Pharcocillin 1000mg Injection,Levofloxacin,1000mg,Injection,Sanofi Egypt,6229898714835,155.17
Cidcort 850mg Injection,Gliclazide,850mg,Injection,Marcyrl,6224663876794,22.26
Sigcillin 20mg Injection,Diclofenac,20mg,Injection,Global Napi,6227762909080,55.75
Mupcort 100mg Tablet,Diclofenac,100mg,Tablet,Sigma,6221886884742,239.89
Amounformin 20mg Tablet,Amoxicillin,20mg,Tablet,Sigma,6229837653355,213.32
Sigzole 250mg Syrup,Pantoprazole,250mg,Syrup,Alexandria,6220349068149,231.6
Ramstatin 250mg Tablet,Mometasone,250mg,Tablet,Nile,6226476605202,48.53
Pharcofen 400mg Tablet,Glimepiride,400mg,Tablet,Minapharm,6227494963749,47.73
Alexzole 100mg Syrup,Pregabalin,100mg,Syrup,Amoun,6227889079406,113.17
Nilezole 100mg Syrup,Dexamethasone,100mg,Syrup,Marcyrl,6222944188352,227.24
Octaformin 50mg Tablet,Azithromycin,50mg,Tablet,SEDICO,6220117586554,132.69
Nilepress 50mg Injection,Fluoxetine,50mg,Injection,Amoun,6222474694569,248.84
Epiformin 850mg Injection,Lansoprazole,850mg,Injection,Pharco,6224423259713,72.58
Nilecort 850mg Injection,Pregabalin,850mg,Injection,October Pharma,6220353117543,28.49
Nilestatin 100mg Injection,Dexamethasone,100mg,Injection,GSK Egypt,6221154234064,88.19
Epizole 50mg Tablet,Fexofenadine,50mg,Tablet,Alexandria,6227370850026,40.47
Alexcillin 100mg Tablet,Loratadine,100mg,Tablet,Rameda,6223956450970,243.2
Ramtine 250mg Syrup,Levofloxacin,250mg,Syrup,MUP,6221569708310,120.69
Sigstatin 5mg Injection,Rabeprazole,5mg,Injection,Novartis Egypt,6221773515131,91.28
Ramstatin 400mg Capsule,Gabapentin,400mg,Capsule,October Pharma,6229345620252,79.93
Sigmol 1000mg Injection,Mometasone,1000mg,Injection,Pharco,6224693697062,193.68
Mupflox 200mg Tablet,Fexofenadine,200mg,Tablet,Sigma,6223327695375,70.05
Cidstatin 500mg Syrup,Azithromycin,500mg,Syrup,GSK Egypt,6223301861031,23.84
Mupcillin 20mg Syrup,Glimepiride,20mg,Syrup,Nile,6224691889049,203.19
Amouncort 200mg Capsule,Levocetirizine,200mg,Capsule,EIPICO,6224986630103,22.95
Cidpress 250mg Injection,Ciprofloxacin,250mg,Injection,CID,6225821894100,39.45
Epicort 10mg Capsule,Meloxicam,10mg,Capsule,Marcyrl,6221674528643,203.22
Octacort 10mg Syrup,Gabapentin,10mg,Syrup,Apex,6226653871949,123.51
Octacillin 850mg Syrup,Hydrocortisone,850mg,Syrup,October Pharma,6220502790658,234.69
Epizole 5mg Syrup,Omeprazole,5mg,Syrup,Amoun,6222716972646,60.47
Rammol 400mg Syrup,Fexofenadine,400mg,Syrup,Hikma Egypt,6229235400728,210.25
Cidflox 850mg Syrup,Rabeprazole,850mg,Syrup,Rameda,6224282997047,45.62
Cidfen 500mg Capsule,Meloxicam,500mg,Capsule,Rameda,6228994131829,213.01
Alexzole 10mg Capsule,Esomeprazole,10mg,Capsule,Novartis Egypt,6229535360500,103.34
Ramfen 850mg Tablet,Ceftriaxone,850mg,Tablet,EIPICO,6228234744895,152.45
Ramstatin 500mg Syrup,Fexofenadine,500mg,Syrup,Minapharm,6223910734931,207.97
Pharcoflox 250mg Capsule,Glimepiride,250mg,Capsule,Nile,6223203822956,151.63
Nileformin 5mg Syrup,Glimepiride,5mg,Syrup,EVA Pharma,6224879208693,141.6
Sigflox 5mg Capsule,Ibuprofen,5mg,Capsule,GSK Egypt,6220788974889,72.42
Cidflox 250mg Injection,Esomeprazole,250mg,Injection,CID,6225316705300,28.07
Epizole 10mg Tablet,Ibuprofen,10mg,Tablet,Memphis,6220018979370,180.54
Pharcoformin 100mg Capsule,Cetirizine,100mg,Capsule,Sigma,6221652965743,90.49
Mupcillin 250mg Syrup,Paracetamol,250mg,Syrup,MUP,6227299226940,99.36
Epifen 50mg Injection,Sitagliptin,50mg,Injection,EVA Pharma,6226765294278,238.76
Epicort 20mg Capsule,Glimepiride,20mg,Capsule,Pharco,6220698683284,227.11
Mupstatin 400mg Capsule,Azithromycin,400mg,Capsule,Pharco,6224388133981,86.3
Alexmol 400mg Capsule,Escitalopram,400mg,Capsule,Novartis Egypt,6228361916578,47.75
Octafen 500mg Syrup,Levocetirizine,500mg,Syrup,CID,6221707560923,135.77
Epimol 100mg Capsule,Rabeprazole,100mg,Capsule,SEDICO,6228044186984,75.08
Octamol 10mg Capsule,Mometasone,10mg,Capsule,EVA Pharma,6225015944871,184.18
Amouncort 250mg Injection,Omeprazole,250mg,Injection,MUP,6221612168184,30.14
Pharcofen 250mg Syrup,Betamethasone,250mg,Syrup,Novartis Egypt,6223340036872,225.68
Alexmol 20mg Syrup,Desloratadine,20mg,Syrup,EIPICO,6225131578011,228.9
Rampress 10mg Tablet,Pantoprazole,10mg,Tablet,Apex,6221056054494,221.77
Nilemol 20mg Syrup,Levocetirizine,20mg,Syrup,Amoun,6221917676568,145.8
Pharcocort 850mg Capsule,Azithromycin,850mg,Capsule,Rameda,6224434634875,164.85
Pharcopress 20mg Syrup,Amlodipine,20mg,Syrup,Memphis,6221428821242,190.13
Epipress 200mg Tablet,Levocetirizine,200mg,Tablet,Sigma,6229982688646,160.21
Ramzole 1000mg Capsule,Pantoprazole,1000mg,Capsule,Global Napi,6229357881245,126.2
Alextine 5mg Injection,Hydrocortisone,5mg,Injection,EVA Pharma,6229396000652,184.06
Cidformin 20mg Syrup,Omeprazole,20mg,Syrup,Memphis,6227179923242,54.89
Octaflox 250mg Capsule,Glimepiride,250mg,Capsule,Global Napi,6229349384853,92.42
Nilecort 400mg Injection,Amoxicillin,400mg,Injection,Minapharm,6221553992510,45.78
Ramstatin 50mg Capsule,Ibuprofen,50mg,Capsule,Kahira,6225653213995,26.24
Epicort 200mg Syrup,Amoxicillin,200mg,Syrup,Kahira,6222466306944,91.59
Ramcillin 20mg Capsule,Diclofenac,20mg,Capsule,EIPICO,6220406909859,100.01
Cidfen 500mg Syrup,Empagliflozin,500mg,Syrup,Minapharm,6228385455206,137.28
Nilestatin 250mg Capsule,Glimepiride,250mg,Capsule,Hikma Egypt,6226150804532,129.42
Amounformin 250mg Capsule,Lansoprazole,250mg,Capsule,Memphis,6221726342807,223.54
Ramstatin 20mg Capsule,Atorvastatin,20mg,Capsule,October Pharma,6220326109582,119.1
Nileformin 200mg Capsule,Glimepiride,200mg,Capsule,Rameda,6223196995668,202.13
Alextine 200mg Capsule,Sitagliptin,200mg,Capsule,EIPICO,6229957079509,134.34
Mupflox 850mg Tablet,Hydrocortisone,850mg,Tablet,October Pharma,6222524416189,220.23
Octafen 850mg Capsule,Levocetirizine,850mg,Capsule,Global Napi,6222997691540,222.04
Nileformin 200mg Capsule,Meloxicam,200mg,Capsule,MUP,6225069494742,190.85
Alexfen 20mg Capsule,Gliclazide,20mg,Capsule,EIPICO,6220793122978,77.36
Nilemol 100mg Injection,Fexofenadine,100mg,Injection,Sigma,6221474652746,32.81
Mupcillin 5mg Injection,Amoxicillin,5mg,Injection,Apex,6229108163071,50.88
Mupzole 500mg Tablet,Hydrocortisone,500mg,Tablet,MUP,6227281680835,246.58
Mupcillin 5mg Tablet,Dexamethasone,5mg,Tablet,Amoun,6222927434117,100.59
Cidzole 200mg Injection,Gliclazide,200mg,Injection,Amoun,6221092375249,144.2
Amounpress 500mg Tablet,Pregabalin,500mg,Tablet,Hikma Egypt,6225285839662,17.08
Alexformin 850mg Injection,Ciprofloxacin,850mg,Injection,Apex,6223173386793,141.54
Sigcort 500mg Syrup,Valsartan,500mg,Syrup,Pfizer Egypt,6225292735445,39.4
Rampress 250mg Injection,Paracetamol,250mg,Injection,SEDICO,6222427204036,52.09
Alexflox 20mg Injection,Amoxicillin,20mg,Injection,Rameda,6228102532579,80.37
Ramcort 100mg Capsule,Lansoprazole,100mg,Capsule,Minapharm,6225228042104,227.94
Epimol 100mg Syrup,Levofloxacin,100mg,Syrup,Memphis,6228844138152,188.48
Ramformin 100mg Syrup,Prednisolone,100mg,Syrup,EVA Pharma,6220239937173,48.07
Epifen 250mg Injection,Lansoprazole,250mg,Injection,Minapharm,6228282528263,128.06
Ramcillin 1000mg Capsule,Hydrocortisone,1000mg,Capsule,Hikma Egypt,6228663074044,198.6
Rammol 50mg Tablet,Omeprazole,50mg,Tablet,Nile,6229507374375,34.34
Octacillin 5mg Capsule,Paracetamol,5mg,Capsule,GSK Egypt,6229764781732,83.78
Pharcostatin 200mg Tablet,Amoxicillin,200mg,Tablet,Sigma,6224450708710,205.5
Nilecort 50mg Injection,Paracetamol,50mg,Injection,Pharco,6223621577629,173.82
Muptine 250mg Capsule,Desloratadine,250mg,Capsule,CID,6228237841140,98.71
Rammol 20mg Tablet,Mometasone,20mg,Tablet,MUP,6228648612292,212.18
Epistatin 10mg Tablet,Losartan,10mg,Tablet,GSK Egypt,6222103606710,86.68
Epistatin 200mg Syrup,Fluoxetine,200mg,Syrup,MUP,6221251726042,38.18
Pharcozole 20mg Tablet,Ketoprofen,20mg,Tablet,Pfizer Egypt,6223412788531,158.81
Niletine 250mg Capsule,Levofloxacin,250mg,Capsule,Minapharm,6222704912074,85.35
Sigmol 20mg Tablet,Betamethasone,20mg,Tablet,Pfizer Egypt,6227610413134,197.01
Cidstatin 50mg Capsule,Diclofenac,50mg,Capsule,Pfizer Egypt,6228683799699,17.61
Pharcoflox 500mg Capsule,Dexamethasone,500mg,Capsule,Apex,6225532234028,177.54
Amounmol 5mg Tablet,Paracetamol,5mg,Tablet,EVA Pharma,6221743362420,50.57
Sigflox 200mg Syrup,Azithromycin,200mg,Syrup,CID,6225473345302,209.92
Sigfen 5mg Injection,Lansoprazole,5mg,Injection,Minapharm,6225600027781,45.65
Mupmol 200mg Capsule,Fexofenadine,200mg,Capsule,EIPICO,6224242127002,49.0
Epistatin 10mg Capsule,Amoxicillin,10mg,Capsule,MUP,6226112129208,128.05
Pharcostatin 200mg Tablet,Fluoxetine,200mg,Tablet,SEDICO,6225082655694,162.34
Octazole 250mg Injection,Ketoprofen,250mg,Injection,Global Napi,6224375613205,101.43
Ramformin 200mg Capsule,Atorvastatin,200mg,Capsule,Novartis Egypt,6222698333954,27.92
Mupflox 10mg Injection,Ciprofloxacin,10mg,Injection,Novartis Egypt,6221514285934,142.41
Sigmol 400mg Injection,Atorvastatin,400mg,Injection,CID,6220192492627,207.65
Octazole 1000mg Syrup,Escitalopram,1000mg,Syrup,EVA Pharma,6229142697068,163.04
Rampress 50mg Injection,Amoxicillin,50mg,Injection,EVA Pharma,6229370518838,225.41
Amounfen 100mg Syrup,Fluoxetine,100mg,Syrup,Marcyrl,6223559187549,45.73
Epimol 850mg Injection,Glimepiride,850mg,Injection,Kahira,6221713109918,147.56
Pharcocillin 50mg Syrup,Empagliflozin,50mg,Syrup,Kahira,6220653129321,122.79
Sigzole 100mg Injection,Meloxicam,100mg,Injection,Kahira,6226385848516,184.76
Octapress 250mg Syrup,Hydrocortisone,250mg,Syrup,Apex,6226474056846,126.44
Pharcotine 1000mg Injection,Ibuprofen,1000mg,Injection,Alexandria,6221150514382,229.72
Ramfen 850mg Tablet,Ibuprofen,850mg,Tablet,Rameda,6222666556590,96.14
Mupflox 850mg Capsule,Gabapentin,850mg,Capsule,Marcyrl,6221106654230,198.4
Epipress 400mg Tablet,Bisoprolol,400mg,Tablet,Apex,6228712619837,227.7
Sigstatin 5mg Syrup,Omeprazole,5mg,Syrup,Amoun,6225574310919,40.34
Alexflox 400mg Syrup,Rabeprazole,400mg,Syrup,Novartis Egypt,6224926727856,186.59
Ramcillin 10mg Syrup,Fexofenadine,10mg,Syrup,SEDICO,6224089312166,60.74
Alexmol 5mg Injection,Atorvastatin,5mg,Injection,Delta Pharma,6226625466838,151.0
Pharcozole 850mg Syrup,Omeprazole,850mg,Syrup,Minapharm,6223575355465,202.67
Epimol 20mg Syrup,Azithromycin,20mg,Syrup,Hikma Egypt,6227485846051,59.43
Epicillin 50mg Capsule,Bisoprolol,50mg,Capsule,Amoun,6227727065912,42.33
Pharcocillin 100mg Capsule,Omeprazole,100mg,Capsule,Sigma,6222725530929,154.66
Alexcort 20mg Syrup,Levocetirizine,20mg,Syrup,EVA Pharma,6226918537498,110.38
Octacort 100mg Syrup,Desloratadine,100mg,Syrup,Marcyrl,6224584154339,145.41
Amounstatin 1000mg Syrup,Sitagliptin,1000mg,Syrup,Memphis,6229393835998,96.73
Octacillin 100mg Tablet,Loratadine,100mg,Tablet,Apex,6224187675514,41.17
Nilezole 1000mg Injection,Fluoxetine,1000mg,Injection,MUP,6226110811839,17.27
Alexzole 50mg Syrup,Betamethasone,50mg,Syrup,October Pharma,6229945588044,44.65
Rampress 5mg Tablet,Fexofenadine,5mg,Tablet,Pfizer Egypt,6221289098296,229.08
Ramzole 10mg Tablet,Metformin,10mg,Tablet,SEDICO,6226585898281,180.36
Pharcomol 10mg Syrup,Gliclazide,10mg,Syrup,GSK Egypt,6229698579702,86.35
Epitine 850mg Capsule,Escitalopram,850mg,Capsule,EVA Pharma,6220176583822,220.18
Epipress 100mg Injection,Desloratadine,100mg,Injection,Global Napi,6228110165110,150.8
Nileformin 1000mg Tablet,Ciprofloxacin,1000mg,Tablet,Marcyrl,6220407720521,172.59
Nilecort 1000mg Syrup,Azithromycin,1000mg,Syrup,Sigma,6226805770458,25.91
Nileformin 1000mg Capsule,Esomeprazole,1000mg,Capsule,Novartis Egypt,6225288807224,145.23
Pharcocillin 200mg Syrup,Atorvastatin,200mg,Syrup,October Pharma,6222067989584,249.78
Octacort 20mg Tablet,Pantoprazole,20mg,Tablet,Kahira,6229648324529,36.69
Mupmol 5mg Tablet,Fluoxetine,5mg,Tablet,Pharco,6226108987614,111.27
Cidpress 500mg Tablet,Levocetirizine,500mg,Tablet,Hikma Egypt,6220815184953,214.31
Octafen 50mg Tablet,Glimepiride,50mg,Tablet,Minapharm,6227727013210,198.67
Cidstatin 20mg Tablet,Losartan,20mg,Tablet,Pharco,6228964356856,67.67
Mupzole 20mg Syrup,Glimepiride,20mg,Syrup,CID,6224509378505,62.15
Octazole 400mg Syrup,Diclofenac,400mg,Syrup,Pharco,6229445760193,236.27
Epicort 50mg Injection,Glimepiride,50mg,Injection,Rameda,6228741672889,245.96
Alexmol 500mg Capsule,Bisoprolol,500mg,Capsule,Nile,6226581619880,145.91
Octatine 1000mg Capsule,Amlodipine,1000mg,Capsule,Hikma Egypt,6229587141065,20.94
Muppress 50mg Tablet,Glimepiride,50mg,Tablet,Delta Pharma,6229256029991,91.95
Epistatin 20mg Capsule,Gliclazide,20mg,Capsule,Marcyrl,6228183040475,63.95
Epiflox 400mg Syrup,Amlodipine,400mg,Syrup,EIPICO,6227473322017,157.74
Ramformin 850mg Capsule,Mometasone,850mg,Capsule,Global Napi,6223240449567,19.89
Alextine 400mg Injection,Ciprofloxacin,400mg,Injection,Sigma,6220631805704,133.21
Nilezole 10mg Injection,Meloxicam,10mg,Injection,Sigma,6225610841995,207.65
Octatine 500mg Tablet,Empagliflozin,500mg,Tablet,Pharco,6228846405269,58.46
Ramflox 500mg Syrup,Bisoprolol,500mg,Syrup,October Pharma,6228128924785,186.03
Cidflox 850mg Injection,Lansoprazole,850mg,Injection,Nile,6224060570165,207.63
Pharcocort 20mg Tablet,Omeprazole,20mg,Tablet,EIPICO,6225941369809,24.84
Alexcillin 5mg Capsule,Bisoprolol,5mg,Capsule,Rameda,6225874424156,243.13
Ramcillin 200mg Tablet,Paracetamol,200mg,Tablet,Memphis,6220292324095,193.93
Rammol 1000mg Syrup,Ceftriaxone,1000mg,Syrup,Sigma,6226925377797,180.2
Cidpress 500mg Injection,Valsartan,500mg,Injection,Nile,6225141810675,24.58
Cidmol 50mg Injection,Mometasone,50mg,Injection,Global Napi,6220413483441,184.36
Alexzole 250mg Injection,Desloratadine,250mg,Injection,Global Napi,6229213860902,37.32
Amounpress 100mg Syrup,Bisoprolol,100mg,Syrup,EIPICO,6221973857079,106.44
Amounformin 5mg Capsule,Sitagliptin,5mg,Capsule,GSK Egypt,6224311195420,43.99
Epizole 100mg Injection,Ketoprofen,100mg,Injection,Pfizer Egypt,6223930752960,169.88
Amountine 10mg Injection,Sertraline,10mg,Injection,Sanofi Egypt,6224621452534,179.06
Sigfen 200mg Tablet,Cetirizine,200mg,Tablet,October Pharma,6223344201368,29.72
Ramzole 100mg Syrup,Amoxicillin,100mg,Syrup,Nile,6224992456773,78.91
Rammol 20mg Injection,Sitagliptin,20mg,Injection,MUP,6220709990936,44.35
Mupformin 1000mg Syrup,Sitagliptin,1000mg,Syrup,Rameda,6227771550150,249.69
Nilefen 5mg Capsule,Ceftriaxone,5mg,Capsule,MUP,6227493247383,124.63
Niletine 10mg Injection,Pantoprazole,10mg,Injection,Pharco,6228552737326,29.33
Epiformin 100mg Injection,Amlodipine,100mg,Injection,CID,6227087891923,131.22
Niletine 250mg Injection,Betamethasone,250mg,Injection,SEDICO,6221802219023,23.66
Mupflox 100mg Tablet,Lansoprazole,100mg,Tablet,Minapharm,6229930177321,101.62
Octaformin 5mg Capsule,Paracetamol,5mg,Capsule,CID,6223637756223,72.44
Alexmol 10mg Injection,Ciprofloxacin,10mg,Injection,October Pharma,6224817167440,188.18
Rammol 5mg Injection,Diclofenac,5mg,Injection,Memphis,6224743736178,128.0
Alexpress 50mg Tablet,Gliclazide,50mg,Tablet,Sanofi Egypt,6224076451076,26.8
Cidflox 850mg Syrup,Ciprofloxacin,850mg,Syrup,EIPICO,6226371760303,111.71
Epimol 50mg Syrup,Levocetirizine,50mg,Syrup,Pfizer Egypt,6223535837505,46.28
Sigzole 10mg Injection,Sertraline,10mg,Injection,Sigma,6224635628796,78.73
Octaflox 850mg Capsule,Amoxicillin,850mg,Capsule,EIPICO,6229545479469,68.67
Epiformin 50mg Tablet,Losartan,50mg,Tablet,Marcyrl,6220087267248,82.72
Alexstatin 400mg Syrup,Levofloxacin,400mg,Syrup,Delta Pharma,6228293091442,206.02
Ramformin 500mg Syrup,Fluoxetine,500mg,Syrup,Delta Pharma,6220618024784,246.23
Sigcort 400mg Capsule,Azithromycin,400mg,Capsule,Global Napi,6220013592833,235.46
Ramformin 100mg Syrup,Empagliflozin,100mg,Syrup,Hikma Egypt,6226848908979,241.54
Sigformin 500mg Injection,Desloratadine,500mg,Injection,Sigma,6229290585453,122.68
Pharcozole 50mg Tablet,Metformin,50mg,Tablet,Novartis Egypt,6222572267825,31.28
Cidfen 50mg Capsule,Escitalopram,50mg,Capsule,Hikma Egypt,6221385881730,80.37
Amounformin 1000mg Capsule,Empagliflozin,1000mg,Capsule,Memphis,6222303996185,141.76
Rampress 500mg Tablet,Loratadine,500mg,Tablet,Pfizer Egypt,6226316379188,61.23
Nilecillin 20mg Injection,Ketoprofen,20mg,Injection,Global Napi,6226999128707,218.06
Sigfen 400mg Injection,Betamethasone,400mg,Injection,Pfizer Egypt,6227815876499,171.18
Ramstatin 500mg Syrup,Loratadine,500mg,Syrup,Sanofi Egypt,6225892342234,43.97
Epimol 850mg Syrup,Diclofenac,850mg,Syrup,Global Napi,6227925114207,17.07
Epizole 500mg Tablet,Ceftriaxone,500mg,Tablet,Novartis Egypt,6220712404055,116.08
Epifen 500mg Syrup,Gabapentin,500mg,Syrup,Memphis,6226181995193,59.01
Amouncort 5mg Syrup,Ibuprofen,5mg,Syrup,EVA Pharma,6225101025057,228.54
Ramcillin 250mg Tablet,Rabeprazole,250mg,Tablet,Sanofi Egypt,6225350508783,87.38
Epicort 5mg Syrup,Lansoprazole,5mg,Syrup,Pharco,6229829630883,174.51
Muptine 850mg Capsule,Ciprofloxacin,850mg,Capsule,Delta Pharma,6228274773657,113.29
Octaflox 850mg Syrup,Mometasone,850mg,Syrup,Minapharm,6224427952429,70.43
Sigpress 100mg Tablet,Pantoprazole,100mg,Tablet,Marcyrl,6226957905142,114.13
Amounstatin 200mg Syrup,Paracetamol,200mg,Syrup,October Pharma,6223658180342,74.95
Sigflox 10mg Injection,Desloratadine,10mg,Injection,Rameda,6220285626359,31.17
Rammol 5mg Injection,Pregabalin,5mg,Injection,Sigma,6228287910773,46.13
Ramflox 250mg Syrup,Esomeprazole,250mg,Syrup,Amoun,6223022209464,207.86
Amounzole 200mg Injection,Sitagliptin,200mg,Injection,Alexandria,6221044936795,240.94
Octastatin 400mg Tablet,Loratadine,400mg,Tablet,Rameda,6228233529516,204.7
Epicillin 5mg Injection,Hydrocortisone,5mg,Injection,Pharco,6229704974903,17.27
Rampress 850mg Syrup,Ciprofloxacin,850mg,Syrup,Pfizer Egypt,6225053634703,181.57
Octacort 1000mg Syrup,Amlodipine,1000mg,Syrup,Apex,6229967822263,120.9
Muptine 50mg Syrup,Diclofenac,50mg,Syrup,Pfizer Egypt,6226225143573,128.14
Pharcopress 20mg Capsule,Meloxicam,20mg,Capsule,MUP,6220472942279,147.96
Mupfen 10mg Tablet,Lansoprazole,10mg,Tablet,Pfizer Egypt,6228737349269,110.3
Octaformin 200mg Injection,Pregabalin,200mg,Injection,Marcyrl,6221000628955,172.62
Amounpress 200mg Injection,Ketoprofen,200mg,Injection,Hikma Egypt,6225813193242,146.71
Cidstatin 850mg Injection,Levocetirizine,850mg,Injection,Alexandria,6220720092091,179.93
Sigtine 500mg Tablet,Diclofenac,500mg,Tablet,Sanofi Egypt,6220361119652,24.23
Alexzole 200mg Syrup,Ceftriaxone,200mg,Syrup,October Pharma,6229471826320,147.71
Epipress 20mg Tablet,Losartan,20mg,Tablet,GSK Egypt,6225768992228,33.79
Muppress 20mg Injection,Cetirizine,20mg,Injection,EIPICO,6225228929030,109.14
Nilezole 10mg Injection,Betamethasone,10mg,Injection,Pharco,6228915855117,104.76
Sigzole 20mg Syrup,Sertraline,20mg,Syrup,Minapharm,6225726640192,110.38
Ramstatin 5mg Syrup,Azithromycin,5mg,Syrup,Minapharm,6225348080666,63.17
Nilezole 10mg Syrup,Atorvastatin,10mg,Syrup,Pharco,6224070486180,244.76
Pharcocort 250mg Syrup,Escitalopram,250mg,Syrup,Marcyrl,6224079469887,87.32
Alexmol 20mg Injection,Dexamethasone,20mg,Injection,Hikma Egypt,6227253649044,173.18
Ramflox 200mg Injection,Valsartan,200mg,Injection,Delta Pharma,6229039857667,176.36
Amounformin 850mg Syrup,Ketoprofen,850mg,Syrup,Kahira,6226226723309,183.25
Pharcostatin 400mg Tablet,Meloxicam,400mg,Tablet,Alexandria,6224025826771,124.56
Sigcillin 400mg Tablet,Empagliflozin,400mg,Tablet,Novartis Egypt,6228126046540,249.85
Amountine 1000mg Tablet,Sitagliptin,1000mg,Tablet,Kahira,6228334104308,238.04
Alexcillin 1000mg Tablet,Pantoprazole,1000mg,Tablet,Delta Pharma,6220563686334,223.27
Pharcoflox 5mg Injection,Pantoprazole,5mg,Injection,Minapharm,6228497542474,153.14
Sigstatin 100mg Tablet,Meloxicam,100mg,Tablet,Sanofi Egypt,6224783959261,82.5
Octaflox 250mg Capsule,Esomeprazole,250mg,Capsule,Apex,6221757260828,33.86
Nilemol 850mg Capsule,Rabeprazole,850mg,Capsule,Delta Pharma,6223862269154,94.48
Nileformin 1000mg Syrup,Empagliflozin,1000mg,Syrup,SEDICO,6223590205295,203.2
Epizole 850mg Syrup,Ceftriaxone,850mg,Syrup,GSK Egypt,6220614647437,235.49
Pharcomol 400mg Capsule,Omeprazole,400mg,Capsule,Marcyrl,6223998009709,23.61
Sigmol 200mg Injection,Levofloxacin,200mg,Injection,Rameda,6223986417592,83.69
Mupstatin 5mg Syrup,Levocetirizine,5mg,Syrup,Pharco,6221683587266,229.45
Ramstatin 20mg Capsule,Cetirizine,20mg,Capsule,Apex,6228291427571,127.78
Mupcillin 850mg Injection,Lansoprazole,850mg,Injection,CID,6228855805258,202.46
Cidmol 250mg Syrup,Ceftriaxone,250mg,Syrup,Amoun,6222223655322,238.29
Amountine 1000mg Capsule,Atorvastatin,1000mg,Capsule,Hikma Egypt,6229025303888,204.91
Amounflox 850mg Injection,Gabapentin,850mg,Injection,Apex,6221948878511,136.61
Amountine 400mg Capsule,Gabapentin,400mg,Capsule,Memphis,6229555723224,113.28
Cidcillin 200mg Syrup,Mometasone,200mg,Syrup,Pfizer Egypt,6220889548460,45.73
Epitine 10mg Capsule,Dexamethasone,10mg,Capsule,Minapharm,6227632207124,19.07
Sigpress 100mg Capsule,Fluoxetine,100mg,Capsule,Marcyrl,6222235956882,162.82
Epizole 1000mg Syrup,Glimepiride,1000mg,Syrup,Hikma Egypt,6221923679317,242.02
Amounmol 100mg Tablet,Pregabalin,100mg,Tablet,Rameda,6225140398433,37.94
Pharcocillin 850mg Capsule,Azithromycin,850mg,Capsule,October Pharma,6224687028544,249.79
Pharcostatin 500mg Injection,Atorvastatin,500mg,Injection,Pharco,6221875017328,61.17
Mupmol 850mg Capsule,Paracetamol,850mg,Capsule,MUP,6220315881017,243.05
Sigformin 50mg Injection,Paracetamol,50mg,Injection,Amoun,6229753129729,217.74
Sigmol 5mg Capsule,Dexamethasone,5mg,Capsule,EIPICO,6222944063161,182.61
Octacort 50mg Syrup,Ibuprofen,50mg,Syrup,EVA Pharma,6221737833578,114.4
Ramzole 400mg Syrup,Rabeprazole,400mg,Syrup,Rameda,6226113939684,72.59
Sigpress 10mg Injection,Gliclazide,10mg,Injection,CID,6222180741786,51.37
Epicort 50mg Capsule,Amlodipine,50mg,Capsule,Pfizer Egypt,6227761458015,234.42
Octastatin 400mg Syrup,Ibuprofen,400mg,Syrup,EVA Pharma,6222878950599,16.4
Sigflox 50mg Syrup,Hydrocortisone,50mg,Syrup,Pfizer Egypt,6221709788356,84.11
Pharcopress 1000mg Tablet,Azithromycin,1000mg,Tablet,Nile,6228259355892,211.84
Ramflox 500mg Injection,Dexamethasone,500mg,Injection,Rameda,6227438454104,26.48
Amouncillin 850mg Tablet,Pregabalin,850mg,Tablet,EIPICO,6228763065546,245.08
Nilecillin 200mg Injection,Losartan,200mg,Injection,Delta Pharma,6225746398240,180.4
Nilestatin 100mg Capsule,Dexamethasone,100mg,Capsule,October Pharma,6229787627161,189.79
Nilemol 100mg Capsule,Ciprofloxacin,100mg,Capsule,Rameda,6228440375074,61.48
Mupzole 100mg Injection,Bisoprolol,100mg,Injection,Kahira,6228290130014,140.42
Alextine 400mg Capsule,Losartan,400mg,Capsule,Alexandria,6229207833370,168.15
Alexcillin 100mg Capsule,Loratadine,100mg,Capsule,Nile,6225785591138,49.26
Pharcomol 100mg Syrup,Paracetamol,100mg,Syrup,Hikma Egypt,6221360156662,53.51
Muppress 50mg Capsule,Sertraline,50mg,Capsule,Kahira,6226626819732,50.07
Amounmol 100mg Injection,Losartan,100mg,Injection,Memphis,6220313284421,114.23
Epitine 50mg Tablet,Rabeprazole,50mg,Tablet,Apex,6221915000969,60.44
Cidfen 100mg Injection,Rabeprazole,100mg,Injection,Apex,6228749706296,225.81
Sigflox 10mg Syrup,Valsartan,10mg,Syrup,MUP,6225546103440,75.15
Pharcocillin 20mg Capsule,Pregabalin,20mg,Capsule,EIPICO,6220038808407,50.71
Amounfen 20mg Syrup,Hydrocortisone,20mg,Syrup,Sigma,6220572565958,227.24
Ramzole 10mg Syrup,Empagliflozin,10mg,Syrup,Novartis Egypt,6221217809277,31.15
Octastatin 200mg Tablet,Gliclazide,200mg,Tablet,Sanofi Egypt,6220143862783,221.53
Cidtine 100mg Tablet,Sitagliptin,100mg,Tablet,Sigma,6220108532546,134.88
Amounzole 20mg Tablet,Bisoprolol,20mg,Tablet,Alexandria,6222743156330,152.19
Cidtine 400mg Injection,Rabeprazole,400mg,Injection,Apex,6227454304322,126.1
Ramcillin 850mg Injection,Gabapentin,850mg,Injection,Amoun,6229196010004,201.53
Octapress 100mg Capsule,Gliclazide,100mg,Capsule,Delta Pharma,6222389454579,138.02
Ramformin 250mg Injection,Diclofenac,250mg,Injection,Sanofi Egypt,6228507873314,127.19
Pharcomol 10mg Syrup,Meloxicam,10mg,Syrup,CID,6224675348739,22.48
Nilefen 10mg Capsule,Sitagliptin,10mg,Capsule,Pfizer Egypt,6220261120123,219.36
Nilemol 1000mg Injection,Bisoprolol,1000mg,Injection,Pharco,6220060647586,153.03
Pharcotine 200mg Syrup,Rabeprazole,200mg,Syrup,Pharco,6220375410356,78.79
Amounpress 200mg Capsule,Meloxicam,200mg,Capsule,Sigma,6229515538738,151.9
Epitine 250mg Capsule,Lansoprazole,250mg,Capsule,Minapharm,6223726024790,126.77
Epipress 5mg Capsule,Pregabalin,5mg,Capsule,Kahira,6220218273179,138.08
Ramflox 5mg Capsule,Mometasone,5mg,Capsule,Apex,6228982956113,121.33
Amounstatin 10mg Tablet,Paracetamol,10mg,Tablet,Pfizer Egypt,6227447159496,118.14
Octazole 250mg Syrup,Dexamethasone,250mg,Syrup,Pharco,6221950826388,177.67
Sigflox 500mg Injection,Desloratadine,500mg,Injection,GSK Egypt,6225300872605,64.46
Nilezole 100mg Capsule,Glimepiride,100mg,Capsule,Sigma,6226794529785,72.74
Epicort 500mg Syrup,Omeprazole,500mg,Syrup,EVA Pharma,6228540313488,71.24
Mupcillin 5mg Injection,Lansoprazole,5mg,Injection,Sanofi Egypt,6224835190390,31.93
Sigpress 5mg Injection,Pantoprazole,5mg,Injection,Apex,6229366368409,198.26
Epitine 400mg Syrup,Mometasone,400mg,Syrup,October Pharma,6226079347172,181.59
Ramtine 850mg Tablet,Gliclazide,850mg,Tablet,Delta Pharma,6220768251771,170.02
Octaformin 250mg Syrup,Dexamethasone,250mg,Syrup,Delta Pharma,6229870541244,165.79
Pharcoflox 1000mg Capsule,Cetirizine,1000mg,Capsule,Alexandria,6228521089685,158.74
Ramfen 5mg Syrup,Hydrocortisone,5mg,Syrup,EVA Pharma,6220619167862,45.08
Pharcozole 1000mg Tablet,Levofloxacin,1000mg,Tablet,SEDICO,6226782304493,138.2
Nilemol 5mg Injection,Lansoprazole,5mg,Injection,Novartis Egypt,6221107292127,136.99
Octafen 100mg Injection,Amoxicillin,100mg,Injection,EVA Pharma,6227087206512,89.96
Alexpress 250mg Syrup,Esomeprazole,250mg,Syrup,CID,6220044547253,113.86
Epiformin 20mg Capsule,Lansoprazole,20mg,Capsule,Global Napi,6222166696406,116.96
Amouncort 250mg Tablet,Meloxicam,250mg,Tablet,Alexandria,6222064518787,89.4
Pharcocillin 400mg Syrup,Amoxicillin,400mg,Syrup,Global Napi,6222563402648,188.72
Octaformin 200mg Capsule,Azithromycin,200mg,Capsule,Pharco,6228712056458,121.39
Cidtine 250mg Tablet,Cetirizine,250mg,Tablet,EVA Pharma,6229929157594,152.17
Nilecillin 10mg Syrup,Gabapentin,10mg,Syrup,October Pharma,6225482068834,244.33
Mupfen 50mg Capsule,Sertraline,50mg,Capsule,Kahira,6227451163373,90.02
Octapress 10mg Syrup,Atorvastatin,10mg,Syrup,Hikma Egypt,6226829549160,237.05
Nilemol 850mg Tablet,Metformin,850mg,Tablet,Hikma Egypt,6229948429214,208.23
Epicillin 250mg Injection,Pantoprazole,250mg,Injection,EVA Pharma,6225411133992,173.48
Alexcort 850mg Capsule,Ciprofloxacin,850mg,Capsule,Minapharm,6222009374515,104.19
Sigformin 5mg Injection,Lansoprazole,5mg,Injection,Marcyrl,6224801316304,72.44
Ramfen 100mg Syrup,Pregabalin,100mg,Syrup,Apex,6220307520801,46.01
Octaflox 100mg Tablet,Ibuprofen,100mg,Tablet,Novartis Egypt,6220304554830,145.97
Pharcopress 850mg Capsule,Ketoprofen,850mg,Capsule,SEDICO,6224843171077,92.57
Epizole 20mg Capsule,Pregabalin,20mg,Capsule,Global Napi,6224235258904,208.43
Cidcort 250mg Tablet,Ketoprofen,250mg,Tablet,Global Napi,6227674439132,30.49
Ramflox 200mg Syrup,Esomeprazole,200mg,Syrup,Minapharm,6229378335710,249.09
Alexmol 50mg Injection,Mometasone,50mg,Injection,Sanofi Egypt,6223145315363,151.35
Ramfen 400mg Capsule,Ketoprofen,400mg,Capsule,Pfizer Egypt,6222727713078,150.07
Pharcomol 400mg Injection,Diclofenac,400mg,Injection,Pfizer Egypt,6223758545591,33.01
Ramtine 850mg Capsule,Paracetamol,850mg,Capsule,Nile,6225986594907,60.8
Octamol 5mg Tablet,Prednisolone,5mg,Tablet,Pharco,6221165346763,212.92
Ramcillin 850mg Tablet,Lansoprazole,850mg,Tablet,Pharco,6226244627924,64.81
Cidcort 50mg Injection,Escitalopram,50mg,Injection,Delta Pharma,6220852454545,34.36
Cidcillin 10mg Syrup,Levocetirizine,10mg,Syrup,Amoun,6227983362848,137.89
Epistatin 1000mg Tablet,Glimepiride,1000mg,Tablet,Marcyrl,6229449201432,100.66
Amounfen 850mg Injection,Prednisolone,850mg,Injection,Nile,6220318435187,88.55
Mupflox 200mg Tablet,Mometasone,200mg,Tablet,EVA Pharma,6227160849872,127.4
Octatine 5mg Tablet,Loratadine,5mg,Tablet,Amoun,6225020284641,187.13
Mupstatin 1000mg Syrup,Gabapentin,1000mg,Syrup,Novartis Egypt,6221929454277,210.81
Epicort 200mg Injection,Levocetirizine,200mg,Injection,Rameda,6224818223923,86.02
Epicort 400mg Tablet,Esomeprazole,400mg,Tablet,Alexandria,6223983983069,31.6
Mupcort 200mg Capsule,Escitalopram,200mg,Capsule,GSK Egypt,6220815889865,120.27
Octamol 20mg Syrup,Diclofenac,20mg,Syrup,Apex,6224061616282,148.83
Sigcort 20mg Syrup,Gabapentin,20mg,Syrup,October Pharma,6228495129578,119.92
Octacillin 10mg Injection,Ceftriaxone,10mg,Injection,Nile,6220849665695,231.71
Epizole 20mg Syrup,Fexofenadine,20mg,Syrup,GSK Egypt,6220940931729,238.91
Amountine 20mg Syrup,Escitalopram,20mg,Syrup,Pharco,6226994277226,208.56
Alextine 10mg Capsule,Ketoprofen,10mg,Capsule,Amoun,6221811531833,186.76
Cidfen 100mg Tablet,Amoxicillin,100mg,Tablet,CID,6229987382099,202.98
Ramtine 50mg Tablet,Hydrocortisone,50mg,Tablet,Delta Pharma,6229416246992,177.03
Alexpress 200mg Syrup,Levocetirizine,200mg,Syrup,Amoun,6222526754487,196.05
Alexcillin 10mg Injection,Paracetamol,10mg,Injection,Apex,6224935337626,194.33
Mupmol 10mg Injection,Desloratadine,10mg,Injection,Sanofi Egypt,6223059471438,29.17
Nilecort 250mg Capsule,Gliclazide,250mg,Capsule,Sigma,6229280335921,169.73
Rammol 400mg Syrup,Ciprofloxacin,400mg,Syrup,October Pharma,6225278371094,62.75
Amountine 250mg Syrup,Gliclazide,250mg,Syrup,Rameda,6229749294752,184.44
Cidcillin 10mg Injection,Meloxicam,10mg,Injection,Alexandria,6220222719403,50.39
Amounstatin 20mg Tablet,Sertraline,20mg,Tablet,Alexandria,6222361751283,54.72
Rammol 5mg Tablet,Diclofenac,5mg,Tablet,EVA Pharma,6224722553338,60.05
Nilestatin 200mg Syrup,Glimepiride,200mg,Syrup,Apex,6227485670960,151.94
Cidstatin 200mg Syrup,Fexofenadine,200mg,Syrup,GSK Egypt,6224189102667,30.83
Sigstatin 1000mg Injection,Escitalopram,1000mg,Injection,EVA Pharma,6222324985090,94.48
Amounfen 5mg Tablet,Meloxicam,5mg,Tablet,Apex,6224356552127,214.44
Epimol 10mg Capsule,Amlodipine,10mg,Capsule,Amoun,6223506522287,188.94
Amounstatin 500mg Injection,Glimepiride,500mg,Injection,Sigma,6220837470010,193.51
Amounmol 400mg Tablet,Paracetamol,400mg,Tablet,Amoun,6226478457595,84.06
Alexcort 500mg Tablet,Hydrocortisone,500mg,Tablet,GSK Egypt,6225792208715,197.45
Amouncillin 850mg Injection,Lansoprazole,850mg,Injection,Novartis Egypt,6225774938302,222.57
Octaflox 50mg Syrup,Hydrocortisone,50mg,Syrup,Hikma Egypt,6225871932388,153.41
Sigflox 1000mg Syrup,Losartan,1000mg,Syrup,CID,6225855199738,153.49
Epicort 500mg Tablet,Levofloxacin,500mg,Tablet,CID,6226265127236,110.26
Mupcillin 10mg Capsule,Escitalopram,10mg,Capsule,EIPICO,6222669903421,193.86
Pharcocort 200mg Injection,Sitagliptin,200mg,Injection,Alexandria,6222847840869,107.42
Epicillin 850mg Tablet,Fexofenadine,850mg,Tablet,Apex,6228624475835,142.45
Niletine 20mg Injection,Rabeprazole,20mg,Injection,Kahira,6220570326100,45.74
Pharcocillin 20mg Tablet,Atorvastatin,20mg,Tablet,EVA Pharma,6220366717716,32.44
Alexfen 20mg Injection,Ketoprofen,20mg,Injection,Delta Pharma,6222212868429,97.83
Cidmol 850mg Tablet,Ciprofloxacin,850mg,Tablet,CID,6220883658295,176.74
Mupcillin 500mg Syrup,Pregabalin,500mg,Syrup,Novartis Egypt,6224664324935,47.1
Pharcoformin 1000mg Capsule,Sertraline,1000mg,Capsule,CID,6228059494289,238.95
Pharcoformin 250mg Capsule,Ciprofloxacin,250mg,Capsule,Pharco,6220930925790,149.23
Rampress 50mg Injection,Hydrocortisone,50mg,Injection,Minapharm,6226422428558,88.34
Alexcort 200mg Syrup,Levocetirizine,200mg,Syrup,Global Napi,6228677814513,233.06
Mupflox 250mg Capsule,Gliclazide,250mg,Capsule,GSK Egypt,6222162263268,111.96
Octaflox 200mg Tablet,Escitalopram,200mg,Tablet,Global Napi,6223897573400,235.22
Octaformin 250mg Injection,Omeprazole,250mg,Injection,MUP,6221434193708,113.85
Alexfen 500mg Tablet,Sertraline,500mg,Tablet,Memphis,6223990128965,46.88
Cidformin 500mg Injection,Desloratadine,500mg,Injection,Amoun,6225034952147,88.34
Epiflox 100mg Tablet,Amlodipine,100mg,Tablet,Novartis Egypt,6222649108068,98.07
Pharcocillin 100mg Tablet,Diclofenac,100mg,Tablet,Sigma,6227858271664,185.14
Ramfen 10mg Tablet,Hydrocortisone,10mg,Tablet,GSK Egypt,6223124226871,177.29
Alexfen 200mg Syrup,Valsartan,200mg,Syrup,GSK Egypt,6223885997232,47.37
Cidmol 10mg Tablet,Sertraline,10mg,Tablet,EIPICO,6223914356825,181.47
Amountine 500mg Tablet,Fexofenadine,500mg,Tablet,Nile,6223806317507,58.12
Epitine 850mg Injection,Bisoprolol,850mg,Injection,Pfizer Egypt,6220311260137,114.58
Cidpress 500mg Injection,Metformin,500mg,Injection,Nile,6223726118338,50.64
Rampress 850mg Tablet,Glimepiride,850mg,Tablet,Apex,6227476098049,15.59
Ramflox 850mg Tablet,Glimepiride,850mg,Tablet,GSK Egypt,6225518166145,127.01
Cidformin 250mg Syrup,Gabapentin,250mg,Syrup,Rameda,6223263005375,188.23
Mupfen 20mg Syrup,Metformin,20mg,Syrup,SEDICO,6222941148304,18.86
Sigzole 850mg Tablet,Mometasone,850mg,Tablet,Minapharm,6223631397965,97.18
Pharcozole 10mg Capsule,Levofloxacin,10mg,Capsule,October Pharma,6227153591337,88.93
Sigformin 850mg Capsule,Omeprazole,850mg,Capsule,Delta Pharma,6225578779279,52.97
Epistatin 200mg Injection,Desloratadine,200mg,Injection,Pfizer Egypt,6226950194413,215.17
Epipress 500mg Capsule,Sertraline,500mg,Capsule,Sanofi Egypt,6224588004951,109.57
Amounflox 20mg Capsule,Levofloxacin,20mg,Capsule,Global Napi,6227591768957,140.9
Sigflox 50mg Syrup,Losartan,50mg,Syrup,Marcyrl,6227578087361,97.25
Amounstatin 250mg Capsule,Pregabalin,250mg,Capsule,Alexandria,6221288771664,134.17
Pharcozole 250mg Tablet,Gabapentin,250mg,Tablet,Kahira,6229434529428,91.96
Cidtine 250mg Injection,Sertraline,250mg,Injection,Delta Pharma,6225524678342,244.99
Amouncort 5mg Tablet,Empagliflozin,5mg,Tablet,CID,6229156014523,241.1
Ramcillin 10mg Injection,Ibuprofen,10mg,Injection,Sigma,6224709161891,195.53
Epiflox 20mg Tablet,Lansoprazole,20mg,Tablet,SEDICO,6223098744210,239.71
Epizole 1000mg Tablet,Levofloxacin,1000mg,Tablet,CID,6223545371907,164.56
Nilefen 400mg Tablet,Desloratadine,400mg,Tablet,October Pharma,6220763697932,157.43
Mupcort 400mg Injection,Pantoprazole,400mg,Injection,Novartis Egypt,6221023929480,166.42
Cidformin 50mg Capsule,Pregabalin,50mg,Capsule,Minapharm,6220160644546,39.9
Pharcomol 20mg Injection,Gabapentin,20mg,Injection,Marcyrl,6227319980661,168.33
Sigpress 500mg Capsule,Sitagliptin,500mg,Capsule,Pharco,6225954091582,73.28
Muppress 200mg Syrup,Valsartan,200mg,Syrup,CID,6224288620437,198.24
Mupmol 50mg Capsule,Losartan,50mg,Capsule,Global Napi,6229059619528,129.52
Epiformin 250mg Injection,Omeprazole,250mg,Injection,October Pharma,6227112944068,128.28
Epiformin 100mg Syrup,Bisoprolol,100mg,Syrup,Sanofi Egypt,6226919178119,40.41
Muppress 250mg Tablet,Meloxicam,250mg,Tablet,MUP,6224931077571,50.21
Sigzole 20mg Injection,Levocetirizine,20mg,Injection,Rameda,6221934489158,229.19
Sigflox 20mg Tablet,Cetirizine,20mg,Tablet,October Pharma,6221176824274,167.85
Pharcozole 400mg Tablet,Esomeprazole,400mg,Tablet,Hikma Egypt,6221543445583,85.18
Pharcocillin 250mg Injection,Meloxicam,250mg,Injection,SEDICO,6226825080797,102.06
Pharcoflox 850mg Capsule,Ibuprofen,850mg,Capsule,SEDICO,6228444025739,200.19
Octazole 20mg Syrup,Omeprazole,20mg,Syrup,Marcyrl,6229798092446,175.06
Mupformin 500mg Syrup,Sertraline,500mg,Syrup,Pfizer Egypt,6222444405683,249.78
Muptine 50mg Capsule,Metformin,50mg,Capsule,Sanofi Egypt,6228778052432,191.1
Amouncillin 500mg Syrup,Dexamethasone,500mg,Syrup,Sanofi Egypt,6221777020594,163.29
Cidfen 50mg Injection,Lansoprazole,50mg,Injection,Delta Pharma,6225711742504,188.87
Niletine 100mg Injection,Gabapentin,100mg,Injection,Kahira,6224776226974,178.84
Sigformin 200mg Tablet,Mometasone,200mg,Tablet,Pfizer Egypt,6221550362828,121.44
Ramflox 500mg Tablet,Ketoprofen,500mg,Tablet,Pharco,6223529675052,158.68
Alexcort 400mg Tablet,Metformin,400mg,Tablet,MUP,6221751633284,180.61
Epitine 50mg Syrup,Gabapentin,50mg,Syrup,SEDICO,6223376210437,52.72
Octafen 100mg Capsule,Omeprazole,100mg,Capsule,Pharco,6221809184263,43.43
Cidstatin 5mg Injection,Sitagliptin,5mg,Injection,Alexandria,6225414179751,172.95
Pharcocillin 1000mg Injection,Diclofenac,1000mg,Injection,SEDICO,6223165733789,237.04
Epiformin 250mg Syrup,Gabapentin,250mg,Syrup,Pfizer Egypt,6229098131227,85.65
Epicort 200mg Capsule,Betamethasone,200mg,Capsule,GSK Egypt,6223462157936,184.11
Ramformin 1000mg Injection,Escitalopram,1000mg,Injection,Nile,6223823564397,237.3
Sigtine 100mg Syrup,Meloxicam,100mg,Syrup,Pfizer Egypt,6221212044802,193.54
Mupzole 500mg Syrup,Metformin,500mg,Syrup,Sigma,6224103085731,143.36
Sigcillin 20mg Injection,Rabeprazole,20mg,Injection,Minapharm,6222516774242,126.11
Epiflox 100mg Injection,Loratadine,100mg,Injection,Memphis,6224615867993,242.36
Nilecort 100mg Tablet,Dexamethasone,100mg,Tablet,Kahira,6220213266503,176.38
Niletine 850mg Syrup,Ciprofloxacin,850mg,Syrup,Pharco,6228593403266,238.26
Alexpress 50mg Syrup,Loratadine,50mg,Syrup,Sanofi Egypt,6222107941879,245.66
Amounpress 20mg Tablet,Loratadine,20mg,Tablet,MUP,6225065303574,189.56
Rammol 200mg Tablet,Valsartan,200mg,Tablet,Amoun,6226448316990,240.17
Epizole 100mg Tablet,Loratadine,100mg,Tablet,Pfizer Egypt,6229784739126,195.06
Epiflox 850mg Injection,Bisoprolol,850mg,Injection,Pfizer Egypt,6229049813851,95.16
Ramzole 850mg Syrup,Empagliflozin,850mg,Syrup,Sanofi Egypt,6226338952079,116.5
Muptine 250mg Injection,Atorvastatin,250mg,Injection,Marcyrl,6229014882684,233.8
Nilefen 850mg Injection,Fluoxetine,850mg,Injection,Novartis Egypt,6229555196011,113.59
Sigstatin 200mg Capsule,Ibuprofen,200mg,Capsule,MUP,6226037298904,62.07
Mupcort 5mg Capsule,Azithromycin,5mg,Capsule,Sigma,6222739265824,237.98
Pharcofen 500mg Capsule,Gabapentin,500mg,Capsule,Global Napi,6228661545522,56.85
Sigstatin 850mg Syrup,Pantoprazole,850mg,Syrup,October Pharma,6227923628799,141.92
Mupmol 400mg Capsule,Empagliflozin,400mg,Capsule,Global Napi,6227871096978,88.05
Alexzole 850mg Syrup,Sitagliptin,850mg,Syrup,Pharco,6229237698512,98.41
Nilecort 50mg Syrup,Fluoxetine,50mg,Syrup,EIPICO,6225137563097,144.13
Ramformin 500mg Injection,Hydrocortisone,500mg,Injection,SEDICO,6225166761815,224.66
Sigzole 500mg Injection,Escitalopram,500mg,Injection,EVA Pharma,6222719864023,61.05
Amountine 10mg Injection,Levofloxacin,10mg,Injection,Delta Pharma,6222629688429,203.94
Rammol 100mg Tablet,Diclofenac,100mg,Tablet,Novartis Egypt,6221397724346,118.07
Mupcort 10mg Capsule,Ketoprofen,10mg,Capsule,Novartis Egypt,6227790195585,28.61
Pharcopress 500mg Capsule,Escitalopram,500mg,Capsule,EVA Pharma,6223657911435,15.05
Sigmol 200mg Syrup,Escitalopram,200mg,Syrup,Hikma Egypt,6228074632406,183.26
Pharcozole 400mg Syrup,Losartan,400mg,Syrup,Global Napi,6220235674867,71.1
Amouncillin 200mg Injection,Meloxicam,200mg,Injection,Kahira,6228896339972,171.72
Pharcostatin 1000mg Tablet,Amoxicillin,1000mg,Tablet,Pharco,6222443455061,150.38
Cidflox 250mg Tablet,Valsartan,250mg,Tablet,Nile,6222114436795,233.45
Sigmol 100mg Tablet,Empagliflozin,100mg,Tablet,Pfizer Egypt,6229554263509,233.86
Mupcillin 50mg Tablet,Prednisolone,50mg,Tablet,Memphis,6220944747661,95.56
Sigflox 500mg Tablet,Fluoxetine,500mg,Tablet,Sanofi Egypt,6223308047056,108.97
Pharcofen 200mg Injection,Fluoxetine,200mg,Injection,Sanofi Egypt,6226844892067,92.67
Amounfen 5mg Injection,Dexamethasone,5mg,Injection,CID,6225757933485,50.87
Amounformin 200mg Capsule,Dexamethasone,200mg,Capsule,Global Napi,6220858423699,156.92
Cidfen 400mg Capsule,Azithromycin,400mg,Capsule,Nile,6227912353718,183.61
Alexflox 50mg Tablet,Escitalopram,50mg,Tablet,Delta Pharma,6220959549847,234.41
Muptine 200mg Syrup,Bisoprolol,200mg,Syrup,Delta Pharma,6224791536867,237.23
Amouncillin 20mg Injection,Cetirizine,20mg,Injection,Alexandria,6223554622663,132.5
Epistatin 5mg Syrup,Fluoxetine,5mg,Syrup,Marcyrl,6223570620186,104.82
Pharcoflox 100mg Tablet,Pantoprazole,100mg,Tablet,Amoun,6229478128328,183.24
Pharcomol 5mg Injection,Diclofenac,5mg,Injection,EIPICO,6222798208534,190.38
Epizole 250mg Injection,Glimepiride,250mg,Injection,Novartis Egypt,6225268799853,64.2
Amounflox 1000mg Injection,Paracetamol,1000mg,Injection,Kahira,6226900552690,159.16
Pharcotine 1000mg Syrup,Ketoprofen,1000mg,Syrup,Amoun,6221287387279,54.99
Alexflox 5mg Syrup,Metformin,5mg,Syrup,SEDICO,6227550052639,65.66
Mupflox 200mg Injection,Paracetamol,200mg,Injection,October Pharma,6221605458407,172.87
Alexzole 50mg Syrup,Levofloxacin,50mg,Syrup,Pharco,6228133523614,133.32
Mupcillin 250mg Injection,Bisoprolol,250mg,Injection,October Pharma,6226265695735,157.6
Amounstatin 5mg Tablet,Betamethasone,5mg,Tablet,Sigma,6221985734375,240.78
Sigcort 10mg Syrup,Betamethasone,10mg,Syrup,Apex,6224101593344,160.55
Pharcoformin 200mg Injection,Ciprofloxacin,200mg,Injection,Nile,6229306778602,51.14
Cidpress 50mg Tablet,Ibuprofen,50mg,Tablet,Amoun,6220756382883,69.78
Cidflox 1000mg Injection,Desloratadine,1000mg,Injection,Rameda,6226488154842,129.46
Nilecillin 250mg Capsule,Prednisolone,250mg,Capsule,MUP,6227182154527,193.28
Epiformin 500mg Capsule,Escitalopram,500mg,Capsule,October Pharma,6221741352584,67.49
Alexstatin 10mg Capsule,Prednisolone,10mg,Capsule,Nile,6221121459636,181.93
Mupcillin 400mg Tablet,Omeprazole,400mg,Tablet,MUP,6226413054841,104.05
Sigpress 500mg Syrup,Levocetirizine,500mg,Syrup,Nile,6226665961492,195.61
Alexformin 20mg Capsule,Sitagliptin,20mg,Capsule,Delta Pharma,6223562905963,215.84
Amounmol 500mg Capsule,Metformin,500mg,Capsule,Sigma,6226886881258,102.17
Ramzole 850mg Injection,Esomeprazole,850mg,Injection,MUP,6225217706758,179.74
Sigmol 200mg Capsule,Mometasone,200mg,Capsule,Pfizer Egypt,6224887732906,43.33
Mupfen 500mg Tablet,Azithromycin,500mg,Tablet,Minapharm,6227571781341,215.2
Nilefen 500mg Capsule,Rabeprazole,500mg,Capsule,Apex,6222916075567,100.91
Nilefen 400mg Tablet,Losartan,400mg,Tablet,CID,6224538648693,170.96
Cidtine 250mg Tablet,Prednisolone,250mg,Tablet,CID,6229404247284,204.15
Sigpress 850mg Injection,Meloxicam,850mg,Injection,Marcyrl,6228592298597,137.83
Alexpress 250mg Injection,Loratadine,250mg,Injection,October Pharma,6228187898782,239.69
Amounfen 20mg Syrup,Sitagliptin,20mg,Syrup,Delta Pharma,6222029728442,174.84
Nilecillin 200mg Tablet,Ibuprofen,200mg,Tablet,Pharco,6227412501244,216.49
Octacillin 200mg Capsule,Ibuprofen,200mg,Capsule,Global Napi,6225845921660,83.85
Mupflox 100mg Syrup,Glimepiride,100mg,Syrup,Pharco,6224857079871,184.03
Sigflox 50mg Capsule,Valsartan,50mg,Capsule,Minapharm,6223860116900,204.21
Rampress 500mg Capsule,Fexofenadine,500mg,Capsule,GSK Egypt,6224764250332,108.57
Epicort 20mg Injection,Azithromycin,20mg,Injection,Global Napi,6225849430854,108.73
Ramzole 250mg Capsule,Ciprofloxacin,250mg,Capsule,October Pharma,6223711229001,150.57
Mupfen 250mg Syrup,Atorvastatin,250mg,Syrup,Pharco,6224900318810,123.7
Mupzole 5mg Capsule,Esomeprazole,5mg,Capsule,Nile,6221732641383,129.65
Sigmol 250mg Syrup,Sitagliptin,250mg,Syrup,MUP,6227444565412,17.05
Amouncillin 1000mg Capsule,Pantoprazole,1000mg,Capsule,Marcyrl,6223096589004,126.78
Alexpress 1000mg Injection,Escitalopram,1000mg,Injection,Kahira,6222448548904,110.79
Cidflox 20mg Capsule,Levofloxacin,20mg,Capsule,Novartis Egypt,6220072851735,20.54
Epizole 400mg Syrup,Diclofenac,400mg,Syrup,Novartis Egypt,6229076692665,240.22
Niletine 10mg Tablet,Mometasone,10mg,Tablet,Global Napi,6224003646483,39.25
Ramstatin 5mg Syrup,Prednisolone,5mg,Syrup,October Pharma,6225975853398,38.22
Pharcoflox 400mg Capsule,Levofloxacin,400mg,Capsule,Novartis Egypt,6224593954227,120.79
Nilecillin 20mg Syrup,Levocetirizine,20mg,Syrup,Pfizer Egypt,6220225392252,79.99
Nileflox 50mg Injection,Valsartan,50mg,Injection,EVA Pharma,6220129104791,142.89
Alextine 50mg Capsule,Mometasone,50mg,Capsule,Global Napi,6223470130778,170.11
Cidzole 400mg Syrup,Losartan,400mg,Syrup,Sanofi Egypt,6222964475425,215.28
Muptine 250mg Tablet,Losartan,250mg,Tablet,MUP,6229843419150,55.97
Cidtine 20mg Capsule,Valsartan,20mg,Capsule,Pfizer Egypt,6229245933896,228.84
Pharcotine 5mg Tablet,Ceftriaxone,5mg,Tablet,GSK Egypt,6225801855879,117.55
Amounpress 100mg Injection,Escitalopram,100mg,Injection,Pharco,6222085158405,70.4
Epimol 20mg Injection,Cetirizine,20mg,Injection,Minapharm,6221047244774,85.86
Cidstatin 400mg Capsule,Mometasone,400mg,Capsule,Nile,6225019205312,111.17
Octamol 50mg Tablet,Sertraline,50mg,Tablet,Hikma Egypt,6228194964371,201.93
Amouncort 100mg Tablet,Rabeprazole,100mg,Tablet,EIPICO,6225326619963,35.98
Epiflox 1000mg Syrup,Gliclazide,1000mg,Syrup,EIPICO,6224256823686,53.38
Cidformin 250mg Capsule,Ketoprofen,250mg,Capsule,MUP,6225562236269,56.99
Epiflox 200mg Syrup,Levofloxacin,200mg,Syrup,October Pharma,6227996275081,65.15
Nilecillin 850mg Tablet,Prednisolone,850mg,Tablet,October Pharma,6228488144021,210.28
Alexformin 200mg Tablet,Escitalopram,200mg,Tablet,Alexandria,6221373300847,43.08
Octaformin 400mg Injection,Prednisolone,400mg,Injection,Hikma Egypt,6223595336642,197.25
Cidtine 250mg Syrup,Rabeprazole,250mg,Syrup,EVA Pharma,6223548937353,138.65
Octastatin 100mg Injection,Empagliflozin,100mg,Injection,Delta Pharma,6227842609183,177.67
Amounformin 20mg Syrup,Azithromycin,20mg,Syrup,Apex,6229790304295,108.48
Nileflox 250mg Tablet,Dexamethasone,250mg,Tablet,Rameda,6227765463671,39.1
Nilestatin 850mg Capsule,Pantoprazole,850mg,Capsule,Kahira,6226765033921,34.0
Sigflox 100mg Injection,Ketoprofen,100mg,Injection,Sigma,6225048934764,225.6
Octacillin 5mg Syrup,Fexofenadine,5mg,Syrup,Amoun,6225569809640,120.67
Alexzole 200mg Capsule,Gabapentin,200mg,Capsule,October Pharma,6220613355449,59.43
Alexmol 250mg Syrup,Glimepiride,250mg,Syrup,Pharco,6227223848156,249.96
Epistatin 850mg Capsule,Paracetamol,850mg,Capsule,Nile,6221757012038,133.37
Alexstatin 10mg Injection,Ibuprofen,10mg,Injection,Memphis,6220408930158,159.53
Amounzole 400mg Injection,Ceftriaxone,400mg,Injection,Nile,6229485692065,175.11
Epizole 20mg Injection,Pregabalin,20mg,Injection,Kahira,6225363269619,134.47
Pharcoformin 1000mg Capsule,Sertraline,1000mg,Capsule,SEDICO,6227348951854,140.78
Ramcort 850mg Capsule,Gliclazide,850mg,Capsule,Minapharm,6222718626936,79.84
Pharcopress 1000mg Syrup,Levofloxacin,1000mg,Syrup,Sanofi Egypt,6227849421801,83.3
Muptine 5mg Tablet,Cetirizine,5mg,Tablet,Global Napi,6221114604333,233.54
Alexfen 200mg Capsule,Glimepiride,200mg,Capsule,MUP,6225877801022,57.67
Octamol 250mg Syrup,Levocetirizine,250mg,Syrup,CID,6225175700935,165.91
Cidcillin 10mg Injection,Desloratadine,10mg,Injection,Kahira,6223589315899,153.29
Octaformin 5mg Injection,Levofloxacin,5mg,Injection,GSK Egypt,6224383591243,236.38
Pharcoflox 10mg Injection,Losartan,10mg,Injection,Sigma,6228282359768,146.45
Sigfen 400mg Injection,Losartan,400mg,Injection,Pharco,6229968283001,35.04
Octapress 50mg Capsule,Dexamethasone,50mg,Capsule,Sigma,6225992416774,189.78
Octamol 100mg Tablet,Desloratadine,100mg,Tablet,Delta Pharma,6222108184367,183.25
Epimol 500mg Tablet,Amlodipine,500mg,Tablet,October Pharma,6226073238346,194.44
Sigstatin 50mg Capsule,Levocetirizine,50mg,Capsule,Hikma Egypt,6225559371683,201.87
Alexcillin 250mg Capsule,Meloxicam,250mg,Capsule,MUP,6221560647168,105.5
Nilefen 850mg Injection,Diclofenac,850mg,Injection,GSK Egypt,6229345281552,192.58
Sigfen 50mg Capsule,Desloratadine,50mg,Capsule,SEDICO,6224926520891,45.09
Mupformin 1000mg Injection,Pregabalin,1000mg,Injection,Hikma Egypt,6220379371233,41.1
Mupformin 400mg Capsule,Hydrocortisone,400mg,Capsule,Minapharm,6221185314216,28.46
Nilecort 20mg Capsule,Lansoprazole,20mg,Capsule,Apex,6223386106867,182.45
Ramtine 100mg Injection,Ketoprofen,100mg,Injection,Sanofi Egypt,6224343855408,70.92
Octamol 850mg Capsule,Amoxicillin,850mg,Capsule,Amoun,6228513391956,49.4
Epimol 1000mg Capsule,Meloxicam,1000mg,Capsule,Marcyrl,6223210934918,159.95
Octastatin 500mg Syrup,Mometasone,500mg,Syrup,SEDICO,6226362145492,230.49
Mupzole 1000mg Tablet,Losartan,1000mg,Tablet,MUP,6225740550842,130.39
Muptine 400mg Tablet,Diclofenac,400mg,Tablet,Global Napi,6227241690591,67.93
Epicort 10mg Syrup,Ketoprofen,10mg,Syrup,EVA Pharma,6224565968566,92.65
Mupflox 100mg Syrup,Amlodipine,100mg,Syrup,Marcyrl,6221338587108,81.12
Amounfen 5mg Capsule,Loratadine,5mg,Capsule,Delta Pharma,6229691925285,206.01
Epimol 400mg Syrup,Levocetirizine,400mg,Syrup,Apex,6222887422285,208.48
Cidzole 10mg Capsule,Omeprazole,10mg,Capsule,GSK Egypt,6226321665795,187.47
Mupflox 850mg Syrup,Paracetamol,850mg,Syrup,Sigma,6229381210547,162.75
Octacillin 10mg Capsule,Ciprofloxacin,10mg,Capsule,Nile,6228583496377,101.85
Alexformin 1000mg Syrup,Levofloxacin,1000mg,Syrup,Memphis,6225570642656,189.31
Mupfen 250mg Tablet,Bisoprolol,250mg,Tablet,Nile,6226370695002,248.94
Epitine 1000mg Capsule,Ciprofloxacin,1000mg,Capsule,Pharco,6220950880925,141.4
Alexfen 200mg Syrup,Mometasone,200mg,Syrup,EVA Pharma,6227395665223,163.95
Amouncort 5mg Syrup,Esomeprazole,5mg,Syrup,Apex,6220105598545,222.64
Mupmol 5mg Capsule,Pregabalin,5mg,Capsule,SEDICO,6226502070462,46.44
Sigfen 850mg Tablet,Omeprazole,850mg,Tablet,October Pharma,6224751604025,139.42
Cidzole 5mg Syrup,Diclofenac,5mg,Syrup,Minapharm,6220693881029,107.97
Alexcort 20mg Syrup,Escitalopram,20mg,Syrup,Rameda,6227645464903,51.91
Cidstatin 850mg Capsule,Lansoprazole,850mg,Capsule,Sanofi Egypt,6226386211029,191.43
Epicillin 400mg Tablet,Paracetamol,400mg,Tablet,GSK Egypt,6226936176778,75.9
Muppress 10mg Capsule,Prednisolone,10mg,Capsule,CID,6225842866216,53.31
Cidcillin 850mg Tablet,Pantoprazole,850mg,Tablet,October Pharma,6224818054398,184.76
Amounflox 1000mg Capsule,Dexamethasone,1000mg,Capsule,GSK Egypt,6220739418387,73.25
Pharcocort 100mg Injection,Ibuprofen,100mg,Injection,EVA Pharma,6226318226978,129.86
Ramcort 850mg Injection,Amoxicillin,850mg,Injection,Alexandria,6226195663712,125.74
Nileflox 50mg Syrup,Escitalopram,50mg,Syrup,EIPICO,6220332374370,76.72
Nilestatin 400mg Tablet,Amoxicillin,400mg,Tablet,Nile,6229084355736,151.86
Sigfen 400mg Syrup,Hydrocortisone,400mg,Syrup,Pharco,6228706667530,196.87
Epicillin 20mg Syrup,Cetirizine,20mg,Syrup,Nile,6225140990385,156.03
Nilecort 250mg Capsule,Fexofenadine,250mg,Capsule,October Pharma,6225456879091,96.11
Mupflox 5mg Syrup,Loratadine,5mg,Syrup,Kahira,6223713388546,100.67
Epifen 1000mg Capsule,Paracetamol,1000mg,Capsule,Minapharm,6221995825766,56.69
Epimol 400mg Capsule,Desloratadine,400mg,Capsule,Novartis Egypt,6227638340139,244.52
Amounfen 500mg Tablet,Ciprofloxacin,500mg,Tablet,SEDICO,6220358306492,16.26
Nilestatin 20mg Capsule,Rabeprazole,20mg,Capsule,Hikma Egypt,6221097440652,246.19
Epipress 50mg Syrup,Levofloxacin,50mg,Syrup,Global Napi,6227322479510,79.71
Cidzole 500mg Syrup,Azithromycin,500mg,Syrup,Sigma,6221913370101,50.34
Mupstatin 20mg Injection,Gabapentin,20mg,Injection,GSK Egypt,6223019463282,173.57
Ramtine 10mg Injection,Hydrocortisone,10mg,Injection,MUP,6223057599608,140.17
Octatine 1000mg Tablet,Amlodipine,1000mg,Tablet,Memphis,6226505346083,180.64
Amounfen 100mg Injection,Meloxicam,100mg,Injection,SEDICO,6226558286985,137.22
Nileflox 100mg Tablet,Fluoxetine,100mg,Tablet,SEDICO,6226917785500,88.46
Octatine 5mg Syrup,Azithromycin,5mg,Syrup,Sanofi Egypt,6227923477489,248.71
Pharcotine 50mg Injection,Ketoprofen,50mg,Injection,Delta Pharma,6228219824734,201.62
Mupcort 100mg Capsule,Bisoprolol,100mg,Capsule,October Pharma,6221889745873,170.03
Epistatin 500mg Syrup,Pregabalin,500mg,Syrup,Pharco,6229028600465,130.96
Alexzole 5mg Injection,Prednisolone,5mg,Injection,Marcyrl,6223816287012,175.74
Sigcillin 1000mg Injection,Esomeprazole,1000mg,Injection,GSK Egypt,6227133964052,137.2
Pharcocort 20mg Injection,Loratadine,20mg,Injection,Pharco,6228561314273,213.21
Amounstatin 20mg Capsule,Sertraline,20mg,Capsule,October Pharma,6225339634434,104.17
Sigstatin 5mg Syrup,Ibuprofen,5mg,Syrup,Pharco,6220869496903,114.49
Nilemol 5mg Injection,Levofloxacin,5mg,Injection,SEDICO,6222656828843,159.97
Cidmol 1000mg Syrup,Bisoprolol,1000mg,Syrup,MUP,6227036011501,67.56
Pharcomol 5mg Syrup,Ibuprofen,5mg,Syrup,Kahira,6229653814008,96.13
Cidflox 500mg Injection,Levocetirizine,500mg,Injection,GSK Egypt,6223859515172,110.59
Mupformin 10mg Capsule,Pregabalin,10mg,Capsule,Sigma,6225951059332,55.72
Amounmol 250mg Syrup,Levofloxacin,250mg,Syrup,Global Napi,6223616807656,56.62
Sigfen 200mg Tablet,Pregabalin,200mg,Tablet,Novartis Egypt,6228387596679,173.13
Cidstatin 50mg Tablet,Losartan,50mg,Tablet,Memphis,6229882162338,42.43
Epiflox 50mg Capsule,Fexofenadine,50mg,Capsule,CID,6224833183110,230.44
Ramflox 200mg Injection,Cetirizine,200mg,Injection,Kahira,6224986846559,38.28
Sigcort 200mg Injection,Levofloxacin,200mg,Injection,EIPICO,6229545266274,131.07
Amouncort 5mg Capsule,Escitalopram,5mg,Capsule,Apex,6222363425618,48.13
Amounpress 200mg Capsule,Omeprazole,200mg,Capsule,Sigma,6221940564122,127.84
Cidformin 250mg Capsule,Levofloxacin,250mg,Capsule,Kahira,6224286748072,164.72
Cidformin 850mg Syrup,Fluoxetine,850mg,Syrup,Pfizer Egypt,6226615732929,242.55
Octacillin 200mg Capsule,Valsartan,200mg,Capsule,Rameda,6224367994497,58.03
Epiflox 1000mg Syrup,Bisoprolol,1000mg,Syrup,Memphis,6227416069429,18.95
Sigfen 100mg Syrup,Loratadine,100mg,Syrup,Novartis Egypt,6225669705071,76.62
Epicillin 500mg Capsule,Meloxicam,500mg,Capsule,October Pharma,6227022388495,217.01
Alexcort 250mg Syrup,Pregabalin,250mg,Syrup,Delta Pharma,6225495753741,227.77
Epiflox 850mg Injection,Prednisolone,850mg,Injection,Global Napi,6223259971493,140.45
Pharcocort 10mg Tablet,Diclofenac,10mg,Tablet,Sanofi Egypt,6222933388497,63.35
Epicillin 250mg Syrup,Hydrocortisone,250mg,Syrup,Marcyrl,6223108138473,202.65
Alexflox 850mg Capsule,Losartan,850mg,Capsule,GSK Egypt,6225142593744,239.0
Ramfen 1000mg Capsule,Hydrocortisone,1000mg,Capsule,Sigma,6223174421172,221.16
Amouncillin 200mg Tablet,Losartan,200mg,Tablet,Novartis Egypt,6220701357454,33.1
Sigpress 400mg Injection,Gabapentin,400mg,Injection,Sanofi Egypt,6220638766886,135.34
Octazole 1000mg Capsule,Dexamethasone,1000mg,Capsule,EVA Pharma,6225400067819,229.62
Sigcillin 10mg Injection,Loratadine,10mg,Injection,MUP,6224708172898,246.77
Amounflox 20mg Tablet,Ceftriaxone,20mg,Tablet,CID,6227105747157,85.68
Epicillin 50mg Capsule,Metformin,50mg,Capsule,Marcyrl,6223797282273,92.38
Cidzole 850mg Capsule,Levocetirizine,850mg,Capsule,Marcyrl,6227930188248,159.94
Nilestatin 200mg Capsule,Sertraline,200mg,Capsule,Global Napi,6220496064704,231.89
Mupzole 500mg Syrup,Ceftriaxone,500mg,Syrup,MUP,6227373290010,171.75
Sigcort 850mg Injection,Metformin,850mg,Injection,Global Napi,6229549727085,41.05
Muppress 20mg Tablet,Diclofenac,20mg,Tablet,Minapharm,6225154998858,176.47
Mupformin 250mg Capsule,Amoxicillin,250mg,Capsule,Sigma,6220956606338,125.52
Sigmol 20mg Syrup,Valsartan,20mg,Syrup,Novartis Egypt,6225266845064,174.64
Ramcort 500mg Syrup,Metformin,500mg,Syrup,Nile,6229803319513,137.09
Alexformin 250mg Injection,Amoxicillin,250mg,Injection,Alexandria,6226600224163,78.27
Rampress 200mg Syrup,Pantoprazole,200mg,Syrup,Amoun,6221270888646,82.48
Alexstatin 250mg Injection,Meloxicam,250mg,Injection,GSK Egypt,6226632144736,53.51
Cidmol 50mg Capsule,Fexofenadine,50mg,Capsule,Amoun,6226270831623,114.24
Ramstatin 50mg Tablet,Atorvastatin,50mg,Tablet,SEDICO,6229179814933,179.27
Sigcort 500mg Capsule,Gabapentin,500mg,Capsule,Minapharm,6222444613927,142.28
Amountine 400mg Injection,Fluoxetine,400mg,Injection,Memphis,6221689353414,223.97
Nileflox 50mg Tablet,Mometasone,50mg,Tablet,Delta Pharma,6225130943131,109.79
Muppress 1000mg Capsule,Levocetirizine,1000mg,Capsule,Marcyrl,6225387296608,114.85
Niletine 200mg Syrup,Meloxicam,200mg,Syrup,Memphis,6222824241986,153.33
Amounfen 850mg Tablet,Desloratadine,850mg,Tablet,Alexandria,6222337341623,71.02
Nileformin 5mg Tablet,Ketoprofen,5mg,Tablet,Rameda,6221866017221,175.14
Epicort 100mg Tablet,Amoxicillin,100mg,Tablet,Amoun,6220314024125,37.75
Nilepress 200mg Syrup,Levofloxacin,200mg,Syrup,Hikma Egypt,6227803884666,87.93
Alexcillin 100mg Injection,Cetirizine,100mg,Injection,CID,6224463173468,194.62
Alexcillin 250mg Injection,Amlodipine,250mg,Injection,Amoun,6222426441067,108.99
Nilezole 100mg Capsule,Cetirizine,100mg,Capsule,Delta Pharma,6220251663975,94.57
Octafen 500mg Syrup,Esomeprazole,500mg,Syrup,EVA Pharma,6226350520621,190.11
Pharcopress 20mg Capsule,Metformin,20mg,Capsule,Kahira,6223636428169,189.65
Nilepress 1000mg Tablet,Fluoxetine,1000mg,Tablet,Amoun,6224379593749,47.53
Rampress 10mg Tablet,Fexofenadine,10mg,Tablet,Apex,6228366561391,18.75
Nilemol 50mg Capsule,Sitagliptin,50mg,Capsule,Sigma,6220022045290,146.69
Mupfen 400mg Tablet,Gabapentin,400mg,Tablet,Rameda,6223964417361,50.99
Amouncort 100mg Injection,Valsartan,100mg,Injection,EVA Pharma,6225114033087,71.25
Sigstatin 5mg Capsule,Mometasone,5mg,Capsule,October Pharma,6222097738176,37.33
Mupstatin 50mg Tablet,Escitalopram,50mg,Tablet,Apex,6227247536428,44.86
Ramcort 400mg Injection,Pregabalin,400mg,Injection,Pfizer Egypt,6227879119709,63.91
Cidformin 50mg Tablet,Diclofenac,50mg,Tablet,Novartis Egypt,6225782280714,171.94
Mupcillin 400mg Injection,Sertraline,400mg,Injection,Hikma Egypt,6221887208097,220.55
Ramfen 1000mg Syrup,Glimepiride,1000mg,Syrup,Rameda,6220723474641,249.65
Ramformin 850mg Tablet,Fluoxetine,850mg,Tablet,Pharco,6229447352938,152.11
Niletine 20mg Injection,Atorvastatin,20mg,Injection,EIPICO,6222926229929,129.14
Alexmol 400mg Tablet,Glimepiride,400mg,Tablet,Amoun,6222785883904,25.5
Mupcort 850mg Tablet,Loratadine,850mg,Tablet,Amoun,6229048477702,148.85
Octafen 100mg Syrup,Esomeprazole,100mg,Syrup,Delta Pharma,6224715664942,123.73
Octazole 200mg Tablet,Prednisolone,200mg,Tablet,Minapharm,6222213417213,101.11
Sigzole 200mg Syrup,Sitagliptin,200mg,Syrup,GSK Egypt,6226997476251,249.57
Cidstatin 100mg Capsule,Hydrocortisone,100mg,Capsule,Rameda,6229840912661,178.85
Octapress 10mg Tablet,Empagliflozin,10mg,Tablet,Apex,6225484845556,156.1
Alexcort 100mg Tablet,Rabeprazole,100mg,Tablet,Memphis,6226049320730,167.1
Amounstatin 400mg Capsule,Rabeprazole,400mg,Capsule,Global Napi,6224501970387,124.03
Cidtine 1000mg Injection,Escitalopram,1000mg,Injection,Pfizer Egypt,6223178948378,229.04
Mupstatin 850mg Capsule,Metformin,850mg,Capsule,CID,6221626804832,68.11
Nilefen 200mg Syrup,Esomeprazole,200mg,Syrup,Alexandria,6223379236533,160.53
Pharcoformin 400mg Capsule,Levofloxacin,400mg,Capsule,Sigma,6224281716526,204.78
Nilecort 100mg Capsule,Empagliflozin,100mg,Capsule,MUP,6224994220679,27.84
Alexformin 400mg Injection,Pregabalin,400mg,Injection,Alexandria,6227222096671,192.12
Octastatin 200mg Capsule,Loratadine,200mg,Capsule,Marcyrl,6223784877048,22.51
Epicillin 200mg Syrup,Meloxicam,200mg,Syrup,Sigma,6222439480824,117.15
Pharcostatin 100mg Syrup,Ceftriaxone,100mg,Syrup,EVA Pharma,6225295278918,129.16
Alexcillin 250mg Capsule,Esomeprazole,250mg,Capsule,October Pharma,6222057183060,126.51
Nilemol 20mg Tablet,Levocetirizine,20mg,Tablet,EVA Pharma,6223052733694,136.27
Cidstatin 500mg Tablet,Ketoprofen,500mg,Tablet,Novartis Egypt,6224921888873,110.71
Sigcort 850mg Injection,Sitagliptin,850mg,Injection,Pfizer Egypt,6229473992511,72.68
Pharcofen 850mg Capsule,Ketoprofen,850mg,Capsule,SEDICO,6226841480229,40.73
Amounpress 400mg Injection,Dexamethasone,400mg,Injection,Memphis,6225472229368,234.09
Rampress 50mg Injection,Atorvastatin,50mg,Injection,Rameda,6222006695989,229.64
Alexcillin 200mg Injection,Ibuprofen,200mg,Injection,Marcyrl,6225329153976,113.94
Mupstatin 5mg Tablet,Fexofenadine,5mg,Tablet,CID,6222368515628,85.05
Cidtine 400mg Capsule,Losartan,400mg,Capsule,Sigma,6223897151172,181.72
Nilestatin 850mg Tablet,Esomeprazole,850mg,Tablet,MUP,6228690452174,212.3
Amouncillin 10mg Tablet,Fexofenadine,10mg,Tablet,MUP,6228340359631,69.61
Alexstatin 200mg Capsule,Gliclazide,200mg,Capsule,Amoun,6226979014044,133.73
Epicillin 200mg Capsule,Ketoprofen,200mg,Capsule,CID,6223329981650,85.91
Mupmol 200mg Tablet,Paracetamol,200mg,Tablet,Marcyrl,6225907632503,103.09
Mupmol 100mg Capsule,Metformin,100mg,Capsule,EVA Pharma,6227116771035,51.53
Cidpress 50mg Tablet,Metformin,50mg,Tablet,Pfizer Egypt,6229330770658,148.46
Alexstatin 1000mg Capsule,Losartan,1000mg,Capsule,EIPICO,6227432027496,208.82
Octazole 500mg Tablet,Fexofenadine,500mg,Tablet,MUP,6224313867356,67.59
Amounzole 20mg Capsule,Amlodipine,20mg,Capsule,Amoun,6224362378025,238.51
Mupformin 400mg Injection,Ciprofloxacin,400mg,Injection,October Pharma,6221084803460,77.56
Alexflox 250mg Capsule,Levocetirizine,250mg,Capsule,Pharco,6225842328585,194.11
Ramcort 500mg Injection,Loratadine,500mg,Injection,Memphis,6229777735289,218.1
Octaflox 10mg Syrup,Sitagliptin,10mg,Syrup,Apex,6220624140317,152.93
Octatine 10mg Tablet,Hydrocortisone,10mg,Tablet,Hikma Egypt,6224231575296,210.43
Mupformin 850mg Tablet,Glimepiride,850mg,Tablet,CID,6227436674214,112.23
Octacillin 850mg Injection,Mometasone,850mg,Injection,Amoun,6222020897123,36.1
Nilemol 20mg Capsule,Sitagliptin,20mg,Capsule,Pharco,6229366369154,219.11
Sigformin 200mg Syrup,Valsartan,200mg,Syrup,Novartis Egypt,6221547387858,182.59
Pharcofen 20mg Syrup,Paracetamol,20mg,Syrup,MUP,6224434079461,145.92
Mupfen 50mg Syrup,Gabapentin,50mg,Syrup,Sanofi Egypt,6225826062450,68.0
Nilecillin 500mg Injection,Fexofenadine,500mg,Injection,Pfizer Egypt,6228484794206,193.26
Pharcofen 850mg Capsule,Cetirizine,850mg,Capsule,Kahira,6226960161269,224.49
Sigpress 20mg Tablet,Mometasone,20mg,Tablet,Amoun,6228705915472,86.25
Ramcillin 100mg Syrup,Lansoprazole,100mg,Syrup,EVA Pharma,6225991317805,160.98
Alexzole 5mg Tablet,Bisoprolol,5mg,Tablet,CID,6223334152748,48.86
Nileflox 850mg Syrup,Lansoprazole,850mg,Syrup,Memphis,6226377169650,132.52
Octastatin 400mg Capsule,Fluoxetine,400mg,Capsule,Sanofi Egypt,6222299748218,172.45
Cidmol 50mg Capsule,Amlodipine,50mg,Capsule,Nile,6223442949292,59.64
Alexformin 50mg Syrup,Ketoprofen,50mg,Syrup,Alexandria,6222235809898,165.83
Cidzole 200mg Injection,Mometasone,200mg,Injection,Nile,6226072050468,89.62
Sigflox 250mg Tablet,Fluoxetine,250mg,Tablet,Sigma,6226697433646,154.6
Epiformin 500mg Syrup,Pantoprazole,500mg,Syrup,Nile,6220229630381,105.3
Pharcozole 1000mg Capsule,Valsartan,1000mg,Capsule,October Pharma,6225961611049,175.21
Mupstatin 500mg Capsule,Empagliflozin,500mg,Capsule,Apex,6229370042159,220.41
Nilepress 500mg Injection,Sitagliptin,500mg,Injection,Sanofi Egypt,6225056404655,84.5
Epizole 1000mg Syrup,Diclofenac,1000mg,Syrup,Alexandria,6222061120990,184.66
Pharcopress 5mg Syrup,Ketoprofen,5mg,Syrup,Pharco,6229816990228,32.92
Epiflox 250mg Syrup,Gliclazide,250mg,Syrup,EIPICO,6224462949668,172.8
Amouncort 100mg Capsule,Esomeprazole,100mg,Capsule,GSK Egypt,6227515755315,185.86
Mupfen 250mg Syrup,Sertraline,250mg,Syrup,Delta Pharma,6229109361025,136.83
Nilecillin 5mg Injection,Loratadine,5mg,Injection,Kahira,6223427326391,182.74
Epicillin 1000mg Injection,Atorvastatin,1000mg,Injection,Pharco,6221324153669,180.97
Alexflox 400mg Capsule,Gliclazide,400mg,Capsule,EIPICO,6220023148815,15.21
Ramcort 1000mg Syrup,Prednisolone,1000mg,Syrup,Global Napi,6225982121497,178.76
Epistatin 100mg Tablet,Valsartan,100mg,Tablet,Pharco,6226632732469,209.05
Cidfen 200mg Capsule,Diclofenac,200mg,Capsule,Nile,6221626601172,24.94
Mupflox 250mg Injection,Levocetirizine,250mg,Injection,EVA Pharma,6224092852710,139.06
Pharcozole 10mg Capsule,Fluoxetine,10mg,Capsule,Marcyrl,6221628296628,144.65
Pharcocort 20mg Capsule,Cetirizine,20mg,Capsule,Nile,6228118103367,225.74
Cidfen 100mg Tablet,Prednisolone,100mg,Tablet,Nile,6227597556893,102.77
Octapress 50mg Capsule,Loratadine,50mg,Capsule,SEDICO,6227599810412,25.78
Rampress 200mg Tablet,Amoxicillin,200mg,Tablet,Sanofi Egypt,6223539218867,135.06
Alexzole 500mg Syrup,Esomeprazole,500mg,Syrup,Minapharm,6220092134061,181.07
Cidfen 850mg Tablet,Mometasone,850mg,Tablet,Global Napi,6225292362108,108.96
Epipress 20mg Injection,Sitagliptin,20mg,Injection,Novartis Egypt,6220714933614,116.18
Pharcopress 850mg Syrup,Esomeprazole,850mg,Syrup,SEDICO,6226220543125,70.6
Mupstatin 400mg Injection,Rabeprazole,400mg,Injection,Delta Pharma,6225238561459,240.48
Cidcort 50mg Injection,Ketoprofen,50mg,Injection,Apex,6227875345881,172.38
Sigpress 1000mg Tablet,Esomeprazole,1000mg,Tablet,Delta Pharma,6224199127872,41.81
Ramcort 250mg Capsule,Fluoxetine,250mg,Capsule,Sanofi Egypt,6221787672721,232.61
Octatine 250mg Syrup,Gliclazide,250mg,Syrup,EIPICO,6225819585676,104.04
Cidcillin 5mg Capsule,Lansoprazole,5mg,Capsule,CID,6222303874360,194.58
Mupzole 1000mg Tablet,Gabapentin,1000mg,Tablet,Kahira,6222580407275,171.97
Ramfen 100mg Injection,Amlodipine,100mg,Injection,Apex,6221807983554,179.02
Mupfen 250mg Tablet,Azithromycin,250mg,Tablet,Apex,6223416446819,186.89
Nilestatin 400mg Tablet,Azithromycin,400mg,Tablet,Novartis Egypt,6223236529952,186.26
Octacillin 500mg Injection,Valsartan,500mg,Injection,Apex,6226451742953,137.51
Mupcort 400mg Capsule,Omeprazole,400mg,Capsule,Sigma,6223297470699,16.4
Ramfen 400mg Tablet,Amoxicillin,400mg,Tablet,MUP,6223673789162,150.82
Nilepress 100mg Syrup,Metformin,100mg,Syrup,Nile,6220089860218,130.5
Sigcort 200mg Capsule,Escitalopram,200mg,Capsule,Hikma Egypt,6225632785420,116.62
Pharcostatin 200mg Tablet,Amoxicillin,200mg,Tablet,SEDICO,6225828541861,50.58
Cidstatin 250mg Syrup,Azithromycin,250mg,Syrup,Memphis,6229832707503,172.03
Ramcillin 400mg Syrup,Omeprazole,400mg,Syrup,MUP,6226672978032,198.64
Mupmol 500mg Syrup,Amlodipine,500mg,Syrup,Minapharm,6222356319634,208.47
Muppress 5mg Injection,Losartan,5mg,Injection,Minapharm,6229547864249,222.96
Octapress 850mg Capsule,Valsartan,850mg,Capsule,Delta Pharma,6227103628137,203.95
Pharcozole 1000mg Syrup,Sertraline,1000mg,Syrup,EVA Pharma,6227826502202,167.77
Epitine 100mg Injection,Loratadine,100mg,Injection,Marcyrl,6221082950081,165.94
Pharcocort 850mg Syrup,Rabeprazole,850mg,Syrup,Minapharm,6223400197482,192.74
Octamol 400mg Injection,Gabapentin,400mg,Injection,MUP,6229734554694,162.14
Cidfen 400mg Syrup,Omeprazole,400mg,Syrup,Alexandria,6222875150671,89.09
Muptine 5mg Injection,Levofloxacin,5mg,Injection,Sanofi Egypt,6225210385622,183.93
Sigfen 500mg Tablet,Diclofenac,500mg,Tablet,MUP,6225569551846,134.89
Octastatin 850mg Injection,Glimepiride,850mg,Injection,Memphis,6225089150529,131.06
Sigmol 10mg Injection,Mometasone,10mg,Injection,EIPICO,6220285185672,230.07
Alexstatin 250mg Tablet,Glimepiride,250mg,Tablet,Alexandria,6221950045376,236.33
Cidmol 10mg Injection,Gabapentin,10mg,Injection,CID,6229627599405,76.22
Alexstatin 5mg Syrup,Bisoprolol,5mg,Syrup,MUP,6220195178177,129.27
Pharcomol 5mg Injection,Esomeprazole,5mg,Injection,Alexandria,6223666736609,123.0
Mupmol 1000mg Capsule,Bisoprolol,1000mg,Capsule,October Pharma,6222432756964,124.67
Alexflox 1000mg Capsule,Sertraline,1000mg,Capsule,Sanofi Egypt,6220010386725,205.44
Pharcotine 20mg Capsule,Gabapentin,20mg,Capsule,Amoun,6221235868485,103.7
Sigcillin 1000mg Syrup,Ketoprofen,1000mg,Syrup,EVA Pharma,6227581074952,226.0
Alextine 10mg Syrup,Ciprofloxacin,10mg,Syrup,Hikma Egypt,6223775572648,72.63
Alexpress 5mg Tablet,Escitalopram,5mg,Tablet,Pharco,6223117027799,29.45
Alexcillin 250mg Capsule,Losartan,250mg,Capsule,Kahira,6224041356474,243.49
Ramstatin 250mg Tablet,Rabeprazole,250mg,Tablet,Marcyrl,6229737730743,28.16
Amouncillin 250mg Injection,Levocetirizine,250mg,Injection,MUP,6226941039464,230.86
Alexmol 5mg Tablet,Gabapentin,5mg,Tablet,EIPICO,6225549751105,169.35
Nileformin 50mg Capsule,Gabapentin,50mg,Capsule,Memphis,6223970147863,210.49
Ramcort 200mg Capsule,Valsartan,200mg,Capsule,Novartis Egypt,6226815075161,136.38
Octastatin 200mg Injection,Pantoprazole,200mg,Injection,Novartis Egypt,6220363468796,226.64
Ramcillin 1000mg Tablet,Cetirizine,1000mg,Tablet,Nile,6226024022505,231.82
Nilestatin 850mg Tablet,Hydrocortisone,850mg,Tablet,Sigma,6221414107459,191.34
Cidtine 10mg Syrup,Ibuprofen,10mg,Syrup,Novartis Egypt,6221802515002,79.3
Pharcoflox 50mg Injection,Rabeprazole,50mg,Injection,Sanofi Egypt,6222809738258,132.38
Nileflox 250mg Tablet,Atorvastatin,250mg,Tablet,Kahira,6227172974258,179.79
Alexzole 50mg Injection,Levofloxacin,50mg,Injection,Sanofi Egypt,6226700908260,29.96
Nilecort 1000mg Syrup,Betamethasone,1000mg,Syrup,Pharco,6221127825367,163.4
Sigtine 20mg Tablet,Bisoprolol,20mg,Tablet,Pharco,6222653877301,37.55
Alexpress 5mg Syrup,Meloxicam,5mg,Syrup,GSK Egypt,6224129699851,79.83
Mupflox 1000mg Syrup,Betamethasone,1000mg,Syrup,Amoun,6222285512441,191.99
Epipress 5mg Tablet,Ibuprofen,5mg,Tablet,Apex,6224707774116,246.03
Cidpress 100mg Tablet,Prednisolone,100mg,Tablet,Pfizer Egypt,6226866381709,103.77
Pharcofen 500mg Syrup,Fexofenadine,500mg,Syrup,Global Napi,6227629183240,126.5
Amountine 5mg Injection,Desloratadine,5mg,Injection,Pharco,6224105413471,169.97
Alexmol 10mg Injection,Desloratadine,10mg,Injection,SEDICO,6226749952057,213.05
Ramtine 250mg Capsule,Azithromycin,250mg,Capsule,Hikma Egypt,6229710623819,93.93
Nilemol 100mg Capsule,Fluoxetine,100mg,Capsule,EIPICO,6224368942848,65.59
Cidzole 10mg Syrup,Diclofenac,10mg,Syrup,Memphis,6229930535718,116.75
Amounfen 200mg Capsule,Desloratadine,200mg,Capsule,Amoun,6229573765398,19.21
Amounstatin 5mg Tablet,Loratadine,5mg,Tablet,Kahira,6220481875681,50.27
Nilezole 100mg Injection,Meloxicam,100mg,Injection,Hikma Egypt,6226869487989,202.0
Rampress 250mg Injection,Lansoprazole,250mg,Injection,CID,6225620218343,22.15
Amounmol 5mg Syrup,Glimepiride,5mg,Syrup,Amoun,6223297610385,242.4
Cidformin 200mg Capsule,Metformin,200mg,Capsule,GSK Egypt,6224258155051,238.44
Alexflox 400mg Capsule,Ketoprofen,400mg,Capsule,EVA Pharma,6221516283167,157.09
Pharcoflox 250mg Tablet,Losartan,250mg,Tablet,EVA Pharma,6221653061543,121.3
Epipress 200mg Capsule,Desloratadine,200mg,Capsule,Pfizer Egypt,6226684458300,157.61
Alexpress 20mg Capsule,Ciprofloxacin,20mg,Capsule,Hikma Egypt,6221337580957,226.5
Nilepress 850mg Syrup,Dexamethasone,850mg,Syrup,Apex,6229114458321,54.34
Ramtine 850mg Injection,Cetirizine,850mg,Injection,Novartis Egypt,6223568587194,232.44
Mupstatin 5mg Tablet,Sertraline,5mg,Tablet,MUP,6227369633074,190.83
Alexzole 20mg Injection,Sertraline,20mg,Injection,Pfizer Egypt,6222823471100,62.55
Ramflox 500mg Injection,Ibuprofen,500mg,Injection,EIPICO,6222984266461,82.11
Pharcoflox 250mg Tablet,Fluoxetine,250mg,Tablet,Novartis Egypt,6223456169853,158.01
Sigzole 850mg Tablet,Dexamethasone,850mg,Tablet,Memphis,6225208278394,65.1
Muppress 250mg Syrup,Gliclazide,250mg,Syrup,EVA Pharma,6227699370052,46.29
Pharcocillin 500mg Injection,Ciprofloxacin,500mg,Injection,Pfizer Egypt,6222537281897,39.29
Octastatin 250mg Capsule,Gliclazide,250mg,Capsule,Rameda,6220073886583,57.18
Epicort 20mg Syrup,Mometasone,20mg,Syrup,Novartis Egypt,6224700760949,104.56
Pharcopress 250mg Tablet,Diclofenac,250mg,Tablet,Pharco,6225116159822,31.93
Pharcozole 20mg Injection,Gabapentin,20mg,Injection,GSK Egypt,6228918471031,63.28
Octazole 5mg Tablet,Fexofenadine,5mg,Tablet,Pfizer Egypt,6224292785542,249.3
Epipress 500mg Capsule,Ketoprofen,500mg,Capsule,Delta Pharma,6227790880801,218.86
Epifen 1000mg Capsule,Fexofenadine,1000mg,Capsule,Nile,6222524722563,242.42
Octacillin 5mg Tablet,Levofloxacin,5mg,Tablet,Rameda,6228065143881,72.71
Amounstatin 1000mg Tablet,Gliclazide,1000mg,Tablet,Alexandria,6222991114915,58.49
Alexformin 200mg Injection,Esomeprazole,200mg,Injection,Kahira,6223053761993,47.38
Nileformin 100mg Syrup,Atorvastatin,100mg,Syrup,Pfizer Egypt,6221351324155,134.63
Sigpress 100mg Injection,Hydrocortisone,100mg,Injection,Amoun,6227772366897,181.87
Amounstatin 400mg Capsule,Mometasone,400mg,Capsule,GSK Egypt,6224046951865,98.43
Epimol 5mg Capsule,Meloxicam,5mg,Capsule,GSK Egypt,6226703446950,98.47
Pharcocort 400mg Injection,Diclofenac,400mg,Injection,Minapharm,6223540850070,97.07
Sigpress 20mg Syrup,Lansoprazole,20mg,Syrup,GSK Egypt,6223721808265,204.24
Amounmol 100mg Syrup,Meloxicam,100mg,Syrup,Alexandria,6226328781580,48.41
Nilemol 10mg Capsule,Fluoxetine,10mg,Capsule,Kahira,6228741572417,185.18
Sigpress 5mg Injection,Gabapentin,5mg,Injection,Delta Pharma,6229309329672,165.18
Epiflox 500mg Syrup,Hydrocortisone,500mg,Syrup,Minapharm,6223752248337,135.69
Epicillin 100mg Tablet,Losartan,100mg,Tablet,MUP,6227648494518,166.17
Alexmol 400mg Capsule,Sitagliptin,400mg,Capsule,Rameda,6224468079437,241.59
Nilestatin 5mg Injection,Cetirizine,5mg,Injection,October Pharma,6220333539280,81.89
Mupflox 250mg Injection,Meloxicam,250mg,Injection,Pfizer Egypt,6229972169704,32.7
Amounformin 5mg Syrup,Azithromycin,5mg,Syrup,CID,6223423923525,25.33
Pharcopress 250mg Syrup,Diclofenac,250mg,Syrup,Delta Pharma,6221764514426,103.88
Mupfen 1000mg Syrup,Losartan,1000mg,Syrup,MUP,6229092109758,47.55
Alexfen 250mg Capsule,Pregabalin,250mg,Capsule,Novartis Egypt,6227399051145,177.51
Mupzole 5mg Capsule,Atorvastatin,5mg,Capsule,Memphis,6227833486311,109.56
Ramflox 850mg Injection,Ceftriaxone,850mg,Injection,Minapharm,6225067535485,234.77
Mupmol 100mg Capsule,Dexamethasone,100mg,Capsule,MUP,6228375943850,201.18
Cidflox 200mg Capsule,Gliclazide,200mg,Capsule,Pharco,6229047725903,59.66
Epiformin 850mg Tablet,Fexofenadine,850mg,Tablet,Amoun,6226419494184,15.74
Epistatin 100mg Capsule,Prednisolone,100mg,Capsule,Marcyrl,6225758202856,213.42
Alexfen 500mg Injection,Amoxicillin,500mg,Injection,Sanofi Egypt,6227151194851,197.89
Mupmol 500mg Syrup,Rabeprazole,500mg,Syrup,GSK Egypt,6227465828985,37.78
Alexformin 10mg Capsule,Esomeprazole,10mg,Capsule,Kahira,6229056025643,69.06
Pharcostatin 400mg Capsule,Ceftriaxone,400mg,Capsule,Rameda,6227835731655,230.01
Amounmol 250mg Syrup,Azithromycin,250mg,Syrup,EVA Pharma,6222947839350,64.76
Nilestatin 20mg Capsule,Rabeprazole,20mg,Capsule,Delta Pharma,6220687624083,93.81
Nilemol 200mg Syrup,Loratadine,200mg,Syrup,Pharco,6228743329354,61.75
Epizole 5mg Capsule,Sitagliptin,5mg,Capsule,EIPICO,6226267007635,124.57
Alexflox 1000mg Tablet,Cetirizine,1000mg,Tablet,Memphis,6228295020730,41.67
Niletine 50mg Tablet,Meloxicam,50mg,Tablet,Kahira,6226818870664,89.07
Pharcofen 400mg Injection,Atorvastatin,400mg,Injection,Marcyrl,6223914134966,16.65
Amouncillin 400mg Capsule,Omeprazole,400mg,Capsule,Minapharm,6222091689566,215.37
Mupformin 5mg Injection,Ciprofloxacin,5mg,Injection,Global Napi,6223060723359,117.87
Cidfen 20mg Tablet,Ciprofloxacin,20mg,Tablet,Minapharm,6222790891888,113.72
Amounfen 200mg Syrup,Paracetamol,200mg,Syrup,CID,6223654584595,120.36
Pharcofen 500mg Tablet,Sertraline,500mg,Tablet,Global Napi,6226784174193,15.91
Amounstatin 20mg Tablet,Meloxicam,20mg,Tablet,Sigma,6228599153929,172.48
Sigcillin 500mg Capsule,Sertraline,500mg,Capsule,Rameda,6220676895944,186.23
Cidcillin 400mg Tablet,Betamethasone,400mg,Tablet,CID,6224926530616,24.9
Pharcostatin 5mg Syrup,Pregabalin,5mg,Syrup,Novartis Egypt,6224789287368,111.69
Octacort 250mg Injection,Pregabalin,250mg,Injection,Sanofi Egypt,6221516048063,80.02
Amouncort 250mg Capsule,Sertraline,250mg,Capsule,Amoun,6228765179074,126.73
Nilecort 100mg Capsule,Mometasone,100mg,Capsule,CID,6223521978649,116.2
Octacort 500mg Injection,Bisoprolol,500mg,Injection,Nile,6226428556576,103.27
Sigcillin 200mg Capsule,Valsartan,200mg,Capsule,CID,6227564640266,153.68
Nilefen 200mg Injection,Desloratadine,200mg,Injection,Amoun,6224266231174,88.26
Sigtine 5mg Capsule,Pantoprazole,5mg,Capsule,Rameda,6226882601003,92.6
Ramzole 1000mg Injection,Glimepiride,1000mg,Injection,Delta Pharma,6225767328578,21.76
Cidcillin 20mg Tablet,Amoxicillin,20mg,Tablet,Alexandria,6229066283170,221.98
Mupflox 400mg Tablet,Bisoprolol,400mg,Tablet,Amoun,6220493755988,137.07
Alexflox 400mg Injection,Fexofenadine,400mg,Injection,Alexandria,6222770870803,77.44
Mupmol 5mg Injection,Paracetamol,5mg,Injection,Amoun,6225114698811,213.52
Epizole 5mg Injection,Gliclazide,5mg,Injection,Kahira,6221654693804,153.13
Sigflox 200mg Syrup,Loratadine,200mg,Syrup,Global Napi,6226055963396,41.65
Epitine 100mg Capsule,Azithromycin,100mg,Capsule,Nile,6225135017073,38.49
Ramcort 20mg Injection,Azithromycin,20mg,Injection,Amoun,6223613372317,240.33
Mupmol 100mg Injection,Gabapentin,100mg,Injection,Sigma,6224884671437,74.0
Epiformin 50mg Tablet,Pantoprazole,50mg,Tablet,GSK Egypt,6221713201322,92.83
Mupcillin 250mg Capsule,Desloratadine,250mg,Capsule,Pharco,6224507590527,170.53
Muppress 10mg Capsule,Ibuprofen,10mg,Capsule,Global Napi,6227570216509,129.24
Alexmol 5mg Syrup,Ketoprofen,5mg,Syrup,EVA Pharma,6223145402117,152.23
Ramzole 250mg Capsule,Mometasone,250mg,Capsule,Hikma Egypt,6228183454463,149.37
Mupformin 1000mg Syrup,Esomeprazole,1000mg,Syrup,MUP,6228572841034,134.15
Alexformin 250mg Tablet,Dexamethasone,250mg,Tablet,Sanofi Egypt,6223746986856,32.17
Sigflox 850mg Capsule,Sitagliptin,850mg,Capsule,October Pharma,6228578901220,221.1
Ramformin 500mg Syrup,Amlodipine,500mg,Syrup,Sigma,6229861339416,23.17
Octazole 850mg Injection,Paracetamol,850mg,Injection,Memphis,6227869985345,188.14
Cidstatin 1000mg Tablet,Losartan,1000mg,Tablet,Amoun,6228672324727,45.87
Alexformin 850mg Capsule,Loratadine,850mg,Capsule,October Pharma,6222786583858,59.25
Ramcillin 250mg Injection,Hydrocortisone,250mg,Injection,EIPICO,6222115564411,157.73
Cidpress 50mg Syrup,Loratadine,50mg,Syrup,Pfizer Egypt,6220183313283,44.82
Cidcort 500mg Syrup,Prednisolone,500mg,Syrup,Sanofi Egypt,6225702440747,164.21
Alexpress 10mg Injection,Lansoprazole,10mg,Injection,Hikma Egypt,6226208826455,91.84
Octaformin 10mg Syrup,Meloxicam,10mg,Syrup,Kahira,6229088729700,131.6
Alexcillin 10mg Capsule,Pregabalin,10mg,Capsule,Nile,6224003570016,198.47
Amounpress 50mg Tablet,Gabapentin,50mg,Tablet,October Pharma,6223954028690,191.33
Mupstatin 200mg Capsule,Amoxicillin,200mg,Capsule,Hikma Egypt,6229150295522,139.54
Octafen 100mg Tablet,Glimepiride,100mg,Tablet,Sigma,6224751899834,35.25
Nileflox 50mg Injection,Ketoprofen,50mg,Injection,Hikma Egypt,6227739239622,99.43
Mupflox 100mg Tablet,Ciprofloxacin,100mg,Tablet,Amoun,6225816183875,54.54
Cidfen 100mg Injection,Fluoxetine,100mg,Injection,MUP,6222265470815,197.74
Amounzole 50mg Capsule,Ketoprofen,50mg,Capsule,Delta Pharma,6223965820801,246.94
Octaflox 1000mg Tablet,Fluoxetine,1000mg,Tablet,Amoun,6222484823485,119.52
Ramzole 1000mg Injection,Ceftriaxone,1000mg,Injection,Nile,6223756838404,215.03
Sigtine 1000mg Capsule,Cetirizine,1000mg,Capsule,Nile,6224787668664,228.19
Amounstatin 200mg Capsule,Betamethasone,200mg,Capsule,Marcyrl,6224848023982,196.88
Ramstatin 10mg Tablet,Fexofenadine,10mg,Tablet,Sigma,6229617702303,67.71
Octamol 1000mg Injection,Betamethasone,1000mg,Injection,Pharco,6222266048846,143.28
Sigstatin 1000mg Syrup,Cetirizine,1000mg,Syrup,EVA Pharma,6221445862297,75.99
Amouncort 20mg Syrup,Sitagliptin,20mg,Syrup,Marcyrl,6224322055232,228.24
Octacillin 5mg Injection,Empagliflozin,5mg,Injection,EVA Pharma,6222326529186,38.44
Cidcort 250mg Injection,Atorvastatin,250mg,Injection,Pharco,6222893942715,36.21
Ramcillin 200mg Tablet,Fluoxetine,200mg,Tablet,Kahira,6222293243382,73.12
Ramfen 1000mg Syrup,Ibuprofen,1000mg,Syrup,GSK Egypt,6221652215268,35.11
Ramstatin 200mg Tablet,Pregabalin,200mg,Tablet,Delta Pharma,6220782949388,200.06
Pharcocillin 1000mg Tablet,Losartan,1000mg,Tablet,Alexandria,6221373792895,120.81
Amountine 20mg Capsule,Meloxicam,20mg,Capsule,Rameda,6229379277354,241.23
Pharcocillin 200mg Tablet,Pregabalin,200mg,Tablet,EVA Pharma,6220351215180,96.02
Alexstatin 10mg Tablet,Loratadine,10mg,Tablet,Hikma Egypt,6220645803604,239.39
Alexzole 500mg Injection,Hydrocortisone,500mg,Injection,Sigma,6220186776658,64.99
Ramcillin 500mg Injection,Rabeprazole,500mg,Injection,Rameda,6223221957371,177.89
Amounfen 250mg Injection,Fluoxetine,250mg,Injection,SEDICO,6228460871518,127.4
Ramstatin 100mg Syrup,Esomeprazole,100mg,Syrup,Memphis,6222718806390,80.45
Sigflox 250mg Injection,Empagliflozin,250mg,Injection,Alexandria,6229251050631,54.93
Sigcort 400mg Tablet,Cetirizine,400mg,Tablet,Pfizer Egypt,6222614048115,180.5
Epizole 10mg Capsule,Lansoprazole,10mg,Capsule,Sigma,6228348324624,168.14
Sigpress 5mg Syrup,Valsartan,5mg,Syrup,Global Napi,6227064612091,121.66
Sigtine 1000mg Syrup,Fexofenadine,1000mg,Syrup,CID,6224116999520,222.23
Pharcozole 1000mg Injection,Desloratadine,1000mg,Injection,CID,6228234837887,138.84
Ramcillin 200mg Tablet,Levocetirizine,200mg,Tablet,Kahira,6228489379330,128.8
Amounformin 100mg Injection,Levofloxacin,100mg,Injection,Marcyrl,6224672058211,170.23
Ramtine 850mg Capsule,Ibuprofen,850mg,Capsule,Delta Pharma,6225008975639,138.82
Cidflox 10mg Tablet,Dexamethasone,10mg,Tablet,Novartis Egypt,6224439059918,181.11
Epipress 50mg Syrup,Mometasone,50mg,Syrup,MUP,6225854953393,27.5
Mupflox 20mg Capsule,Amlodipine,20mg,Capsule,Novartis Egypt,6228854289998,121.58
Epicillin 1000mg Syrup,Esomeprazole,1000mg,Syrup,Sanofi Egypt,6221363199628,205.19
Alexpress 1000mg Tablet,Paracetamol,1000mg,Tablet,CID,6223969692114,164.23
Alexpress 500mg Injection,Cetirizine,500mg,Injection,Nile,6229712866801,103.76
Cidmol 200mg Tablet,Omeprazole,200mg,Tablet,Rameda,6225590859201,47.01
Mupformin 5mg Capsule,Loratadine,5mg,Capsule,Marcyrl,6220977028294,211.28
Ramzole 850mg Injection,Bisoprolol,850mg,Injection,CID,6222259793760,152.05
Mupcort 10mg Injection,Loratadine,10mg,Injection,CID,6227044800968,136.43
Pharcopress 500mg Syrup,Prednisolone,500mg,Syrup,SEDICO,6221822476093,127.27
Octapress 500mg Capsule,Dexamethasone,500mg,Capsule,Global Napi,6229357041618,20.58
Mupstatin 50mg Capsule,Fluoxetine,50mg,Capsule,Nile,6220152712826,35.14
Nilefen 500mg Injection,Hydrocortisone,500mg,Injection,Delta Pharma,6223486464249,241.15
Amounflox 20mg Capsule,Omeprazole,20mg,Capsule,EIPICO,6226258830402,226.81
Amounzole 1000mg Tablet,Pantoprazole,1000mg,Tablet,Amoun,6229218359388,195.58
Sigpress 250mg Capsule,Gliclazide,250mg,Capsule,Alexandria,6224808443973,109.08
Muptine 10mg Tablet,Gabapentin,10mg,Tablet,Pharco,6220405615355,23.07
Sigfen 10mg Capsule,Levocetirizine,10mg,Capsule,EVA Pharma,6223810374398,34.65
Nileflox 1000mg Injection,Hydrocortisone,1000mg,Injection,Apex,6226487059131,207.8
Mupfen 250mg Capsule,Losartan,250mg,Capsule,Nile,6223829159542,65.18
Sigflox 200mg Injection,Ceftriaxone,200mg,Injection,Pharco,6227604684571,248.6
Alexcillin 10mg Injection,Diclofenac,10mg,Injection,CID,6224274339572,179.93
Pharcocort 850mg Capsule,Omeprazole,850mg,Capsule,Global Napi,6223728990352,206.43
Cidpress 250mg Capsule,Atorvastatin,250mg,Capsule,EVA Pharma,6221832953072,113.35
Epitine 1000mg Injection,Ketoprofen,1000mg,Injection,Apex,6229848188853,68.2
Sigmol 20mg Injection,Empagliflozin,20mg,Injection,SEDICO,6220519800890,201.78
Alexflox 400mg Injection,Cetirizine,400mg,Injection,Novartis Egypt,6223387391163,227.99
Epifen 10mg Injection,Glimepiride,10mg,Injection,Pharco,6226135816482,176.52
Ramstatin 400mg Injection,Empagliflozin,400mg,Injection,Pfizer Egypt,6226534720151,196.77
Epipress 250mg Syrup,Paracetamol,250mg,Syrup,EIPICO,6227139435716,212.29
Cidzole 250mg Capsule,Dexamethasone,250mg,Capsule,Rameda,6227307701261,98.66
Alexfen 10mg Injection,Meloxicam,10mg,Injection,CID,6221892458807,228.97
Cidcillin 850mg Tablet,Amlodipine,850mg,Tablet,Pfizer Egypt,6220894732366,195.37
Sigtine 50mg Syrup,Azithromycin,50mg,Syrup,Global Napi,6224227921595,159.69
Amouncort 100mg Injection,Empagliflozin,100mg,Injection,Sanofi Egypt,6227673177936,196.03
Cidcort 500mg Capsule,Pregabalin,500mg,Capsule,Nile,6228100342873,25.04
Muptine 20mg Capsule,Valsartan,20mg,Capsule,Alexandria,6224040786432,95.43
Octamol 5mg Syrup,Bisoprolol,5mg,Syrup,Nile,6224549949239,235.43
Sigmol 1000mg Tablet,Ceftriaxone,1000mg,Tablet,Alexandria,6221956597688,240.79
Cidcort 400mg Capsule,Sitagliptin,400mg,Capsule,Delta Pharma,6226365752680,200.39
Cidcillin 500mg Capsule,Gliclazide,500mg,Capsule,Pfizer Egypt,6220216003945,131.09
Epizole 50mg Injection,Amoxicillin,50mg,Injection,Memphis,6221743133853,183.15
Epistatin 250mg Injection,Azithromycin,250mg,Injection,Apex,6224810675935,247.38
Mupformin 10mg Capsule,Diclofenac,10mg,Capsule,Pharco,6227740191476,202.18
Nileflox 50mg Injection,Pantoprazole,50mg,Injection,Marcyrl,6225088040012,210.31
Nilezole 20mg Capsule,Amlodipine,20mg,Capsule,Global Napi,6226571824720,106.46
Amouncort 1000mg Injection,Levocetirizine,1000mg,Injection,Nile,6229921204852,204.87
Ramcort 850mg Tablet,Azithromycin,850mg,Tablet,October Pharma,6220584823794,23.62
Sigcort 850mg Tablet,Rabeprazole,850mg,Tablet,EIPICO,6228262766913,228.42
Amounflox 500mg Tablet,Fluoxetine,500mg,Tablet,Memphis,6229696325059,58.02
Amouncillin 20mg Tablet,Ibuprofen,20mg,Tablet,Minapharm,6226759924471,221.41
Cidmol 400mg Tablet,Metformin,400mg,Tablet,October Pharma,6227000270781,247.47
Alexfen 250mg Tablet,Mometasone,250mg,Tablet,Amoun,6225233039878,56.27
Muppress 20mg Capsule,Ciprofloxacin,20mg,Capsule,GSK Egypt,6225433010387,148.65
Alexpress 50mg Tablet,Rabeprazole,50mg,Tablet,Marcyrl,6223550223611,79.61
Alexzole 10mg Tablet,Bisoprolol,10mg,Tablet,Delta Pharma,6222021029066,146.53
Cidcort 20mg Syrup,Ciprofloxacin,20mg,Syrup,Marcyrl,6222813017288,236.85
Epipress 250mg Capsule,Rabeprazole,250mg,Capsule,Memphis,6225046655241,18.28
Rampress 400mg Capsule,Ceftriaxone,400mg,Capsule,Novartis Egypt,6228228808022,100.18
Nilestatin 20mg Injection,Ibuprofen,20mg,Injection,Amoun,6229780603667,68.21
Muptine 1000mg Syrup,Ketoprofen,1000mg,Syrup,MUP,6220598702467,54.22
Ramcillin 500mg Tablet,Empagliflozin,500mg,Tablet,Alexandria,6221007580225,111.31
Amounstatin 200mg Tablet,Loratadine,200mg,Tablet,EVA Pharma,6228751474626,150.87
Epimol 20mg Injection,Sertraline,20mg,Injection,EVA Pharma,6229911819059,193.53
Nilecort 50mg Tablet,Esomeprazole,50mg,Tablet,October Pharma,6220401131217,44.75
Pharcoflox 500mg Injection,Cetirizine,500mg,Injection,Hikma Egypt,6227607224422,138.38
Octafen 50mg Capsule,Lansoprazole,50mg,Capsule,SEDICO,6223723770850,62.44
Sigstatin 100mg Syrup,Sitagliptin,100mg,Syrup,GSK Egypt,6228649415540,139.38
Nileformin 1000mg Injection,Atorvastatin,1000mg,Injection,CID,6223422979912,116.18
Sigstatin 50mg Tablet,Gliclazide,50mg,Tablet,Hikma Egypt,6228611094469,125.55
Nilestatin 1000mg Capsule,Ceftriaxone,1000mg,Capsule,Amoun,6224195520936,226.0
Amounflox 850mg Capsule,Pantoprazole,850mg,Capsule,October Pharma,6223235238435,241.37
Mupcillin 10mg Tablet,Cetirizine,10mg,Tablet,SEDICO,6221673064944,242.29
Amounmol 850mg Syrup,Esomeprazole,850mg,Syrup,October Pharma,6226425152375,55.2
Octastatin 500mg Injection,Ibuprofen,500mg,Injection,CID,6223782644796,187.44
Alexzole 10mg Syrup,Cetirizine,10mg,Syrup,CID,6229938530036,221.79
Amountine 200mg Injection,Betamethasone,200mg,Injection,Amoun,6228333316672,113.5
Pharcocort 200mg Syrup,Dexamethasone,200mg,Syrup,Novartis Egypt,6224061987047,122.46
Alexformin 400mg Syrup,Pantoprazole,400mg,Syrup,Pharco,6222964433036,128.67
Nilemol 1000mg Capsule,Valsartan,1000mg,Capsule,Pharco,6226359644809,177.04
Sigformin 100mg Capsule,Mometasone,100mg,Capsule,Rameda,6220147564232,101.58
Mupzole 5mg Tablet,Fluoxetine,5mg,Tablet,Amoun,6226137306394,245.8
Nilefen 250mg Tablet,Gliclazide,250mg,Tablet,Pharco,6222263032466,141.49
Nilemol 1000mg Injection,Fluoxetine,1000mg,Injection,Amoun,6222563549947,65.61
Pharcocort 20mg Injection,Atorvastatin,20mg,Injection,October Pharma,6220478487217,107.1
Sigtine 20mg Syrup,Ibuprofen,20mg,Syrup,Nile,6220162634743,123.93
Epiflox 100mg Syrup,Empagliflozin,100mg,Syrup,Pharco,6223356425882,141.35
Alexflox 20mg Capsule,Ceftriaxone,20mg,Capsule,Minapharm,6228951380338,225.0
Epimol 250mg Syrup,Levofloxacin,250mg,Syrup,Rameda,6220145726519,151.02
Cidstatin 500mg Capsule,Fluoxetine,500mg,Capsule,Kahira,6226731451025,79.44
Pharcocillin 400mg Capsule,Pregabalin,400mg,Capsule,October Pharma,6224208195922,201.6
Epicillin 400mg Tablet,Betamethasone,400mg,Tablet,Novartis Egypt,6226857512136,164.37
Epicort 250mg Syrup,Gliclazide,250mg,Syrup,SEDICO,6226303411051,228.11
Pharcostatin 20mg Injection,Fexofenadine,20mg,Injection,October Pharma,6220329278278,67.63
Amounzole 100mg Capsule,Levofloxacin,100mg,Capsule,Global Napi,6229100645568,164.6
Alexpress 20mg Tablet,Metformin,20mg,Tablet,Hikma Egypt,6225440370856,141.22
Pharcomol 200mg Injection,Rabeprazole,200mg,Injection,EIPICO,6220107379609,241.92
Cidcillin 20mg Syrup,Mometasone,20mg,Syrup,Rameda,6227551119133,248.81
Epiflox 5mg Injection,Bisoprolol,5mg,Injection,Hikma Egypt,6225263052588,149.18
Amountine 50mg Tablet,Ceftriaxone,50mg,Tablet,Memphis,6225880171075,72.83
Octastatin 100mg Syrup,Metformin,100mg,Syrup,Sigma,6227984857534,157.69
Amounpress 1000mg Tablet,Empagliflozin,1000mg,Tablet,EVA Pharma,6229210914905,115.59
Epicort 20mg Tablet,Cetirizine,20mg,Tablet,Delta Pharma,6220498366912,120.63
Amounmol 10mg Injection,Gliclazide,10mg,Injection,EVA Pharma,6229310582660,190.85
Sigpress 50mg Injection,Cetirizine,50mg,Injection,Hikma Egypt,6220015808017,65.93
Nilecort 5mg Tablet,Fexofenadine,5mg,Tablet,Amoun,6229837734139,234.01
Nilestatin 50mg Capsule,Desloratadine,50mg,Capsule,EVA Pharma,6228683231496,60.86
Pharcoformin 850mg Syrup,Desloratadine,850mg,Syrup,Rameda,6224798534163,38.76
Octaflox 10mg Syrup,Fluoxetine,10mg,Syrup,Kahira,6220340036437,29.39
Epiflox 1000mg Syrup,Rabeprazole,1000mg,Syrup,October Pharma,6225373335175,247.3
Ramcort 850mg Tablet,Ciprofloxacin,850mg,Tablet,Pharco,6227455174658,221.07
Mupformin 200mg Syrup,Gabapentin,200mg,Syrup,GSK Egypt,6225768175935,198.13
Pharcopress 1000mg Capsule,Levocetirizine,1000mg,Capsule,Sanofi Egypt,6225920164272,65.51
Pharcofen 500mg Injection,Levocetirizine,500mg,Injection,EVA Pharma,6224687440643,240.28
Mupzole 850mg Capsule,Empagliflozin,850mg,Capsule,Sanofi Egypt,6224135783810,133.54
Cidcillin 20mg Syrup,Metformin,20mg,Syrup,Rameda,6227639547315,172.95
Mupzole 400mg Tablet,Ketoprofen,400mg,Tablet,EVA Pharma,6221659536359,35.98
Ramcort 200mg Capsule,Meloxicam,200mg,Capsule,October Pharma,6224961153566,40.79
Cidfen 10mg Tablet,Paracetamol,10mg,Tablet,Memphis,6220355720635,180.72
Mupflox 10mg Tablet,Ceftriaxone,10mg,Tablet,EIPICO,6226171435166,64.65
Amouncort 400mg Tablet,Fluoxetine,400mg,Tablet,Rameda,6229792779022,100.38
Sigmol 400mg Tablet,Gabapentin,400mg,Tablet,SEDICO,6226701794213,187.97
Epiflox 1000mg Syrup,Gabapentin,1000mg,Syrup,Sanofi Egypt,6224566916405,203.27
Octafen 200mg Tablet,Atorvastatin,200mg,Tablet,CID,6225345249783,108.56
Cidpress 1000mg Injection,Gabapentin,1000mg,Injection,EIPICO,6225654065456,161.76
Nilemol 500mg Injection,Pregabalin,500mg,Injection,Rameda,6226142584343,182.75
Sigcillin 100mg Syrup,Esomeprazole,100mg,Syrup,SEDICO,6227504603849,218.79
Pharcomol 20mg Tablet,Gabapentin,20mg,Tablet,Minapharm,6221009379629,205.19
Ramfen 200mg Syrup,Meloxicam,200mg,Syrup,Delta Pharma,6225793418281,138.86
Cidformin 5mg Injection,Betamethasone,5mg,Injection,GSK Egypt,6225126271071,230.31
Amounzole 1000mg Injection,Rabeprazole,1000mg,Injection,Sigma,6227887613428,202.72
Nilestatin 200mg Capsule,Hydrocortisone,200mg,Capsule,Sigma,6225888271104,169.47
Pharcocort 5mg Tablet,Gabapentin,5mg,Tablet,EIPICO,6224829684010,129.06
Amounstatin 250mg Syrup,Hydrocortisone,250mg,Syrup,Delta Pharma,6221998887587,224.26
Ramformin 250mg Capsule,Pregabalin,250mg,Capsule,GSK Egypt,6220173127142,88.67
Nilestatin 20mg Capsule,Prednisolone,20mg,Capsule,Delta Pharma,6222721082781,132.08
Epicort 5mg Injection,Ceftriaxone,5mg,Injection,GSK Egypt,6223039866438,228.11
Pharcoformin 850mg Syrup,Azithromycin,850mg,Syrup,Marcyrl,6220098587618,206.83
Mupfen 250mg Syrup,Glimepiride,250mg,Syrup,Nile,6229072566823,195.95
Amounflox 200mg Syrup,Prednisolone,200mg,Syrup,GSK Egypt,6222637126531,29.09
Sigfen 10mg Capsule,Pregabalin,10mg,Capsule,Amoun,6220557933086,87.12
Pharcoflox 20mg Syrup,Amlodipine,20mg,Syrup,GSK Egypt,6228094827301,44.67
Pharcostatin 50mg Tablet,Ceftriaxone,50mg,Tablet,Amoun,6227265097697,221.44
Amounfen 1000mg Syrup,Loratadine,1000mg,Syrup,Minapharm,6224257165228,15.41
Rammol 500mg Syrup,Omeprazole,500mg,Syrup,Memphis,6226229985582,135.63
Alexpress 1000mg Tablet,Paracetamol,1000mg,Tablet,October Pharma,6224646548151,86.3
Cidfen 50mg Tablet,Amlodipine,50mg,Tablet,Marcyrl,6229854594747,192.09
Amouncillin 10mg Syrup,Ketoprofen,10mg,Syrup,MUP,6229343441828,29.0
Sigformin 20mg Injection,Diclofenac,20mg,Injection,Apex,6228688336400,194.32
Octacort 50mg Injection,Meloxicam,50mg,Injection,Alexandria,6227462937352,85.03
Octazole 400mg Syrup,Amoxicillin,400mg,Syrup,Sanofi Egypt,6225872805544,74.23
Ramstatin 500mg Capsule,Cetirizine,500mg,Capsule,Alexandria,6223160186139,66.44
Ramcillin 50mg Tablet,Omeprazole,50mg,Tablet,Alexandria,6229012520410,61.64
Sigfen 100mg Capsule,Losartan,100mg,Capsule,Kahira,6229359504326,99.56
Nilecillin 100mg Capsule,Diclofenac,100mg,Capsule,CID,6221067557342,30.13
Octatine 20mg Injection,Empagliflozin,20mg,Injection,October Pharma,6228179160514,21.98
Niletine 5mg Tablet,Ceftriaxone,5mg,Tablet,Sigma,6222927257587,190.22
Pharcopress 50mg Injection,Pantoprazole,50mg,Injection,Alexandria,6222481863231,43.14
Mupcort 200mg Tablet,Losartan,200mg,Tablet,Hikma Egypt,6222230427318,184.23
Sigflox 850mg Syrup,Ibuprofen,850mg,Syrup,Sigma,6225970227224,122.98
Alexflox 50mg Injection,Rabeprazole,50mg,Injection,Hikma Egypt,6224640877738,94.72
Ramcillin 10mg Capsule,Dexamethasone,10mg,Capsule,Delta Pharma,6224395014464,172.17
Cidflox 200mg Tablet,Gliclazide,200mg,Tablet,CID,6222090598807,16.51
Cidmol 200mg Syrup,Cetirizine,200mg,Syrup,Marcyrl,6229818632775,147.63
Octapress 850mg Tablet,Empagliflozin,850mg,Tablet,Sanofi Egypt,6224011715041,110.79
Mupformin 10mg Injection,Metformin,10mg,Injection,Pharco,6222462822257,218.02
Octazole 1000mg Tablet,Ketoprofen,1000mg,Tablet,Amoun,6227709207422,193.34
Pharcoformin 250mg Syrup,Sertraline,250mg,Syrup,MUP,6225340921318,100.55
Ramfen 100mg Injection,Cetirizine,100mg,Injection,Nile,6229574544640,246.47
Amountine 850mg Capsule,Pantoprazole,850mg,Capsule,Nile,6224990125299,229.53
Amounmol 10mg Injection,Prednisolone,10mg,Injection,CID,6224296279962,204.67
Sigformin 850mg Capsule,Bisoprolol,850mg,Capsule,Apex,6227437867707,233.17
Amouncillin 20mg Injection,Dexamethasone,20mg,Injection,Rameda,6220074859784,41.67
Sigmol 10mg Syrup,Valsartan,10mg,Syrup,Hikma Egypt,6228611783448,74.28
Amounfen 1000mg Syrup,Pregabalin,1000mg,Syrup,Marcyrl,6225538391831,76.29
Octaformin 100mg Syrup,Amoxicillin,100mg,Syrup,EVA Pharma,6226561481834,23.68
Pharcopress 250mg Injection,Bisoprolol,250mg,Injection,Sanofi Egypt,6226144650299,64.99
Cidformin 250mg Syrup,Gliclazide,250mg,Syrup,Kahira,6229649399069,120.84
Amounflox 200mg Injection,Betamethasone,200mg,Injection,Hikma Egypt,6228201243581,143.58
Ramstatin 50mg Capsule,Atorvastatin,50mg,Capsule,EVA Pharma,6224710602550,70.28
Cidfen 400mg Tablet,Prednisolone,400mg,Tablet,Kahira,6228375481970,228.45
Pharcofen 400mg Capsule,Hydrocortisone,400mg,Capsule,Memphis,6228549704089,233.51
Epipress 400mg Injection,Levocetirizine,400mg,Injection,GSK Egypt,6229503231054,141.36
Nilepress 100mg Capsule,Pantoprazole,100mg,Capsule,Pfizer Egypt,6226049555590,114.57
Epicillin 500mg Capsule,Escitalopram,500mg,Capsule,CID,6223310701885,186.61
Octaflox 10mg Tablet,Diclofenac,10mg,Tablet,Sanofi Egypt,6227674537913,57.97
Pharcofen 50mg Syrup,Atorvastatin,50mg,Syrup,Pfizer Egypt,6227961973288,114.73
Nilepress 100mg Tablet,Fexofenadine,100mg,Tablet,Rameda,6221121323142,151.39
Alexmol 10mg Capsule,Amoxicillin,10mg,Capsule,Pfizer Egypt,6228969868217,217.29
Pharcoformin 50mg Capsule,Amlodipine,50mg,Capsule,CID,6226693973078,113.02
Amounstatin 10mg Tablet,Cetirizine,10mg,Tablet,Amoun,6227744691095,243.53
Alextine 400mg Tablet,Prednisolone,400mg,Tablet,Delta Pharma,6221509682465,242.32
Sigcillin 200mg Tablet,Ciprofloxacin,200mg,Tablet,Sigma,6223378074174,30.26
Sigzole 5mg Capsule,Loratadine,5mg,Capsule,Alexandria,6226195210787,116.45
Alexfen 20mg Injection,Levofloxacin,20mg,Injection,Rameda,6228054175220,108.01
Sigtine 850mg Capsule,Levofloxacin,850mg,Capsule,Minapharm,6225362912226,237.56
Mupzole 100mg Injection,Azithromycin,100mg,Injection,Hikma Egypt,6220003366406,148.98
Alexfen 200mg Tablet,Lansoprazole,200mg,Tablet,Pfizer Egypt,6221099307458,135.77
Mupflox 850mg Capsule,Mometasone,850mg,Capsule,Apex,6223479388248,169.41
Cidpress 850mg Injection,Ketoprofen,850mg,Injection,Sanofi Egypt,6220722826458,150.19
Epicort 50mg Capsule,Sertraline,50mg,Capsule,Pfizer Egypt,6227389319859,89.36
Cidcort 1000mg Syrup,Gliclazide,1000mg,Syrup,EVA Pharma,6229998734979,121.15
Cidfen 1000mg Injection,Amoxicillin,1000mg,Injection,Hikma Egypt,6224732994640,51.21
Amounmol 20mg Tablet,Pantoprazole,20mg,Tablet,Pfizer Egypt,6224897283160,223.17
Mupfen 500mg Syrup,Glimepiride,500mg,Syrup,Apex,6224173343038,97.27
Cidstatin 850mg Tablet,Amoxicillin,850mg,Tablet,CID,6225779873776,81.83
Sigcort 5mg Syrup,Fexofenadine,5mg,Syrup,Amoun,6222445174052,238.69
Ramcillin 200mg Tablet,Ceftriaxone,200mg,Tablet,Kahira,6226341567505,212.14
Nileformin 50mg Tablet,Amlodipine,50mg,Tablet,Alexandria,6222395207626,132.65
Mupcort 500mg Injection,Gabapentin,500mg,Injection,Pharco,6221748260967,69.62
Cidcillin 200mg Syrup,Mometasone,200mg,Syrup,Novartis Egypt,6221854822288,134.73
Mupflox 200mg Injection,Esomeprazole,200mg,Injection,Novartis Egypt,6223551949312,144.94
Pharcozole 200mg Tablet,Mometasone,200mg,Tablet,Kahira,6226140962402,231.43
Amounformin 500mg Capsule,Loratadine,500mg,Capsule,Nile,6224963749583,28.81
Sigformin 50mg Capsule,Diclofenac,50mg,Capsule,Apex,6228312302153,192.29
Ramcillin 850mg Syrup,Hydrocortisone,850mg,Syrup,Global Napi,6226113132030,16.78
Amounpress 1000mg Capsule,Gabapentin,1000mg,Capsule,Memphis,6222656092503,166.91
Amounfen 50mg Capsule,Amlodipine,50mg,Capsule,GSK Egypt,6224351808359,27.91
Octazole 200mg Capsule,Desloratadine,200mg,Capsule,Marcyrl,6226839648235,42.85
Epifen 20mg Injection,Betamethasone,20mg,Injection,EVA Pharma,6224415521460,181.3
Pharcostatin 10mg Tablet,Escitalopram,10mg,Tablet,Pharco,6220931713471,44.81
Epifen 250mg Tablet,Esomeprazole,250mg,Tablet,Memphis,6226432214196,85.42
Sigpress 250mg Capsule,Gliclazide,250mg,Capsule,Marcyrl,6224593668452,57.6
Ramtine 500mg Injection,Fluoxetine,500mg,Injection,Kahira,6222806931591,83.58
Amouncillin 20mg Syrup,Ciprofloxacin,20mg,Syrup,Amoun,6226326889158,183.76
Epifen 850mg Syrup,Lansoprazole,850mg,Syrup,Delta Pharma,6222852692590,87.02
Rammol 20mg Tablet,Ceftriaxone,20mg,Tablet,Memphis,6226153481723,34.41
Ramtine 1000mg Injection,Desloratadine,1000mg,Injection,Memphis,6220035206039,103.42
Amounmol 50mg Capsule,Pregabalin,50mg,Capsule,Kahira,6222195463857,229.8
Sigzole 10mg Injection,Fluoxetine,10mg,Injection,EVA Pharma,6222077569936,136.6
Sigformin 200mg Tablet,Fexofenadine,200mg,Tablet,Delta Pharma,6223484042883,176.98
Rammol 400mg Syrup,Levocetirizine,400mg,Syrup,Kahira,6225824813764,58.51
Amounflox 1000mg Capsule,Fluoxetine,1000mg,Capsule,Memphis,6222665721326,167.03
Epicort 50mg Tablet,Gliclazide,50mg,Tablet,Sanofi Egypt,6224940639609,135.69
Pharcopress 10mg Capsule,Levofloxacin,10mg,Capsule,Sigma,6225941872842,222.89
Nilefen 400mg Tablet,Bisoprolol,400mg,Tablet,Nile,6229944434540,33.78
Epipress 20mg Capsule,Prednisolone,20mg,Capsule,Alexandria,6228278472471,183.42
Cidflox 20mg Injection,Rabeprazole,20mg,Injection,October Pharma,6222577500231,44.38
Sigcillin 5mg Tablet,Rabeprazole,5mg,Tablet,Pharco,6225094721752,123.12
Mupmol 500mg Syrup,Empagliflozin,500mg,Syrup,Hikma Egypt,6223492764470,204.0
Mupflox 20mg Capsule,Loratadine,20mg,Capsule,EVA Pharma,6226951368219,107.03
Pharcofen 400mg Capsule,Bisoprolol,400mg,Capsule,GSK Egypt,6220933183029,240.74
Pharcoflox 20mg Injection,Gabapentin,20mg,Injection,Novartis Egypt,6228105785071,159.55
Rammol 500mg Capsule,Ketoprofen,500mg,Capsule,MUP,6229153611930,150.08
Ramcillin 400mg Syrup,Empagliflozin,400mg,Syrup,Pfizer Egypt,6220621798221,138.38
Amouncort 50mg Tablet,Escitalopram,50mg,Tablet,Alexandria,6226053077194,60.6
Octapress 100mg Capsule,Mometasone,100mg,Capsule,Nile,6222729798769,165.39
Alexcort 850mg Syrup,Atorvastatin,850mg,Syrup,EVA Pharma,6226260379685,151.97
Alexfen 20mg Syrup,Prednisolone,20mg,Syrup,Alexandria,6227674867997,149.99
Cidfen 850mg Injection,Lansoprazole,850mg,Injection,Sigma,6224238767915,130.35
Pharcostatin 50mg Syrup,Escitalopram,50mg,Syrup,MUP,6228180233931,173.86
Nileflox 850mg Tablet,Dexamethasone,850mg,Tablet,Nile,6223198522572,113.07
Mupzole 850mg Injection,Paracetamol,850mg,Injection,SEDICO,6226962372922,164.01
Ramzole 10mg Tablet,Amlodipine,10mg,Tablet,Minapharm,6227512227389,187.05
Nilefen 850mg Syrup,Amlodipine,850mg,Syrup,SEDICO,6226044121530,82.85
Ramcillin 20mg Capsule,Fexofenadine,20mg,Capsule,Pharco,6228768305692,233.4
Nilecort 10mg Injection,Fexofenadine,10mg,Injection,Sanofi Egypt,6222762314391,18.59
Sigfen 850mg Tablet,Omeprazole,850mg,Tablet,October Pharma,6221034247153,77.8
Pharcomol 20mg Injection,Dexamethasone,20mg,Injection,Rameda,6225035342749,135.89
Octacillin 20mg Injection,Lansoprazole,20mg,Injection,Hikma Egypt,6225942276274,231.08
Cidcillin 1000mg Capsule,Ciprofloxacin,1000mg,Capsule,Global Napi,6227581930388,139.97
Alexfen 400mg Injection,Gliclazide,400mg,Injection,Alexandria,6228394958064,233.14
Niletine 200mg Syrup,Levocetirizine,200mg,Syrup,Apex,6228725833534,74.3
Amounfen 850mg Capsule,Lansoprazole,850mg,Capsule,SEDICO,6228923605988,204.74
Cidzole 5mg Injection,Desloratadine,5mg,Injection,Nile,6228103870922,45.83
Ramstatin 100mg Injection,Fexofenadine,100mg,Injection,Rameda,6227295219922,149.12
Pharcoflox 500mg Syrup,Levocetirizine,500mg,Syrup,Apex,6229054522397,100.8
Cidcillin 20mg Injection,Empagliflozin,20mg,Injection,Hikma Egypt,6220907648127,56.17
Octazole 20mg Syrup,Lansoprazole,20mg,Syrup,Pfizer Egypt,6223019458417,158.64
Amouncillin 50mg Injection,Escitalopram,50mg,Injection,Nile,6228925078230,199.82
Rampress 10mg Tablet,Ketoprofen,10mg,Tablet,Memphis,6220117134182,154.53
Amountine 250mg Tablet,Rabeprazole,250mg,Tablet,GSK Egypt,6228585955025,100.64
Epizole 200mg Capsule,Cetirizine,200mg,Capsule,EIPICO,6225204828708,16.7
Rampress 20mg Injection,Bisoprolol,20mg,Injection,EVA Pharma,6222019392509,107.89
Alexcillin 10mg Injection,Amlodipine,10mg,Injection,Novartis Egypt,6222012571659,168.79
Ramformin 10mg Tablet,Ciprofloxacin,10mg,Tablet,Pfizer Egypt,6224576783455,160.91
Sigflox 50mg Syrup,Meloxicam,50mg,Syrup,Pharco,6222000467841,157.65
Sigformin 50mg Syrup,Fexofenadine,50mg,Syrup,EIPICO,6228870852138,104.18
Octastatin 20mg Capsule,Levofloxacin,20mg,Capsule,CID,6227181880144,144.29
Pharcofen 1000mg Injection,Metformin,1000mg,Injection,Pfizer Egypt,6221270959025,161.76
Epipress 400mg Tablet,Bisoprolol,400mg,Tablet,Delta Pharma,6227246209408,95.89
Cidtine 20mg Injection,Dexamethasone,20mg,Injection,Alexandria,6225036058816,47.87
Epimol 500mg Capsule,Levofloxacin,500mg,Capsule,Rameda,6229621353430,71.83
Pharcoformin 100mg Syrup,Pregabalin,100mg,Syrup,Novartis Egypt,6222174947491,100.34
Pharcopress 50mg Syrup,Mometasone,50mg,Syrup,Apex,6221752894110,247.22
Epistatin 250mg Tablet,Lansoprazole,250mg,Tablet,Sigma,6227799102157,150.82
Sigformin 850mg Capsule,Amlodipine,850mg,Capsule,Pfizer Egypt,6226530478216,90.16
Ramfen 250mg Tablet,Esomeprazole,250mg,Tablet,Memphis,6226484160205,103.25
Octaflox 50mg Capsule,Escitalopram,50mg,Capsule,Global Napi,6226210214127,65.29
Sigflox 200mg Injection,Valsartan,200mg,Injection,Sanofi Egypt,6220303797443,164.96
Nilecort 10mg Tablet,Ceftriaxone,10mg,Tablet,MUP,6224535113453,205.21
Epizole 500mg Syrup,Losartan,500mg,Syrup,Novartis Egypt,6226449160929,108.92
Rammol 20mg Capsule,Sertraline,20mg,Capsule,Pharco,6224717249413,29.62
Ramtine 200mg Capsule,Bisoprolol,200mg,Capsule,Amoun,6226015112369,92.44
Cidcillin 20mg Syrup,Dexamethasone,20mg,Syrup,Amoun,6224536838782,133.6
Ramcillin 400mg Tablet,Prednisolone,400mg,Tablet,Amoun,6228555196878,49.44
Octaflox 1000mg Tablet,Prednisolone,1000mg,Tablet,Apex,6227433147001,214.69
Mupformin 250mg Capsule,Glimepiride,250mg,Capsule,Novartis Egypt,6229307543407,139.52
Sigfen 100mg Syrup,Metformin,100mg,Syrup,Sigma,6221553639071,118.42
Muppress 50mg Injection,Pantoprazole,50mg,Injection,Hikma Egypt,6225625514808,247.34
Pharcofen 850mg Syrup,Cetirizine,850mg,Syrup,MUP,6220535563465,21.52
Amounmol 5mg Injection,Meloxicam,5mg,Injection,October Pharma,6223345523537,217.0
Sigfen 50mg Tablet,Prednisolone,50mg,Tablet,Memphis,6225508010250,132.9
Mupzole 200mg Tablet,Prednisolone,200mg,Tablet,Amoun,6223848927078,217.07
Sigformin 100mg Injection,Bisoprolol,100mg,Injection,Memphis,6229588778437,194.9
Amounstatin 850mg Syrup,Cetirizine,850mg,Syrup,MUP,6226054956122,55.83
Muptine 5mg Capsule,Loratadine,5mg,Capsule,Alexandria,6224859335210,73.88
Ramcillin 250mg Capsule,Prednisolone,250mg,Capsule,Sigma,6221828952812,163.18
Rampress 5mg Tablet,Levocetirizine,5mg,Tablet,CID,6223796070123,226.17
Sigpress 250mg Capsule,Paracetamol,250mg,Capsule,Delta Pharma,6222368178441,132.4
Pharcocillin 100mg Injection,Cetirizine,100mg,Injection,CID,6227886541395,215.79
Pharcozole 250mg Syrup,Mometasone,250mg,Syrup,CID,6223765081556,52.69
Alextine 50mg Capsule,Pregabalin,50mg,Capsule,Global Napi,6221247751812,225.96
Epicort 50mg Injection,Dexamethasone,50mg,Injection,Kahira,6220477540036,166.66
Nilestatin 1000mg Syrup,Hydrocortisone,1000mg,Syrup,SEDICO,6227307549719,75.52
Nilefen 200mg Capsule,Cetirizine,200mg,Capsule,Memphis,6227333762137,19.46
Alexflox 50mg Syrup,Levofloxacin,50mg,Syrup,EVA Pharma,6227597117186,185.61
Amounformin 20mg Syrup,Sertraline,20mg,Syrup,EVA Pharma,6227238342250,208.12
Amountine 850mg Syrup,Esomeprazole,850mg,Syrup,Pharco,6226995551196,38.48
Nilefen 50mg Capsule,Pregabalin,50mg,Capsule,EVA Pharma,6223302703989,165.05
Octazole 10mg Tablet,Gliclazide,10mg,Tablet,EIPICO,6223622378386,139.33
Ramstatin 10mg Tablet,Levocetirizine,10mg,Tablet,Alexandria,6222976346867,109.91
Nilepress 100mg Syrup,Omeprazole,100mg,Syrup,Marcyrl,6220374852232,181.45
Sigpress 100mg Capsule,Desloratadine,100mg,Capsule,Delta Pharma,6226037238573,236.51
Mupzole 200mg Syrup,Loratadine,200mg,Syrup,Kahira,6220459782508,239.61
Cidstatin 1000mg Injection,Ceftriaxone,1000mg,Injection,Alexandria,6227440111828,214.34
Pharcoformin 5mg Capsule,Glimepiride,5mg,Capsule,MUP,6225957117319,201.79
Octaflox 50mg Injection,Prednisolone,50mg,Injection,Amoun,6223443812588,195.78
Sigfen 400mg Injection,Empagliflozin,400mg,Injection,Apex,6227847722566,81.49
Octacort 50mg Tablet,Ketoprofen,50mg,Tablet,October Pharma,6228874441314,36.83
Alexstatin 1000mg Injection,Amlodipine,1000mg,Injection,Rameda,6220929759993,195.78
Cidcort 100mg Injection,Valsartan,100mg,Injection,CID,6225778456840,91.97
Cidstatin 500mg Tablet,Metformin,500mg,Tablet,Apex,6228169749477,85.72
Alexfen 250mg Injection,Prednisolone,250mg,Injection,Rameda,6225640954542,196.67
Ramstatin 200mg Tablet,Lansoprazole,200mg,Tablet,MUP,6220798128807,190.78
Cidzole 250mg Syrup,Azithromycin,250mg,Syrup,Alexandria,6221488781210,31.9
Rampress 100mg Syrup,Paracetamol,100mg,Syrup,Minapharm,6228370624730,187.64
Alexpress 10mg Syrup,Sertraline,10mg,Syrup,Alexandria,6228991812691,36.32
Cidmol 5mg Syrup,Desloratadine,5mg,Syrup,EVA Pharma,6225127778258,248.73
Cidcillin 20mg Syrup,Fluoxetine,20mg,Syrup,EIPICO,6224463893502,145.15
Amounstatin 500mg Injection,Meloxicam,500mg,Injection,October Pharma,6226722959615,163.39
Pharcocort 500mg Injection,Metformin,500mg,Injection,Novartis Egypt,6220054944134,244.51
Amounpress 10mg Capsule,Mometasone,10mg,Capsule,SEDICO,6226451202167,22.16
Amounpress 500mg Syrup,Cetirizine,500mg,Syrup,Alexandria,6227142189422,65.63
Cidcort 850mg Injection,Gliclazide,850mg,Injection,Minapharm,6229387483488,234.3
Sigcillin 5mg Injection,Pregabalin,5mg,Injection,Minapharm,6228740640414,55.45
Alexfen 10mg Tablet,Levofloxacin,10mg,Tablet,Kahira,6220102497865,79.39
Epiflox 10mg Injection,Dexamethasone,10mg,Injection,SEDICO,6228809570225,78.17
Alextine 1000mg Syrup,Glimepiride,1000mg,Syrup,October Pharma,6221635894138,152.67
Alexpress 250mg Capsule,Pregabalin,250mg,Capsule,Nile,6226953330269,22.37
Cidfen 10mg Injection,Paracetamol,10mg,Injection,Memphis,6225542365699,124.01
Sigpress 20mg Syrup,Ketoprofen,20mg,Syrup,EIPICO,6227259886924,236.29
Octatine 250mg Syrup,Hydrocortisone,250mg,Syrup,SEDICO,6223992320428,244.12
Mupfen 200mg Capsule,Rabeprazole,200mg,Capsule,Memphis,6222030967205,193.78
Mupcort 500mg Capsule,Rabeprazole,500mg,Capsule,GSK Egypt,6227590714542,140.17
Nilefen 200mg Injection,Meloxicam,200mg,Injection,Global Napi,6224232530935,179.58
Sigstatin 250mg Syrup,Losartan,250mg,Syrup,Kahira,6228040333412,15.05
Alexzole 400mg Injection,Ketoprofen,400mg,Injection,Rameda,6224968624861,141.82
Alexstatin 100mg Injection,Dexamethasone,100mg,Injection,Global Napi,6226283533675,72.47
Mupcillin 5mg Syrup,Sertraline,5mg,Syrup,Kahira,6220057952143,225.51
Sigtine 20mg Tablet,Diclofenac,20mg,Tablet,Sigma,6227080134812,208.75
Mupfen 5mg Injection,Meloxicam,5mg,Injection,Pharco,6220021510218,133.44
Octazole 100mg Injection,Meloxicam,100mg,Injection,Amoun,6225592552742,39.48
Sigpress 20mg Tablet,Bisoprolol,20mg,Tablet,MUP,6227017618361,86.67
Sigstatin 50mg Tablet,Omeprazole,50mg,Tablet,GSK Egypt,6229546825326,175.19
Epistatin 500mg Tablet,Esomeprazole,500mg,Tablet,Sanofi Egypt,6220164462863,35.95
Amouncort 1000mg Tablet,Gliclazide,1000mg,Tablet,Marcyrl,6223587109551,137.86
Octapress 20mg Capsule,Glimepiride,20mg,Capsule,Kahira,6223215502112,107.95
Octaformin 100mg Injection,Valsartan,100mg,Injection,Alexandria,6222349438267,80.52
Mupcillin 250mg Injection,Diclofenac,250mg,Injection,Amoun,6225122839008,89.25
Alexcort 10mg Tablet,Losartan,10mg,Tablet,Hikma Egypt,6221505632358,69.05
Epicort 10mg Tablet,Ceftriaxone,10mg,Tablet,GSK Egypt,6225154278189,115.05
Rampress 1000mg Syrup,Omeprazole,1000mg,Syrup,Apex,6225699031515,64.3
Mupzole 850mg Injection,Escitalopram,850mg,Injection,Delta Pharma,6226502128163,41.54
Pharcopress 200mg Injection,Pregabalin,200mg,Injection,Apex,6222596048080,55.01
Sigfen 5mg Tablet,Meloxicam,5mg,Tablet,Global Napi,6228076868353,76.4
Sigtine 20mg Capsule,Ketoprofen,20mg,Capsule,Sanofi Egypt,6227640049723,92.4
Niletine 500mg Syrup,Amoxicillin,500mg,Syrup,Rameda,6225194421385,166.21
Mupfen 850mg Injection,Dexamethasone,850mg,Injection,Novartis Egypt,6229470400569,143.72
Epizole 100mg Injection,Desloratadine,100mg,Injection,Novartis Egypt,6222396650377,130.84
Cidformin 250mg Capsule,Glimepiride,250mg,Capsule,Sanofi Egypt,6222815540111,76.24
Rampress 400mg Capsule,Ciprofloxacin,400mg,Capsule,Apex,6222468295871,193.74
Mupfen 1000mg Syrup,Gabapentin,1000mg,Syrup,CID,6229780366289,143.35
Niletine 850mg Capsule,Levocetirizine,850mg,Capsule,Sigma,6229204760747,124.34
Mupzole 10mg Injection,Ibuprofen,10mg,Injection,Kahira,6225348574509,202.25
Nilecort 20mg Capsule,Pregabalin,20mg,Capsule,Pfizer Egypt,6222148797107,239.98
Alexcillin 400mg Tablet,Sitagliptin,400mg,Tablet,Memphis,6229494234645,129.12
Nilecillin 1000mg Tablet,Fluoxetine,1000mg,Tablet,Marcyrl,6225362184944,130.68
Mupmol 850mg Injection,Sitagliptin,850mg,Injection,Pfizer Egypt,6227549749465,133.73
Epipress 50mg Capsule,Amlodipine,50mg,Capsule,Hikma Egypt,6226436378269,137.72
Alexpress 400mg Tablet,Amoxicillin,400mg,Tablet,SEDICO,6229144742186,153.06
Amouncillin 500mg Syrup,Amlodipine,500mg,Syrup,Sanofi Egypt,6228247666702,105.44
Mupflox 50mg Syrup,Ceftriaxone,50mg,Syrup,Minapharm,6226452128503,49.75
Mupzole 850mg Injection,Gliclazide,850mg,Injection,October Pharma,6224565490692,217.56
Sigcort 5mg Capsule,Levofloxacin,5mg,Capsule,Apex,6224996972972,139.04
Sigpress 250mg Syrup,Desloratadine,250mg,Syrup,Novartis Egypt,6221057798496,83.55
Alexflox 850mg Injection,Rabeprazole,850mg,Injection,EIPICO,6227146046707,121.08
Ramflox 400mg Injection,Amoxicillin,400mg,Injection,Global Napi,6220036365353,166.63
Sigfen 200mg Tablet,Prednisolone,200mg,Tablet,Pharco,6225272729396,234.16
Nilemol 100mg Injection,Metformin,100mg,Injection,Nile,6221666595202,83.08
Pharcotine 250mg Tablet,Escitalopram,250mg,Tablet,SEDICO,6220824340470,140.44
Sigcort 20mg Injection,Rabeprazole,20mg,Injection,Marcyrl,6227189533523,145.33
Nilestatin 250mg Capsule,Dexamethasone,250mg,Capsule,Apex,6223383500330,118.13
Alexstatin 850mg Injection,Sertraline,850mg,Injection,Kahira,6224984350836,162.28
Alexstatin 500mg Tablet,Ceftriaxone,500mg,Tablet,Nile,6229062772937,54.41
Niletine 10mg Syrup,Ketoprofen,10mg,Syrup,Sanofi Egypt,6229098024741,238.16
Sigflox 200mg Tablet,Prednisolone,200mg,Tablet,EVA Pharma,6220502130492,237.51
Octacillin 850mg Tablet,Levocetirizine,850mg,Tablet,Novartis Egypt,6228822960379,131.35
Epitine 1000mg Tablet,Metformin,1000mg,Tablet,Minapharm,6221041577335,120.27
Epizole 50mg Syrup,Mometasone,50mg,Syrup,MUP,6228274678907,123.25
Pharcocillin 5mg Tablet,Paracetamol,5mg,Tablet,Amoun,6223244947892,143.95
Cidtine 400mg Tablet,Paracetamol,400mg,Tablet,Pfizer Egypt,6227077945872,155.67
Cidformin 100mg Capsule,Rabeprazole,100mg,Capsule,SEDICO,6220959778117,128.29
Ramzole 100mg Syrup,Rabeprazole,100mg,Syrup,Rameda,6228192045539,86.76
Mupcort 1000mg Capsule,Levocetirizine,1000mg,Capsule,Memphis,6227103105867,181.84
Sigmol 5mg Capsule,Ibuprofen,5mg,Capsule,CID,6221325130164,198.15
Octazole 10mg Capsule,Pantoprazole,10mg,Capsule,Nile,6221546747981,63.95
Amounmol 200mg Tablet,Metformin,200mg,Tablet,Alexandria,6228855139674,57.66
Epimol 200mg Tablet,Glimepiride,200mg,Tablet,CID,6228647539996,30.08
Alextine 1000mg Tablet,Ceftriaxone,1000mg,Tablet,Global Napi,6226802898346,181.5
Mupfen 5mg Syrup,Levofloxacin,5mg,Syrup,Memphis,6225332236857,229.36
Pharcoflox 1000mg Injection,Betamethasone,1000mg,Injection,GSK Egypt,6226597798098,116.52
Octaflox 500mg Injection,Ceftriaxone,500mg,Injection,Sigma,6222454118665,161.11
Epicillin 1000mg Capsule,Betamethasone,1000mg,Capsule,Delta Pharma,6222697916400,41.12
Alexstatin 100mg Tablet,Pantoprazole,100mg,Tablet,Novartis Egypt,6223372151703,59.93
Pharcoflox 100mg Injection,Pregabalin,100mg,Injection,CID,6229988041452,190.99
Pharcotine 50mg Injection,Amoxicillin,50mg,Injection,Amoun,6226246182209,165.63
Mupmol 400mg Tablet,Escitalopram,400mg,Tablet,Minapharm,6228231482158,117.05
Pharcotine 200mg Syrup,Amoxicillin,200mg,Syrup,Global Napi,6229756839205,97.23
Alexcillin 200mg Syrup,Diclofenac,200mg,Syrup,Pfizer Egypt,6224015508892,222.97
Cidstatin 250mg Capsule,Losartan,250mg,Capsule,Nile,6225801224989,67.34
Alexcillin 850mg Syrup,Paracetamol,850mg,Syrup,Pfizer Egypt,6224533956854,85.35
Alexmol 500mg Injection,Valsartan,500mg,Injection,Memphis,6221221704483,145.22
Octaflox 250mg Injection,Valsartan,250mg,Injection,Delta Pharma,6220490182404,184.8
Amounflox 50mg Tablet,Pantoprazole,50mg,Tablet,CID,6228165211985,44.8
Pharcotine 10mg Syrup,Desloratadine,10mg,Syrup,Rameda,6227556624663,177.56
Amounzole 500mg Syrup,Esomeprazole,500mg,Syrup,Global Napi,6224355312555,128.46
Niletine 100mg Syrup,Sertraline,100mg,Syrup,Sigma,6226448893460,46.98
Cidcillin 100mg Syrup,Valsartan,100mg,Syrup,GSK Egypt,6229642746549,116.92
Epistatin 10mg Capsule,Ciprofloxacin,10mg,Capsule,Alexandria,6221530872811,99.99
Mupmol 50mg Syrup,Losartan,50mg,Syrup,SEDICO,6229841757858,194.79
Nileformin 20mg Tablet,Mometasone,20mg,Tablet,Novartis Egypt,6220962398319,33.7
Pharcopress 50mg Tablet,Ibuprofen,50mg,Tablet,EVA Pharma,6228549282570,95.16
Ramtine 1000mg Capsule,Hydrocortisone,1000mg,Capsule,Hikma Egypt,6227213752456,99.9
Ramzole 850mg Syrup,Paracetamol,850mg,Syrup,Kahira,6222493744306,162.8
Nilemol 200mg Tablet,Empagliflozin,200mg,Tablet,Delta Pharma,6222623287154,148.71
Octacort 850mg Capsule,Levocetirizine,850mg,Capsule,Apex,6224134594967,241.18
Ramtine 400mg Capsule,Levofloxacin,400mg,Capsule,Sigma,6225614482170,146.53
Pharcoformin 400mg Injection,Losartan,400mg,Injection,Hikma Egypt,6221411125265,177.05
Nilecillin 20mg Syrup,Sitagliptin,20mg,Syrup,Marcyrl,6228972168052,72.37
Mupmol 50mg Injection,Prednisolone,50mg,Injection,GSK Egypt,6229948370073,29.51
Epizole 850mg Syrup,Sertraline,850mg,Syrup,Memphis,6221270301268,227.23
Mupmol 500mg Capsule,Ketoprofen,500mg,Capsule,Kahira,6221066823523,49.33
Ramformin 400mg Capsule,Betamethasone,400mg,Capsule,Sanofi Egypt,6223645995904,197.95
Nilefen 20mg Syrup,Diclofenac,20mg,Syrup,CID,6223551907879,230.23
Octatine 5mg Capsule,Dexamethasone,5mg,Capsule,Hikma Egypt,6221909153626,132.5
Nileflox 400mg Tablet,Meloxicam,400mg,Tablet,Delta Pharma,6225549213528,170.1
Nileformin 500mg Tablet,Pregabalin,500mg,Tablet,October Pharma,6220807607545,107.36
Nilezole 10mg Tablet,Ceftriaxone,10mg,Tablet,Alexandria,6224154756475,232.36
Sigcort 1000mg Tablet,Pantoprazole,1000mg,Tablet,EVA Pharma,6220980591044,136.85
Pharcofen 200mg Tablet,Levocetirizine,200mg,Tablet,Minapharm,6226046853552,160.71
Pharcotine 10mg Syrup,Sertraline,10mg,Syrup,Memphis,6224042964159,149.41
Amouncort 400mg Injection,Gabapentin,400mg,Injection,SEDICO,6222523760634,201.51
Ramcillin 850mg Syrup,Esomeprazole,850mg,Syrup,Delta Pharma,6220100097500,246.91
Sigstatin 400mg Tablet,Hydrocortisone,400mg,Tablet,Nile,6222176187956,29.47
Mupzole 100mg Tablet,Gabapentin,100mg,Tablet,Memphis,6228914412441,239.48
Ramflox 20mg Syrup,Rabeprazole,20mg,Syrup,Marcyrl,6229182556974,115.73
Nilecillin 250mg Capsule,Amlodipine,250mg,Capsule,October Pharma,6220996144197,239.13
Alexcort 100mg Syrup,Lansoprazole,100mg,Syrup,GSK Egypt,6222120425134,191.65
Amounmol 50mg Capsule,Dexamethasone,50mg,Capsule,Novartis Egypt,6224349684897,228.28
Pharcofen 20mg Tablet,Escitalopram,20mg,Tablet,Alexandria,6224099378275,107.35
Ramcort 50mg Injection,Lansoprazole,50mg,Injection,Marcyrl,6229187334591,152.77
Amounzole 50mg Tablet,Ciprofloxacin,50mg,Tablet,SEDICO,6228577348910,87.51
Octastatin 100mg Syrup,Sitagliptin,100mg,Syrup,Rameda,6224503896616,129.27
Amounpress 400mg Injection,Pregabalin,400mg,Injection,Kahira,6227970005529,45.94
Nilezole 1000mg Syrup,Azithromycin,1000mg,Syrup,MUP,6224180259803,182.99
Nilestatin 500mg Tablet,Prednisolone,500mg,Tablet,MUP,6228139415135,168.82
Ramformin 250mg Tablet,Fluoxetine,250mg,Tablet,Kahira,6227356621756,170.76
Alexzole 200mg Tablet,Metformin,200mg,Tablet,Amoun,6227527169438,96.03
Sigcort 5mg Tablet,Lansoprazole,5mg,Tablet,Sanofi Egypt,6225527214103,125.13
Ramfen 1000mg Injection,Sertraline,1000mg,Injection,Apex,6224269225156,44.39
Nilemol 20mg Capsule,Diclofenac,20mg,Capsule,EVA Pharma,6228771774874,133.19
Ramcillin 50mg Tablet,Azithromycin,50mg,Tablet,Kahira,6226957038383,113.16
Octafen 500mg Capsule,Dexamethasone,500mg,Capsule,SEDICO,6229698184265,200.94
Octacillin 200mg Capsule,Levofloxacin,200mg,Capsule,Amoun,6224578135139,84.54
Mupflox 250mg Capsule,Amoxicillin,250mg,Capsule,Pharco,6226297264916,173.98
Cidflox 20mg Injection,Amlodipine,20mg,Injection,Rameda,6227111259002,108.6
Pharcopress 1000mg Tablet,Azithromycin,1000mg,Tablet,Rameda,6221742043306,231.18
Octamol 200mg Injection,Omeprazole,200mg,Injection,Apex,6226999610363,132.42
Nileflox 100mg Capsule,Loratadine,100mg,Capsule,Delta Pharma,6228522434996,238.76
Epipress 400mg Tablet,Paracetamol,400mg,Tablet,Minapharm,6229495984792,93.61
Nilefen 1000mg Injection,Metformin,1000mg,Injection,Rameda,6220089391002,198.85
Pharcoflox 200mg Injection,Diclofenac,200mg,Injection,Apex,6220228697897,156.37
Mupcillin 400mg Capsule,Esomeprazole,400mg,Capsule,Pharco,6228055920621,170.06
Cidmol 10mg Tablet,Ceftriaxone,10mg,Tablet,SEDICO,6221354108950,69.97
Octamol 250mg Capsule,Prednisolone,250mg,Capsule,Sigma,6220170609269,187.04
Rampress 1000mg Capsule,Ceftriaxone,1000mg,Capsule,October Pharma,6223846932951,19.38
Rampress 400mg Tablet,Glimepiride,400mg,Tablet,Rameda,6220528407028,157.04
Octaformin 1000mg Capsule,Amoxicillin,1000mg,Capsule,EVA Pharma,6225027966335,120.76
Alexfen 250mg Injection,Paracetamol,250mg,Injection,Amoun,6222593243075,27.52
Octapress 10mg Tablet,Escitalopram,10mg,Tablet,Alexandria,6226758274911,123.52
Alexpress 5mg Tablet,Dexamethasone,5mg,Tablet,Apex,6224525298450,33.75
Ramflox 250mg Injection,Ceftriaxone,250mg,Injection,Nile,6220698196074,28.16
Epimol 400mg Syrup,Diclofenac,400mg,Syrup,SEDICO,6228580896873,20.57
Epiformin 1000mg Tablet,Ketoprofen,1000mg,Tablet,Nile,6221011798968,217.15
Nilecillin 200mg Injection,Empagliflozin,200mg,Injection,EVA Pharma,6226114000567,24.52
Sigflox 100mg Capsule,Ketoprofen,100mg,Capsule,Apex,6224729752451,201.26
Pharcopress 5mg Capsule,Amlodipine,5mg,Capsule,Nile,6229028324002,208.1
Amounformin 500mg Capsule,Sitagliptin,500mg,Capsule,Kahira,6229396485718,222.74
Nilecillin 250mg Tablet,Atorvastatin,250mg,Tablet,CID,6220048363507,162.37
Mupzole 200mg Syrup,Lansoprazole,200mg,Syrup,Apex,6226773890868,104.47
Amounformin 5mg Capsule,Valsartan,5mg,Capsule,Global Napi,6228376756824,194.69
Ramformin 850mg Syrup,Paracetamol,850mg,Syrup,Pharco,6225446039306,213.34
Mupflox 10mg Syrup,Bisoprolol,10mg,Syrup,MUP,6221048620997,107.75
Amounflox 250mg Syrup,Desloratadine,250mg,Syrup,October Pharma,6221867184168,55.17
Alexstatin 50mg Capsule,Mometasone,50mg,Capsule,Amoun,6227478745880,114.5
Sigpress 20mg Syrup,Loratadine,20mg,Syrup,Alexandria,6223432992291,147.52
Sigformin 5mg Capsule,Diclofenac,5mg,Capsule,Hikma Egypt,6222353968248,18.8
Niletine 200mg Tablet,Meloxicam,200mg,Tablet,SEDICO,6224593145106,88.62
Pharcotine 850mg Tablet,Hydrocortisone,850mg,Tablet,Hikma Egypt,6222630285419,46.36
Ramzole 100mg Syrup,Dexamethasone,100mg,Syrup,Hikma Egypt,6225545668087,90.17
Epifen 20mg Syrup,Ibuprofen,20mg,Syrup,MUP,6228787930370,25.45
Octazole 500mg Tablet,Ketoprofen,500mg,Tablet,Delta Pharma,6224016710461,167.53
Nilefen 400mg Syrup,Gliclazide,400mg,Syrup,GSK Egypt,6228915360604,188.23
Ramzole 250mg Tablet,Pantoprazole,250mg,Tablet,Novartis Egypt,6224107304685,213.14
Pharcozole 1000mg Syrup,Levocetirizine,1000mg,Syrup,Sigma,6226650183304,222.89
Pharcotine 1000mg Tablet,Empagliflozin,1000mg,Tablet,Pfizer Egypt,6224928958159,162.74
Nileflox 20mg Tablet,Desloratadine,20mg,Tablet,MUP,6226546943449,71.09
Mupflox 50mg Capsule,Hydrocortisone,50mg,Capsule,Alexandria,6229349263349,175.42
Pharcocillin 500mg Syrup,Cetirizine,500mg,Syrup,Kahira,6227801640721,80.93
Octaflox 850mg Syrup,Cetirizine,850mg,Syrup,Hikma Egypt,6227983858228,210.54
Alextine 200mg Tablet,Cetirizine,200mg,Tablet,Sanofi Egypt,6224185554019,15.06
Muppress 1000mg Syrup,Dexamethasone,1000mg,Syrup,Apex,6225257413852,169.58
Nileflox 100mg Capsule,Fluoxetine,100mg,Capsule,Global Napi,6229462416592,211.15
Mupmol 5mg Syrup,Gliclazide,5mg,Syrup,GSK Egypt,6222559720084,38.83
Cidstatin 100mg Capsule,Hydrocortisone,100mg,Capsule,Apex,6227024070596,207.8
Alexflox 20mg Capsule,Amoxicillin,20mg,Capsule,October Pharma,6224034501546,176.3
Ramcort 100mg Tablet,Empagliflozin,100mg,Tablet,EIPICO,6223114762013,179.49
Mupfen 100mg Injection,Ibuprofen,100mg,Injection,Global Napi,6223229136167,137.79
Sigstatin 200mg Capsule,Hydrocortisone,200mg,Capsule,Memphis,6222915797163,16.9
Alexpress 20mg Tablet,Gabapentin,20mg,Tablet,SEDICO,6221676225854,119.47
Octacort 10mg Syrup,Amoxicillin,10mg,Syrup,Novartis Egypt,6222382021167,110.83
Amounflox 50mg Syrup,Prednisolone,50mg,Syrup,SEDICO,6225208676923,50.45
Cidtine 10mg Injection,Betamethasone,10mg,Injection,Hikma Egypt,6228367947798,62.64
Octatine 850mg Syrup,Dexamethasone,850mg,Syrup,Nile,6229697491722,172.51
Sigflox 50mg Capsule,Dexamethasone,50mg,Capsule,EIPICO,6221573243029,246.92
Mupformin 50mg Syrup,Desloratadine,50mg,Syrup,Marcyrl,6223723517189,208.02
Sigstatin 250mg Capsule,Glimepiride,250mg,Capsule,Hikma Egypt,6224968778793,192.23
Epicort 1000mg Injection,Cetirizine,1000mg,Injection,Pfizer Egypt,6220341340304,147.22
Niletine 500mg Capsule,Empagliflozin,500mg,Capsule,Marcyrl,6228306522710,249.84
Sigformin 100mg Syrup,Ketoprofen,100mg,Syrup,GSK Egypt,6229094955247,34.69
Nilestatin 10mg Tablet,Loratadine,10mg,Tablet,GSK Egypt,6224742513886,61.0
Octacort 20mg Injection,Glimepiride,20mg,Injection,Hikma Egypt,6227027304964,115.45
Sigtine 400mg Syrup,Amoxicillin,400mg,Syrup,Novartis Egypt,6224048406790,70.91
Cidmol 850mg Syrup,Fexofenadine,850mg,Syrup,Rameda,6222579727445,105.19
Mupflox 5mg Injection,Ketoprofen,5mg,Injection,Amoun,6228989414647,229.01
Epizole 1000mg Injection,Ibuprofen,1000mg,Injection,Kahira,6223403517331,188.34
Alexpress 200mg Capsule,Ceftriaxone,200mg,Capsule,SEDICO,6223190672251,223.88
Amouncort 200mg Tablet,Betamethasone,200mg,Tablet,Memphis,6228543907684,95.08
Amounmol 200mg Tablet,Gliclazide,200mg,Tablet,Hikma Egypt,6227830618661,85.39
Ramzole 50mg Tablet,Dexamethasone,50mg,Tablet,Novartis Egypt,6226630617225,183.23
Pharcocillin 20mg Tablet,Empagliflozin,20mg,Tablet,Global Napi,6224659918064,29.31
Sigstatin 100mg Syrup,Pantoprazole,100mg,Syrup,Rameda,6225969524105,218.48
Nileformin 5mg Syrup,Pantoprazole,5mg,Syrup,EIPICO,6229412766999,150.35
Epipress 200mg Capsule,Sitagliptin,200mg,Capsule,Global Napi,6223208615638,15.4
Niletine 200mg Capsule,Levofloxacin,200mg,Capsule,Minapharm,6226995103982,94.51
Amounpress 850mg Syrup,Fexofenadine,850mg,Syrup,Minapharm,6229921925061,96.1
Ramformin 200mg Tablet,Ibuprofen,200mg,Tablet,Marcyrl,6229007073501,141.51
Amountine 1000mg Injection,Pregabalin,1000mg,Injection,Minapharm,6226278619247,74.3
Alexcort 50mg Injection,Glimepiride,50mg,Injection,Minapharm,6221404375264,239.33
Alexcillin 10mg Capsule,Metformin,10mg,Capsule,Memphis,6221303270721,136.76
Mupfen 1000mg Capsule,Fluoxetine,1000mg,Capsule,Marcyrl,6228505532442,23.39
Muppress 10mg Syrup,Azithromycin,10mg,Syrup,MUP,6228259348795,26.19
Ramcillin 50mg Injection,Mometasone,50mg,Injection,Sigma,6223583431915,149.52
Octazole 1000mg Syrup,Fexofenadine,1000mg,Syrup,Marcyrl,6222046700711,90.43
Nilepress 500mg Syrup,Azithromycin,500mg,Syrup,Global Napi,6228863480966,55.7
Pharcostatin 10mg Syrup,Loratadine,10mg,Syrup,Nile,6229329177666,169.22
Mupformin 50mg Capsule,Betamethasone,50mg,Capsule,Hikma Egypt,6223339628958,135.25
Ramzole 20mg Tablet,Atorvastatin,20mg,Tablet,Sanofi Egypt,6227966886347,241.92
Mupformin 1000mg Injection,Loratadine,1000mg,Injection,EVA Pharma,6228161895035,25.74
Sigzole 100mg Tablet,Diclofenac,100mg,Tablet,EIPICO,6229041165262,155.07
Amounflox 5mg Injection,Fexofenadine,5mg,Injection,Novartis Egypt,6226868894146,221.45
Alexcillin 10mg Capsule,Azithromycin,10mg,Capsule,Delta Pharma,6229583330296,192.78
Mupstatin 50mg Syrup,Hydrocortisone,50mg,Syrup,Sanofi Egypt,6221218925365,182.67
Alexfen 500mg Injection,Azithromycin,500mg,Injection,Pharco,6220805463136,154.01
Nilemol 1000mg Syrup,Desloratadine,1000mg,Syrup,Kahira,6226922976573,171.86
Mupcillin 10mg Syrup,Desloratadine,10mg,Syrup,GSK Egypt,6229557882813,54.03
Alextine 250mg Tablet,Betamethasone,250mg,Tablet,Sigma,6220348273919,231.26
Cidflox 850mg Syrup,Metformin,850mg,Syrup,CID,6221984001140,15.59
Amountine 5mg Capsule,Mometasone,5mg,Capsule,Pharco,6220312862583,53.7
Cidformin 20mg Tablet,Empagliflozin,20mg,Tablet,Amoun,6220542548837,95.52
Ramstatin 1000mg Capsule,Mometasone,1000mg,Capsule,Sigma,6228102150476,145.3
Nilecort 200mg Capsule,Levofloxacin,200mg,Capsule,Apex,6224419260303,104.28
Cidmol 400mg Syrup,Glimepiride,400mg,Syrup,GSK Egypt,6220609242517,60.01
Cidcort 10mg Capsule,Prednisolone,10mg,Capsule,Apex,6223046214796,190.51
Nilepress 250mg Injection,Ceftriaxone,250mg,Injection,Pfizer Egypt,6222409847169,105.54
Nilefen 1000mg Syrup,Levocetirizine,1000mg,Syrup,Nile,6226940032299,149.43
Ramfen 200mg Tablet,Ibuprofen,200mg,Tablet,Memphis,6224462434843,201.79
Sigcillin 20mg Injection,Amoxicillin,20mg,Injection,EVA Pharma,6229138417298,154.33
Nileflox 250mg Injection,Sertraline,250mg,Injection,Kahira,6224708982121,103.93
Alextine 200mg Syrup,Omeprazole,200mg,Syrup,Global Napi,6229311337658,136.94
Ramstatin 850mg Tablet,Fexofenadine,850mg,Tablet,Marcyrl,6228003780109,123.69
Amounflox 5mg Tablet,Azithromycin,5mg,Tablet,EVA Pharma,6228089349825,176.59
Alexpress 5mg Capsule,Esomeprazole,5mg,Capsule,Nile,6223154347027,223.16
Nilecort 100mg Injection,Paracetamol,100mg,Injection,Amoun,6224618183267,223.88
Octamol 20mg Tablet,Atorvastatin,20mg,Tablet,Minapharm,6223948670379,206.17
Alexpress 10mg Syrup,Dexamethasone,10mg,Syrup,Alexandria,6224953317761,216.44
Nilepress 500mg Syrup,Diclofenac,500mg,Syrup,Amoun,6223432463913,30.91
Cidtine 1000mg Syrup,Glimepiride,1000mg,Syrup,EIPICO,6223646155604,181.88
Ramstatin 400mg Injection,Levocetirizine,400mg,Injection,October Pharma,6224067318883,73.12
Sigfen 850mg Capsule,Omeprazole,850mg,Capsule,Delta Pharma,6225538117905,20.28
Octafen 5mg Capsule,Azithromycin,5mg,Capsule,Memphis,6225130327955,100.29
Octacort 50mg Tablet,Dexamethasone,50mg,Tablet,Delta Pharma,6221707071177,34.0
Cidmol 1000mg Tablet,Dexamethasone,1000mg,Tablet,Sigma,6227734316793,233.74
Pharcotine 50mg Tablet,Levocetirizine,50mg,Tablet,MUP,6223634920047,209.61
Octatine 20mg Capsule,Fexofenadine,20mg,Capsule,Global Napi,6229485064169,101.66
Cidfen 850mg Capsule,Sitagliptin,850mg,Capsule,Delta Pharma,6229683008446,248.12
Alexflox 20mg Syrup,Paracetamol,20mg,Syrup,Memphis,6221839758939,208.32
Nileflox 850mg Capsule,Ibuprofen,850mg,Capsule,Apex,6220441313338,118.23
Nilefen 250mg Tablet,Lansoprazole,250mg,Tablet,Amoun,6227153921639,202.29
Pharcoformin 50mg Tablet,Prednisolone,50mg,Tablet,Marcyrl,6227178490714,184.07
Alexformin 50mg Injection,Amoxicillin,50mg,Injection,Novartis Egypt,6229952647284,50.02
Epistatin 50mg Syrup,Hydrocortisone,50mg,Syrup,MUP,6223205028608,219.82
Cidfen 1000mg Injection,Diclofenac,1000mg,Injection,Alexandria,6228132448352,152.07
Mupcort 20mg Injection,Paracetamol,20mg,Injection,Nile,6223815303102,31.08
Pharcostatin 400mg Syrup,Metformin,400mg,Syrup,Kahira,6222682961859,32.51
Nilecillin 1000mg Injection,Gliclazide,1000mg,Injection,MUP,6228643269088,226.86
Alexfen 250mg Injection,Mometasone,250mg,Injection,Kahira,6229338214949,149.33
Sigmol 1000mg Capsule,Fexofenadine,1000mg,Capsule,Memphis,6220015615547,51.14
Niletine 50mg Capsule,Mometasone,50mg,Capsule,SEDICO,6226580955255,190.16
Rampress 500mg Syrup,Escitalopram,500mg,Syrup,EIPICO,6223582230083,164.56
Sigflox 200mg Tablet,Ciprofloxacin,200mg,Tablet,October Pharma,6229771285162,192.66
Amounmol 20mg Syrup,Valsartan,20mg,Syrup,Alexandria,6225555719182,172.93
Epimol 850mg Capsule,Meloxicam,850mg,Capsule,Nile,6223109912010,180.06
Amouncillin 20mg Capsule,Levofloxacin,20mg,Capsule,Novartis Egypt,6229334801334,211.91
Rampress 50mg Syrup,Pregabalin,50mg,Syrup,Nile,6220051165679,51.89
Sigpress 10mg Injection,Ciprofloxacin,10mg,Injection,Pharco,6220718929859,141.31
Octapress 5mg Injection,Gliclazide,5mg,Injection,Alexandria,6228988125056,186.63
Amounfen 5mg Injection,Ceftriaxone,5mg,Injection,Minapharm,6223881143770,41.94
Cidcillin 250mg Capsule,Desloratadine,250mg,Capsule,SEDICO,6221729125292,130.67
Sigformin 50mg Syrup,Metformin,50mg,Syrup,Sanofi Egypt,6228083617845,154.51
Octacillin 400mg Injection,Azithromycin,400mg,Injection,EVA Pharma,6227071473159,183.3
Octatine 1000mg Tablet,Ibuprofen,1000mg,Tablet,Delta Pharma,6221637210592,247.35
Cidmol 850mg Injection,Bisoprolol,850mg,Injection,GSK Egypt,6220575657513,124.32
Mupcillin 5mg Syrup,Lansoprazole,5mg,Syrup,Nile,6227562343664,135.69
Amounfen 5mg Injection,Esomeprazole,5mg,Injection,SEDICO,6223557929196,177.15
Alexpress 1000mg Syrup,Rabeprazole,1000mg,Syrup,Alexandria,6225710509528,27.6
Sigmol 500mg Capsule,Fexofenadine,500mg,Capsule,Marcyrl,6228428632267,168.62
Octaformin 5mg Syrup,Fexofenadine,5mg,Syrup,October Pharma,6225272334002,203.9
Rammol 400mg Syrup,Cetirizine,400mg,Syrup,Global Napi,6226833609799,234.06
Sigformin 10mg Tablet,Ibuprofen,10mg,Tablet,October Pharma,6220560218354,187.69
Sigmol 850mg Syrup,Ibuprofen,850mg,Syrup,CID,6221726517755,16.83
Nilezole 10mg Injection,Atorvastatin,10mg,Injection,EIPICO,6223429353500,230.88
Cidpress 50mg Tablet,Paracetamol,50mg,Tablet,Rameda,6221402818893,108.82
Amountine 250mg Syrup,Rabeprazole,250mg,Syrup,Apex,6223115337081,242.1
Epifen 50mg Tablet,Ketoprofen,50mg,Tablet,Kahira,6228840768612,111.1
Cidflox 250mg Injection,Ceftriaxone,250mg,Injection,Apex,6226154687803,30.43
Alexflox 20mg Capsule,Valsartan,20mg,Capsule,Minapharm,6222143894061,239.03
Ramfen 10mg Injection,Losartan,10mg,Injection,Apex,6224604736811,36.31
Sigflox 250mg Syrup,Hydrocortisone,250mg,Syrup,October Pharma,6222252794191,84.92
Mupfen 500mg Capsule,Loratadine,500mg,Capsule,Pharco,6227520445744,78.18
Pharcozole 50mg Injection,Azithromycin,50mg,Injection,Pfizer Egypt,6227686075182,223.77
Nileformin 850mg Syrup,Fluoxetine,850mg,Syrup,Nile,6228703790934,47.6
Amounpress 20mg Capsule,Hydrocortisone,20mg,Capsule,Pharco,6224510197690,94.92
Pharcoflox 1000mg Capsule,Mometasone,1000mg,Capsule,SEDICO,6226134030155,125.64
Octamol 100mg Injection,Bisoprolol,100mg,Injection,Sanofi Egypt,6221890234489,207.15
Ramfen 100mg Tablet,Mometasone,100mg,Tablet,Minapharm,6228986772719,163.57
Pharcoformin 400mg Capsule,Mometasone,400mg,Capsule,Hikma Egypt,6227657910573,138.8
Amouncort 400mg Capsule,Ceftriaxone,400mg,Capsule,Pharco,6229742485379,62.58
Sigpress 20mg Tablet,Azithromycin,20mg,Tablet,GSK Egypt,6222631581497,87.71
Pharcotine 1000mg Tablet,Sertraline,1000mg,Tablet,Alexandria,6224765501907,130.25
Amounzole 200mg Capsule,Sitagliptin,200mg,Capsule,Sanofi Egypt,6224818581337,89.44
Pharcozole 200mg Injection,Betamethasone,200mg,Injection,Rameda,6225180713067,47.03
Nilecort 5mg Tablet,Atorvastatin,5mg,Tablet,October Pharma,6220962240045,87.58
Octaflox 850mg Tablet,Desloratadine,850mg,Tablet,Alexandria,6224233640329,103.61
Mupstatin 400mg Tablet,Sitagliptin,400mg,Tablet,Nile,6223425687463,165.82
Mupcort 100mg Capsule,Sitagliptin,100mg,Capsule,Sigma,6224878843468,244.24
Nilecillin 1000mg Capsule,Levocetirizine,1000mg,Capsule,Marcyrl,6229643384344,245.95
Sigcillin 100mg Capsule,Desloratadine,100mg,Capsule,Novartis Egypt,6221894514846,64.37
Nilemol 200mg Syrup,Omeprazole,200mg,Syrup,Sanofi Egypt,6225766895361,27.96
Cidstatin 500mg Capsule,Glimepiride,500mg,Capsule,Nile,6222511885639,79.98
Epiformin 50mg Syrup,Ciprofloxacin,50mg,Syrup,Sanofi Egypt,6227696659587,214.51
Mupstatin 850mg Tablet,Azithromycin,850mg,Tablet,Alexandria,6222580255258,167.17
Octapress 500mg Capsule,Desloratadine,500mg,Capsule,Kahira,6223211706163,177.2
Alexcort 5mg Syrup,Fexofenadine,5mg,Syrup,Global Napi,6222613557281,96.3
Nilezole 400mg Injection,Loratadine,400mg,Injection,Minapharm,6224741808976,61.47
Ramtine 10mg Tablet,Amoxicillin,10mg,Tablet,Rameda,6220084263212,111.86
Ramcillin 10mg Syrup,Desloratadine,10mg,Syrup,October Pharma,6229730861376,195.13
Cidfen 850mg Capsule,Fluoxetine,850mg,Capsule,Sanofi Egypt,6222966913062,178.84
Mupzole 400mg Capsule,Cetirizine,400mg,Capsule,Apex,6223656123648,67.96
Epipress 500mg Capsule,Levofloxacin,500mg,Capsule,Alexandria,6228927495745,181.28
Sigzole 500mg Syrup,Glimepiride,500mg,Syrup,CID,6226703356297,15.03
Octaformin 20mg Syrup,Ibuprofen,20mg,Syrup,Memphis,6220834637324,121.75
Amounpress 10mg Tablet,Fluoxetine,10mg,Tablet,Memphis,6221775394123,249.21
Nilemol 850mg Injection,Lansoprazole,850mg,Injection,CID,6223358526174,243.91
Alexmol 400mg Injection,Betamethasone,400mg,Injection,Minapharm,6226619358378,93.35
Cidformin 1000mg Capsule,Lansoprazole,1000mg,Capsule,SEDICO,6221208728198,186.79
Alexflox 100mg Tablet,Pregabalin,100mg,Tablet,Alexandria,6220667090471,181.28
Pharcomol 5mg Injection,Mometasone,5mg,Injection,CID,6226114113137,232.69
Epitine 400mg Injection,Betamethasone,400mg,Injection,Pharco,6225485628226,233.26
Cidcillin 400mg Tablet,Amoxicillin,400mg,Tablet,Hikma Egypt,6227933168957,63.83
Alextine 100mg Injection,Ceftriaxone,100mg,Injection,Delta Pharma,6227363080713,68.21
Mupformin 1000mg Tablet,Ibuprofen,1000mg,Tablet,Delta Pharma,6228259685128,21.54
Pharcomol 200mg Tablet,Betamethasone,200mg,Tablet,CID,6227934408717,162.41
Epizole 200mg Syrup,Dexamethasone,200mg,Syrup,Kahira,6227361697050,35.57
Pharcostatin 1000mg Syrup,Cetirizine,1000mg,Syrup,Alexandria,6223010930615,234.85
Amounformin 5mg Capsule,Loratadine,5mg,Capsule,Delta Pharma,6223560249854,40.88
Rammol 850mg Syrup,Omeprazole,850mg,Syrup,CID,6225789856233,66.39
Pharcotine 10mg Syrup,Betamethasone,10mg,Syrup,GSK Egypt,6224954110187,15.43
Sigcort 200mg Capsule,Gliclazide,200mg,Capsule,Novartis Egypt,6222431906070,68.2
Pharcomol 250mg Tablet,Valsartan,250mg,Tablet,Marcyrl,6225129141272,150.01
Epiflox 10mg Capsule,Sitagliptin,10mg,Capsule,Nile,6220036446304,122.66
Ramzole 20mg Tablet,Amlodipine,20mg,Tablet,Novartis Egypt,6228836119978,109.89
Octacillin 250mg Syrup,Ciprofloxacin,250mg,Syrup,Sanofi Egypt,6222189273226,66.57
Octacort 200mg Capsule,Esomeprazole,200mg,Capsule,Pfizer Egypt,6225538920055,47.3
Pharcomol 400mg Capsule,Omeprazole,400mg,Capsule,CID,6221088156319,208.07
Mupcort 50mg Tablet,Hydrocortisone,50mg,Tablet,GSK Egypt,6226226689315,178.63
Amouncillin 250mg Injection,Betamethasone,250mg,Injection,Sanofi Egypt,6225609620006,133.08
Pharcofen 50mg Injection,Meloxicam,50mg,Injection,Rameda,6225035662298,108.41
Octaformin 250mg Injection,Valsartan,250mg,Injection,Delta Pharma,6227899084575,95.74
Sigstatin 100mg Tablet,Fluoxetine,100mg,Tablet,Sanofi Egypt,6221117906922,157.32
Amounfen 5mg Syrup,Empagliflozin,5mg,Syrup,GSK Egypt,6224306192328,216.73
Alexformin 200mg Syrup,Hydrocortisone,200mg,Syrup,Sanofi Egypt,6226018236062,96.33
Pharcocort 1000mg Syrup,Fexofenadine,1000mg,Syrup,Sanofi Egypt,6229212169235,145.36
Sigflox 20mg Tablet,Gabapentin,20mg,Tablet,Delta Pharma,6226208998824,216.33
Cidmol 1000mg Syrup,Bisoprolol,1000mg,Syrup,Delta Pharma,6223874702373,138.56
Alexformin 250mg Tablet,Betamethasone,250mg,Tablet,Marcyrl,6222973228241,172.87
Cidcort 20mg Syrup,Hydrocortisone,20mg,Syrup,GSK Egypt,6225058018812,204.15
Epistatin 50mg Injection,Omeprazole,50mg,Injection,GSK Egypt,6223144339483,158.07
Alexstatin 5mg Injection,Atorvastatin,5mg,Injection,Pharco,6225230297004,161.21
Octastatin 850mg Tablet,Sitagliptin,850mg,Tablet,Amoun,6225127612743,63.73
Pharcoflox 1000mg Capsule,Esomeprazole,1000mg,Capsule,Memphis,6227984490427,224.29
Ramcort 5mg Injection,Metformin,5mg,Injection,Nile,6224359270226,192.01
Rampress 200mg Injection,Glimepiride,200mg,Injection,EVA Pharma,6221125194335,139.96
Octaformin 500mg Syrup,Fexofenadine,500mg,Syrup,Rameda,6229355553144,41.32
Sigtine 850mg Injection,Glimepiride,850mg,Injection,CID,6228227724910,73.33
Alexformin 200mg Syrup,Gabapentin,200mg,Syrup,Memphis,6221852212302,33.12
Octaformin 10mg Syrup,Ciprofloxacin,10mg,Syrup,Sigma,6225010322056,105.62
Niletine 5mg Tablet,Metformin,5mg,Tablet,SEDICO,6220011233189,73.26
Epipress 250mg Capsule,Gliclazide,250mg,Capsule,Apex,6225918147096,31.51
Sigzole 50mg Tablet,Ciprofloxacin,50mg,Tablet,Pfizer Egypt,6222934567532,116.63
Sigcort 200mg Capsule,Empagliflozin,200mg,Capsule,Sigma,6223382699158,62.89
Pharcocillin 200mg Capsule,Cetirizine,200mg,Capsule,Minapharm,6226938335951,216.17
Epicort 1000mg Injection,Bisoprolol,1000mg,Injection,Nile,6223213228090,124.82
Octamol 400mg Injection,Pregabalin,400mg,Injection,Amoun,6222136799212,163.3
Epiflox 5mg Capsule,Pregabalin,5mg,Capsule,Delta Pharma,6226301056582,30.36
Ramflox 1000mg Capsule,Escitalopram,1000mg,Capsule,Pharco,6224142482553,86.73
Ramcort 250mg Tablet,Levocetirizine,250mg,Tablet,Amoun,6224625742341,137.4
Epicillin 50mg Injection,Amlodipine,50mg,Injection,Apex,6228954896997,248.22
Sigpress 250mg Tablet,Atorvastatin,250mg,Tablet,Amoun,6225011105061,118.07
Mupformin 400mg Capsule,Escitalopram,400mg,Capsule,Pfizer Egypt,6223140964252,194.01
Nileflox 1000mg Tablet,Rabeprazole,1000mg,Tablet,Nile,6226966200269,83.12
Epicort 850mg Injection,Bisoprolol,850mg,Injection,SEDICO,6228222161369,73.63
Cidcillin 400mg Tablet,Amoxicillin,400mg,Tablet,Sigma,6223456529091,232.16
Sigformin 1000mg Injection,Dexamethasone,1000mg,Injection,Kahira,6220563031493,218.41
Cidzole 250mg Capsule,Loratadine,250mg,Capsule,Minapharm,6224071376572,141.16
Epistatin 50mg Syrup,Valsartan,50mg,Syrup,Rameda,6220316203528,16.85
Cidstatin 400mg Capsule,Cetirizine,400mg,Capsule,EIPICO,6229411206601,235.51
Alexzole 5mg Capsule,Azithromycin,5mg,Capsule,MUP,6222650184396,16.47
Alexflox 500mg Syrup,Ceftriaxone,500mg,Syrup,EIPICO,6227637467370,211.7
Amounformin 500mg Capsule,Paracetamol,500mg,Capsule,CID,6224739693379,19.39
Epicort 850mg Syrup,Ciprofloxacin,850mg,Syrup,Kahira,6221281556015,181.19
Pharcomol 400mg Tablet,Lansoprazole,400mg,Tablet,Marcyrl,6220650981472,108.97
Nileformin 500mg Injection,Pantoprazole,500mg,Injection,EVA Pharma,6222036862320,39.86
Pharcocort 850mg Injection,Fexofenadine,850mg,Injection,Memphis,6228861851218,133.86
Cidfen 5mg Syrup,Lansoprazole,5mg,Syrup,Kahira,6220138521015,249.38
Alextine 250mg Tablet,Ibuprofen,250mg,Tablet,October Pharma,6220104103498,150.55
Niletine 200mg Syrup,Empagliflozin,200mg,Syrup,October Pharma,6226455888183,120.48
Ramformin 10mg Syrup,Amlodipine,10mg,Syrup,EIPICO,6229902579931,212.92
Mupcort 200mg Capsule,Azithromycin,200mg,Capsule,Apex,6221872255068,68.6
Amounzole 1000mg Tablet,Omeprazole,1000mg,Tablet,Global Napi,6225167028443,127.79
Amounfen 100mg Injection,Ceftriaxone,100mg,Injection,EVA Pharma,6228463053287,126.05
Cidstatin 1000mg Capsule,Lansoprazole,1000mg,Capsule,Apex,6221240795851,200.94
Epicillin 250mg Syrup,Azithromycin,250mg,Syrup,Alexandria,6228413780287,118.59
Epimol 10mg Capsule,Loratadine,10mg,Capsule,Pharco,6222492063170,212.37
Epistatin 10mg Capsule,Meloxicam,10mg,Capsule,CID,6226219066048,173.99
Alextine 100mg Injection,Ketoprofen,100mg,Injection,Sigma,6225686028313,192.68
Mupfen 1000mg Capsule,Betamethasone,1000mg,Capsule,Amoun,6220880030803,225.14
Alexcort 250mg Capsule,Valsartan,250mg,Capsule,Pfizer Egypt,6225415103380,42.66
Alexcillin 20mg Tablet,Escitalopram,20mg,Tablet,Novartis Egypt,6226856116465,169.43
Alexpress 100mg Capsule,Sertraline,100mg,Capsule,Nile,6228725449179,152.1
Alexstatin 20mg Injection,Prednisolone,20mg,Injection,EVA Pharma,6228690593327,165.27
Pharcotine 100mg Capsule,Gliclazide,100mg,Capsule,Hikma Egypt,6228615124728,111.92
Octatine 20mg Syrup,Pregabalin,20mg,Syrup,Rameda,6222917765023,222.91
Epistatin 850mg Injection,Lansoprazole,850mg,Injection,Hikma Egypt,6225065213750,199.61
Amouncillin 850mg Capsule,Loratadine,850mg,Capsule,Sanofi Egypt,6227502237855,110.08
Ramcillin 200mg Capsule,Gliclazide,200mg,Capsule,CID,6227748771809,229.98
Rampress 20mg Injection,Betamethasone,20mg,Injection,Sigma,6222636344226,93.88
Cidzole 1000mg Syrup,Bisoprolol,1000mg,Syrup,EIPICO,6228932468284,21.52
Amounzole 500mg Tablet,Losartan,500mg,Tablet,Alexandria,6224599391972,165.95
Amountine 1000mg Tablet,Betamethasone,1000mg,Tablet,GSK Egypt,6220025207718,47.57
Ramtine 1000mg Injection,Desloratadine,1000mg,Injection,SEDICO,6224547801867,147.18
Pharcopress 5mg Capsule,Bisoprolol,5mg,Capsule,Minapharm,6220444437550,179.99
Mupcillin 5mg Tablet,Ketoprofen,5mg,Tablet,Rameda,6228299149659,118.9
Nilecillin 250mg Injection,Amlodipine,250mg,Injection,GSK Egypt,6229387270071,137.79
Pharcoflox 500mg Tablet,Amoxicillin,500mg,Tablet,Global Napi,6220491159092,50.55
Ramfen 200mg Capsule,Amlodipine,200mg,Capsule,GSK Egypt,6221948510336,118.02
Mupflox 500mg Injection,Ibuprofen,500mg,Injection,Amoun,6228378855686,181.36
Mupcort 250mg Injection,Pregabalin,250mg,Injection,Sigma,6222731894800,213.04
Cidcillin 50mg Capsule,Gliclazide,50mg,Capsule,Nile,6224035393126,45.81
Amounmol 400mg Capsule,Valsartan,400mg,Capsule,Global Napi,6221929076370,19.56
Muptine 850mg Syrup,Atorvastatin,850mg,Syrup,CID,6223918257524,239.2
Nilezole 250mg Capsule,Azithromycin,250mg,Capsule,Marcyrl,6229603646864,249.4
Mupfen 20mg Tablet,Losartan,20mg,Tablet,MUP,6228853472223,202.39
Epimol 100mg Tablet,Fexofenadine,100mg,Tablet,EIPICO,6228163216807,218.62
Amounmol 200mg Syrup,Desloratadine,200mg,Syrup,October Pharma,6225724866242,21.52
Amounfen 1000mg Injection,Paracetamol,1000mg,Injection,Minapharm,6225474476425,43.19
Alexflox 1000mg Tablet,Azithromycin,1000mg,Tablet,Memphis,6221928019125,34.46
Nileformin 50mg Syrup,Omeprazole,50mg,Syrup,Hikma Egypt,6220542474372,74.3
Nilestatin 400mg Capsule,Lansoprazole,400mg,Capsule,Global Napi,6229490997537,135.48
Epizole 500mg Capsule,Rabeprazole,500mg,Capsule,Hikma Egypt,6225680036390,247.08
Alexzole 400mg Syrup,Loratadine,400mg,Syrup,Amoun,6229433128042,226.7
Epizole 850mg Capsule,Ketoprofen,850mg,Capsule,Marcyrl,6223690517762,147.13
Nilemol 200mg Syrup,Lansoprazole,200mg,Syrup,Marcyrl,6225437198975,34.67
Cidzole 5mg Capsule,Loratadine,5mg,Capsule,SEDICO,6226691807276,120.99
Sigflox 100mg Injection,Omeprazole,100mg,Injection,Pharco,6227566881711,194.26
Nilemol 10mg Syrup,Losartan,10mg,Syrup,Marcyrl,6227650379582,129.21
Alexzole 500mg Injection,Hydrocortisone,500mg,Injection,Delta Pharma,6228699307628,113.39
Nilemol 20mg Syrup,Azithromycin,20mg,Syrup,Nile,6222146911260,189.65
Pharcofen 400mg Capsule,Pregabalin,400mg,Capsule,Alexandria,6224110033091,106.04
Sigcort 850mg Injection,Pregabalin,850mg,Injection,EVA Pharma,6222595066351,43.47
Nileflox 50mg Injection,Hydrocortisone,50mg,Injection,MUP,6225176241703,18.67
Muptine 200mg Syrup,Meloxicam,200mg,Syrup,Rameda,6228717279609,150.68
Niletine 500mg Injection,Dexamethasone,500mg,Injection,Marcyrl,6227262090257,128.96
Niletine 10mg Injection,Glimepiride,10mg,Injection,Pharco,6220093017608,232.63
Sigfen 100mg Capsule,Lansoprazole,100mg,Capsule,CID,6226813433758,82.46
Alexflox 500mg Tablet,Atorvastatin,500mg,Tablet,Sigma,6227060416495,152.0
Epiformin 1000mg Capsule,Azithromycin,1000mg,Capsule,Pharco,6226820215347,146.62
Ramzole 10mg Syrup,Prednisolone,10mg,Syrup,Sigma,6229575183893,159.77
Pharcocillin 100mg Tablet,Fexofenadine,100mg,Tablet,Delta Pharma,6225394884591,49.06
Epifen 400mg Capsule,Pregabalin,400mg,Capsule,Sigma,6222469088922,156.78
Mupflox 100mg Injection,Betamethasone,100mg,Injection,Sanofi Egypt,6223112993327,189.62
Alexflox 50mg Capsule,Fluoxetine,50mg,Capsule,Pharco,6221647812458,146.26
Alexformin 200mg Syrup,Mometasone,200mg,Syrup,SEDICO,6220584730115,159.69
Rampress 250mg Capsule,Dexamethasone,250mg,Capsule,Marcyrl,6227935978745,53.06
Mupformin 500mg Tablet,Omeprazole,500mg,Tablet,Amoun,6222517504589,52.49
Ramstatin 50mg Injection,Hydrocortisone,50mg,Injection,Nile,6221435554706,175.41
Pharcocillin 500mg Syrup,Levocetirizine,500mg,Syrup,Alexandria,6222689108110,239.17
Muptine 1000mg Tablet,Rabeprazole,1000mg,Tablet,October Pharma,6227304918778,77.96
Alexpress 500mg Injection,Rabeprazole,500mg,Injection,October Pharma,6221205945765,55.4
Ramcort 850mg Tablet,Amoxicillin,850mg,Tablet,Rameda,6224090970911,76.12
Cidtine 50mg Tablet,Sertraline,50mg,Tablet,Apex,6222046938893,20.05
Sigformin 20mg Syrup,Ciprofloxacin,20mg,Syrup,EVA Pharma,6227341306699,242.91
Epiflox 500mg Syrup,Levofloxacin,500mg,Syrup,Pfizer Egypt,6223177687926,91.02
Alexcillin 100mg Injection,Metformin,100mg,Injection,Sanofi Egypt,6226337380620,239.6
Pharcopress 200mg Injection,Losartan,200mg,Injection,Memphis,6221817579853,182.9
Octaflox 100mg Capsule,Ceftriaxone,100mg,Capsule,Hikma Egypt,6229175895172,134.29
Sigfen 200mg Injection,Ibuprofen,200mg,Injection,Alexandria,6228087441354,29.58
Pharcozole 850mg Capsule,Empagliflozin,850mg,Capsule,CID,6220312948133,237.79
Cidcillin 5mg Capsule,Desloratadine,5mg,Capsule,Rameda,6223867275273,126.21
Cidzole 20mg Tablet,Sitagliptin,20mg,Tablet,Global Napi,6220309090982,185.05
Amountine 10mg Capsule,Azithromycin,10mg,Capsule,MUP,6226539860821,57.17
Ramformin 20mg Syrup,Pregabalin,20mg,Syrup,Pfizer Egypt,6227242577365,249.71
Amounstatin 200mg Syrup,Pantoprazole,200mg,Syrup,October Pharma,6227464196368,227.34
Nilezole 400mg Syrup,Levofloxacin,400mg,Syrup,Minapharm,6225893917240,198.9
Nilecillin 200mg Capsule,Paracetamol,200mg,Capsule,Novartis Egypt,6227334951103,35.71
Ramflox 500mg Syrup,Paracetamol,500mg,Syrup,SEDICO,6224489452387,73.0
Epistatin 100mg Injection,Gliclazide,100mg,Injection,GSK Egypt,6225204669479,117.9
Sigstatin 5mg Syrup,Lansoprazole,5mg,Syrup,Sanofi Egypt,6228550777584,115.12
Sigstatin 5mg Injection,Levocetirizine,5mg,Injection,Kahira,6227525921939,57.18
Epiformin 500mg Capsule,Diclofenac,500mg,Capsule,Alexandria,6227525511833,226.8
Cidcillin 500mg Injection,Loratadine,500mg,Injection,EVA Pharma,6226365134882,108.29
Sigzole 10mg Tablet,Mometasone,10mg,Tablet,Pfizer Egypt,6222685304288,142.22
Alexcort 250mg Injection,Bisoprolol,250mg,Injection,Delta Pharma,6222567366656,47.86
Octamol 100mg Tablet,Losartan,100mg,Tablet,Apex,6220120970890,124.02
Alexflox 20mg Injection,Fluoxetine,20mg,Injection,Novartis Egypt,6222601464478,199.25
Cidflox 400mg Injection,Gabapentin,400mg,Injection,GSK Egypt,6224614179882,180.52
Alexpress 250mg Syrup,Amoxicillin,250mg,Syrup,Pharco,6225748676100,76.91
Octastatin 50mg Syrup,Dexamethasone,50mg,Syrup,MUP,6221223564429,243.63
Nilecort 1000mg Syrup,Desloratadine,1000mg,Syrup,Novartis Egypt,6226117824191,99.23
Amounpress 200mg Syrup,Gabapentin,200mg,Syrup,GSK Egypt,6229326247218,152.5
Alexformin 500mg Tablet,Betamethasone,500mg,Tablet,Marcyrl,6227959960207,220.34
Ramzole 100mg Syrup,Amlodipine,100mg,Syrup,October Pharma,6221136691427,18.02
Alexpress 20mg Syrup,Levocetirizine,20mg,Syrup,Global Napi,6226901277868,36.05
Ramflox 10mg Tablet,Pantoprazole,10mg,Tablet,Kahira,6227463696616,211.96
Mupcillin 10mg Tablet,Amlodipine,10mg,Tablet,CID,6224433868325,222.76
Sigfen 400mg Capsule,Atorvastatin,400mg,Capsule,SEDICO,6228760418758,110.8
Sigstatin 200mg Capsule,Azithromycin,200mg,Capsule,EVA Pharma,6221533934288,155.63
Amounzole 200mg Tablet,Amlodipine,200mg,Tablet,CID,6229251455344,30.68
Ramtine 200mg Capsule,Losartan,200mg,Capsule,Global Napi,6227435421406,121.23
Pharcopress 5mg Capsule,Amlodipine,5mg,Capsule,SEDICO,6223700013505,35.11
Sigtine 10mg Tablet,Escitalopram,10mg,Tablet,Alexandria,6226739089244,109.59
Amounflox 20mg Syrup,Pantoprazole,20mg,Syrup,Pharco,6229329837195,69.73
Octacort 200mg Tablet,Ibuprofen,200mg,Tablet,Nile,6223351215679,249.97
Pharcotine 250mg Tablet,Fluoxetine,250mg,Tablet,Hikma Egypt,6222971663440,121.23
Pharcozole 5mg Injection,Levocetirizine,5mg,Injection,MUP,6220164010286,147.63
Epizole 850mg Tablet,Metformin,850mg,Tablet,Minapharm,6224211231938,107.94
Alexpress 50mg Tablet,Gabapentin,50mg,Tablet,Pfizer Egypt,6222932159937,147.61
Sigformin 50mg Tablet,Dexamethasone,50mg,Tablet,EIPICO,6225247045629,187.03
Octatine 850mg Tablet,Betamethasone,850mg,Tablet,GSK Egypt,6224420194048,216.78
Epimol 400mg Syrup,Sitagliptin,400mg,Syrup,Delta Pharma,6228202685731,242.99
Amountine 850mg Tablet,Ibuprofen,850mg,Tablet,Amoun,6222729940168,247.08
Amounmol 20mg Syrup,Losartan,20mg,Syrup,Sigma,6224657939399,36.31
Amounflox 400mg Capsule,Gabapentin,400mg,Capsule,Marcyrl,6221600854921,153.98
Octapress 250mg Tablet,Mometasone,250mg,Tablet,Delta Pharma,6226380166356,142.91
Nileformin 850mg Capsule,Lansoprazole,850mg,Capsule,Delta Pharma,6223395474346,44.05
Cidpress 20mg Tablet,Ketoprofen,20mg,Tablet,Minapharm,6223237930078,23.39
Mupmol 20mg Tablet,Ketoprofen,20mg,Tablet,MUP,6229036075217,225.52
Pharcozole 850mg Injection,Levocetirizine,850mg,Injection,Sanofi Egypt,6226611008653,183.41
Amounzole 100mg Injection,Losartan,100mg,Injection,EVA Pharma,6220332706928,181.44
Ramformin 500mg Capsule,Escitalopram,500mg,Capsule,Sigma,6223916395808,177.58
Pharcoflox 850mg Capsule,Valsartan,850mg,Capsule,EIPICO,6229044469374,137.27
Sigtine 1000mg Capsule,Betamethasone,1000mg,Capsule,Nile,6228965157629,73.19
Amounpress 250mg Injection,Ceftriaxone,250mg,Injection,SEDICO,6226641406696,149.67
Amounzole 500mg Syrup,Ciprofloxacin,500mg,Syrup,Nile,6221542627096,167.85
Ramzole 100mg Injection,Omeprazole,100mg,Injection,Sanofi Egypt,6224555962086,243.13
Cidcort 5mg Capsule,Diclofenac,5mg,Capsule,Rameda,6224066855198,138.35
Pharcoflox 200mg Tablet,Levocetirizine,200mg,Tablet,Apex,6225505511361,208.19
Pharcoformin 500mg Injection,Metformin,500mg,Injection,Global Napi,6223835049127,135.39
Mupstatin 850mg Syrup,Empagliflozin,850mg,Syrup,SEDICO,6225675726893,70.94
Pharcomol 400mg Injection,Azithromycin,400mg,Injection,Global Napi,6223275237085,132.71
Nilestatin 50mg Injection,Ciprofloxacin,50mg,Injection,MUP,6221830351726,138.79
Octapress 850mg Capsule,Valsartan,850mg,Capsule,Nile,6229751063292,101.57
Ramstatin 1000mg Capsule,Betamethasone,1000mg,Capsule,Pfizer Egypt,6225682214161,223.47
Mupstatin 200mg Syrup,Empagliflozin,200mg,Syrup,Marcyrl,6221985083138,106.46
Epicort 50mg Syrup,Ibuprofen,50mg,Syrup,Marcyrl,6224674340444,102.19
Muppress 10mg Tablet,Loratadine,10mg,Tablet,CID,6221300534147,56.18
Pharcoformin 5mg Tablet,Cetirizine,5mg,Tablet,Sigma,6223989034970,100.71
Cidformin 10mg Capsule,Betamethasone,10mg,Capsule,Sigma,6223537308102,29.98
Amounpress 850mg Capsule,Cetirizine,850mg,Capsule,CID,6229352397888,170.59
Pharcocillin 1000mg Injection,Valsartan,1000mg,Injection,EIPICO,6226339239124,155.25
Epiflox 500mg Tablet,Ceftriaxone,500mg,Tablet,Rameda,6228901746276,138.52
Alexmol 10mg Capsule,Amlodipine,10mg,Capsule,Nile,6224906251302,55.3
Rammol 400mg Injection,Gabapentin,400mg,Injection,Memphis,6229059258918,220.4
Alexformin 200mg Injection,Losartan,200mg,Injection,Nile,6222581865012,236.85
Cidformin 5mg Tablet,Hydrocortisone,5mg,Tablet,Pharco,6222021522932,96.65
Epizole 10mg Tablet,Mometasone,10mg,Tablet,Pfizer Egypt,6225236875763,36.38
Amounfen 1000mg Capsule,Hydrocortisone,1000mg,Capsule,Marcyrl,6226798013051,45.56
Epimol 20mg Capsule,Prednisolone,20mg,Capsule,Hikma Egypt,6223154010044,54.06
Epiflox 200mg Syrup,Azithromycin,200mg,Syrup,Rameda,6228667376205,117.29
Pharcofen 1000mg Tablet,Betamethasone,1000mg,Tablet,Marcyrl,6222383761482,84.98
Mupcort 10mg Capsule,Losartan,10mg,Capsule,Amoun,6228003234138,74.75
Epifen 850mg Tablet,Ceftriaxone,850mg,Tablet,Pharco,6223664528305,91.27
Octacort 200mg Injection,Prednisolone,200mg,Injection,EVA Pharma,6228704394308,31.98
Alexstatin 10mg Injection,Ceftriaxone,10mg,Injection,EIPICO,6226638941384,202.07
Epiformin 250mg Capsule,Losartan,250mg,Capsule,CID,6226205660359,144.46
Ramcort 1000mg Tablet,Amlodipine,1000mg,Tablet,CID,6226224112570,55.51
Cidcort 5mg Capsule,Cetirizine,5mg,Capsule,Nile,6226364090363,132.52
Mupcort 50mg Syrup,Betamethasone,50mg,Syrup,GSK Egypt,6228967873930,189.7
Muptine 10mg Syrup,Ciprofloxacin,10mg,Syrup,October Pharma,6222111249688,46.67
Octacillin 1000mg Syrup,Levofloxacin,1000mg,Syrup,October Pharma,6227981299870,84.13
Alexzole 1000mg Tablet,Sertraline,1000mg,Tablet,Delta Pharma,6228213623821,218.42
Sigformin 100mg Syrup,Amoxicillin,100mg,Syrup,Memphis,6224258129113,234.16
Cidpress 20mg Tablet,Pregabalin,20mg,Tablet,Pharco,6226308656914,178.71
Epimol 850mg Capsule,Omeprazole,850mg,Capsule,Marcyrl,6229344407168,98.64
Amounfen 400mg Tablet,Metformin,400mg,Tablet,Alexandria,6229157567547,231.56
Octaformin 400mg Capsule,Rabeprazole,400mg,Capsule,Novartis Egypt,6221388927626,155.68
Alexflox 200mg Tablet,Metformin,200mg,Tablet,Kahira,6226412630190,240.91
Amouncillin 250mg Capsule,Meloxicam,250mg,Capsule,Memphis,6227065140395,172.06
Cidformin 100mg Syrup,Desloratadine,100mg,Syrup,CID,6221451809880,139.73
Mupcillin 50mg Tablet,Amoxicillin,50mg,Tablet,Apex,6220545113773,133.03
Cidcort 5mg Syrup,Levocetirizine,5mg,Syrup,Sanofi Egypt,6225209625876,196.32
Rammol 5mg Injection,Metformin,5mg,Injection,Sanofi Egypt,6225589760983,115.65
Nilecillin 250mg Tablet,Cetirizine,250mg,Tablet,Pharco,6225648258956,217.12
Amouncillin 400mg Syrup,Levocetirizine,400mg,Syrup,Marcyrl,6222815852924,22.72
Epifen 500mg Tablet,Glimepiride,500mg,Tablet,CID,6220551055685,161.88
Pharcomol 200mg Capsule,Hydrocortisone,200mg,Capsule,MUP,6221635039096,146.28
Pharcoflox 10mg Tablet,Mometasone,10mg,Tablet,EVA Pharma,6229783187195,77.94
Nilestatin 10mg Capsule,Empagliflozin,10mg,Capsule,MUP,6224218280939,195.48
Ramzole 1000mg Tablet,Amlodipine,1000mg,Tablet,Novartis Egypt,6224169093893,74.32
Cidpress 200mg Capsule,Ketoprofen,200mg,Capsule,GSK Egypt,6221533124559,111.17
Nilecort 100mg Tablet,Atorvastatin,100mg,Tablet,Minapharm,6228035880143,200.94
Nilestatin 10mg Capsule,Diclofenac,10mg,Capsule,Minapharm,6220064215293,172.02
Niletine 250mg Capsule,Losartan,250mg,Capsule,Rameda,6227415062209,37.12
Cidpress 50mg Tablet,Rabeprazole,50mg,Tablet,Sanofi Egypt,6223610955667,196.24
Alexmol 400mg Syrup,Rabeprazole,400mg,Syrup,Amoun,6221758961021,126.39
Amounformin 250mg Capsule,Valsartan,250mg,Capsule,EIPICO,6223544756538,98.69
Nilezole 850mg Injection,Ibuprofen,850mg,Injection,Pharco,6220553714016,120.86
Amouncort 1000mg Injection,Valsartan,1000mg,Injection,Sigma,6221125110847,196.6
Alexformin 250mg Syrup,Sertraline,250mg,Syrup,MUP,6220362239724,195.01
Nilepress 5mg Syrup,Meloxicam,5mg,Syrup,Minapharm,6226810358221,45.97
Mupstatin 500mg Tablet,Rabeprazole,500mg,Tablet,Pharco,6226532390790,235.57
Rammol 850mg Syrup,Levocetirizine,850mg,Syrup,October Pharma,6225789945661,25.58
Sigmol 100mg Injection,Sertraline,100mg,Injection,CID,6224302964547,213.67
Sigmol 20mg Injection,Empagliflozin,20mg,Injection,EIPICO,6222911113431,90.75
Rampress 250mg Syrup,Diclofenac,250mg,Syrup,CID,6222008799807,148.58
Cidfen 100mg Syrup,Valsartan,100mg,Syrup,SEDICO,6229263112204,99.82
Sigcort 850mg Tablet,Metformin,850mg,Tablet,Amoun,6224084777670,49.9
Octaflox 200mg Syrup,Prednisolone,200mg,Syrup,Rameda,6226151284715,190.87
Mupfen 50mg Injection,Ciprofloxacin,50mg,Injection,Kahira,6222051880088,53.19
Nilefen 250mg Syrup,Fexofenadine,250mg,Syrup,EIPICO,6224944279290,42.61
Pharcotine 400mg Syrup,Fexofenadine,400mg,Syrup,Alexandria,6220470648128,40.41
Octapress 10mg Capsule,Levocetirizine,10mg,Capsule,EIPICO,6223439311026,247.12
Alexzole 200mg Capsule,Hydrocortisone,200mg,Capsule,Kahira,6225547352427,117.08
Epifen 100mg Tablet,Ciprofloxacin,100mg,Tablet,Alexandria,6224279794307,237.2
Alexpress 200mg Tablet,Gabapentin,200mg,Tablet,Sanofi Egypt,6227341042016,240.16
Nilecillin 1000mg Syrup,Gliclazide,1000mg,Syrup,Delta Pharma,6222068088439,198.43
Amouncillin 250mg Injection,Mometasone,250mg,Injection,Minapharm,6228745274300,59.52
Sigtine 10mg Tablet,Amoxicillin,10mg,Tablet,Novartis Egypt,6222402583491,126.34
Amouncort 5mg Syrup,Ciprofloxacin,5mg,Syrup,Apex,6228594762560,111.38
Muppress 250mg Tablet,Ibuprofen,250mg,Tablet,Nile,6220558530345,224.12
Pharcomol 20mg Tablet,Diclofenac,20mg,Tablet,EVA Pharma,6224509536332,63.93
Nilestatin 500mg Injection,Atorvastatin,500mg,Injection,Alexandria,6229690882794,168.85
Niletine 500mg Syrup,Paracetamol,500mg,Syrup,Novartis Egypt,6228465656134,244.67
Sigzole 1000mg Injection,Loratadine,1000mg,Injection,Kahira,6225303485390,225.67
Cidstatin 20mg Injection,Omeprazole,20mg,Injection,Pharco,6222002931753,170.67
Amounmol 250mg Injection,Fexofenadine,250mg,Injection,Minapharm,6225586461012,239.9
Epifen 850mg Injection,Mometasone,850mg,Injection,Memphis,6223655532762,91.17
Epitine 250mg Capsule,Ciprofloxacin,250mg,Capsule,Delta Pharma,6225252181114,88.62
Nilestatin 50mg Injection,Rabeprazole,50mg,Injection,Hikma Egypt,6223932351413,62.93
Niletine 500mg Tablet,Rabeprazole,500mg,Tablet,Pharco,6223284628102,21.49
Cidformin 400mg Capsule,Hydrocortisone,400mg,Capsule,Rameda,6228569837378,24.95
Pharcoflox 100mg Capsule,Betamethasone,100mg,Capsule,Kahira,6224469412240,224.75
Pharcofen 1000mg Injection,Rabeprazole,1000mg,Injection,Pfizer Egypt,6229603484343,130.3
Mupfen 250mg Capsule,Levocetirizine,250mg,Capsule,Memphis,6223474170572,245.13
Alexmol 10mg Capsule,Sitagliptin,10mg,Capsule,MUP,6222954256454,132.68
Alexmol 5mg Injection,Dexamethasone,5mg,Injection,EVA Pharma,6228485478501,225.89
Niletine 500mg Syrup,Omeprazole,500mg,Syrup,GSK Egypt,6227568438760,224.35
Alexstatin 250mg Syrup,Ceftriaxone,250mg,Syrup,Pfizer Egypt,6227504673668,74.29
Octapress 1000mg Tablet,Levocetirizine,1000mg,Tablet,Sigma,6225133230542,90.23
Mupmol 200mg Capsule,Pregabalin,200mg,Capsule,Kahira,6227673604371,106.37
Pharcocillin 100mg Tablet,Diclofenac,100mg,Tablet,Apex,6229809120434,172.17
Nileflox 1000mg Capsule,Atorvastatin,1000mg,Capsule,Minapharm,6222514012544,143.26
Octastatin 400mg Syrup,Cetirizine,400mg,Syrup,CID,6229441992239,24.36
Alexcort 50mg Syrup,Omeprazole,50mg,Syrup,Delta Pharma,6221571994220,58.88
Mupformin 100mg Injection,Ciprofloxacin,100mg,Injection,Amoun,6221094724267,169.57
Alexcort 10mg Syrup,Loratadine,10mg,Syrup,Apex,6229417283132,112.97
Cidfen 100mg Capsule,Hydrocortisone,100mg,Capsule,CID,6229867747642,63.73
Sigformin 850mg Injection,Fexofenadine,850mg,Injection,Rameda,6222793660276,52.71
Nilepress 250mg Tablet,Gabapentin,250mg,Tablet,Memphis,6224017579449,132.0
Muptine 1000mg Syrup,Levocetirizine,1000mg,Syrup,Hikma Egypt,6229465619396,20.14
Sigfen 20mg Injection,Paracetamol,20mg,Injection,EIPICO,6224899420952,29.49
Nileformin 250mg Tablet,Dexamethasone,250mg,Tablet,Memphis,6221738242102,93.0
Rampress 50mg Injection,Lansoprazole,50mg,Injection,MUP,6228311026166,18.49
Octacillin 1000mg Tablet,Cetirizine,1000mg,Tablet,GSK Egypt,6222073040385,202.82
Sigcort 20mg Injection,Losartan,20mg,Injection,Kahira,6229572949898,218.86
Mupmol 400mg Tablet,Mometasone,400mg,Tablet,Sigma,6221311739043,128.9
Alexfen 50mg Tablet,Levocetirizine,50mg,Tablet,EVA Pharma,6227132508011,232.49
Epistatin 400mg Capsule,Gabapentin,400mg,Capsule,Marcyrl,6227047258957,162.59
Alexflox 400mg Capsule,Amlodipine,400mg,Capsule,EVA Pharma,6220668331504,125.08
Alexformin 400mg Tablet,Gliclazide,400mg,Tablet,Novartis Egypt,6221532185353,141.9
Sigfen 100mg Capsule,Prednisolone,100mg,Capsule,Global Napi,6222659151504,134.16
Sigflox 850mg Injection,Desloratadine,850mg,Injection,October Pharma,6225576883862,84.59
Amouncort 5mg Injection,Cetirizine,5mg,Injection,Amoun,6222516769101,76.45
Pharcomol 200mg Capsule,Mometasone,200mg,Capsule,Sanofi Egypt,6220403430882,249.27
Octaformin 5mg Capsule,Ibuprofen,5mg,Capsule,Nile,6229135666019,153.99
Amounflox 5mg Injection,Sertraline,5mg,Injection,Amoun,6227473317990,202.32
Cidstatin 200mg Injection,Glimepiride,200mg,Injection,Pfizer Egypt,6220735432332,143.82
Nileformin 200mg Injection,Bisoprolol,200mg,Injection,Marcyrl,6228278752573,43.1
Ramzole 100mg Syrup,Azithromycin,100mg,Syrup,SEDICO,6228058936087,140.95
Epicillin 10mg Syrup,Ceftriaxone,10mg,Syrup,Nile,6229928540144,212.57
Ramflox 1000mg Injection,Azithromycin,1000mg,Injection,EIPICO,6225412204622,240.44
Octastatin 20mg Tablet,Fluoxetine,20mg,Tablet,Apex,6228274038930,161.77
Sigcillin 5mg Capsule,Dexamethasone,5mg,Capsule,Delta Pharma,6226015898348,119.42
Epicillin 500mg Capsule,Ciprofloxacin,500mg,Capsule,EIPICO,6221251254262,42.3
Alexpress 100mg Syrup,Prednisolone,100mg,Syrup,MUP,6228320040948,207.38
Epicillin 5mg Syrup,Fluoxetine,5mg,Syrup,Sanofi Egypt,6225727191877,21.05
Amounzole 20mg Syrup,Azithromycin,20mg,Syrup,Nile,6221318148381,42.63
Alexpress 250mg Syrup,Rabeprazole,250mg,Syrup,EIPICO,6227436286073,173.48
Ramzole 10mg Syrup,Meloxicam,10mg,Syrup,Marcyrl,6223870247465,199.75
Cidzole 20mg Syrup,Levocetirizine,20mg,Syrup,Sigma,6228905980379,85.63
Pharcocort 20mg Syrup,Omeprazole,20mg,Syrup,Alexandria,6228968005187,65.91
Alexpress 20mg Tablet,Betamethasone,20mg,Tablet,Hikma Egypt,6220209005437,194.04
Nilecillin 850mg Capsule,Hydrocortisone,850mg,Capsule,Pharco,6220752333841,210.17
Alexcort 20mg Syrup,Diclofenac,20mg,Syrup,Alexandria,6227101321849,208.42
Octacillin 20mg Tablet,Lansoprazole,20mg,Tablet,Rameda,6223118393466,101.13
Pharcoflox 1000mg Capsule,Escitalopram,1000mg,Capsule,October Pharma,6223315906575,137.7
Ramflox 10mg Capsule,Diclofenac,10mg,Capsule,Apex,6229239730128,103.73
Octafen 50mg Syrup,Azithromycin,50mg,Syrup,Amoun,6224155566752,49.35
Octatine 850mg Capsule,Pantoprazole,850mg,Capsule,Novartis Egypt,6222269206540,117.66
Nilefen 400mg Tablet,Losartan,400mg,Tablet,Rameda,6220691348333,45.92
Octacillin 100mg Tablet,Pantoprazole,100mg,Tablet,Marcyrl,6224294658912,45.15
Pharcopress 400mg Injection,Pantoprazole,400mg,Injection,Rameda,6221717842637,193.68
Niletine 50mg Tablet,Hydrocortisone,50mg,Tablet,Hikma Egypt,6221465297444,113.01
Mupmol 200mg Capsule,Lansoprazole,200mg,Capsule,Apex,6226703719009,163.78
Rammol 10mg Capsule,Loratadine,10mg,Capsule,Memphis,6225454978758,122.44
Nilecort 5mg Syrup,Omeprazole,5mg,Syrup,Pharco,6227933185985,131.82
Nilestatin 400mg Injection,Pantoprazole,400mg,Injection,MUP,6221660567816,150.17
Alexcort 20mg Tablet,Rabeprazole,20mg,Tablet,GSK Egypt,6226153230352,164.81
Cidstatin 20mg Capsule,Fluoxetine,20mg,Capsule,Novartis Egypt,6223187751167,90.73
Niletine 1000mg Tablet,Levocetirizine,1000mg,Tablet,Memphis,6224280942520,39.6
Nilecort 200mg Syrup,Esomeprazole,200mg,Syrup,Hikma Egypt,6227830295152,48.17
Nilezole 1000mg Tablet,Fexofenadine,1000mg,Tablet,CID,6224410392591,147.91
Mupcort 1000mg Syrup,Valsartan,1000mg,Syrup,Nile,6220136456432,190.26
Sigstatin 20mg Tablet,Losartan,20mg,Tablet,Global Napi,6227176259771,89.91
Octamol 850mg Capsule,Valsartan,850mg,Capsule,Sanofi Egypt,6220278089055,198.76
Amounpress 1000mg Tablet,Rabeprazole,1000mg,Tablet,Pfizer Egypt,6222669692011,190.57
Octapress 50mg Capsule,Betamethasone,50mg,Capsule,Kahira,6222134828136,132.23
Mupflox 850mg Injection,Rabeprazole,850mg,Injection,Global Napi,6225143427215,205.17
Alexflox 5mg Capsule,Amoxicillin,5mg,Capsule,Global Napi,6225700219901,65.79
Sigcort 400mg Syrup,Ketoprofen,400mg,Syrup,CID,6221449364834,239.35
Epitine 500mg Tablet,Diclofenac,500mg,Tablet,Amoun,6223073754937,249.43
Nilecillin 400mg Syrup,Meloxicam,400mg,Syrup,Kahira,6227372395730,135.72
Mupmol 850mg Tablet,Gabapentin,850mg,Tablet,Pfizer Egypt,6220969749091,218.19
Amounpress 1000mg Capsule,Sitagliptin,1000mg,Capsule,Delta Pharma,6220743591823,181.04
Pharcocillin 400mg Capsule,Losartan,400mg,Capsule,Sanofi Egypt,6224306724093,132.85
Cidcillin 1000mg Syrup,Meloxicam,1000mg,Syrup,Pfizer Egypt,6226687218147,149.5
Amounpress 250mg Syrup,Ceftriaxone,250mg,Syrup,Sigma,6224078761135,124.48
Octapress 50mg Capsule,Omeprazole,50mg,Capsule,SEDICO,6226695955577,223.98
Cidflox 50mg Tablet,Pantoprazole,50mg,Tablet,Rameda,6227898132017,248.44
Alexcillin 250mg Capsule,Ciprofloxacin,250mg,Capsule,Pharco,6220532560160,144.35
Amounstatin 100mg Tablet,Sertraline,100mg,Tablet,Amoun,6224457460888,24.62
Pharcotine 10mg Tablet,Dexamethasone,10mg,Tablet,Memphis,6220920222939,116.08
Ramtine 850mg Tablet,Gabapentin,850mg,Tablet,Global Napi,6220439684914,153.81
Sigpress 250mg Injection,Lansoprazole,250mg,Injection,Alexandria,6226363809447,210.78
Epicillin 20mg Syrup,Sertraline,20mg,Syrup,SEDICO,6223168712644,40.65
Epitine 50mg Syrup,Fluoxetine,50mg,Syrup,MUP,6225760677826,101.16
Alexformin 250mg Syrup,Lansoprazole,250mg,Syrup,Novartis Egypt,6221545609372,202.89
Octatine 5mg Tablet,Pantoprazole,5mg,Tablet,Minapharm,6228402137702,212.31
Amountine 20mg Injection,Sertraline,20mg,Injection,GSK Egypt,6228760585382,214.85
Sigmol 10mg Tablet,Sertraline,10mg,Tablet,Novartis Egypt,6223586393777,149.2
Ramtine 400mg Injection,Dexamethasone,400mg,Injection,GSK Egypt,6229921422331,170.52
Nilecillin 10mg Syrup,Pantoprazole,10mg,Syrup,Nile,6229301754779,66.04
Epicort 20mg Capsule,Diclofenac,20mg,Capsule,EIPICO,6221479367522,50.1
Mupstatin 850mg Syrup,Paracetamol,850mg,Syrup,EIPICO,6227724752822,168.99
Alexcort 400mg Capsule,Amoxicillin,400mg,Capsule,Hikma Egypt,6228913184493,130.42
Sigcillin 200mg Tablet,Hydrocortisone,200mg,Tablet,SEDICO,6226600948618,33.23
Pharcotine 50mg Tablet,Fluoxetine,50mg,Tablet,SEDICO,6220152519494,185.19
Sigcillin 20mg Tablet,Pregabalin,20mg,Tablet,Global Napi,6225062106369,146.45
Cidmol 250mg Injection,Ibuprofen,250mg,Injection,GSK Egypt,6224398619543,240.82
Octamol 50mg Capsule,Loratadine,50mg,Capsule,Sigma,6221830941088,69.38
Amounflox 10mg Capsule,Pregabalin,10mg,Capsule,Global Napi,6224764644261,212.78
Pharcocort 20mg Injection,Ceftriaxone,20mg,Injection,CID,6222304125935,28.03
Mupflox 5mg Capsule,Lansoprazole,5mg,Capsule,EIPICO,6221085148553,183.87
Mupcort 250mg Tablet,Rabeprazole,250mg,Tablet,EIPICO,6227656841205,73.63
Pharcopress 5mg Syrup,Ceftriaxone,5mg,Syrup,Rameda,6228061608001,222.82
Octaformin 10mg Tablet,Levocetirizine,10mg,Tablet,MUP,6228579903506,93.99
Nileformin 10mg Syrup,Prednisolone,10mg,Syrup,GSK Egypt,6221048882739,204.02
Nilecillin 20mg Capsule,Levofloxacin,20mg,Capsule,Alexandria,6220640903552,188.11
Pharcofen 500mg Capsule,Azithromycin,500mg,Capsule,Rameda,6227076305134,205.77
Amounformin 850mg Tablet,Omeprazole,850mg,Tablet,EVA Pharma,6226887308822,150.48
Octafen 50mg Tablet,Amoxicillin,50mg,Tablet,Memphis,6223771725574,153.33
Octacillin 5mg Syrup,Gabapentin,5mg,Syrup,Pharco,6227943600874,167.48
Mupstatin 10mg Injection,Sitagliptin,10mg,Injection,Memphis,6226625937024,159.8
Sigfen 250mg Capsule,Pantoprazole,250mg,Capsule,MUP,6224855837145,239.18
Alexmol 500mg Tablet,Ceftriaxone,500mg,Tablet,Apex,6220719177624,64.94
Epistatin 500mg Capsule,Betamethasone,500mg,Capsule,CID,6229894283458,29.04
Amounflox 500mg Capsule,Azithromycin,500mg,Capsule,Sanofi Egypt,6228032200197,216.92
Amounmol 400mg Tablet,Rabeprazole,400mg,Tablet,SEDICO,6228280216902,148.46
Octafen 400mg Syrup,Valsartan,400mg,Syrup,Nile,6228853761068,132.45
Ramtine 50mg Syrup,Metformin,50mg,Syrup,MUP,6225453256093,214.17
Mupcort 50mg Syrup,Levocetirizine,50mg,Syrup,Rameda,6223785435315,170.45
Cidformin 400mg Injection,Esomeprazole,400mg,Injection,Alexandria,6224576679062,215.82
Amounflox 850mg Injection,Valsartan,850mg,Injection,Delta Pharma,6220679044974,221.43
Alexformin 850mg Syrup,Gliclazide,850mg,Syrup,Pharco,6224761205052,89.81
Epicillin 5mg Injection,Pregabalin,5mg,Injection,Kahira,6227669023629,97.1
Sigcort 1000mg Injection,Esomeprazole,1000mg,Injection,Alexandria,6221396237106,60.11
Ramzole 10mg Tablet,Fluoxetine,10mg,Tablet,Global Napi,6224593126099,31.84
Alexzole 100mg Injection,Levofloxacin,100mg,Injection,CID,6229151616142,242.23
Pharcoformin 500mg Tablet,Ciprofloxacin,500mg,Tablet,Minapharm,6228615195308,168.98
Pharcotine 5mg Injection,Dexamethasone,5mg,Injection,EVA Pharma,6228021142484,57.68
Nilecillin 200mg Injection,Ketoprofen,200mg,Injection,Minapharm,6222494573189,27.9
Cidzole 5mg Syrup,Atorvastatin,5mg,Syrup,Delta Pharma,6228297599982,99.99
Ramstatin 5mg Tablet,Pregabalin,5mg,Tablet,Pharco,6224313924707,109.5
Epifen 850mg Injection,Ciprofloxacin,850mg,Injection,Kahira,6226658018981,128.39
Pharcostatin 850mg Capsule,Glimepiride,850mg,Capsule,GSK Egypt,6221877894859,173.51
Pharcopress 50mg Tablet,Losartan,50mg,Tablet,Global Napi,6228765334282,51.96
Nilecort 850mg Capsule,Ciprofloxacin,850mg,Capsule,Kahira,6221485409582,102.96
Alexmol 200mg Injection,Cetirizine,200mg,Injection,CID,6224394246170,124.71
Mupcillin 400mg Injection,Pregabalin,400mg,Injection,SEDICO,6229795893459,72.38
Nilecillin 100mg Syrup,Rabeprazole,100mg,Syrup,Hikma Egypt,6226627035735,113.71
Ramcillin 250mg Capsule,Pantoprazole,250mg,Capsule,CID,6222305425089,166.37
Cidflox 10mg Capsule,Glimepiride,10mg,Capsule,Marcyrl,6226685196478,153.89
Sigstatin 100mg Capsule,Lansoprazole,100mg,Capsule,Novartis Egypt,6224971440502,54.42
Nilefen 1000mg Syrup,Sertraline,1000mg,Syrup,GSK Egypt,6224359389577,204.7
Alexfen 5mg Capsule,Diclofenac,5mg,Capsule,Apex,6229028033966,141.73
Epicillin 500mg Capsule,Atorvastatin,500mg,Capsule,Hikma Egypt,6221456175348,67.07
Epifen 1000mg Injection,Lansoprazole,1000mg,Injection,Amoun,6220508054914,231.67
Cidfen 1000mg Syrup,Esomeprazole,1000mg,Syrup,Nile,6225764504241,243.6
Alexstatin 10mg Injection,Fexofenadine,10mg,Injection,Amoun,6229218009672,68.6
Alexstatin 10mg Capsule,Esomeprazole,10mg,Capsule,EIPICO,6221315456977,83.98
Pharcozole 20mg Injection,Dexamethasone,20mg,Injection,EIPICO,6221858415783,105.05
Mupmol 400mg Syrup,Empagliflozin,400mg,Syrup,Delta Pharma,6222088747613,206.45
Pharcopress 850mg Syrup,Valsartan,850mg,Syrup,Amoun,6220394957368,201.77
Mupformin 250mg Injection,Valsartan,250mg,Injection,GSK Egypt,6221856264017,103.67
Octapress 50mg Injection,Losartan,50mg,Injection,GSK Egypt,6222571129476,83.72
Octaformin 500mg Capsule,Escitalopram,500mg,Capsule,Marcyrl,6223892436892,65.57
Octatine 10mg Capsule,Lansoprazole,10mg,Capsule,CID,6220701255330,172.83
Octapress 400mg Capsule,Lansoprazole,400mg,Capsule,Global Napi,6221317758932,121.2
Amounzole 10mg Tablet,Fluoxetine,10mg,Tablet,Sanofi Egypt,6224256551961,74.3
Nilemol 500mg Tablet,Cetirizine,500mg,Tablet,October Pharma,6225902928724,213.6
Octazole 850mg Capsule,Sitagliptin,850mg,Capsule,CID,6220992985879,112.67
Amounformin 400mg Tablet,Fluoxetine,400mg,Tablet,EIPICO,6225810365475,189.04
Epiformin 20mg Syrup,Atorvastatin,20mg,Syrup,Kahira,6220567793397,48.25
Alexcort 20mg Syrup,Levocetirizine,20mg,Syrup,October Pharma,6227076722900,171.7
Octapress 5mg Capsule,Atorvastatin,5mg,Capsule,MUP,6228855631062,105.82
Pharcopress 50mg Capsule,Pregabalin,50mg,Capsule,Delta Pharma,6229353558202,156.22
Sigtine 400mg Injection,Levocetirizine,400mg,Injection,Memphis,6228099967880,211.41
Pharcomol 50mg Syrup,Prednisolone,50mg,Syrup,Minapharm,6224173661491,179.45
Amounformin 250mg Capsule,Sitagliptin,250mg,Capsule,Sanofi Egypt,6223523124099,167.74
Niletine 850mg Capsule,Mometasone,850mg,Capsule,Novartis Egypt,6220067939684,41.38
Pharcoflox 100mg Capsule,Levofloxacin,100mg,Capsule,Hikma Egypt,6223314266700,176.75
Nilepress 20mg Tablet,Amoxicillin,20mg,Tablet,Delta Pharma,6226760938290,183.64
Pharcoflox 400mg Syrup,Escitalopram,400mg,Syrup,Minapharm,6220924258521,191.79
Nilezole 100mg Capsule,Prednisolone,100mg,Capsule,Amoun,6221136852590,234.08
Sigmol 100mg Syrup,Levocetirizine,100mg,Syrup,Novartis Egypt,6228822052272,97.35
Amounpress 850mg Capsule,Escitalopram,850mg,Capsule,Sanofi Egypt,6229549031625,77.17
Epimol 20mg Syrup,Amoxicillin,20mg,Syrup,Nile,6228185943606,189.21
Octaformin 50mg Tablet,Hydrocortisone,50mg,Tablet,Pharco,6221378405233,65.72
Rammol 5mg Injection,Esomeprazole,5mg,Injection,EIPICO,6225186581127,220.94
Mupformin 400mg Tablet,Gliclazide,400mg,Tablet,Pfizer Egypt,6222014957307,25.24
Amounstatin 100mg Syrup,Escitalopram,100mg,Syrup,Marcyrl,6227265216562,142.83
Pharcomol 20mg Capsule,Atorvastatin,20mg,Capsule,Novartis Egypt,6223096425975,27.49
Octacillin 20mg Tablet,Azithromycin,20mg,Tablet,EVA Pharma,6225473054464,141.62
Alexzole 20mg Tablet,Azithromycin,20mg,Tablet,CID,6222769143253,84.84
Sigcort 10mg Syrup,Dexamethasone,10mg,Syrup,Delta Pharma,6228383131720,249.55
Cidcort 250mg Tablet,Levofloxacin,250mg,Tablet,Alexandria,6227293063589,100.48
Amounpress 1000mg Injection,Fluoxetine,1000mg,Injection,Rameda,6224019318220,30.32
Amouncort 100mg Syrup,Prednisolone,100mg,Syrup,MUP,6222901087803,219.24
Nileflox 850mg Tablet,Prednisolone,850mg,Tablet,EVA Pharma,6225601798376,106.81
Mupformin 5mg Syrup,Ceftriaxone,5mg,Syrup,Novartis Egypt,6226374238557,201.93
Mupzole 10mg Tablet,Valsartan,10mg,Tablet,Sanofi Egypt,6223818459356,92.09
Nilezole 10mg Injection,Glimepiride,10mg,Injection,Minapharm,6223284158364,19.58
Pharcofen 500mg Syrup,Ceftriaxone,500mg,Syrup,Marcyrl,6226491376897,136.68
Octaformin 10mg Tablet,Meloxicam,10mg,Tablet,GSK Egypt,6229950567713,52.8
Octaformin 20mg Capsule,Dexamethasone,20mg,Capsule,Amoun,6226801647457,181.65
Nilezole 400mg Capsule,Paracetamol,400mg,Capsule,Minapharm,6226293586944,224.18
Sigcillin 250mg Injection,Amoxicillin,250mg,Injection,Kahira,6226669298693,40.82
Ramtine 50mg Tablet,Metformin,50mg,Tablet,Delta Pharma,6224569417718,17.48
Ramcillin 400mg Capsule,Sertraline,400mg,Capsule,Marcyrl,6229255718339,180.01
Pharcoformin 250mg Tablet,Sertraline,250mg,Tablet,Pharco,6223250638036,209.03
Pharcotine 10mg Injection,Sertraline,10mg,Injection,Kahira,6227636964528,59.39
Epiflox 850mg Syrup,Atorvastatin,850mg,Syrup,Global Napi,6223485197728,32.53
Alexmol 50mg Capsule,Loratadine,50mg,Capsule,EIPICO,6220795536599,220.2
Pharcoformin 5mg Tablet,Diclofenac,5mg,Tablet,Delta Pharma,6228017415219,134.47
Mupzole 200mg Syrup,Ceftriaxone,200mg,Syrup,Rameda,6220538590444,161.17
Alexflox 200mg Tablet,Mometasone,200mg,Tablet,Kahira,6227869026970,230.44
Amounflox 500mg Syrup,Diclofenac,500mg,Syrup,Kahira,6227822960792,220.54
Amounfen 250mg Tablet,Lansoprazole,250mg,Tablet,Hikma Egypt,6221423095204,234.0
Sigcillin 400mg Capsule,Esomeprazole,400mg,Capsule,Pfizer Egypt,6227606830549,21.0
Ramstatin 500mg Tablet,Bisoprolol,500mg,Tablet,CID,6226295019266,228.88
Alexcort 850mg Syrup,Fluoxetine,850mg,Syrup,MUP,6221069779100,76.39
Ramcort 500mg Capsule,Fexofenadine,500mg,Capsule,MUP,6229406096637,75.91
Alexflox 20mg Injection,Valsartan,20mg,Injection,Memphis,6220131670796,226.88
Alexstatin 1000mg Tablet,Rabeprazole,1000mg,Tablet,Amoun,6222498556294,82.06
Alexstatin 20mg Capsule,Empagliflozin,20mg,Capsule,MUP,6221998525014,35.15
Amounstatin 400mg Syrup,Gabapentin,400mg,Syrup,October Pharma,6220194742737,188.72
Octacillin 10mg Tablet,Omeprazole,10mg,Tablet,Global Napi,6225892001322,196.05
Epizole 850mg Syrup,Amlodipine,850mg,Syrup,Kahira,6227848292235,201.85
Sigpress 5mg Injection,Meloxicam,5mg,Injection,Rameda,6220254910076,20.45
Cidflox 5mg Injection,Glimepiride,5mg,Injection,Marcyrl,6224959636286,202.62
Alexcillin 500mg Injection,Amlodipine,500mg,Injection,Minapharm,6226417488208,192.81
Pharcoflox 5mg Capsule,Prednisolone,5mg,Capsule,Hikma Egypt,6228016881251,143.32
Pharcozole 20mg Tablet,Empagliflozin,20mg,Tablet,Minapharm,6223314251133,131.79
Muppress 100mg Tablet,Fexofenadine,100mg,Tablet,Alexandria,6227942419668,45.96
Mupcillin 400mg Tablet,Ketoprofen,400mg,Tablet,Sigma,6223410984171,166.26
Nilepress 200mg Injection,Ketoprofen,200mg,Injection,Hikma Egypt,6226785796042,172.31
Rampress 250mg Syrup,Atorvastatin,250mg,Syrup,Hikma Egypt,6220573001349,43.14
Amouncort 20mg Tablet,Bisoprolol,20mg,Tablet,EVA Pharma,6220752260246,20.84
Nilepress 1000mg Capsule,Gliclazide,1000mg,Capsule,Novartis Egypt,6226576916185,38.03
Pharcomol 850mg Syrup,Atorvastatin,850mg,Syrup,Sigma,6228134357935,234.78
Amounzole 400mg Syrup,Gliclazide,400mg,Syrup,EVA Pharma,6224226323567,208.52
Cidzole 850mg Injection,Loratadine,850mg,Injection,SEDICO,6229257769483,127.91
Epitine 20mg Syrup,Fexofenadine,20mg,Syrup,Novartis Egypt,6228786350308,38.23
Muppress 200mg Syrup,Gliclazide,200mg,Syrup,EVA Pharma,6229606519615,128.71
Amouncort 10mg Syrup,Valsartan,10mg,Syrup,Sanofi Egypt,6228976499473,42.92
Muppress 500mg Injection,Ibuprofen,500mg,Injection,Hikma Egypt,6229054060356,141.66
Epizole 20mg Tablet,Glimepiride,20mg,Tablet,Pharco,6229251774841,183.34
Amounfen 100mg Tablet,Glimepiride,100mg,Tablet,Nile,6229659895223,200.26
Nilefen 5mg Tablet,Ceftriaxone,5mg,Tablet,Sigma,6220731398724,34.96
Alexfen 20mg Injection,Rabeprazole,20mg,Injection,Alexandria,6221979747374,229.95
Sigmol 100mg Capsule,Cetirizine,100mg,Capsule,CID,6223471560338,143.39
Nilecort 400mg Injection,Amlodipine,400mg,Injection,EIPICO,6220915967982,213.99
Sigcillin 850mg Capsule,Pantoprazole,850mg,Capsule,EIPICO,6225845791461,213.39
Sigcillin 20mg Injection,Sitagliptin,20mg,Injection,Nile,6226785405104,144.24
Cidcillin 5mg Injection,Levofloxacin,5mg,Injection,Sanofi Egypt,6224442600978,135.82
Mupzole 5mg Syrup,Ibuprofen,5mg,Syrup,Rameda,6227839039573,86.66
Alexformin 850mg Tablet,Metformin,850mg,Tablet,GSK Egypt,6224224515506,140.56
Sigmol 50mg Capsule,Ciprofloxacin,50mg,Capsule,Pharco,6225070362337,20.07
Alexformin 400mg Tablet,Esomeprazole,400mg,Tablet,Alexandria,6223096741112,75.49
Alexmol 100mg Tablet,Azithromycin,100mg,Tablet,Minapharm,6222725931887,238.31
Ramcort 5mg Syrup,Diclofenac,5mg,Syrup,Hikma Egypt,6223380446914,241.52
Ramformin 200mg Injection,Betamethasone,200mg,Injection,Memphis,6223439603633,78.78
Ramfen 250mg Syrup,Losartan,250mg,Syrup,Hikma Egypt,6224787178910,105.8
Octaformin 5mg Tablet,Betamethasone,5mg,Tablet,Memphis,6229218856016,230.11
Sigflox 200mg Tablet,Amlodipine,200mg,Tablet,Alexandria,6221195287944,178.27
Epipress 50mg Injection,Levofloxacin,50mg,Injection,GSK Egypt,6224148924224,199.46
Alexcort 250mg Capsule,Ketoprofen,250mg,Capsule,Marcyrl,6223655381445,86.61
Mupfen 250mg Syrup,Lansoprazole,250mg,Syrup,Marcyrl,6223236230988,85.88
Pharcozole 500mg Capsule,Hydrocortisone,500mg,Capsule,MUP,6227694420080,27.16
Alexzole 850mg Syrup,Pregabalin,850mg,Syrup,EIPICO,6229113508539,75.12
Alexmol 50mg Capsule,Meloxicam,50mg,Capsule,SEDICO,6220584381461,82.64
Rammol 1000mg Injection,Ibuprofen,1000mg,Injection,Pharco,6226754306401,192.83
Octaformin 1000mg Injection,Paracetamol,1000mg,Injection,SEDICO,6229175203243,133.95
Ramcillin 850mg Tablet,Pregabalin,850mg,Tablet,SEDICO,6223142263049,234.24
Nileformin 1000mg Capsule,Meloxicam,1000mg,Capsule,October Pharma,6221583519220,16.85
Amounstatin 100mg Injection,Gliclazide,100mg,Injection,EVA Pharma,6225827225021,141.88
Cidmol 1000mg Tablet,Pantoprazole,1000mg,Tablet,Pharco,6226063835951,62.24
Sigfen 50mg Injection,Esomeprazole,50mg,Injection,Novartis Egypt,6229737788676,121.74
Mupstatin 50mg Capsule,Glimepiride,50mg,Capsule,October Pharma,6222168115356,195.41
Mupcillin 20mg Tablet,Hydrocortisone,20mg,Tablet,GSK Egypt,6222314177085,67.5
Octacort 50mg Syrup,Ciprofloxacin,50mg,Syrup,GSK Egypt,6221183233984,103.75
Amouncillin 200mg Tablet,Valsartan,200mg,Tablet,Nile,6222227113743,226.87
Alexzole 100mg Syrup,Esomeprazole,100mg,Syrup,Sanofi Egypt,6228280454960,238.85
Amountine 250mg Injection,Betamethasone,250mg,Injection,EIPICO,6223741548684,130.26
Epizole 50mg Injection,Fluoxetine,50mg,Injection,Global Napi,6227906314855,208.46
Cidtine 1000mg Capsule,Levofloxacin,1000mg,Capsule,EIPICO,6220913748019,85.99
Alexcillin 250mg Capsule,Fexofenadine,250mg,Capsule,CID,6222166854783,101.04
Octapress 250mg Tablet,Prednisolone,250mg,Tablet,Minapharm,6220012797239,188.71
Epimol 10mg Injection,Rabeprazole,10mg,Injection,Pharco,6222721619444,198.69
Pharcozole 5mg Tablet,Desloratadine,5mg,Tablet,SEDICO,6222533204876,102.46
Ramzole 850mg Capsule,Pregabalin,850mg,Capsule,Pharco,6220088817770,247.48
Octacillin 10mg Injection,Gliclazide,10mg,Injection,Sigma,6224189578479,49.31
Alexmol 20mg Injection,Paracetamol,20mg,Injection,Sigma,6227738622975,62.11
Cidformin 50mg Syrup,Prednisolone,50mg,Syrup,MUP,6221084405497,215.53
Alexformin 1000mg Capsule,Escitalopram,1000mg,Capsule,Rameda,6226223999301,52.53
Ramfen 100mg Capsule,Fluoxetine,100mg,Capsule,EIPICO,6222837026648,104.44
Epicort 500mg Syrup,Levocetirizine,500mg,Syrup,Kahira,6228873114103,108.54
Amounstatin 5mg Injection,Mometasone,5mg,Injection,Hikma Egypt,6228335203895,72.98
Mupflox 5mg Syrup,Loratadine,5mg,Syrup,Minapharm,6220595698589,48.86
Octamol 100mg Capsule,Mometasone,100mg,Capsule,Memphis,6226807802690,124.66
Alextine 20mg Tablet,Levofloxacin,20mg,Tablet,Marcyrl,6221900289218,83.09
Rampress 100mg Injection,Mometasone,100mg,Injection,Memphis,6229235434136,244.27
Alexmol 400mg Capsule,Omeprazole,400mg,Capsule,Pfizer Egypt,6229521967454,146.38
Alexfen 5mg Injection,Omeprazole,5mg,Injection,EVA Pharma,6226447298716,155.86
Ramcort 1000mg Tablet,Azithromycin,1000mg,Tablet,EIPICO,6229093008869,225.91
Amounformin 250mg Capsule,Ceftriaxone,250mg,Capsule,Rameda,6224907263564,20.61
Ramcillin 50mg Capsule,Ceftriaxone,50mg,Capsule,Pfizer Egypt,6223978991826,51.03
Ramtine 5mg Tablet,Levocetirizine,5mg,Tablet,SEDICO,6220079317616,29.58
Nilefen 1000mg Syrup,Amoxicillin,1000mg,Syrup,Novartis Egypt,6227541775165,20.76
Muptine 850mg Tablet,Paracetamol,850mg,Tablet,Marcyrl,6223788940809,24.17
Amounstatin 100mg Syrup,Amlodipine,100mg,Syrup,MUP,6225266644575,232.9
Ramcillin 200mg Injection,Hydrocortisone,200mg,Injection,Marcyrl,6226720581207,32.94
Cidcort 20mg Injection,Betamethasone,20mg,Injection,MUP,6221134524239,157.2
Sigcillin 400mg Injection,Ceftriaxone,400mg,Injection,Sanofi Egypt,6222500315949,221.42
Amounstatin 10mg Injection,Escitalopram,10mg,Injection,Hikma Egypt,6222684835769,92.89
Octamol 850mg Tablet,Bisoprolol,850mg,Tablet,GSK Egypt,6227011331884,41.16
Alextine 500mg Capsule,Meloxicam,500mg,Capsule,GSK Egypt,6227435406519,30.7
Alexflox 50mg Injection,Lansoprazole,50mg,Injection,Global Napi,6220648224000,193.0
Sigfen 850mg Syrup,Omeprazole,850mg,Syrup,Memphis,6228056112865,177.08
Epistatin 1000mg Syrup,Amlodipine,1000mg,Syrup,Minapharm,6229951545567,29.4
Octapress 1000mg Tablet,Fexofenadine,1000mg,Tablet,Nile,6220991168433,232.68
Mupfen 20mg Injection,Levocetirizine,20mg,Injection,Pfizer Egypt,6224052555606,75.04
Nilecillin 400mg Injection,Hydrocortisone,400mg,Injection,Minapharm,6220874592669,90.79
Nileflox 850mg Capsule,Bisoprolol,850mg,Capsule,Minapharm,6226124981023,91.19
Epiflox 850mg Tablet,Ciprofloxacin,850mg,Tablet,Novartis Egypt,6229582697109,88.16
Alextine 850mg Tablet,Pregabalin,850mg,Tablet,Alexandria,6222773909906,23.71
Amounzole 5mg Injection,Sertraline,5mg,Injection,EIPICO,6229227608415,167.49
Nilestatin 500mg Capsule,Meloxicam,500mg,Capsule,Marcyrl,6226330488194,145.38
Epizole 850mg Capsule,Losartan,850mg,Capsule,Global Napi,6229704183718,42.99
Cidpress 500mg Syrup,Ibuprofen,500mg,Syrup,Sanofi Egypt,6223112129245,110.15
Ramcort 500mg Syrup,Glimepiride,500mg,Syrup,Alexandria,6222867852354,45.92
Epifen 10mg Injection,Atorvastatin,10mg,Injection,Delta Pharma,6226428297813,136.13
Mupcillin 10mg Injection,Diclofenac,10mg,Injection,Marcyrl,6226845995149,30.2
Rammol 200mg Syrup,Metformin,200mg,Syrup,Apex,6223455519413,233.22
Amouncillin 100mg Tablet,Paracetamol,100mg,Tablet,Global Napi,6222203276615,234.62
Alexflox 250mg Tablet,Losartan,250mg,Tablet,Pharco,6227247106775,220.98
Octazole 5mg Capsule,Ciprofloxacin,5mg,Capsule,SEDICO,6228894814341,176.98
Amounfen 50mg Capsule,Pregabalin,50mg,Capsule,Alexandria,6220444340522,101.6
Pharcoflox 200mg Capsule,Escitalopram,200mg,Capsule,Sigma,6225931207661,245.1
Amounmol 400mg Tablet,Escitalopram,400mg,Tablet,EVA Pharma,6227218251336,58.36
Sigzole 200mg Syrup,Metformin,200mg,Syrup,Minapharm,6221617764725,136.68
Amouncillin 10mg Tablet,Dexamethasone,10mg,Tablet,GSK Egypt,6226119581993,49.41
Nilecort 10mg Syrup,Ciprofloxacin,10mg,Syrup,GSK Egypt,6229223435718,114.18
Epistatin 500mg Injection,Metformin,500mg,Injection,Kahira,6225972136906,53.25
Alexcillin 50mg Capsule,Omeprazole,50mg,Capsule,Minapharm,6228885856510,112.75
Sigtine 100mg Injection,Fluoxetine,100mg,Injection,Hikma Egypt,6225315279680,188.99
Alexpress 50mg Tablet,Dexamethasone,50mg,Tablet,EVA Pharma,6225851726624,71.74
Octamol 100mg Syrup,Gliclazide,100mg,Syrup,Memphis,6222652945339,167.5
Pharcostatin 10mg Injection,Diclofenac,10mg,Injection,MUP,6226001717394,160.28
Nilecillin 200mg Syrup,Sertraline,200mg,Syrup,Hikma Egypt,6229394435302,190.77
Cidflox 850mg Tablet,Fexofenadine,850mg,Tablet,MUP,6229919443324,121.78
Epizole 100mg Capsule,Diclofenac,100mg,Capsule,Global Napi,6220958899356,20.77
Cidpress 100mg Injection,Glimepiride,100mg,Injection,CID,6225389491216,43.13
Cidpress 850mg Syrup,Ceftriaxone,850mg,Syrup,Pharco,6225652423050,82.11
Amounflox 250mg Injection,Prednisolone,250mg,Injection,Minapharm,6221619553686,139.84
Amountine 20mg Injection,Hydrocortisone,20mg,Injection,EIPICO,6226988843062,247.98
Ramstatin 250mg Tablet,Amoxicillin,250mg,Tablet,October Pharma,6229153344555,226.09
Nileformin 5mg Injection,Mometasone,5mg,Injection,Hikma Egypt,6225416806518,144.48
Epimol 850mg Syrup,Escitalopram,850mg,Syrup,Global Napi,6221491629097,169.29
Octazole 500mg Tablet,Atorvastatin,500mg,Tablet,Nile,6226877046420,77.78
Ramflox 500mg Capsule,Atorvastatin,500mg,Capsule,Sanofi Egypt,6222158904373,103.51
Nilezole 1000mg Tablet,Valsartan,1000mg,Tablet,Novartis Egypt,6224551666827,196.05
Nilefen 200mg Injection,Omeprazole,200mg,Injection,Memphis,6223032902652,155.01
Amounformin 200mg Capsule,Ibuprofen,200mg,Capsule,Alexandria,6228990458982,167.66
Amounformin 100mg Injection,Pantoprazole,100mg,Injection,Marcyrl,6225785498512,217.61
Mupformin 50mg Tablet,Ciprofloxacin,50mg,Tablet,Pharco,6225755109998,106.64
Alexfen 200mg Capsule,Rabeprazole,200mg,Capsule,Minapharm,6226323692157,78.7
Mupstatin 250mg Syrup,Losartan,250mg,Syrup,SEDICO,6223256327514,156.62
Ramflox 10mg Tablet,Betamethasone,10mg,Tablet,Pharco,6229137000699,187.47
Alexpress 50mg Tablet,Escitalopram,50mg,Tablet,Marcyrl,6227455398191,61.16
Octacort 400mg Capsule,Ciprofloxacin,400mg,Capsule,Sigma,6228426874812,228.43
Alexcillin 100mg Injection,Mometasone,100mg,Injection,GSK Egypt,6228025673113,221.09
Cidfen 200mg Tablet,Lansoprazole,200mg,Tablet,Apex,6224815104928,200.43
Sigfen 50mg Injection,Lansoprazole,50mg,Injection,Global Napi,6221179222527,63.27
Pharcocort 50mg Syrup,Fluoxetine,50mg,Syrup,Marcyrl,6221109378744,194.49
Cidmol 500mg Injection,Pregabalin,500mg,Injection,Rameda,6225877898404,143.52
Alextine 50mg Syrup,Gliclazide,50mg,Syrup,Novartis Egypt,6221105406540,242.79
Alexcort 100mg Injection,Meloxicam,100mg,Injection,Alexandria,6222049056198,36.2
Alexflox 20mg Injection,Valsartan,20mg,Injection,Hikma Egypt,6228484827249,151.08
Ramstatin 50mg Capsule,Ceftriaxone,50mg,Capsule,EIPICO,6228959110654,33.48
Cidpress 250mg Capsule,Ketoprofen,250mg,Capsule,October Pharma,6228647064078,20.13
Epipress 500mg Injection,Glimepiride,500mg,Injection,Sigma,6221827551924,210.03
Cidcort 5mg Capsule,Ciprofloxacin,5mg,Capsule,Delta Pharma,6225701214356,85.47
Epiflox 500mg Capsule,Rabeprazole,500mg,Capsule,EIPICO,6229811575215,108.96
Pharcocort 400mg Capsule,Ciprofloxacin,400mg,Capsule,Memphis,6221645593977,128.95
Octamol 200mg Syrup,Fexofenadine,200mg,Syrup,EVA Pharma,6221896676672,114.58
Epiformin 10mg Injection,Atorvastatin,10mg,Injection,Hikma Egypt,6225512051652,33.21
Cidpress 850mg Injection,Dexamethasone,850mg,Injection,Sanofi Egypt,6227812634481,115.27
Amouncillin 20mg Tablet,Azithromycin,20mg,Tablet,Apex,6221965948204,188.23
Sigformin 200mg Syrup,Loratadine,200mg,Syrup,Apex,6221412014131,99.63
Amouncillin 20mg Syrup,Bisoprolol,20mg,Syrup,Novartis Egypt,6223684369643,134.75
Mupmol 10mg Tablet,Betamethasone,10mg,Tablet,Nile,6225089977294,20.8
Cidstatin 5mg Injection,Esomeprazole,5mg,Injection,MUP,6229863512763,107.35
Cidcort 500mg Injection,Fluoxetine,500mg,Injection,EIPICO,6225987976603,140.83
Sigtine 50mg Tablet,Meloxicam,50mg,Tablet,EIPICO,6228367004026,150.71
Pharcotine 400mg Capsule,Paracetamol,400mg,Capsule,Hikma Egypt,6222616091591,190.01
Alexfen 400mg Tablet,Desloratadine,400mg,Tablet,Memphis,6224215702229,93.4
Pharcopress 850mg Injection,Ibuprofen,850mg,Injection,Sigma,6222944811212,70.8
Muppress 20mg Syrup,Ceftriaxone,20mg,Syrup,Pfizer Egypt,6224976225456,123.13
Amounzole 50mg Capsule,Losartan,50mg,Capsule,Apex,6224828038630,168.96
Pharcocort 10mg Syrup,Losartan,10mg,Syrup,Delta Pharma,6225273612093,237.81
Amountine 50mg Tablet,Pregabalin,50mg,Tablet,GSK Egypt,6225701256226,227.67
Epizole 10mg Capsule,Escitalopram,10mg,Capsule,Minapharm,6228496163205,118.41
Epiflox 400mg Capsule,Glimepiride,400mg,Capsule,Nile,6228328561438,132.92
Nilecort 400mg Capsule,Loratadine,400mg,Capsule,Nile,6220761341523,23.37
Mupcort 400mg Injection,Prednisolone,400mg,Injection,SEDICO,6227360029128,143.27
Muptine 5mg Injection,Azithromycin,5mg,Injection,SEDICO,6222059354239,217.47
Sigformin 250mg Tablet,Meloxicam,250mg,Tablet,Sigma,6228282138837,103.6
Octamol 20mg Capsule,Escitalopram,20mg,Capsule,Amoun,6221930860234,63.86
Nilecillin 1000mg Syrup,Loratadine,1000mg,Syrup,SEDICO,6222756673145,238.75
Nilemol 20mg Injection,Amlodipine,20mg,Injection,Delta Pharma,6223579533791,25.65
Ramtine 50mg Capsule,Bisoprolol,50mg,Capsule,Minapharm,6223037746381,210.92
Niletine 100mg Injection,Esomeprazole,100mg,Injection,Minapharm,6229354511466,183.09
Muptine 1000mg Tablet,Diclofenac,1000mg,Tablet,Memphis,6224489819562,125.44
Octatine 850mg Injection,Ketoprofen,850mg,Injection,CID,6220655695374,127.92
Ramformin 850mg Tablet,Ibuprofen,850mg,Tablet,SEDICO,6227538011382,228.21
Nileflox 400mg Injection,Ibuprofen,400mg,Injection,Nile,6227169856673,98.39
Octatine 50mg Syrup,Dexamethasone,50mg,Syrup,Delta Pharma,6221687892823,206.02
Octaflox 400mg Injection,Empagliflozin,400mg,Injection,Sigma,6228534515461,126.33
Cidmol 400mg Tablet,Ceftriaxone,400mg,Tablet,Memphis,6223818992877,153.06
Pharcopress 100mg Capsule,Empagliflozin,100mg,Capsule,Apex,6225004385166,187.63
Epifen 20mg Tablet,Desloratadine,20mg,Tablet,Novartis Egypt,6224383514259,29.43
Alexmol 100mg Tablet,Fluoxetine,100mg,Tablet,Amoun,6229665259330,248.97
Muptine 100mg Capsule,Sertraline,100mg,Capsule,Delta Pharma,6227144724102,81.21
Ramformin 200mg Capsule,Amoxicillin,200mg,Capsule,GSK Egypt,6221026740952,20.09
Alextine 5mg Tablet,Fexofenadine,5mg,Tablet,Global Napi,6226744232529,97.13
Pharcozole 1000mg Capsule,Amlodipine,1000mg,Capsule,Delta Pharma,6220050995758,208.26
Sigtine 200mg Tablet,Gabapentin,200mg,Tablet,MUP,6221370988147,58.17
Alexpress 250mg Injection,Azithromycin,250mg,Injection,Nile,6221089041157,149.05
Octaflox 1000mg Syrup,Fexofenadine,1000mg,Syrup,SEDICO,6229458098795,141.86
Epizole 850mg Tablet,Sitagliptin,850mg,Tablet,Pfizer Egypt,6225698434546,84.5
Octamol 200mg Syrup,Losartan,200mg,Syrup,October Pharma,6221464906071,91.54
Mupstatin 20mg Tablet,Levofloxacin,20mg,Tablet,CID,6226049605738,235.61
Rammol 20mg Tablet,Ciprofloxacin,20mg,Tablet,MUP,6221622046595,70.49
Ramcillin 100mg Syrup,Valsartan,100mg,Syrup,Memphis,6224449882650,137.05
Alexpress 1000mg Injection,Empagliflozin,1000mg,Injection,Global Napi,6225225831589,248.91
Mupfen 200mg Injection,Fluoxetine,200mg,Injection,Minapharm,6228796998507,29.97
Amountine 1000mg Capsule,Prednisolone,1000mg,Capsule,Delta Pharma,6220159450035,206.28
Octafen 200mg Capsule,Losartan,200mg,Capsule,EIPICO,6220384373413,36.65
Alexmol 1000mg Capsule,Pantoprazole,1000mg,Capsule,October Pharma,6223690809744,33.45
Sigfen 400mg Capsule,Ceftriaxone,400mg,Capsule,Global Napi,6221652914093,182.07
Mupflox 850mg Syrup,Sitagliptin,850mg,Syrup,Pharco,6220161978473,236.78
Nilefen 850mg Injection,Lansoprazole,850mg,Injection,SEDICO,6226319876882,188.18
Rammol 10mg Capsule,Paracetamol,10mg,Capsule,GSK Egypt,6226750060871,143.86
Alexzole 400mg Injection,Betamethasone,400mg,Injection,Global Napi,6223486877490,20.91
Cidpress 400mg Injection,Mometasone,400mg,Injection,Minapharm,6222246669689,105.82
Sigtine 400mg Capsule,Glimepiride,400mg,Capsule,SEDICO,6220320612408,214.45
Amouncort 20mg Injection,Bisoprolol,20mg,Injection,Amoun,6221186512260,32.76
Alexflox 10mg Capsule,Metformin,10mg,Capsule,Global Napi,6222165724353,25.38
Epifen 100mg Syrup,Fexofenadine,100mg,Syrup,CID,6222951601356,55.39
Nileformin 10mg Injection,Rabeprazole,10mg,Injection,Marcyrl,6224209022883,154.65
Ramcort 200mg Tablet,Fexofenadine,200mg,Tablet,Alexandria,6225036860082,22.26
Nilemol 850mg Tablet,Meloxicam,850mg,Tablet,Alexandria,6228944007785,41.83
Nilepress 400mg Tablet,Bisoprolol,400mg,Tablet,Alexandria,6229153674669,38.94
Octamol 500mg Injection,Esomeprazole,500mg,Injection,Kahira,6221607381932,41.99
Alextine 1000mg Injection,Meloxicam,1000mg,Injection,Memphis,6221341527085,197.15
Cidcillin 850mg Capsule,Bisoprolol,850mg,Capsule,Kahira,6228694262366,132.39
Epiflox 400mg Syrup,Sertraline,400mg,Syrup,GSK Egypt,6225585660652,56.86
Pharcostatin 250mg Syrup,Metformin,250mg,Syrup,Novartis Egypt,6224258088175,197.19
Sigstatin 500mg Tablet,Ceftriaxone,500mg,Tablet,Sanofi Egypt,6225587261567,168.19
Amounfen 250mg Syrup,Loratadine,250mg,Syrup,EIPICO,6221190162420,62.79
Octacillin 1000mg Injection,Ketoprofen,1000mg,Injection,Pfizer Egypt,6228982058015,66.65
Mupformin 5mg Injection,Prednisolone,5mg,Injection,EIPICO,6224222313944,130.45
Mupfen 5mg Syrup,Amoxicillin,5mg,Syrup,CID,6222694351570,39.6
Ramfen 20mg Injection,Ceftriaxone,20mg,Injection,Delta Pharma,6229952654060,247.48
Epistatin 10mg Syrup,Metformin,10mg,Syrup,EIPICO,6220772080718,71.28
Pharcozole 5mg Tablet,Sitagliptin,5mg,Tablet,GSK Egypt,6226893906555,204.25
Nileformin 200mg Capsule,Ciprofloxacin,200mg,Capsule,Sanofi Egypt,6227282881804,176.08
Epimol 200mg Injection,Lansoprazole,200mg,Injection,Alexandria,6229046154971,175.14
Epizole 5mg Syrup,Escitalopram,5mg,Syrup,EVA Pharma,6225096935737,78.4
Epifen 50mg Syrup,Pantoprazole,50mg,Syrup,Hikma Egypt,6224868828727,160.17
Amounstatin 500mg Tablet,Mometasone,500mg,Tablet,Pharco,6226215862996,75.39
Amounfen 500mg Tablet,Prednisolone,500mg,Tablet,October Pharma,6224970591151,138.09
Ramflox 400mg Capsule,Mometasone,400mg,Capsule,October Pharma,6222315356267,83.17
Sigflox 200mg Syrup,Losartan,200mg,Syrup,Global Napi,6227088317323,105.95
Sigtine 50mg Syrup,Losartan,50mg,Syrup,CID,6225977616458,202.84
Octapress 100mg Capsule,Fluoxetine,100mg,Capsule,EVA Pharma,6228103030944,201.91
Nilezole 250mg Capsule,Fexofenadine,250mg,Capsule,CID,6224662230856,35.93
Nileflox 250mg Capsule,Levocetirizine,250mg,Capsule,Hikma Egypt,6228192723253,239.85
Mupfen 400mg Tablet,Hydrocortisone,400mg,Tablet,EIPICO,6222417542865,194.46
Pharcoflox 400mg Injection,Rabeprazole,400mg,Injection,Kahira,6223323902491,44.65
Epipress 200mg Injection,Loratadine,200mg,Injection,Pharco,6222647856978,113.24
Nilecort 850mg Injection,Betamethasone,850mg,Injection,Apex,6220270968204,37.17
Sigzole 5mg Capsule,Omeprazole,5mg,Capsule,Pharco,6224287637665,214.08
Alexcort 100mg Capsule,Paracetamol,100mg,Capsule,Minapharm,6225913069652,71.85
Amounfen 5mg Tablet,Gliclazide,5mg,Tablet,October Pharma,6229216269214,29.88
Pharcopress 20mg Capsule,Azithromycin,20mg,Capsule,Rameda,6220633637983,37.6
Epizole 850mg Capsule,Cetirizine,850mg,Capsule,Sanofi Egypt,6225528468826,245.05
Octaflox 400mg Syrup,Paracetamol,400mg,Syrup,Pharco,6228633263188,228.04
Nilecort 200mg Injection,Empagliflozin,200mg,Injection,EIPICO,6223232844394,236.28
Alexflox 400mg Capsule,Ibuprofen,400mg,Capsule,Memphis,6226764332681,29.05
Nileflox 5mg Capsule,Meloxicam,5mg,Capsule,October Pharma,6226791062827,64.11
Epipress 850mg Injection,Hydrocortisone,850mg,Injection,Amoun,6220431980236,55.84
Nilecort 10mg Injection,Prednisolone,10mg,Injection,EVA Pharma,6221421997838,69.85
Nilemol 10mg Capsule,Ketoprofen,10mg,Capsule,October Pharma,6223356988677,87.77
Epipress 250mg Capsule,Gabapentin,250mg,Capsule,Rameda,6228233306377,239.41
Amountine 200mg Injection,Hydrocortisone,200mg,Injection,EIPICO,6223995373599,154.56
Nilestatin 400mg Injection,Sertraline,400mg,Injection,MUP,6222346398922,220.38
Octazole 50mg Injection,Hydrocortisone,50mg,Injection,Delta Pharma,6221041468831,27.65
Sigfen 20mg Capsule,Losartan,20mg,Capsule,Apex,6228462941332,196.45
Octastatin 850mg Syrup,Levocetirizine,850mg,Syrup,EIPICO,6229376054118,76.3
Epistatin 10mg Capsule,Losartan,10mg,Capsule,October Pharma,6223566128085,216.47
Nilemol 5mg Tablet,Betamethasone,5mg,Tablet,Alexandria,6222344104983,122.01
Octazole 5mg Capsule,Prednisolone,5mg,Capsule,EIPICO,6222313956124,20.13
Pharcoformin 250mg Capsule,Meloxicam,250mg,Capsule,EIPICO,6226838562457,120.79
Nileflox 500mg Syrup,Losartan,500mg,Syrup,Global Napi,6220422872380,91.43
Mupmol 50mg Tablet,Empagliflozin,50mg,Tablet,Memphis,6220008752945,145.17
Cidstatin 10mg Capsule,Pantoprazole,10mg,Capsule,Pfizer Egypt,6229997817260,160.84
Alexzole 20mg Syrup,Fluoxetine,20mg,Syrup,Apex,6220835582586,113.32
Alexcort 20mg Syrup,Paracetamol,20mg,Syrup,Memphis,6221019845350,165.54
Amounzole 850mg Tablet,Esomeprazole,850mg,Tablet,Sanofi Egypt,6229363673629,166.84
Cidmol 400mg Capsule,Sitagliptin,400mg,Capsule,Sanofi Egypt,6224112679273,62.52
Amouncort 100mg Injection,Losartan,100mg,Injection,GSK Egypt,6222844380313,232.91
Epifen 400mg Injection,Fexofenadine,400mg,Injection,CID,6226750962908,208.22
Cidpress 5mg Capsule,Loratadine,5mg,Capsule,EIPICO,6220551590926,113.81
Cidpress 10mg Syrup,Metformin,10mg,Syrup,October Pharma,6224651445834,249.56
Octapress 1000mg Tablet,Amlodipine,1000mg,Tablet,Delta Pharma,6226447235797,119.1
Mupformin 100mg Capsule,Dexamethasone,100mg,Capsule,Novartis Egypt,6224442085621,128.74
Octazole 500mg Tablet,Esomeprazole,500mg,Tablet,Memphis,6220981285270,120.15
Sigformin 500mg Injection,Fexofenadine,500mg,Injection,Novartis Egypt,6228433772811,84.39
Octafen 5mg Syrup,Desloratadine,5mg,Syrup,Sigma,6220368584354,119.77
Epifen 500mg Syrup,Atorvastatin,500mg,Syrup,Sanofi Egypt,6229344575041,27.81
Amounfen 50mg Capsule,Hydrocortisone,50mg,Capsule,Apex,6229551763477,128.27
Cidpress 200mg Syrup,Sitagliptin,200mg,Syrup,Pharco,6222585319993,148.06
Rammol 250mg Capsule,Ibuprofen,250mg,Capsule,Global Napi,6220842647490,17.91
Sigpress 50mg Capsule,Ketoprofen,50mg,Capsule,Pharco,6228333701980,184.8
Mupmol 200mg Tablet,Prednisolone,200mg,Tablet,Sigma,6224535715992,39.52
Pharcozole 1000mg Capsule,Ciprofloxacin,1000mg,Capsule,Alexandria,6223602240894,20.24
Rampress 5mg Tablet,Diclofenac,5mg,Tablet,Alexandria,6229443862165,110.74
Rampress 10mg Tablet,Levofloxacin,10mg,Tablet,Delta Pharma,6228768570472,174.3
Pharcotine 500mg Capsule,Ciprofloxacin,500mg,Capsule,Amoun,6229815451324,17.78
Mupzole 200mg Capsule,Levofloxacin,200mg,Capsule,EVA Pharma,6228155567740,62.98
Nilecillin 1000mg Capsule,Amoxicillin,1000mg,Capsule,CID,6225243232115,79.8
Ramformin 500mg Injection,Atorvastatin,500mg,Injection,Hikma Egypt,6225753072881,94.14
Nileflox 20mg Capsule,Diclofenac,20mg,Capsule,Memphis,6225226110478,23.71
Pharcoflox 5mg Capsule,Bisoprolol,5mg,Capsule,GSK Egypt,6225027198460,31.0
Cidzole 10mg Injection,Ciprofloxacin,10mg,Injection,Minapharm,6222696094024,215.91
Mupformin 10mg Injection,Diclofenac,10mg,Injection,Alexandria,6222960150524,123.73
Alexflox 200mg Capsule,Amlodipine,200mg,Capsule,Global Napi,6227566722724,240.4
Sigtine 850mg Injection,Ciprofloxacin,850mg,Injection,Global Napi,6225450309570,30.7
Cidflox 500mg Capsule,Betamethasone,500mg,Capsule,Amoun,6222192355667,209.82
Ramcillin 100mg Syrup,Levofloxacin,100mg,Syrup,Pharco,6222764778061,220.92
Alexzole 100mg Injection,Empagliflozin,100mg,Injection,Alexandria,6228210224144,101.33
Ramcillin 400mg Capsule,Ciprofloxacin,400mg,Capsule,EIPICO,6225970899674,27.59
Epipress 5mg Tablet,Glimepiride,5mg,Tablet,Global Napi,6220152085906,87.73
Mupstatin 1000mg Capsule,Sertraline,1000mg,Capsule,Alexandria,6228056951914,247.59
Muppress 1000mg Capsule,Ceftriaxone,1000mg,Capsule,Sanofi Egypt,6220560053610,70.16
Rammol 500mg Injection,Lansoprazole,500mg,Injection,Pharco,6220336610993,228.7
Epiflox 400mg Syrup,Ketoprofen,400mg,Syrup,EVA Pharma,6228732231019,220.03
Sigfen 1000mg Syrup,Levocetirizine,1000mg,Syrup,MUP,6220419497831,249.45
Octapress 10mg Tablet,Escitalopram,10mg,Tablet,CID,6224944740936,114.09
Amounzole 20mg Capsule,Glimepiride,20mg,Capsule,Novartis Egypt,6228236235896,64.18
Octaflox 250mg Syrup,Mometasone,250mg,Syrup,Rameda,6220688617565,114.43
Amounformin 500mg Syrup,Atorvastatin,500mg,Syrup,SEDICO,6222597128989,249.24
Epistatin 850mg Injection,Levocetirizine,850mg,Injection,Apex,6224943953597,51.71
Epistatin 500mg Syrup,Ciprofloxacin,500mg,Syrup,Hikma Egypt,6228934795166,124.56
Sigpress 20mg Syrup,Bisoprolol,20mg,Syrup,Marcyrl,6221797425355,36.44
Octacort 100mg Syrup,Amoxicillin,100mg,Syrup,Marcyrl,6228452171794,77.83
Octazole 50mg Capsule,Ciprofloxacin,50mg,Capsule,SEDICO,6227992633823,249.19
Epicort 400mg Syrup,Bisoprolol,400mg,Syrup,Novartis Egypt,6221370182989,186.9
Mupformin 1000mg Injection,Ceftriaxone,1000mg,Injection,Marcyrl,6228978159139,210.33
Cidcort 1000mg Capsule,Rabeprazole,1000mg,Capsule,Amoun,6224935870734,78.06
Pharcozole 850mg Injection,Omeprazole,850mg,Injection,Apex,6228039400231,91.45
Mupstatin 200mg Syrup,Diclofenac,200mg,Syrup,Delta Pharma,6222262268668,34.96
Sigformin 20mg Syrup,Amlodipine,20mg,Syrup,October Pharma,6225548212997,136.44
Mupcort 20mg Capsule,Ketoprofen,20mg,Capsule,Alexandria,6226267820869,175.63
Mupfen 500mg Injection,Desloratadine,500mg,Injection,GSK Egypt,6221593110295,39.32
Cidcort 50mg Tablet,Diclofenac,50mg,Tablet,GSK Egypt,6223108253626,135.75
Mupmol 200mg Syrup,Mometasone,200mg,Syrup,Kahira,6222054770256,170.26
Muppress 200mg Capsule,Amlodipine,200mg,Capsule,Amoun,6227405305651,197.51
Sigcillin 500mg Injection,Gliclazide,500mg,Injection,Rameda,6222825761841,118.3
Nilemol 500mg Injection,Ibuprofen,500mg,Injection,GSK Egypt,6227916716823,194.91
Epimol 5mg Tablet,Paracetamol,5mg,Tablet,Global Napi,6229891229176,47.29
Octamol 400mg Syrup,Dexamethasone,400mg,Syrup,Memphis,6226386617210,71.77
Epiformin 1000mg Injection,Mometasone,1000mg,Injection,MUP,6223020843387,75.31
Pharcocort 1000mg Tablet,Prednisolone,1000mg,Tablet,Minapharm,6221009362492,54.02
Epistatin 5mg Capsule,Rabeprazole,5mg,Capsule,SEDICO,6226106761469,144.77
Octacillin 100mg Syrup,Hydrocortisone,100mg,Syrup,October Pharma,6221196815399,15.18
Cidtine 1000mg Injection,Loratadine,1000mg,Injection,Marcyrl,6222878494932,243.6
Octacillin 5mg Syrup,Loratadine,5mg,Syrup,October Pharma,6222331107874,138.98
Amouncort 5mg Capsule,Amlodipine,5mg,Capsule,Pfizer Egypt,6221053613304,114.63
Alexformin 100mg Capsule,Gabapentin,100mg,Capsule,Global Napi,6220132973254,213.52
Ramcillin 5mg Syrup,Escitalopram,5mg,Syrup,Nile,6222508000045,188.01
Alexformin 10mg Injection,Loratadine,10mg,Injection,Rameda,6225038008765,227.66
Octacillin 400mg Tablet,Bisoprolol,400mg,Tablet,Hikma Egypt,6221505308635,131.42
Octamol 20mg Tablet,Gliclazide,20mg,Tablet,Alexandria,6226766411940,183.51
Epistatin 20mg Syrup,Fluoxetine,20mg,Syrup,Kahira,6222937531707,111.25
Pharcopress 250mg Tablet,Ketoprofen,250mg,Tablet,Delta Pharma,6222259868475,125.27
Sigcort 250mg Syrup,Amlodipine,250mg,Syrup,Global Napi,6228595191635,33.04
Sigtine 400mg Capsule,Losartan,400mg,Capsule,Memphis,6220281165821,26.66
Ramformin 850mg Tablet,Losartan,850mg,Tablet,Sanofi Egypt,6225644528473,216.42
Cidstatin 250mg Tablet,Escitalopram,250mg,Tablet,Global Napi,6221962107468,246.96
Amounpress 20mg Tablet,Cetirizine,20mg,Tablet,Apex,6222480671691,234.92
Epitine 850mg Capsule,Metformin,850mg,Capsule,Apex,6228211909606,73.67
Amounfen 500mg Capsule,Losartan,500mg,Capsule,Alexandria,6228260112347,83.74
Rampress 20mg Capsule,Amoxicillin,20mg,Capsule,EIPICO,6227371214551,148.41
Pharcotine 500mg Injection,Paracetamol,500mg,Injection,CID,6227142262187,246.95
Niletine 1000mg Syrup,Amoxicillin,1000mg,Syrup,Kahira,6225062570207,125.05
Alexzole 50mg Tablet,Cetirizine,50mg,Tablet,Hikma Egypt,6226894305715,58.6
Octafen 500mg Injection,Betamethasone,500mg,Injection,Pharco,6229535141451,129.69
Amounformin 5mg Syrup,Pantoprazole,5mg,Syrup,Novartis Egypt,6227676011572,50.57
Alexformin 50mg Injection,Amoxicillin,50mg,Injection,Nile,6228683006049,232.66
Amounzole 400mg Syrup,Prednisolone,400mg,Syrup,Alexandria,6223542366180,34.25
Octaflox 5mg Capsule,Diclofenac,5mg,Capsule,Sanofi Egypt,6228813034805,243.18
Pharcocort 1000mg Capsule,Atorvastatin,1000mg,Capsule,Kahira,6227207455264,185.99
Epiflox 850mg Capsule,Hydrocortisone,850mg,Capsule,Marcyrl,6225981619315,168.32
Ramcillin 850mg Tablet,Fluoxetine,850mg,Tablet,MUP,6221305319039,156.5
Sigfen 850mg Tablet,Ketoprofen,850mg,Tablet,Hikma Egypt,6221962962258,83.18
Ramformin 50mg Injection,Gliclazide,50mg,Injection,Rameda,6223501334878,123.55
Sigtine 500mg Tablet,Esomeprazole,500mg,Tablet,Alexandria,6223593896186,33.13
Alexpress 200mg Injection,Ibuprofen,200mg,Injection,Alexandria,6228830985913,232.52
Muptine 20mg Tablet,Mometasone,20mg,Tablet,Nile,6220346690930,176.35
Epipress 50mg Syrup,Sertraline,50mg,Syrup,SEDICO,6220918430162,99.28
Cidfen 400mg Capsule,Diclofenac,400mg,Capsule,Memphis,6221034673181,201.58
Sigstatin 850mg Injection,Atorvastatin,850mg,Injection,MUP,6226743663171,53.67
Pharcofen 20mg Syrup,Ciprofloxacin,20mg,Syrup,EVA Pharma,6228346449053,196.81
Cidzole 20mg Injection,Ibuprofen,20mg,Injection,EIPICO,6226230982341,144.32
Amounpress 20mg Tablet,Omeprazole,20mg,Tablet,GSK Egypt,6222442387813,147.68
Amountine 50mg Tablet,Glimepiride,50mg,Tablet,Sigma,6228987586148,43.27
Mupcillin 500mg Syrup,Pantoprazole,500mg,Syrup,CID,6220094298518,159.89
Epistatin 400mg Injection,Ceftriaxone,400mg,Injection,Apex,6228056180697,169.02
Cidcillin 500mg Injection,Esomeprazole,500mg,Injection,Rameda,6228181189879,213.46
Alexflox 1000mg Injection,Rabeprazole,1000mg,Injection,Nile,6229647929046,211.22
Amounpress 500mg Injection,Amoxicillin,500mg,Injection,Nile,6229725894211,231.83
Amounformin 400mg Injection,Sertraline,400mg,Injection,CID,6222420947053,196.2
Amouncort 400mg Capsule,Gabapentin,400mg,Capsule,Marcyrl,6228257578576,218.97
Mupmol 20mg Capsule,Fluoxetine,20mg,Capsule,CID,6225514834079,55.06
Amounflox 1000mg Capsule,Metformin,1000mg,Capsule,Sigma,6228584180589,87.04
Epiflox 250mg Capsule,Amoxicillin,250mg,Capsule,Sigma,6228679294382,54.6
Cidformin 250mg Capsule,Amlodipine,250mg,Capsule,Delta Pharma,6226549220226,69.21
Rampress 10mg Tablet,Losartan,10mg,Tablet,Delta Pharma,6226330097709,92.88
Sigzole 5mg Tablet,Cetirizine,5mg,Tablet,Rameda,6225350070990,55.84
Amouncillin 50mg Syrup,Mometasone,50mg,Syrup,MUP,6222780703993,244.4
Alexzole 400mg Tablet,Escitalopram,400mg,Tablet,CID,6228682584005,183.1
Cidfen 50mg Syrup,Pantoprazole,50mg,Syrup,SEDICO,6220586631212,82.07
Sigpress 250mg Syrup,Escitalopram,250mg,Syrup,Pharco,6227076729527,134.06
Octazole 250mg Injection,Ketoprofen,250mg,Injection,October Pharma,6220985366999,39.31
Mupmol 100mg Tablet,Ketoprofen,100mg,Tablet,Memphis,6225013757756,246.92
Cidpress 5mg Capsule,Mometasone,5mg,Capsule,Sanofi Egypt,6220529127864,109.06
Alexzole 200mg Injection,Levocetirizine,200mg,Injection,SEDICO,6225881826899,149.08
Ramtine 500mg Injection,Ceftriaxone,500mg,Injection,GSK Egypt,6228296961520,146.76
Mupcort 400mg Injection,Lansoprazole,400mg,Injection,EIPICO,6223084203103,18.71
Nilefen 400mg Injection,Desloratadine,400mg,Injection,Sanofi Egypt,6228256811438,204.39
Sigformin 100mg Capsule,Atorvastatin,100mg,Capsule,Sigma,6224730813677,24.23
Alexstatin 500mg Tablet,Glimepiride,500mg,Tablet,CID,6224624466491,32.03
Amouncillin 20mg Capsule,Losartan,20mg,Capsule,Memphis,6224100603648,41.68
Alexzole 200mg Tablet,Levocetirizine,200mg,Tablet,Sigma,6225826737112,154.09
Amounzole 200mg Syrup,Rabeprazole,200mg,Syrup,GSK Egypt,6225704299572,16.12
Octaformin 200mg Injection,Fexofenadine,200mg,Injection,EVA Pharma,6228276819797,217.08
Octaformin 400mg Capsule,Sertraline,400mg,Capsule,EIPICO,6228910856737,174.49
Epiformin 100mg Tablet,Amoxicillin,100mg,Tablet,Alexandria,6225898200989,227.33
Sigfen 20mg Tablet,Levofloxacin,20mg,Tablet,October Pharma,6223605857853,87.77
Sigcillin 850mg Tablet,Lansoprazole,850mg,Tablet,MUP,6228586261200,195.9
Ramcort 850mg Syrup,Sertraline,850mg,Syrup,Delta Pharma,6220184200650,144.05
Sigflox 50mg Tablet,Sertraline,50mg,Tablet,Sanofi Egypt,6222773699470,203.93
Amountine 850mg Injection,Escitalopram,850mg,Injection,Delta Pharma,6220345978619,27.06
Octacort 200mg Syrup,Sertraline,200mg,Syrup,October Pharma,6223922622998,216.35
Amounzole 500mg Syrup,Gliclazide,500mg,Syrup,Amoun,6221461749268,164.31
Amounzole 100mg Injection,Sitagliptin,100mg,Injection,CID,6226830777293,85.5
Cidflox 5mg Tablet,Glimepiride,5mg,Tablet,Pharco,6222680696715,90.81
Amounflox 1000mg Capsule,Gabapentin,1000mg,Capsule,Pharco,6229539322849,217.06
Ramtine 400mg Injection,Paracetamol,400mg,Injection,Alexandria,6220063953769,189.11
Cidcillin 20mg Tablet,Ceftriaxone,20mg,Tablet,GSK Egypt,6220226763167,189.82
Octapress 850mg Tablet,Valsartan,850mg,Tablet,MUP,6223051393110,136.62
Niletine 50mg Tablet,Atorvastatin,50mg,Tablet,Global Napi,6225059523780,221.78
Rampress 10mg Injection,Gliclazide,10mg,Injection,EIPICO,6223731561662,240.07
Ramcort 850mg Injection,Fexofenadine,850mg,Injection,Rameda,6229721976263,102.79
Nilestatin 1000mg Syrup,Mometasone,1000mg,Syrup,Apex,6222627369917,194.5
Pharcostatin 400mg Capsule,Metformin,400mg,Capsule,Rameda,6229784197285,221.23
Amounflox 100mg Tablet,Pregabalin,100mg,Tablet,Memphis,6226380766235,81.17
Octacillin 100mg Syrup,Desloratadine,100mg,Syrup,Rameda,6223409473730,43.72
Alexzole 400mg Capsule,Amlodipine,400mg,Capsule,Nile,6225068469536,209.74
Pharcotine 50mg Injection,Betamethasone,50mg,Injection,Apex,6226778291394,63.51
Ramcillin 200mg Injection,Valsartan,200mg,Injection,Apex,6221292753045,81.91
Cidzole 100mg Capsule,Valsartan,100mg,Capsule,Alexandria,6221786119623,223.68
Octapress 850mg Capsule,Ketoprofen,850mg,Capsule,Pharco,6228763281595,75.0
Rampress 5mg Tablet,Atorvastatin,5mg,Tablet,Rameda,6221421910134,36.55
Cidfen 10mg Tablet,Ceftriaxone,10mg,Tablet,Pharco,6227843133021,84.7
Amounstatin 500mg Capsule,Fluoxetine,500mg,Capsule,Memphis,6228752451428,86.81
Amounflox 5mg Syrup,Gabapentin,5mg,Syrup,Alexandria,6225571528843,141.75
Octapress 10mg Injection,Metformin,10mg,Injection,Delta Pharma,6226045458611,23.01
Mupcillin 1000mg Tablet,Pantoprazole,1000mg,Tablet,Marcyrl,6226961618007,155.73
Nilezole 500mg Injection,Gabapentin,500mg,Injection,Global Napi,6222102327364,209.08
Amountine 50mg Tablet,Fluoxetine,50mg,Tablet,EIPICO,6227378356964,25.57
Amounformin 400mg Capsule,Levocetirizine,400mg,Capsule,Rameda,6226117909157,182.76
Mupfen 50mg Tablet,Diclofenac,50mg,Tablet,Global Napi,6229492146858,240.69
Pharcotine 100mg Tablet,Prednisolone,100mg,Tablet,Hikma Egypt,6223059455650,47.74
Rampress 20mg Tablet,Hydrocortisone,20mg,Tablet,Minapharm,6220719866788,138.87
Cidcillin 100mg Capsule,Ciprofloxacin,100mg,Capsule,MUP,6227825591771,206.61
Nilemol 500mg Tablet,Sitagliptin,500mg,Tablet,Pfizer Egypt,6222157009475,184.36
Sigzole 50mg Injection,Ciprofloxacin,50mg,Injection,October Pharma,6229110746934,30.45
Epicort 20mg Syrup,Dexamethasone,20mg,Syrup,Pharco,6224173281040,39.47
Pharcocort 100mg Syrup,Amlodipine,100mg,Syrup,Minapharm,6223164401467,66.86
Octapress 10mg Capsule,Paracetamol,10mg,Capsule,Sanofi Egypt,6227288412781,106.52
Epimol 200mg Tablet,Meloxicam,200mg,Tablet,GSK Egypt,6229237992108,189.37
Cidflox 400mg Tablet,Fexofenadine,400mg,Tablet,Minapharm,6227108118183,228.83
Nilepress 850mg Injection,Bisoprolol,850mg,Injection,Minapharm,6223634774961,78.58
Nilepress 5mg Injection,Gliclazide,5mg,Injection,EVA Pharma,6221950467925,207.1
Epimol 10mg Syrup,Sertraline,10mg,Syrup,Hikma Egypt,6220134941756,178.99
Epifen 250mg Injection,Escitalopram,250mg,Injection,Pfizer Egypt,6224756016397,70.59
Amounflox 850mg Injection,Fluoxetine,850mg,Injection,Nile,6226725203227,233.68
Ramtine 100mg Capsule,Gabapentin,100mg,Capsule,Pfizer Egypt,6224458897331,180.5
Cidcort 850mg Injection,Loratadine,850mg,Injection,Pfizer Egypt,6226284177120,74.51
Amouncillin 10mg Syrup,Diclofenac,10mg,Syrup,Rameda,6224966912786,237.63
Sigcort 1000mg Injection,Desloratadine,1000mg,Injection,EIPICO,6228545420181,220.89
Alexmol 20mg Tablet,Atorvastatin,20mg,Tablet,Apex,6224980365858,103.8
Amounpress 10mg Capsule,Dexamethasone,10mg,Capsule,Sanofi Egypt,6221561816730,80.07
Sigmol 1000mg Capsule,Betamethasone,1000mg,Capsule,Sigma,6224164279421,245.8
Alexcort 850mg Syrup,Meloxicam,850mg,Syrup,Pfizer Egypt,6226436337518,70.51
Nileflox 500mg Tablet,Fluoxetine,500mg,Tablet,Alexandria,6224376809843,233.7
Pharcoformin 10mg Injection,Sertraline,10mg,Injection,Memphis,6222731176968,133.65
Amounpress 850mg Capsule,Valsartan,850mg,Capsule,Pharco,6223059545139,206.09
Mupstatin 20mg Tablet,Gliclazide,20mg,Tablet,Marcyrl,6227407099367,92.26
Alexflox 10mg Syrup,Atorvastatin,10mg,Syrup,Global Napi,6223299099218,150.18
Amounflox 200mg Syrup,Sitagliptin,200mg,Syrup,Hikma Egypt,6227338900916,114.15
Sigformin 400mg Tablet,Prednisolone,400mg,Tablet,MUP,6222164357583,113.25
Nilefen 1000mg Capsule,Gabapentin,1000mg,Capsule,GSK Egypt,6224786229569,77.05
Mupcort 20mg Tablet,Atorvastatin,20mg,Tablet,Delta Pharma,6224391026287,24.87
Cidmol 850mg Tablet,Levofloxacin,850mg,Tablet,Kahira,6220286546915,44.45
Epicort 250mg Capsule,Loratadine,250mg,Capsule,Kahira,6222745046196,68.19
Mupformin 50mg Injection,Valsartan,50mg,Injection,Nile,6223005691972,236.44
Alexformin 100mg Injection,Loratadine,100mg,Injection,Rameda,6226953216440,171.63
Epiformin 1000mg Injection,Desloratadine,1000mg,Injection,Pfizer Egypt,6224707196673,115.12
Niletine 10mg Injection,Gabapentin,10mg,Injection,EIPICO,6226809752870,146.27
Mupcort 50mg Capsule,Fluoxetine,50mg,Capsule,October Pharma,6226702298604,81.55
Nilezole 1000mg Capsule,Fexofenadine,1000mg,Capsule,Memphis,6227589063569,141.28
Nileflox 200mg Tablet,Metformin,200mg,Tablet,Alexandria,6229096866527,229.09
Octatine 10mg Tablet,Fluoxetine,10mg,Tablet,Delta Pharma,6222635789196,234.55
Cidzole 10mg Tablet,Escitalopram,10mg,Tablet,Memphis,6220823146608,133.58
Ramfen 1000mg Tablet,Fexofenadine,1000mg,Tablet,Kahira,6229761315435,141.95
Ramflox 1000mg Syrup,Amoxicillin,1000mg,Syrup,Sigma,6223265097910,187.02
Nilecort 100mg Syrup,Glimepiride,100mg,Syrup,October Pharma,6226647770876,246.35
Epiformin 500mg Capsule,Cetirizine,500mg,Capsule,Novartis Egypt,6222226319078,163.72
Nilemol 10mg Syrup,Betamethasone,10mg,Syrup,Minapharm,6221649192237,210.05
Ramtine 400mg Syrup,Amlodipine,400mg,Syrup,Kahira,6226254800379,227.49
Sigfen 400mg Injection,Azithromycin,400mg,Injection,EVA Pharma,6225418641018,159.08
Sigfen 1000mg Tablet,Glimepiride,1000mg,Tablet,Pharco,6220254740246,56.3
Sigpress 1000mg Capsule,Omeprazole,1000mg,Capsule,GSK Egypt,6226338483641,133.52
Pharcostatin 500mg Syrup,Fluoxetine,500mg,Syrup,Sanofi Egypt,6221022336500,78.84
Nilestatin 250mg Injection,Mometasone,250mg,Injection,Apex,6223745048906,50.76
Alextine 250mg Capsule,Bisoprolol,250mg,Capsule,Pharco,6228140074574,34.56
Pharcocillin 400mg Syrup,Gabapentin,400mg,Syrup,EVA Pharma,6225582344357,76.92
Octacillin 200mg Capsule,Amoxicillin,200mg,Capsule,Pharco,6228743926140,225.06
Amouncillin 20mg Syrup,Pregabalin,20mg,Syrup,CID,6226819412382,130.85
Octapress 400mg Injection,Valsartan,400mg,Injection,SEDICO,6224662752082,133.93
Mupcort 200mg Tablet,Empagliflozin,200mg,Tablet,Delta Pharma,6228429816017,228.33
Alexcort 500mg Injection,Cetirizine,500mg,Injection,Pfizer Egypt,6229775764595,234.64
Alexcillin 500mg Capsule,Prednisolone,500mg,Capsule,Memphis,6224658797615,196.76
Pharcotine 10mg Tablet,Gliclazide,10mg,Tablet,CID,6223356415623,166.51
Amounfen 50mg Capsule,Gabapentin,50mg,Capsule,Nile,6222400835165,153.18
Pharcomol 250mg Capsule,Losartan,250mg,Capsule,Nile,6222951494002,37.79
Epimol 20mg Capsule,Bisoprolol,20mg,Capsule,Amoun,6224736211804,172.5
Ramformin 850mg Injection,Glimepiride,850mg,Injection,Delta Pharma,6226132400233,55.21
Cidzole 10mg Syrup,Pregabalin,10mg,Syrup,Hikma Egypt,6222454033197,60.49
Octacillin 1000mg Tablet,Amoxicillin,1000mg,Tablet,EIPICO,6224534676065,97.68
Alexformin 10mg Tablet,Omeprazole,10mg,Tablet,Alexandria,6221667544155,169.45
Octaformin 1000mg Syrup,Paracetamol,1000mg,Syrup,Kahira,6226646007140,147.84
Mupcillin 250mg Syrup,Esomeprazole,250mg,Syrup,Global Napi,6221171001809,58.64
Epimol 250mg Syrup,Betamethasone,250mg,Syrup,Delta Pharma,6224154075798,230.37
Epipress 20mg Injection,Fexofenadine,20mg,Injection,EVA Pharma,6221263189514,114.9
Pharcoformin 500mg Syrup,Levofloxacin,500mg,Syrup,Rameda,6226416043316,247.73
Nileflox 400mg Syrup,Prednisolone,400mg,Syrup,Apex,6228244705800,207.01
Pharcocort 400mg Capsule,Gliclazide,400mg,Capsule,EVA Pharma,6226929123512,30.01
Octatine 850mg Tablet,Cetirizine,850mg,Tablet,Minapharm,6223728956860,61.14
Sigfen 850mg Syrup,Ceftriaxone,850mg,Syrup,Sigma,6226096422982,66.2
Sigformin 50mg Capsule,Ketoprofen,50mg,Capsule,MUP,6224879767671,18.02
Amounformin 5mg Injection,Bisoprolol,5mg,Injection,Memphis,6222391409833,68.94
Sigcort 200mg Tablet,Meloxicam,200mg,Tablet,Apex,6224755907849,174.35
Alexmol 10mg Tablet,Pregabalin,10mg,Tablet,Novartis Egypt,6225373654092,151.37
Octacillin 100mg Tablet,Amoxicillin,100mg,Tablet,Delta Pharma,6225922257651,70.77
Octamol 850mg Tablet,Metformin,850mg,Tablet,Rameda,6225186563796,19.36
Amounzole 400mg Syrup,Gabapentin,400mg,Syrup,October Pharma,6228946943326,239.13
Octamol 500mg Syrup,Omeprazole,500mg,Syrup,Memphis,6227602911129,214.59
Amounfen 200mg Syrup,Sitagliptin,200mg,Syrup,Marcyrl,6224666238278,62.01
Mupformin 500mg Capsule,Losartan,500mg,Capsule,GSK Egypt,6224269255139,26.12
Cidflox 10mg Capsule,Meloxicam,10mg,Capsule,Kahira,6220895119876,117.99
Mupmol 20mg Syrup,Lansoprazole,20mg,Syrup,EVA Pharma,6224130121556,96.86
Mupformin 250mg Tablet,Ibuprofen,250mg,Tablet,Kahira,6220439872069,145.04
Octamol 20mg Tablet,Omeprazole,20mg,Tablet,Novartis Egypt,6227492495945,100.3
Amountine 1000mg Tablet,Gabapentin,1000mg,Tablet,SEDICO,6225327727728,141.12
Cidflox 100mg Tablet,Valsartan,100mg,Tablet,EVA Pharma,6223705238989,205.77
Octacort 20mg Syrup,Gabapentin,20mg,Syrup,Novartis Egypt,6227930867495,137.43
Alexflox 250mg Syrup,Metformin,250mg,Syrup,Marcyrl,6223894211299,88.47
Mupmol 850mg Tablet,Atorvastatin,850mg,Tablet,Global Napi,6228284356581,223.34
Octazole 50mg Syrup,Meloxicam,50mg,Syrup,Alexandria,6228141888866,190.78
Mupstatin 100mg Capsule,Gliclazide,100mg,Capsule,Nile,6220715499614,83.16
Nilecillin 20mg Injection,Empagliflozin,20mg,Injection,EVA Pharma,6226839151803,194.68
Cidcillin 1000mg Injection,Betamethasone,1000mg,Injection,Apex,6221761249314,103.61
Pharcopress 100mg Tablet,Dexamethasone,100mg,Tablet,Alexandria,6224929890205,215.65
Ramformin 10mg Tablet,Ibuprofen,10mg,Tablet,Minapharm,6227414220358,197.52
Amounfen 500mg Capsule,Meloxicam,500mg,Capsule,Novartis Egypt,6229237270213,26.15
Ramflox 200mg Tablet,Metformin,200mg,Tablet,Minapharm,6220324722752,207.89
Mupzole 20mg Injection,Cetirizine,20mg,Injection,Hikma Egypt,6221332417005,235.19
Octastatin 200mg Syrup,Azithromycin,200mg,Syrup,GSK Egypt,6224105262611,218.76
Nilemol 500mg Injection,Fexofenadine,500mg,Injection,Hikma Egypt,6224655581903,114.0
Pharcopress 5mg Injection,Metformin,5mg,Injection,Kahira,6227179459246,35.98
Sigcort 400mg Tablet,Ketoprofen,400mg,Tablet,Delta Pharma,6224192834852,117.61
Octaflox 400mg Capsule,Losartan,400mg,Capsule,Pharco,6222174160739,207.76
Cidmol 50mg Syrup,Bisoprolol,50mg,Syrup,Memphis,6228582610705,113.91
Ramcillin 50mg Tablet,Lansoprazole,50mg,Tablet,Nile,6225159056874,185.43
Ramzole 200mg Capsule,Loratadine,200mg,Capsule,Sigma,6221872430359,233.55
Mupzole 20mg Syrup,Cetirizine,20mg,Syrup,Sanofi Egypt,6225147050006,29.66
Nileflox 50mg Injection,Cetirizine,50mg,Injection,CID,6221721653663,125.08
Alexpress 5mg Capsule,Escitalopram,5mg,Capsule,Pfizer Egypt,6220564349160,160.65
Alexflox 200mg Capsule,Ceftriaxone,200mg,Capsule,Alexandria,6229226907533,111.6
Sigzole 50mg Syrup,Gabapentin,50mg,Syrup,Sigma,6223410647311,109.82
Octatine 5mg Syrup,Desloratadine,5mg,Syrup,Pfizer Egypt,6225782258195,98.28
Sigformin 500mg Injection,Ceftriaxone,500mg,Injection,Minapharm,6220217187149,59.17
Rampress 50mg Syrup,Prednisolone,50mg,Syrup,Memphis,6227007889443,76.43
Cidpress 5mg Syrup,Levofloxacin,5mg,Syrup,EVA Pharma,6226015127851,194.72
Alextine 50mg Capsule,Paracetamol,50mg,Capsule,October Pharma,6225317935652,180.3
Epizole 400mg Tablet,Sitagliptin,400mg,Tablet,SEDICO,6229447202073,183.31
Nilefen 100mg Injection,Omeprazole,100mg,Injection,Sanofi Egypt,6225329924453,148.02
Epistatin 5mg Capsule,Desloratadine,5mg,Capsule,Hikma Egypt,6227055439164,105.21
Pharcozole 5mg Capsule,Amoxicillin,5mg,Capsule,Hikma Egypt,6221759393364,49.03
Amounfen 400mg Tablet,Ceftriaxone,400mg,Tablet,Sigma,6221784186436,126.28
Epitine 500mg Capsule,Lansoprazole,500mg,Capsule,Sigma,6220273709231,26.0
Pharcotine 250mg Capsule,Mometasone,250mg,Capsule,Marcyrl,6227541493397,15.31
Sigcillin 100mg Tablet,Mometasone,100mg,Tablet,Apex,6223923696615,123.69
Mupformin 1000mg Syrup,Empagliflozin,1000mg,Syrup,SEDICO,6227600660357,67.18
Mupstatin 10mg Capsule,Escitalopram,10mg,Capsule,CID,6229725584280,100.18
Alexstatin 200mg Injection,Mometasone,200mg,Injection,GSK Egypt,6227924014096,47.16
Alexzole 20mg Injection,Esomeprazole,20mg,Injection,Amoun,6226513110829,78.52
Mupcillin 400mg Tablet,Valsartan,400mg,Tablet,Global Napi,6226452549292,221.53
Epiflox 10mg Syrup,Gabapentin,10mg,Syrup,CID,6221782190091,21.1
Pharcocort 500mg Tablet,Empagliflozin,500mg,Tablet,Nile,6229347579473,125.76
Ramflox 5mg Injection,Cetirizine,5mg,Injection,Sigma,6228444675262,234.97
Alexformin 100mg Tablet,Ibuprofen,100mg,Tablet,Novartis Egypt,6226301383299,29.12
Nilecillin 5mg Capsule,Loratadine,5mg,Capsule,CID,6224607389007,145.98
Amounflox 5mg Syrup,Losartan,5mg,Syrup,MUP,6222151204753,168.61
Cidformin 5mg Injection,Escitalopram,5mg,Injection,Kahira,6224415407832,110.61
Cidcort 10mg Syrup,Prednisolone,10mg,Syrup,Novartis Egypt,6229712008072,213.18
Cidzole 250mg Tablet,Prednisolone,250mg,Tablet,Kahira,6222321539234,174.08
Rammol 200mg Capsule,Loratadine,200mg,Capsule,Hikma Egypt,6225852503002,24.31
Epicort 10mg Tablet,Sitagliptin,10mg,Tablet,Global Napi,6222182896651,151.06
Cidformin 500mg Syrup,Desloratadine,500mg,Syrup,Kahira,6228230185401,192.5
Sigcort 200mg Injection,Amlodipine,200mg,Injection,Apex,6226092662849,128.97
Cidstatin 5mg Injection,Desloratadine,5mg,Injection,MUP,6221732995189,230.25
Sigflox 250mg Tablet,Pantoprazole,250mg,Tablet,Alexandria,6222261366297,165.0
Amountine 500mg Injection,Mometasone,500mg,Injection,Nile,6228587970002,241.34
Sigstatin 250mg Syrup,Fluoxetine,250mg,Syrup,Novartis Egypt,6227885547534,128.78
Pharcostatin 20mg Syrup,Omeprazole,20mg,Syrup,Delta Pharma,6228899810584,149.54
Pharcomol 850mg Injection,Pantoprazole,850mg,Injection,Sigma,6224468811075,58.5
Cidfen 850mg Syrup,Rabeprazole,850mg,Syrup,Memphis,6225341182466,195.65
Pharcozole 850mg Injection,Valsartan,850mg,Injection,Alexandria,6221439911093,220.05
Sigmol 20mg Capsule,Sertraline,20mg,Capsule,Alexandria,6228960648542,84.98
Octatine 10mg Injection,Paracetamol,10mg,Injection,EVA Pharma,6228767895057,151.2
Alexcort 100mg Capsule,Empagliflozin,100mg,Capsule,Pfizer Egypt,6226772656298,201.17
Mupmol 20mg Tablet,Ibuprofen,20mg,Tablet,GSK Egypt,6226572190039,111.56
Mupstatin 100mg Capsule,Gabapentin,100mg,Capsule,MUP,6221868315974,65.88
Alexcillin 250mg Injection,Amoxicillin,250mg,Injection,Hikma Egypt,6226159075964,216.54
Octacort 400mg Syrup,Ciprofloxacin,400mg,Syrup,Pharco,6224220687351,68.85
Nileformin 20mg Tablet,Escitalopram,20mg,Tablet,SEDICO,6221529917042,111.14
Cidfen 100mg Syrup,Empagliflozin,100mg,Syrup,CID,6226428011570,23.25
Octacort 850mg Tablet,Lansoprazole,850mg,Tablet,Kahira,6225887529916,99.73
Cidflox 500mg Syrup,Diclofenac,500mg,Syrup,GSK Egypt,6226943481674,175.89
Rampress 10mg Syrup,Gabapentin,10mg,Syrup,Novartis Egypt,6227520153144,55.25
Epiflox 50mg Tablet,Sitagliptin,50mg,Tablet,Alexandria,6222197687237,202.38
Muptine 200mg Tablet,Betamethasone,200mg,Tablet,CID,6226615609566,191.14
Amounzole 20mg Tablet,Loratadine,20mg,Tablet,Alexandria,6225165621226,42.19
Octaformin 10mg Capsule,Gliclazide,10mg,Capsule,Nile,6223725157512,31.91
Octacort 400mg Tablet,Glimepiride,400mg,Tablet,Memphis,6224785341118,248.15
Mupzole 250mg Syrup,Loratadine,250mg,Syrup,Rameda,6222930614735,97.45
Nilepress 500mg Tablet,Bisoprolol,500mg,Tablet,October Pharma,6229004457618,31.19
Cidformin 5mg Capsule,Amlodipine,5mg,Capsule,Hikma Egypt,6225370391808,81.6
Sigstatin 50mg Injection,Ciprofloxacin,50mg,Injection,Marcyrl,6223578047336,240.93
Sigpress 50mg Injection,Ciprofloxacin,50mg,Injection,MUP,6221155504630,27.57
Nilemol 500mg Injection,Glimepiride,500mg,Injection,Minapharm,6226013187451,232.64
Sigcort 50mg Tablet,Fexofenadine,50mg,Tablet,Marcyrl,6228007186228,243.15
Muppress 100mg Capsule,Ciprofloxacin,100mg,Capsule,SEDICO,6220841395262,201.58
Pharcocort 100mg Capsule,Pantoprazole,100mg,Capsule,Sigma,6221647333298,184.01
Pharcoformin 5mg Injection,Escitalopram,5mg,Injection,GSK Egypt,6228417565880,194.81
Cidcillin 250mg Syrup,Sertraline,250mg,Syrup,MUP,6226513102206,133.51
Mupfen 200mg Tablet,Diclofenac,200mg,Tablet,Minapharm,6225995255035,95.1
Alextine 1000mg Injection,Amlodipine,1000mg,Injection,Nile,6223497125412,214.39
Pharcozole 50mg Injection,Fexofenadine,50mg,Injection,October Pharma,6228081245484,104.64
Nilestatin 200mg Capsule,Esomeprazole,200mg,Capsule,SEDICO,6223779537124,184.74
Sigcort 400mg Syrup,Metformin,400mg,Syrup,Marcyrl,6226326697531,101.2
Alexzole 400mg Capsule,Glimepiride,400mg,Capsule,Novartis Egypt,6221431968019,158.32
Pharcofen 50mg Syrup,Pregabalin,50mg,Syrup,Apex,6224563816906,72.63
Octaformin 20mg Tablet,Lansoprazole,20mg,Tablet,Apex,6222344367852,22.14
Octastatin 10mg Tablet,Mometasone,10mg,Tablet,Minapharm,6226215845708,234.88
Octaflox 50mg Syrup,Amlodipine,50mg,Syrup,Novartis Egypt,6224107068457,127.64
Nilemol 50mg Capsule,Levofloxacin,50mg,Capsule,Novartis Egypt,6223303135277,144.73
Pharcostatin 20mg Tablet,Escitalopram,20mg,Tablet,Sanofi Egypt,6226843632930,138.99
Octapress 500mg Capsule,Ceftriaxone,500mg,Capsule,SEDICO,6223254241775,175.76
Epimol 250mg Injection,Betamethasone,250mg,Injection,Sigma,6220472209334,135.51
Ramcort 10mg Injection,Escitalopram,10mg,Injection,Rameda,6220723502061,166.31
Nileflox 250mg Injection,Levocetirizine,250mg,Injection,Global Napi,6229785697159,80.59
Ramflox 10mg Tablet,Amoxicillin,10mg,Tablet,Memphis,6229808534119,247.66
Ramformin 1000mg Tablet,Cetirizine,1000mg,Tablet,MUP,6220438092864,171.19
Niletine 850mg Injection,Pantoprazole,850mg,Injection,Global Napi,6225635422681,110.77
Cidformin 50mg Capsule,Desloratadine,50mg,Capsule,Memphis,6224349564366,40.14
Cidformin 20mg Injection,Ceftriaxone,20mg,Injection,Marcyrl,6226049559062,53.36
Alexstatin 850mg Capsule,Glimepiride,850mg,Capsule,October Pharma,6228022561833,197.7
Niletine 100mg Injection,Hydrocortisone,100mg,Injection,Minapharm,6226127909642,220.38
Octacort 850mg Injection,Metformin,850mg,Injection,Minapharm,6229894006347,116.19
Epiformin 10mg Injection,Dexamethasone,10mg,Injection,Memphis,6226599049150,233.97
Octaformin 850mg Capsule,Escitalopram,850mg,Capsule,Apex,6226395832369,39.17
Alexcillin 100mg Capsule,Sertraline,100mg,Capsule,Pharco,6226631982315,159.83
Pharcoflox 10mg Syrup,Esomeprazole,10mg,Syrup,Novartis Egypt,6229880696842,118.53
Amouncillin 50mg Syrup,Losartan,50mg,Syrup,Delta Pharma,6222802090322,109.21
Pharcocillin 50mg Tablet,Ciprofloxacin,50mg,Tablet,Pharco,6223315432074,113.64
Sigcillin 100mg Tablet,Gabapentin,100mg,Tablet,GSK Egypt,6229288537914,196.71
Sigstatin 10mg Injection,Ibuprofen,10mg,Injection,SEDICO,6223045755054,86.77
Nilecort 250mg Injection,Gliclazide,250mg,Injection,Marcyrl,6226233630805,35.69
Epiflox 850mg Tablet,Ibuprofen,850mg,Tablet,Global Napi,6229658324236,187.85
Sigcort 20mg Tablet,Fluoxetine,20mg,Tablet,Alexandria,6224942214774,71.11
Ramcort 1000mg Capsule,Losartan,1000mg,Capsule,Marcyrl,6221585878158,114.06
Cidfen 50mg Capsule,Sertraline,50mg,Capsule,Pfizer Egypt,6229947100718,24.42
Pharcocillin 250mg Capsule,Atorvastatin,250mg,Capsule,Hikma Egypt,6223011212116,207.89
Nilecort 1000mg Injection,Fluoxetine,1000mg,Injection,October Pharma,6228198294818,208.06
Octatine 850mg Capsule,Prednisolone,850mg,Capsule,GSK Egypt,6224568576331,54.3
Sigmol 250mg Syrup,Fluoxetine,250mg,Syrup,Nile,6222043917372,184.64
Alexcort 5mg Syrup,Rabeprazole,5mg,Syrup,October Pharma,6228509993195,44.52
Nilezole 850mg Capsule,Atorvastatin,850mg,Capsule,Sanofi Egypt,6227877123111,160.33
Cidcillin 400mg Syrup,Sertraline,400mg,Syrup,GSK Egypt,6226476544174,98.97
Ramtine 50mg Capsule,Atorvastatin,50mg,Capsule,MUP,6224781680785,62.34
Sigformin 5mg Capsule,Lansoprazole,5mg,Capsule,EIPICO,6223646107436,174.32
Mupflox 850mg Tablet,Amoxicillin,850mg,Tablet,MUP,6229815383427,190.42
Cidformin 100mg Tablet,Pregabalin,100mg,Tablet,Sigma,6228218743173,90.01
Epitine 1000mg Capsule,Dexamethasone,1000mg,Capsule,Sigma,6223980889760,17.63
Sigtine 100mg Tablet,Betamethasone,100mg,Tablet,Marcyrl,6224562932225,112.47
Rammol 400mg Syrup,Amlodipine,400mg,Syrup,Memphis,6226821938757,26.39
Ramcort 1000mg Injection,Escitalopram,1000mg,Injection,Alexandria,6221063449948,161.25
Nilestatin 1000mg Capsule,Levofloxacin,1000mg,Capsule,Marcyrl,6222551836325,135.31
Pharcostatin 100mg Syrup,Sertraline,100mg,Syrup,GSK Egypt,6221566562632,208.79
Mupstatin 400mg Tablet,Bisoprolol,400mg,Tablet,CID,6224287513594,192.02
Octamol 250mg Tablet,Omeprazole,250mg,Tablet,Marcyrl,6226284168890,168.27
Mupzole 500mg Tablet,Empagliflozin,500mg,Tablet,Minapharm,6225388398707,135.63
Ramcort 400mg Injection,Hydrocortisone,400mg,Injection,Alexandria,6224526623749,55.89
Epitine 20mg Capsule,Fexofenadine,20mg,Capsule,GSK Egypt,6222935176054,29.39
Nilecort 1000mg Capsule,Esomeprazole,1000mg,Capsule,Amoun,6223915512657,62.4
Nileformin 250mg Capsule,Ibuprofen,250mg,Capsule,Memphis,6224039928607,170.37
Cidpress 50mg Syrup,Esomeprazole,50mg,Syrup,October Pharma,6226098363030,159.59
Sigfen 400mg Syrup,Rabeprazole,400mg,Syrup,Apex,6222582829136,97.74
Sigformin 1000mg Tablet,Azithromycin,1000mg,Tablet,Kahira,6223136965676,54.05
Octafen 20mg Tablet,Ketoprofen,20mg,Tablet,Delta Pharma,6224980607965,218.67
Octatine 5mg Capsule,Levofloxacin,5mg,Capsule,MUP,6229452654706,92.8
Sigstatin 200mg Tablet,Azithromycin,200mg,Tablet,Amoun,6228218218275,224.85
Mupstatin 1000mg Tablet,Bisoprolol,1000mg,Tablet,Pfizer Egypt,6220342982770,85.66
Sigzole 400mg Injection,Rabeprazole,400mg,Injection,GSK Egypt,6220980026249,249.4
Cidcillin 10mg Syrup,Loratadine,10mg,Syrup,GSK Egypt,6221675567443,112.42
Epistatin 100mg Injection,Pantoprazole,100mg,Injection,EIPICO,6220489863116,155.14
Cidflox 5mg Syrup,Atorvastatin,5mg,Syrup,SEDICO,6223054921020,163.94
Pharcofen 10mg Capsule,Sitagliptin,10mg,Capsule,Nile,6227542751694,114.0
Sigfen 250mg Injection,Escitalopram,250mg,Injection,Pharco,6220983656191,77.42
Amountine 20mg Injection,Fexofenadine,20mg,Injection,Hikma Egypt,6222845887699,162.87
Niletine 100mg Tablet,Meloxicam,100mg,Tablet,EIPICO,6225680830431,88.05
Cidformin 200mg Syrup,Hydrocortisone,200mg,Syrup,Rameda,6222292634211,93.73
Cidflox 1000mg Tablet,Omeprazole,1000mg,Tablet,Sanofi Egypt,6225330031812,37.67
Nilecort 5mg Capsule,Losartan,5mg,Capsule,Alexandria,6223702844572,226.62
Octaformin 20mg Tablet,Betamethasone,20mg,Tablet,Sigma,6225310194629,238.3
Pharcopress 10mg Tablet,Prednisolone,10mg,Tablet,Apex,6220812383199,177.06
Epiflox 5mg Injection,Prednisolone,5mg,Injection,Pfizer Egypt,6224731698532,223.51
Cidmol 10mg Injection,Metformin,10mg,Injection,Memphis,6221312962020,212.33
Cidcillin 20mg Capsule,Pregabalin,20mg,Capsule,Alexandria,6224011898188,101.2
Pharcotine 20mg Syrup,Azithromycin,20mg,Syrup,Nile,6221227481746,48.98
Sigzole 10mg Injection,Pregabalin,10mg,Injection,Sigma,6228280788119,42.91
Amounformin 1000mg Capsule,Cetirizine,1000mg,Capsule,Hikma Egypt,6226226300012,172.13
Cidpress 100mg Injection,Rabeprazole,100mg,Injection,Novartis Egypt,6221313908621,235.8
Sigtine 250mg Tablet,Ciprofloxacin,250mg,Tablet,Minapharm,6222484932606,147.26
Epiflox 20mg Tablet,Atorvastatin,20mg,Tablet,GSK Egypt,6227498979937,247.87
Cidtine 250mg Tablet,Paracetamol,250mg,Tablet,Sanofi Egypt,6222800653444,151.7
Octacillin 10mg Capsule,Levocetirizine,10mg,Capsule,Sigma,6225414090384,48.25
Sigzole 100mg Capsule,Desloratadine,100mg,Capsule,Alexandria,6221342345794,58.63
Sigzole 50mg Injection,Levofloxacin,50mg,Injection,Sigma,6226008974363,236.95
Nilezole 1000mg Tablet,Fexofenadine,1000mg,Tablet,Nile,6222547909231,199.3
Mupcort 20mg Capsule,Pantoprazole,20mg,Capsule,Amoun,6221268395835,155.49
Pharcostatin 250mg Injection,Fexofenadine,250mg,Injection,MUP,6222599638165,60.29
Nilepress 50mg Capsule,Desloratadine,50mg,Capsule,Kahira,6221822451342,248.4
Sigzole 10mg Capsule,Levocetirizine,10mg,Capsule,Apex,6226029032820,47.84
Alexmol 250mg Tablet,Escitalopram,250mg,Tablet,Marcyrl,6223445202325,231.92
Nilezole 5mg Tablet,Empagliflozin,5mg,Tablet,Pharco,6223383262665,143.79
Alexcillin 200mg Injection,Valsartan,200mg,Injection,Novartis Egypt,6225250968656,171.57
Ramzole 200mg Tablet,Amoxicillin,200mg,Tablet,GSK Egypt,6225180492849,144.5
Pharcostatin 850mg Tablet,Fexofenadine,850mg,Tablet,Amoun,6222199460494,185.91
Mupcillin 250mg Tablet,Glimepiride,250mg,Tablet,Nile,6229734279566,216.88
Mupfen 1000mg Injection,Metformin,1000mg,Injection,Minapharm,6222853957490,105.63
Muptine 850mg Tablet,Lansoprazole,850mg,Tablet,SEDICO,6228394571676,79.01
Sigflox 10mg Syrup,Metformin,10mg,Syrup,Alexandria,6224843746534,203.33
Epipress 20mg Capsule,Gliclazide,20mg,Capsule,Alexandria,6227948611691,70.85
Cidmol 5mg Injection,Omeprazole,5mg,Injection,Sanofi Egypt,6221311898023,47.02
Epizole 10mg Syrup,Cetirizine,10mg,Syrup,EVA Pharma,6229424202744,171.71
Epizole 10mg Syrup,Pantoprazole,10mg,Syrup,Pharco,6221508440202,46.65
Nileformin 200mg Syrup,Mometasone,200mg,Syrup,Hikma Egypt,6222137370502,138.97
Sigpress 50mg Injection,Levocetirizine,50mg,Injection,October Pharma,6226080621452,156.61
Cidflox 250mg Injection,Gliclazide,250mg,Injection,Apex,6229063386102,243.7
Pharcocort 500mg Injection,Prednisolone,500mg,Injection,Pharco,6227650238353,237.71
Nilecillin 400mg Capsule,Escitalopram,400mg,Capsule,EIPICO,6220293330569,201.21
Octaflox 250mg Capsule,Ceftriaxone,250mg,Capsule,Alexandria,6226634023718,121.4
Cidstatin 400mg Injection,Amoxicillin,400mg,Injection,Nile,6224526866481,190.4
Epistatin 400mg Injection,Loratadine,400mg,Injection,Pharco,6227199374031,86.85
Niletine 250mg Capsule,Mometasone,250mg,Capsule,Hikma Egypt,6225672727756,149.97
Muptine 400mg Injection,Sertraline,400mg,Injection,Minapharm,6221178653568,199.7
Epicort 5mg Injection,Loratadine,5mg,Injection,Minapharm,6225364141457,196.68
Sigcort 250mg Tablet,Losartan,250mg,Tablet,Global Napi,6222308381559,119.07
Cidpress 100mg Tablet,Meloxicam,100mg,Tablet,Apex,6225263357423,112.14
Amounflox 5mg Tablet,Mometasone,5mg,Tablet,EIPICO,6224122601523,77.89
Octastatin 50mg Injection,Losartan,50mg,Injection,Sigma,6222152771940,159.55
Alexcort 500mg Capsule,Empagliflozin,500mg,Capsule,Novartis Egypt,6229806411832,142.61
Alexfen 20mg Tablet,Sertraline,20mg,Tablet,EIPICO,6227885567082,136.77
Epiflox 5mg Capsule,Amoxicillin,5mg,Capsule,Amoun,6225209407441,39.79
Nilepress 200mg Syrup,Ciprofloxacin,200mg,Syrup,EIPICO,6224328019252,151.31
Pharcotine 50mg Syrup,Atorvastatin,50mg,Syrup,Minapharm,6220578979292,234.05
Nilecillin 100mg Syrup,Ceftriaxone,100mg,Syrup,Alexandria,6224272152593,103.02
Alexpress 50mg Tablet,Amlodipine,50mg,Tablet,Memphis,6227991645711,148.24
Octatine 100mg Injection,Glimepiride,100mg,Injection,Novartis Egypt,6224507881328,245.95
Alexflox 1000mg Injection,Azithromycin,1000mg,Injection,Marcyrl,6229871087819,206.29
Alexcort 100mg Injection,Pantoprazole,100mg,Injection,EVA Pharma,6227458814247,103.19
Mupcillin 200mg Capsule,Glimepiride,200mg,Capsule,Kahira,6221697840258,185.72
Epipress 50mg Tablet,Loratadine,50mg,Tablet,Novartis Egypt,6221269936556,62.96
Amountine 10mg Capsule,Sertraline,10mg,Capsule,Sigma,6220069699814,113.69
Mupzole 50mg Syrup,Metformin,50mg,Syrup,EVA Pharma,6225102695600,71.53
Octatine 850mg Injection,Omeprazole,850mg,Injection,EVA Pharma,6221962316594,137.4
Mupfen 200mg Tablet,Dexamethasone,200mg,Tablet,Pfizer Egypt,6220737027260,201.59
Sigzole 20mg Tablet,Hydrocortisone,20mg,Tablet,EIPICO,6224685492217,174.14
Sigfen 50mg Capsule,Glimepiride,50mg,Capsule,EIPICO,6228742035850,43.21
Cidpress 5mg Tablet,Metformin,5mg,Tablet,Sanofi Egypt,6227894009863,23.67
Alexzole 100mg Injection,Esomeprazole,100mg,Injection,Kahira,6227129367942,20.14
Nilefen 100mg Tablet,Paracetamol,100mg,Tablet,SEDICO,6220143869454,247.91
Mupcillin 500mg Syrup,Amoxicillin,500mg,Syrup,Amoun,6220920647275,67.24
Mupcillin 100mg Tablet,Hydrocortisone,100mg,Tablet,Pfizer Egypt,6229340930394,98.19
Cidtine 10mg Tablet,Empagliflozin,10mg,Tablet,EVA Pharma,6220254581771,139.29
Octazole 20mg Capsule,Prednisolone,20mg,Capsule,MUP,6220679132923,110.27
Alexpress 10mg Capsule,Desloratadine,10mg,Capsule,Sanofi Egypt,6227638264350,209.18
Amounpress 10mg Injection,Glimepiride,10mg,Injection,October Pharma,6224124429026,98.24
Mupformin 50mg Injection,Ciprofloxacin,50mg,Injection,Novartis Egypt,6224582683824,182.65
Cidflox 850mg Injection,Escitalopram,850mg,Injection,Minapharm,6223424636523,84.15
Octamol 1000mg Injection,Pregabalin,1000mg,Injection,Pharco,6220982351158,138.23
Mupflox 1000mg Capsule,Mometasone,1000mg,Capsule,EVA Pharma,6220759409624,243.25
Alexstatin 250mg Tablet,Gabapentin,250mg,Tablet,CID,6226564009653,149.82
Epiformin 1000mg Syrup,Sertraline,1000mg,Syrup,Kahira,6220574460060,239.7
Nilestatin 850mg Syrup,Ciprofloxacin,850mg,Syrup,EIPICO,6223366914109,58.38
Epiformin 850mg Syrup,Dexamethasone,850mg,Syrup,Minapharm,6228814293546,57.09
Octatine 850mg Injection,Empagliflozin,850mg,Injection,SEDICO,6228364992036,220.08
Amounzole 100mg Tablet,Sitagliptin,100mg,Tablet,Apex,6226068773463,52.24
Alexzole 20mg Capsule,Dexamethasone,20mg,Capsule,Hikma Egypt,6221620749023,156.19
Ramcillin 50mg Capsule,Betamethasone,50mg,Capsule,Pharco,6222378182568,92.18
Muppress 20mg Syrup,Empagliflozin,20mg,Syrup,Novartis Egypt,6226348435029,24.48
Ramflox 20mg Tablet,Ciprofloxacin,20mg,Tablet,Hikma Egypt,6229458023797,114.3
Epistatin 1000mg Capsule,Rabeprazole,1000mg,Capsule,CID,6221027532259,24.85
Amounflox 1000mg Injection,Metformin,1000mg,Injection,Pfizer Egypt,6227787867389,37.77
Nilezole 400mg Capsule,Sertraline,400mg,Capsule,Kahira,6227743149412,77.14
Mupcillin 850mg Syrup,Esomeprazole,850mg,Syrup,Rameda,6222802740548,147.65
Sigflox 400mg Syrup,Fluoxetine,400mg,Syrup,Pfizer Egypt,6223846289598,78.38
Rampress 5mg Injection,Azithromycin,5mg,Injection,Pharco,6226512563572,195.21
Cidstatin 250mg Injection,Sitagliptin,250mg,Injection,Pfizer Egypt,6228212696796,214.03
Pharcopress 50mg Syrup,Cetirizine,50mg,Syrup,Novartis Egypt,6228267445288,76.71
Octafen 50mg Syrup,Dexamethasone,50mg,Syrup,GSK Egypt,6226501782830,172.71
Epicort 10mg Injection,Fexofenadine,10mg,Injection,EVA Pharma,6228551167742,209.57
Epicillin 500mg Syrup,Gabapentin,500mg,Syrup,Pfizer Egypt,6223542175744,104.65
Alexfen 20mg Syrup,Ceftriaxone,20mg,Syrup,October Pharma,6221418938646,98.55
Epizole 200mg Injection,Gliclazide,200mg,Injection,CID,6220271120427,132.02
Octamol 50mg Capsule,Levofloxacin,50mg,Capsule,Delta Pharma,6222743072999,126.49
Epicort 5mg Tablet,Ketoprofen,5mg,Tablet,MUP,6228662198185,157.39
Epizole 1000mg Capsule,Mometasone,1000mg,Capsule,Sanofi Egypt,6226170750543,175.58
Mupcillin 1000mg Syrup,Ketoprofen,1000mg,Syrup,Nile,6227659526734,217.86
Alexfen 50mg Capsule,Escitalopram,50mg,Capsule,GSK Egypt,6221262143791,74.92
Nileflox 100mg Injection,Bisoprolol,100mg,Injection,Apex,6223236478748,191.11
Amounfen 10mg Tablet,Ceftriaxone,10mg,Tablet,Minapharm,6220327351393,109.42
Pharcotine 400mg Injection,Sitagliptin,400mg,Injection,Alexandria,6228230031838,165.26
Pharcoflox 400mg Capsule,Esomeprazole,400mg,Capsule,Novartis Egypt,6229476218045,171.19
Octastatin 20mg Injection,Fexofenadine,20mg,Injection,Delta Pharma,6220530368973,82.77
Sigzole 850mg Tablet,Pantoprazole,850mg,Tablet,Apex,6229706628125,102.89
Epiformin 200mg Capsule,Losartan,200mg,Capsule,Global Napi,6225804295139,64.29
Sigzole 500mg Tablet,Glimepiride,500mg,Tablet,Rameda,6224110061636,133.65
Mupzole 100mg Tablet,Hydrocortisone,100mg,Tablet,Hikma Egypt,6226651498001,90.94
Alextine 50mg Injection,Empagliflozin,50mg,Injection,October Pharma,6223321984772,30.45
Pharcocort 200mg Capsule,Omeprazole,200mg,Capsule,Global Napi,6221914560938,42.22
Amouncort 50mg Injection,Omeprazole,50mg,Injection,EVA Pharma,6224399503100,222.12
Sigmol 100mg Injection,Cetirizine,100mg,Injection,EVA Pharma,6221760558592,184.45
Cidcort 200mg Injection,Lansoprazole,200mg,Injection,Sanofi Egypt,6227088345869,124.52
Sigcillin 200mg Syrup,Gabapentin,200mg,Syrup,Rameda,6220799464928,211.53
Alexflox 500mg Capsule,Levofloxacin,500mg,Capsule,EVA Pharma,6229022470651,154.47
Nilemol 50mg Tablet,Amlodipine,50mg,Tablet,SEDICO,6221494331102,54.61
Mupcillin 20mg Tablet,Escitalopram,20mg,Tablet,Sanofi Egypt,6227852191760,181.48
Alexformin 1000mg Tablet,Ibuprofen,1000mg,Tablet,Memphis,6222499712743,211.02
Alexstatin 100mg Tablet,Betamethasone,100mg,Tablet,CID,6226509624972,128.71
Muptine 100mg Injection,Empagliflozin,100mg,Injection,Alexandria,6224225705029,167.58
Ramflox 250mg Injection,Escitalopram,250mg,Injection,Novartis Egypt,6222938624378,185.3
Octapress 1000mg Tablet,Paracetamol,1000mg,Tablet,Sigma,6229439579497,140.25
Rammol 850mg Capsule,Pantoprazole,850mg,Capsule,Pfizer Egypt,6221397799818,166.32
Sigtine 850mg Capsule,Pregabalin,850mg,Capsule,October Pharma,6222879377050,68.64
Mupmol 20mg Injection,Cetirizine,20mg,Injection,Pharco,6224380215777,194.37
Muptine 200mg Injection,Gliclazide,200mg,Injection,Amoun,6227929567092,107.14
Alexflox 1000mg Capsule,Atorvastatin,1000mg,Capsule,Marcyrl,6221658697976,75.89
Amouncillin 10mg Injection,Ceftriaxone,10mg,Injection,Amoun,6227278797829,84.38
Pharcocort 10mg Tablet,Ibuprofen,10mg,Tablet,Global Napi,6221002079472,177.44
Mupstatin 5mg Tablet,Cetirizine,5mg,Tablet,Sigma,6226812652112,164.6
Pharcostatin 400mg Tablet,Amoxicillin,400mg,Tablet,Hikma Egypt,6220709886611,15.28
Sigflox 200mg Tablet,Glimepiride,200mg,Tablet,October Pharma,6229812121978,34.66
Muptine 500mg Injection,Empagliflozin,500mg,Injection,EIPICO,6225371982326,113.48
Mupfen 100mg Injection,Ketoprofen,100mg,Injection,EVA Pharma,6229235658235,154.4
Ramformin 100mg Tablet,Gliclazide,100mg,Tablet,Apex,6224427370346,107.84
Mupfen 200mg Syrup,Cetirizine,200mg,Syrup,Hikma Egypt,6225883288077,204.68
Alexflox 500mg Tablet,Rabeprazole,500mg,Tablet,Global Napi,6220306919354,37.4
Nileflox 100mg Syrup,Hydrocortisone,100mg,Syrup,Kahira,6222720210857,191.67
Octacort 850mg Capsule,Azithromycin,850mg,Capsule,CID,6221342733140,172.66
Ramformin 250mg Capsule,Gabapentin,250mg,Capsule,EIPICO,6225246695566,22.97
Mupcillin 20mg Capsule,Sitagliptin,20mg,Capsule,Minapharm,6220453685683,27.76
Octacort 400mg Tablet,Glimepiride,400mg,Tablet,October Pharma,6223529983164,52.95
Niletine 5mg Injection,Prednisolone,5mg,Injection,Apex,6229930228054,71.77
Cidstatin 200mg Syrup,Sertraline,200mg,Syrup,EVA Pharma,6229622725113,247.11
Pharcoflox 250mg Syrup,Ciprofloxacin,250mg,Syrup,SEDICO,6222467418578,217.75
Mupzole 10mg Syrup,Glimepiride,10mg,Syrup,EVA Pharma,6222937691401,210.69
Cidmol 50mg Injection,Betamethasone,50mg,Injection,Apex,6229456873882,117.58
Nilezole 400mg Syrup,Amlodipine,400mg,Syrup,EVA Pharma,6221987828188,128.04
Epiflox 850mg Capsule,Diclofenac,850mg,Capsule,Memphis,6220170271305,129.34
Pharcomol 850mg Tablet,Cetirizine,850mg,Tablet,Sanofi Egypt,6221073832617,60.89
Mupstatin 400mg Capsule,Omeprazole,400mg,Capsule,Memphis,6223737199586,166.72
Amounfen 50mg Syrup,Pantoprazole,50mg,Syrup,Kahira,6225788960993,91.83
Cidfen 5mg Injection,Azithromycin,5mg,Injection,Sigma,6227228789331,110.02
Amounzole 500mg Injection,Amlodipine,500mg,Injection,Kahira,6223590114795,23.3
Mupstatin 850mg Injection,Amlodipine,850mg,Injection,EVA Pharma,6229118366233,49.63
Alexpress 500mg Injection,Losartan,500mg,Injection,Sanofi Egypt,6220792724784,121.79
Epifen 850mg Syrup,Ibuprofen,850mg,Syrup,MUP,6229789197624,241.89
Cidtine 200mg Capsule,Meloxicam,200mg,Capsule,SEDICO,6227387117983,130.81
Ramcillin 10mg Syrup,Cetirizine,10mg,Syrup,Kahira,6228196785424,248.98
Nilepress 10mg Injection,Esomeprazole,10mg,Injection,Pfizer Egypt,6221345490538,76.09
Amouncillin 20mg Injection,Sitagliptin,20mg,Injection,SEDICO,6224576596598,16.5
Cidfen 5mg Syrup,Ciprofloxacin,5mg,Syrup,Alexandria,6222600590567,227.64
Amounflox 200mg Tablet,Escitalopram,200mg,Tablet,EVA Pharma,6221999221366,171.88
Niletine 1000mg Capsule,Valsartan,1000mg,Capsule,Nile,6221325249224,71.69
Sigtine 50mg Injection,Atorvastatin,50mg,Injection,Marcyrl,6223401100023,203.24
Octaformin 100mg Capsule,Escitalopram,100mg,Capsule,Sigma,6227360341114,168.64
Epicort 50mg Injection,Meloxicam,50mg,Injection,Nile,6227210455725,160.95
Mupfen 20mg Syrup,Ciprofloxacin,20mg,Syrup,Sigma,6221069548300,124.01
Sigformin 200mg Injection,Dexamethasone,200mg,Injection,MUP,6221694627715,198.62
Rammol 850mg Syrup,Hydrocortisone,850mg,Syrup,Rameda,6226300627264,29.82
Octazole 10mg Injection,Metformin,10mg,Injection,Novartis Egypt,6229378513125,177.92
Nileflox 850mg Syrup,Pregabalin,850mg,Syrup,CID,6227644637933,43.36
Sigstatin 850mg Tablet,Betamethasone,850mg,Tablet,Apex,6223858380542,22.32
Cidtine 400mg Injection,Valsartan,400mg,Injection,Apex,6228381020118,44.12
Octaformin 1000mg Syrup,Cetirizine,1000mg,Syrup,Kahira,6221316389076,17.88
Amounstatin 400mg Injection,Levofloxacin,400mg,Injection,Pfizer Egypt,6220281369823,104.49
Cidstatin 250mg Syrup,Mometasone,250mg,Syrup,MUP,6227251885000,166.5
Octacort 50mg Injection,Losartan,50mg,Injection,Novartis Egypt,6224221487325,219.0
Octamol 250mg Capsule,Bisoprolol,250mg,Capsule,Amoun,6220251070414,170.21
Sigcillin 10mg Injection,Cetirizine,10mg,Injection,Minapharm,6221386025140,245.23
Nilepress 50mg Capsule,Omeprazole,50mg,Capsule,Sigma,6227240891319,91.77
Alexpress 100mg Capsule,Mometasone,100mg,Capsule,October Pharma,6227628241712,94.46
Amouncort 400mg Capsule,Levocetirizine,400mg,Capsule,Rameda,6221351632717,81.67
Epistatin 5mg Tablet,Dexamethasone,5mg,Tablet,Marcyrl,6225826144194,241.01
Nilefen 20mg Syrup,Lansoprazole,20mg,Syrup,Sanofi Egypt,6225035911778,244.09
Sigflox 500mg Tablet,Lansoprazole,500mg,Tablet,Hikma Egypt,6226491808251,232.98
Cidcort 500mg Syrup,Gabapentin,500mg,Syrup,Memphis,6229979684965,68.27
Octaformin 100mg Tablet,Metformin,100mg,Tablet,Pfizer Egypt,6229510717770,225.35
Octapress 400mg Syrup,Gabapentin,400mg,Syrup,Nile,6220960923506,88.68
Cidflox 5mg Injection,Hydrocortisone,5mg,Injection,Global Napi,6222764185081,246.27
Epistatin 200mg Tablet,Fexofenadine,200mg,Tablet,Sanofi Egypt,6225486325094,114.68
Mupflox 1000mg Injection,Hydrocortisone,1000mg,Injection,Minapharm,6229284590203,121.36
Ramcillin 400mg Capsule,Fexofenadine,400mg,Capsule,MUP,6228060890353,91.13
Sigzole 10mg Tablet,Levofloxacin,10mg,Tablet,SEDICO,6224881351714,50.66
Cidfen 850mg Syrup,Losartan,850mg,Syrup,Minapharm,6221765720024,186.99
Amountine 100mg Syrup,Cetirizine,100mg,Syrup,GSK Egypt,6221991135104,223.22
Amounpress 100mg Capsule,Losartan,100mg,Capsule,Pharco,6229616827663,208.74
Sigformin 500mg Capsule,Pregabalin,500mg,Capsule,Nile,6226710445588,138.98
Octapress 250mg Tablet,Cetirizine,250mg,Tablet,Sanofi Egypt,6224391901782,45.22
Cidfen 250mg Tablet,Lansoprazole,250mg,Tablet,Pharco,6228429752322,210.02
Alexstatin 100mg Injection,Esomeprazole,100mg,Injection,Nile,6220657873596,30.7
Amouncillin 20mg Injection,Paracetamol,20mg,Injection,Novartis Egypt,6221486981575,50.77
Alexcillin 100mg Tablet,Paracetamol,100mg,Tablet,Pharco,6222072303122,158.69
Pharcofen 250mg Injection,Lansoprazole,250mg,Injection,Minapharm,6223080773846,82.01
Sigcort 10mg Tablet,Metformin,10mg,Tablet,Pfizer Egypt,6229991978271,193.99
Sigcillin 500mg Tablet,Pantoprazole,500mg,Tablet,Global Napi,6221285301253,240.68
Alexmol 250mg Tablet,Lansoprazole,250mg,Tablet,MUP,6220950297600,177.76
Octastatin 850mg Injection,Pantoprazole,850mg,Injection,Pharco,6220225513558,204.24
Nilezole 20mg Injection,Diclofenac,20mg,Injection,MUP,6221117929884,246.97
Pharcotine 10mg Injection,Atorvastatin,10mg,Injection,CID,6223778302426,19.72
Amountine 50mg Tablet,Mometasone,50mg,Tablet,Apex,6224209611148,236.09
Nilestatin 20mg Injection,Pantoprazole,20mg,Injection,Sanofi Egypt,6226355899838,163.86
Epicort 100mg Tablet,Levofloxacin,100mg,Tablet,Delta Pharma,6225908855550,195.22
Cidpress 5mg Capsule,Escitalopram,5mg,Capsule,Novartis Egypt,6222739836406,103.11
Mupstatin 1000mg Capsule,Glimepiride,1000mg,Capsule,Sanofi Egypt,6220006160322,181.7
Niletine 250mg Tablet,Desloratadine,250mg,Tablet,Minapharm,6220083336696,126.58
Cidmol 400mg Capsule,Ciprofloxacin,400mg,Capsule,Delta Pharma,6229496265333,67.8
Amounmol 250mg Capsule,Ibuprofen,250mg,Capsule,Pharco,6226921702609,121.54
Amounmol 400mg Syrup,Mometasone,400mg,Syrup,Delta Pharma,6226544846872,78.84
Nilestatin 1000mg Injection,Losartan,1000mg,Injection,Marcyrl,6226055335490,134.37
Amounpress 100mg Capsule,Diclofenac,100mg,Capsule,Novartis Egypt,6224369129972,110.47
Epiformin 1000mg Tablet,Prednisolone,1000mg,Tablet,Minapharm,6227330167461,183.7
Pharcomol 850mg Capsule,Losartan,850mg,Capsule,Kahira,6228805739411,198.11
Ramformin 200mg Tablet,Valsartan,200mg,Tablet,Nile,6222393424513,105.13
Sigmol 5mg Injection,Mometasone,5mg,Injection,EIPICO,6229762827432,182.38
Pharcocillin 5mg Tablet,Amoxicillin,5mg,Tablet,Delta Pharma,6229313244800,126.04
Alexcillin 400mg Syrup,Sertraline,400mg,Syrup,MUP,6222254558258,105.69
Octazole 850mg Syrup,Paracetamol,850mg,Syrup,Novartis Egypt,6224108965557,61.07
Alexstatin 50mg Syrup,Loratadine,50mg,Syrup,EIPICO,6229437691344,133.08
Sigflox 200mg Injection,Rabeprazole,200mg,Injection,Novartis Egypt,6226808753991,239.83
Epifen 5mg Tablet,Atorvastatin,5mg,Tablet,Novartis Egypt,6222126106099,162.61
Epistatin 1000mg Syrup,Sertraline,1000mg,Syrup,Novartis Egypt,6226886973489,226.46
Octapress 850mg Capsule,Amlodipine,850mg,Capsule,Sigma,6222505949385,27.57
Alexpress 400mg Capsule,Ketoprofen,400mg,Capsule,Rameda,6227205746128,190.24
Pharcocort 50mg Tablet,Atorvastatin,50mg,Tablet,Sigma,6220569770679,42.79
Alexformin 10mg Syrup,Fluoxetine,10mg,Syrup,CID,6220202707499,202.2
Muptine 850mg Capsule,Metformin,850mg,Capsule,MUP,6226637690931,217.88
Muppress 10mg Tablet,Rabeprazole,10mg,Tablet,Apex,6225969538270,55.22
Pharcofen 5mg Syrup,Ibuprofen,5mg,Syrup,Sanofi Egypt,6229093238075,138.37
Amountine 50mg Syrup,Loratadine,50mg,Syrup,SEDICO,6220285060313,80.48
Mupcort 250mg Capsule,Ketoprofen,250mg,Capsule,Pfizer Egypt,6229073799732,176.58
Alexcillin 250mg Injection,Mometasone,250mg,Injection,GSK Egypt,6228029512302,193.16
Nilezole 850mg Syrup,Levocetirizine,850mg,Syrup,Marcyrl,6220593317604,205.24
Amouncillin 250mg Injection,Levocetirizine,250mg,Injection,Pfizer Egypt,6220439520236,20.86
Alexflox 500mg Syrup,Ketoprofen,500mg,Syrup,EIPICO,6224639939676,54.02
Alexmol 200mg Injection,Fluoxetine,200mg,Injection,MUP,6227299402511,88.05
Epiflox 5mg Tablet,Mometasone,5mg,Tablet,Delta Pharma,6220171630293,170.7
Ramstatin 400mg Tablet,Levocetirizine,400mg,Tablet,Nile,6228490916111,41.37
Sigstatin 5mg Capsule,Amlodipine,5mg,Capsule,Marcyrl,6220427319798,233.37
Amounzole 1000mg Tablet,Hydrocortisone,1000mg,Tablet,EIPICO,6222099446949,165.22
Cidtine 250mg Injection,Omeprazole,250mg,Injection,EVA Pharma,6221325918885,29.91
Muptine 500mg Tablet,Pantoprazole,500mg,Tablet,CID,6229270082088,238.67
Cidformin 100mg Capsule,Glimepiride,100mg,Capsule,October Pharma,6229933617749,148.88
Alexcillin 500mg Tablet,Levofloxacin,500mg,Tablet,Marcyrl,6226444619675,49.48
Nileformin 100mg Injection,Pantoprazole,100mg,Injection,Alexandria,6225441716325,187.38
Ramzole 200mg Injection,Gliclazide,200mg,Injection,Rameda,6228552695640,197.84
Pharcostatin 20mg Capsule,Losartan,20mg,Capsule,Sanofi Egypt,6222505319522,186.97
Octastatin 500mg Capsule,Azithromycin,500mg,Capsule,EVA Pharma,6228205425181,224.69
Alexflox 20mg Tablet,Prednisolone,20mg,Tablet,Sigma,6228046802110,63.27
Amounstatin 20mg Capsule,Ketoprofen,20mg,Capsule,Pharco,6228126057904,28.6
Octaformin 1000mg Syrup,Diclofenac,1000mg,Syrup,GSK Egypt,6220152899282,58.87
Cidfen 850mg Capsule,Diclofenac,850mg,Capsule,Rameda,6223708570727,196.62
Mupmol 850mg Capsule,Amlodipine,850mg,Capsule,Marcyrl,6221922116011,154.3
Nilepress 200mg Tablet,Metformin,200mg,Tablet,Hikma Egypt,6224154691226,137.52
Amounzole 5mg Syrup,Levofloxacin,5mg,Syrup,October Pharma,6225663277406,62.55
Octatine 10mg Capsule,Mometasone,10mg,Capsule,Rameda,6229373969620,240.3
Cidmol 850mg Capsule,Escitalopram,850mg,Capsule,EVA Pharma,6221479324655,199.03
Alexfen 100mg Syrup,Hydrocortisone,100mg,Syrup,October Pharma,6228701552091,173.69
Alexflox 250mg Tablet,Levocetirizine,250mg,Tablet,Sanofi Egypt,6221375217204,140.85
Cidmol 20mg Injection,Levocetirizine,20mg,Injection,Rameda,6220222489801,43.43
Cidtine 200mg Capsule,Betamethasone,200mg,Capsule,October Pharma,6225376795396,91.98
Octacillin 500mg Injection,Rabeprazole,500mg,Injection,Amoun,6224204104416,144.38
Octacillin 200mg Syrup,Diclofenac,200mg,Syrup,Alexandria,6225295441992,67.28
Epimol 1000mg Capsule,Sitagliptin,1000mg,Capsule,Minapharm,6228097659909,235.21
Nilefen 100mg Injection,Valsartan,100mg,Injection,Marcyrl,6223754819849,132.23
Amounfen 500mg Capsule,Pregabalin,500mg,Capsule,Delta Pharma,6229735391564,203.62
Ramcillin 250mg Capsule,Levofloxacin,250mg,Capsule,Amoun,6222376428248,223.17
Nilecillin 1000mg Capsule,Betamethasone,1000mg,Capsule,SEDICO,6229064198063,233.0
Pharcofen 1000mg Syrup,Ketoprofen,1000mg,Syrup,Apex,6220412583296,133.92
Epiformin 500mg Tablet,Fexofenadine,500mg,Tablet,Hikma Egypt,6220469799084,35.49
Pharcomol 10mg Tablet,Azithromycin,10mg,Tablet,Hikma Egypt,6222127052838,96.0
Ramflox 1000mg Injection,Rabeprazole,1000mg,Injection,SEDICO,6224828669407,178.78
Mupflox 50mg Injection,Valsartan,50mg,Injection,Nile,6228454699814,229.69
Pharcopress 50mg Capsule,Fluoxetine,50mg,Capsule,GSK Egypt,6222137027154,90.41
Mupcort 400mg Tablet,Omeprazole,400mg,Tablet,Minapharm,6229433173455,65.74
Mupformin 100mg Tablet,Meloxicam,100mg,Tablet,October Pharma,6227955719441,214.64
Nileformin 5mg Capsule,Empagliflozin,5mg,Capsule,Memphis,6226987066837,229.66
Amounflox 50mg Capsule,Atorvastatin,50mg,Capsule,Marcyrl,6226380675940,21.69
Epipress 100mg Tablet,Meloxicam,100mg,Tablet,Sigma,6220101196165,216.69
Mupzole 500mg Syrup,Amoxicillin,500mg,Syrup,Delta Pharma,6221452438782,177.43
Mupcillin 50mg Tablet,Ceftriaxone,50mg,Tablet,October Pharma,6228872370067,136.15
Pharcocort 10mg Injection,Dexamethasone,10mg,Injection,Alexandria,6228087646278,116.54
Alexstatin 20mg Syrup,Cetirizine,20mg,Syrup,EIPICO,6228659848307,97.18
Mupfen 200mg Tablet,Levocetirizine,200mg,Tablet,SEDICO,6228460370875,113.49
Epicillin 50mg Injection,Pregabalin,50mg,Injection,Nile,6221515132022,235.03
Alexzole 200mg Syrup,Mometasone,200mg,Syrup,Memphis,6227834983383,142.78
Octacillin 100mg Injection,Azithromycin,100mg,Injection,MUP,6220747658973,102.17
Sigpress 20mg Capsule,Paracetamol,20mg,Capsule,Pharco,6225842464368,33.85
Nilefen 850mg Tablet,Betamethasone,850mg,Tablet,Alexandria,6227136688832,80.2
Pharcofen 10mg Injection,Glimepiride,10mg,Injection,Hikma Egypt,6225377830041,158.5
Rampress 850mg Syrup,Sitagliptin,850mg,Syrup,EVA Pharma,6223053636956,75.86
Alexflox 200mg Syrup,Paracetamol,200mg,Syrup,October Pharma,6227345748259,101.73
Octatine 5mg Injection,Atorvastatin,5mg,Injection,Alexandria,6225088062069,65.93
Nilecort 400mg Tablet,Omeprazole,400mg,Tablet,MUP,6226661456060,200.25
Alexfen 250mg Capsule,Empagliflozin,250mg,Capsule,Sigma,6227072253910,144.02
Epizole 20mg Injection,Amoxicillin,20mg,Injection,Memphis,6224022097655,206.39
Pharcostatin 100mg Syrup,Betamethasone,100mg,Syrup,October Pharma,6226101491644,18.78
Nilecort 10mg Syrup,Ketoprofen,10mg,Syrup,Pfizer Egypt,6223224954698,65.68
Muppress 250mg Syrup,Valsartan,250mg,Syrup,Alexandria,6226628813257,172.33
Mupcort 1000mg Injection,Cetirizine,1000mg,Injection,Rameda,6223982798602,244.14
Amounzole 500mg Tablet,Fluoxetine,500mg,Tablet,EIPICO,6222311449970,47.38
Cidformin 400mg Tablet,Mometasone,400mg,Tablet,MUP,6223184143316,17.6
Amouncillin 400mg Capsule,Hydrocortisone,400mg,Capsule,Global Napi,6225989337273,66.07
Cidflox 500mg Injection,Azithromycin,500mg,Injection,Alexandria,6220175905649,217.46
Cidformin 250mg Syrup,Glimepiride,250mg,Syrup,Kahira,6223690701970,55.25
Epiformin 400mg Injection,Ibuprofen,400mg,Injection,Sigma,6221293273603,115.03
