name,address,governorate,city,district
صيدلية صبحي,شارع الجلاء، مبنى 72، أمام البنك، حي السلام ثان، الدرب الأحمر، القاهرة,القاهرة,الدرب الأحمر,حي السلام ثان
صيدلية سيد,شارع 26 يوليو، مبنى 115، أمام البنك، حي المعادي، الزاوية، القاهرة,القاهرة,الزاوية,حي المعادي
صيدلية النور,شارع الجلاء، مبنى 141، أمام البنك، حي روض الفرج، الهايكستب، القاهرة,القاهرة,الهايكستب,حي روض الفرج
صيدلية د. سحر فؤاد,شارع الأهرام، مبنى 109، أمام البنك، حي السلام أول، حلوان، القاهرة,القاهرة,حلوان,حي السلام أول
صيدلية مجدي,شارع الوحدة، مبنى 55، حي بولاق، القاهرة الجديدة، القاهرة,القاهرة,القاهرة الجديدة,حي بولاق
صيدلية د. وليد الشيخ,شارع الأمل، مبنى 108، بجانب المدرسة، حي 15 مايو، روض الفرج، القاهرة,القاهرة,روض الفرج,حي 15 مايو
صيدلية مدحت,شارع الأزهر، مبنى 126، أمام البنك، حي الغورية، القاهرة، القاهرة,القاهرة,القاهرة,حي الغورية
صيدلية د. حسين عطية,شارع الأزهر، مبنى 102، بجانب المدرسة، حي روض الفرج، الخليفة، القاهرة,القاهرة,الخليفة,حي روض الفرج
صيدلية د. سمير الفقي,شارع الخليفة، مبنى 60، حي الجمالية، باب الشعرية، القاهرة,القاهرة,باب الشعرية,حي الجمالية
صيدلية أماني عبدالرحمن,شارع الأقصى، مبنى 23، حي السلام، الزيتون، القاهرة,القاهرة,الزيتون,حي السلام
صيدلية عزة جلال,شارع محمد علي، مبنى 94، بجانب المدرسة، حي الزيتون، مدينتي، القاهرة,القاهرة,مدينتي,حي الزيتون
صيدلية عبلة,شارع الطيران، مبنى 27، أمام البنك، حي المرج، التحرير، القاهرة,القاهرة,التحرير,حي المرج
صيدلية ضياء محمد,شارع المدرسة، مبنى 63، أمام البنك، حي السيدة زينب، المرج، القاهرة,القاهرة,المرج,حي السيدة زينب
صيدلية طارق,شارع فيصل، مبنى 119، حي الخلفاوي، المعادي، القاهرة,القاهرة,المعادي,حي الخلفاوي
صيدلية بهاء حسام,شارع الحرية، مبنى 146، أمام البنك، حي الأزبكية، حدائق القبة، القاهرة,القاهرة,حدائق القبة,حي الأزبكية
صيدلية د. حسام مدحت,شارع الهرم، مبنى 54، بعد محطة المترو، حي السلام ثان، روض الفرج، القاهرة,القاهرة,روض الفرج,حي السلام ثان
صيدلية د. هدى عمرو,شارع التحرير، مبنى 52، بجانب المدرسة، حي روض الفرج، المقطم، القاهرة,القاهرة,المقطم,حي روض الفرج
صيدلية د. نادية رمضان,شارع العشرين، مبنى 116، أمام البنك، حي الشرابية، الرحاب، القاهرة,القاهرة,الرحاب,حي الشرابية
صيدلية د. إيمان عاطف,شارع البحر، مبنى 59، بجانب المدرسة، حي السيدة زينب، الشروق، القاهرة,القاهرة,الشروق,حي السيدة زينب
صيدلية د. دينا عبدالله,شارع رمسيس، مبنى 120، بجانب المدرسة، حي الخليفة، حلوان، القاهرة,القاهرة,حلوان,حي الخليفة
صيدلية أمل خالد,شارع المقاومة، مبنى 48، بجانب المدرسة، حي السلام أول، حلوان، القاهرة,القاهرة,حلوان,حي السلام أول
صيدلية عبدالله,شارع الأزهر، مبنى 64، عند النفق، حي الزاوية، الخليفة، القاهرة,القاهرة,الخليفة,حي الزاوية
صيدلية الأمل,شارع فيصل، مبنى 142، أمام البنك، حي الشروق، الدرب الأحمر، القاهرة,القاهرة,الدرب الأحمر,حي الشروق
صيدلية د. مجدي حجازي,شارع الخليفة، مبنى 3، أمام البنك، حي السلام ثان، الهايكستب، القاهرة,القاهرة,الهايكستب,حي السلام ثان
صيدلية سعيد,شارع الأهرام، مبنى 25، حي الخليفة، باب الشعرية، القاهرة,القاهرة,باب الشعرية,حي الخليفة
صيدلية د. أنور عبدالله,شارع الهرم، مبنى 61، حي بولاق، الساحل، القاهرة,القاهرة,الساحل,حي بولاق
صيدلية د. هشام الفقي,شارع الحرية، مبنى 128، بجوار المسجد، حي الجمالية، الزاوية، القاهرة,القاهرة,الزاوية,حي الجمالية
صيدلية د. عمر ضياء,شارع السوق، مبنى 44، بجانب المدرسة، حي التبين، مدينة السلام، القاهرة,القاهرة,مدينة السلام,حي التبين
صيدلية الصحة,شارع الأهرام، مبنى 40، عند النفق، حي المطرية، المنيل، القاهرة,القاهرة,المنيل,حي المطرية
صيدلية الجمهورية,شارع التحرير، مبنى 116، حي الجمالية، مدينة السلام، القاهرة,القاهرة,مدينة السلام,حي الجمالية
صيدلية د. منير إبراهيم,شارع العشرين، مبنى 102، بجانب المدرسة، حي الدرب الأحمر، المرج، القاهرة,القاهرة,المرج,حي الدرب الأحمر
صيدلية أيمن فؤاد,شارع المقاومة، مبنى 88، عند النفق، حي روض الفرج، التحرير، القاهرة,القاهرة,التحرير,حي روض الفرج
صيدلية سوسن,شارع المسجد، مبنى 85، عند النفق، حي الغورية، الفسطاط، القاهرة,القاهرة,الفسطاط,حي الغورية
صيدلية نبيل,شارع البنك، مبنى 131، حي الشرابية، الخليفة، القاهرة,القاهرة,الخليفة,حي الشرابية
صيدلية جلال,شارع رمسيس، مبنى 83، بعد محطة المترو، حي حلوان، الساحل، القاهرة,القاهرة,الساحل,حي حلوان
صيدلية د. هاني عبدالله,شارع الثورة، مبنى 72، بجوار المسجد، حي الزيتون، شبرا، القاهرة,القاهرة,شبرا,حي الزيتون
صيدلية شريف شريف,شارع العروبة، مبنى 102، عند النفق، حي القبة، القاهرة، القاهرة,القاهرة,القاهرة,حي القبة
صيدلية أحمد طارق,شارع الوحدة، مبنى 41، حي الحسين، السيدة زينب، القاهرة,القاهرة,السيدة زينب,حي الحسين
صيدلية د. فاتن الشيخ,شارع طلعت حرب، مبنى 88، أمام البنك، حي الحسين، التحرير، القاهرة,القاهرة,التحرير,حي الحسين
صيدلية د. طارق مجدي,شارع الطيران، مبنى 138، عند النفق، حي حلوان، التجمع الخامس، القاهرة,القاهرة,التجمع الخامس,حي حلوان
صيدلية الفردوس,شارع الهرم، مبنى 15، بجوار المسجد، حي الأزبكية، المقطم، القاهرة,القاهرة,المقطم,حي الأزبكية
صيدلية د. عمرو سيد,شارع السادات، مبنى 150، بجانب المدرسة، حي الدرب الأحمر، الدرب الأحمر، القاهرة,القاهرة,الدرب الأحمر,حي الدرب الأحمر
صيدلية يوسف,شارع البنك، مبنى 63، بجانب المدرسة، حي الوايلي، المنتزة، القاهرة,القاهرة,المنتزة,حي الوايلي
صيدلية سعيد أشرف,شارع العروبة، مبنى 97، عند النفق، حي الغورية، بولاق، القاهرة,القاهرة,بولاق,حي الغورية
صيدلية نهى إبراهيم,شارع الوحدة، مبنى 75، عند النفق، حي الموسكي، سور مجرى العيون، القاهرة,القاهرة,سور مجرى العيون,حي الموسكي
صيدلية د. حسن ضياء,شارع الميناء، مبنى 52، حي الجمالية، الفسطاط، القاهرة,القاهرة,الفسطاط,حي الجمالية
صيدلية الجمهورية,شارع الثورة، مبنى 122، عند النفق، حي المطارية، مصر القديمة، القاهرة,القاهرة,مصر القديمة,حي المطارية
صيدلية د. علي حسونة,شارع الروضة، مبنى 65، بعد محطة المترو، حي الغورية، مصر القديمة، القاهرة,القاهرة,مصر القديمة,حي الغورية
صيدلية د. حسام طارق,شارع البنك، مبنى 68، بجوار المسجد، حي المطرية، مدينة السلام، القاهرة,القاهرة,مدينة السلام,حي المطرية
صيدلية الصحة,شارع الهرم، مبنى 46، حي باب الشعرية، الساحل، القاهرة,القاهرة,الساحل,حي باب الشعرية
صيدلية أنور,شارع الوحدة، مبنى 94، أمام البنك، حي السفير، التحرير، القاهرة,القاهرة,التحرير,حي السفير
صيدلية عبلة خالد,شارع الثورة، مبنى 128، حي المطارية، القبة، القاهرة,القاهرة,القبة,حي المطارية
صيدلية د. عادل محمد,شارع القنال، مبنى 63، بجوار المسجد، حي الجمالية، الفسطاط، القاهرة,القاهرة,الفسطاط,حي الجمالية
صيدلية د. أمل عوض,شارع العروبة، مبنى 131، بجانب المدرسة، حي الشرابية، بولاق، القاهرة,القاهرة,بولاق,حي الشرابية
صيدلية د. حسين فathy,شارع مكرم عبيد، مبنى 142، بجوار المسجد، حي روض الفرج، القاهرة الجديدة، القاهرة,القاهرة,القاهرة الجديدة,حي روض الفرج
صيدلية د. سمير مجدي,شارع الحرية، مبنى 129، عند النفق، حي عين شمس، الشروق، القاهرة,القاهرة,الشروق,حي عين شمس
صيدلية د. جلال إيهاب,شارع المقاومة، مبنى 93، عند النفق، حي القبة، الشروق، القاهرة,القاهرة,الشروق,حي القبة
صيدلية النور,شارع البنك، مبنى 24، بجانب المدرسة، حي المطرية، منشية ناصر، القاهرة,القاهرة,منشية ناصر,حي المطرية
صيدلية عاطف جلال,شارع المحطة، مبنى 91، حي المطرية، سور مجرى العيون، القاهرة,القاهرة,سور مجرى العيون,حي المطرية
صيدلية د. عبدالله عطية,شارع رمسيس، مبنى 56، عند النفق، حي الجمالية، الزيتون، القاهرة,القاهرة,الزيتون,حي الجمالية
صيدلية د. عمر أنور,شارع الأمل، مبنى 17، حي حلوان، مدينة نصر، القاهرة,القاهرة,مدينة نصر,حي حلوان
صيدلية الجمهورية,شارع السوق، مبنى 11، حي السلام ثان، سور مجرى العيون، القاهرة,القاهرة,سور مجرى العيون,حي السلام ثان
صيدلية إيمان,شارع القنال، مبنى 63، بجانب المدرسة، حي عابدين، الدرب الأحمر، القاهرة,القاهرة,الدرب الأحمر,حي عابدين
صيدلية د. خالد مصطفى,شارع مكرم عبيد، مبنى 1، بجوار المسجد، حي المنتزة، العباسية، القاهرة,القاهرة,العباسية,حي المنتزة
صيدلية نعمت حسين,شارع المسجد، مبنى 29، حي الشروق، عين شمس، القاهرة,القاهرة,عين شمس,حي الشروق
صيدلية د. أحمد الشيخ,شارع الجمهورية، مبنى 102، عند النفق، حي الجمالية، روض الفرج، القاهرة,القاهرة,روض الفرج,حي الجمالية
صيدلية د. رانيا عبدالجواد,شارع كورنيش النيل، مبنى 95، عند النفق، حي النزهة، الشرابية، القاهرة,القاهرة,الشرابية,حي النزهة
صيدلية العافية,شارع الروضة، مبنى 74، بعد محطة المترو، حي الزاوية، شبرا، القاهرة,القاهرة,شبرا,حي الزاوية
صيدلية د. عبلة الشيخ,شارع بورسعيد، مبنى 24، بجانب المدرسة، حي السلام أول، الزاوية، القاهرة,القاهرة,الزاوية,حي السلام أول
صيدلية مجدي,شارع الميناء، مبنى 91، عند النفق، حي المعادي، الزيتون، القاهرة,القاهرة,الزيتون,حي المعادي
صيدلية سعاد,شارع الوحدة، مبنى 92، عند النفق، حي التبين، الحضرة، القاهرة,القاهرة,الحضرة,حي التبين
صيدلية الجمهورية,شارع السادات، مبنى 9، بجانب المدرسة، حي السيدة زينب، شبرا، القاهرة,القاهرة,شبرا,حي السيدة زينب
صيدلية رانيا,شارع الروضة، مبنى 143، عند النفق، حي بولاق، مدينة السلام، القاهرة,القاهرة,مدينة السلام,حي بولاق
صيدلية العافية,شارع الأقصى، مبنى 40، بعد محطة المترو، حي الجمالية، الدرب الأحمر، القاهرة,القاهرة,الدرب الأحمر,حي الجمالية
صيدلية الجمهورية,شارع الهرم، مبنى 104، بجانب المدرسة، حي الزيتون، سور مجرى العيون، القاهرة,القاهرة,سور مجرى العيون,حي الزيتون
صيدلية هشام فؤاد,شارع الوفاء، مبنى 114، أمام البنك، حي السلام أول، مدينة نصر، القاهرة,القاهرة,مدينة نصر,حي السلام أول
صيدلية د. عاطف جلال,شارع العشرين، مبنى 59، أمام البنك، حي الزاوية، المنيل، القاهرة,القاهرة,المنيل,حي الزاوية
صيدلية عبلة إبراهيم,شارع الروضة، مبنى 128، أمام البنك، حي مصر الجديدة، الزيتون، القاهرة,القاهرة,الزيتون,حي مصر الجديدة
صيدلية مها عبدالرحمن,شارع المحطة، مبنى 13، عند النفق، حي الغورية، مدينة السلام، القاهرة,القاهرة,مدينة السلام,حي الغورية
صيدلية د. سمير فؤاد,شارع الميناء، مبنى 109، حي باب الشعرية، المنيل، القاهرة,القاهرة,المنيل,حي باب الشعرية
صيدلية د. نهى الفقي,شارع المدرسة، مبنى 42، بعد محطة المترو، حي باب الشعرية، 15 مايو، القاهرة,القاهرة,15 مايو,حي باب الشعرية
صيدلية أيمن,شارع القنال، مبنى 26، بجانب المدرسة، حي حلوان، سور مجرى العيون، القاهرة,القاهرة,سور مجرى العيون,حي حلوان
صيدلية طارق,شارع طلعت حرب، مبنى 115، أمام البنك، حي السلام، التجمع الخامس، القاهرة,القاهرة,التجمع الخامس,حي السلام
صيدلية الصحة,شارع الثورة، مبنى 108، أمام البنك، حي الشرابية، التحرير، القاهرة,القاهرة,التحرير,حي الشرابية
صيدلية جهاد أيمن,شارع الحرية، مبنى 14، بجانب المدرسة، حي الجمالية، الشروق، القاهرة,القاهرة,الشروق,حي الجمالية
صيدلية د. وائل عبدالستار,شارع الاستقلال، مبنى 44، عند النفق، حي المطرية، باب الشعرية، القاهرة,القاهرة,باب الشعرية,حي المطرية
صيدلية د. فتحي عبدالستار,شارع بورسعيد، مبنى 23، حي الشرابية، التجمع الخامس، القاهرة,القاهرة,التجمع الخامس,حي الشرابية
صيدلية د. أماني الفقي,شارع المقاومة، مبنى 129، بعد محطة المترو، حي الدرب الأحمر، مدينتي، القاهرة,القاهرة,مدينتي,حي الدرب الأحمر
صيدلية د. دينا أيمن,شارع رمسيس، مبنى 74، بجانب المدرسة، حي الدرب الأحمر، بولاق، القاهرة,القاهرة,بولاق,حي الدرب الأحمر
صيدلية العافية,شارع الميناء، مبنى 127، بعد محطة المترو، حي باب الشعرية، التجمع الخامس، القاهرة,القاهرة,التجمع الخامس,حي باب الشعرية
صيدلية العافية,شارع الهرم، مبنى 137، أمام البنك، حي 15 مايو، المرج، القاهرة,القاهرة,المرج,حي 15 مايو
صيدلية الصحة,شارع النصر، مبنى 116، عند النفق، حي الدرب الأحمر، بولاق، القاهرة,القاهرة,بولاق,حي الدرب الأحمر
صيدلية عزة حامد,شارع الروضة، مبنى 135، بجوار المسجد، حي بولاق، سور مجرى العيون، القاهرة,القاهرة,سور مجرى العيون,حي بولاق
صيدلية عبدالعزيز عاطف,شارع 26 يوليو، مبنى 15، أمام البنك، حي الزاوية، حدائق القبة، القاهرة,القاهرة,حدائق القبة,حي الزاوية
صيدلية وحيد جلال,شارع الجامعة، مبنى 22، أمام البنك، حي بولاق، الشروق، القاهرة,القاهرة,الشروق,حي بولاق
صيدلية أحمد غانم,شارع المعز، مبنى 137، بجوار المسجد، حي الشروق، المعادي، القاهرة,القاهرة,المعادي,حي الشروق
صيدلية الأمل,شارع المدرسة، مبنى 145، عند النفق، حي النزهة، مدينتي، القاهرة,القاهرة,مدينتي,حي النزهة
صيدلية إيناس جلال,شارع رمسيس، مبنى 26، بعد محطة المترو، حي 15 مايو، العباسية، القاهرة,القاهرة,العباسية,حي 15 مايو
صيدلية د. فريدة محمود,شارع النخيل، مبنى 43، حي السفير، المنتزة، القاهرة,القاهرة,المنتزة,حي السفير
صيدلية د. حسن إبراهيم,شارع الحرية، مبنى 102، أمام البنك، حي المرج، مدينتي، القاهرة,القاهرة,مدينتي,حي المرج
صيدلية د. حسن إيهاب,شارع عباس العقاد، مبنى 10، بجوار المسجد، حي مصر الجديدة، منشية ناصر، القاهرة,القاهرة,منشية ناصر,حي مصر الجديدة
صيدلية د. سحر إبراهيم,شارع القنال، مبنى 80، بجانب المدرسة، حي النزهة، الساحل، القاهرة,القاهرة,الساحل,حي النزهة
صيدلية الجمهورية,شارع فلسطين، مبنى 135، عند النفق، حي بولاق، منشية ناصر، القاهرة,القاهرة,منشية ناصر,حي بولاق
صيدلية د. عبير فathy,شارع الهرم، مبنى 55، بجوار المسجد، حي الخلفاوي، مصر الجديدة، القاهرة,القاهرة,مصر الجديدة,حي الخلفاوي
صيدلية د. هدى سيد,شارع رمسيس، مبنى 115، بعد محطة المترو، حي بولاق، الموسكي، القاهرة,القاهرة,الموسكي,حي بولاق
صيدلية د. عبير السيد,شارع الاستقلال، مبنى 1، أمام البنك، حي المعادي، الخليفة، القاهرة,القاهرة,الخليفة,حي المعادي
صيدلية د. حسين وائل,شارع المدرسة، مبنى 36، بجوار المسجد، حي السلام ثان، روض الفرج، القاهرة,القاهرة,روض الفرج,حي السلام ثان
صيدلية وليد,شارع الحرية، مبنى 41، بجانب المدرسة، حي الشروق، الرحاب، القاهرة,القاهرة,الرحاب,حي الشروق
صيدلية النور,شارع الأزهر، مبنى 23، عند النفق، حي المنتزة، مدينتي، القاهرة,القاهرة,مدينتي,حي المنتزة
صيدلية إيناس,شارع الهرم، مبنى 72، أمام البنك، حي الغورية، الهايكستب، القاهرة,القاهرة,الهايكستب,حي الغورية
صيدلية أماني,شارع فلسطين، مبنى 1، عند النفق، حي السلام، باب الشعرية، القاهرة,القاهرة,باب الشعرية,حي السلام
صيدلية د. محمود حسين,شارع الجامعة، مبنى 53، بعد محطة المترو، حي السلام أول، العباسية، القاهرة,القاهرة,العباسية,حي السلام أول
صيدلية د. حسن غانم,شارع التحرير، مبنى 90، حي عين شمس، الوايلي، القاهرة,القاهرة,الوايلي,حي عين شمس
صيدلية د. عبدالعزيز عبدالجواد,شارع الروضة، مبنى 78، بجانب المدرسة، حي السفير، المعادي، القاهرة,القاهرة,المعادي,حي السفير
صيدلية الصحة,شارع البنك، مبنى 82، عند النفق، حي الدرب الأحمر، الأزبكية، القاهرة,القاهرة,الأزبكية,حي الدرب الأحمر
صيدلية وفاء سيد,شارع 26 يوليو، مبنى 57، عند النفق، حي السلام ثان، الهايكستب، القاهرة,القاهرة,الهايكستب,حي السلام ثان
صيدلية د. نبيل عمرو,شارع التحرير، مبنى 107، أمام البنك، حي الجمالية، شبرا، القاهرة,القاهرة,شبرا,حي الجمالية
صيدلية إيناس حسين,شارع محمد علي، مبنى 131، أمام البنك، حي الموسكي، المعادي، القاهرة,القاهرة,المعادي,حي الموسكي
صيدلية د. حسن صبحي,شارع الميناء، مبنى 107، بجانب المدرسة، حي الغورية، الزاوية، القاهرة,القاهرة,الزاوية,حي الغورية
صيدلية الأمل,شارع الثورة، مبنى 16، بعد محطة المترو، حي عابدين، الساحل، القاهرة,القاهرة,الساحل,حي عابدين
صيدلية د. سحر سيد,شارع المدرسة، مبنى 136، أمام البنك، حي المنتزة، مدينة السلام، القاهرة,القاهرة,مدينة السلام,حي المنتزة
صيدلية فاتن,شارع الأمل، مبنى 80، عند النفق، حي مصر الجديدة، المقطم، القاهرة,القاهرة,المقطم,حي مصر الجديدة
صيدلية العافية,شارع الهرم، مبنى 5، بجوار المسجد، حي السفير، المعادي، القاهرة,القاهرة,المعادي,حي السفير
صيدلية د. أمل سلامة,شارع البنك، مبنى 62، بجانب المدرسة، حي المرج، مصر الجديدة، القاهرة,القاهرة,مصر الجديدة,حي المرج
صيدلية عمرو علي,شارع المقاومة، مبنى 133، حي القبة، المقطم، القاهرة,القاهرة,المقطم,حي القبة
صيدلية الفردوس,شارع البحر، مبنى 45، بجوار المسجد، حي بولاق، حلوان، القاهرة,القاهرة,حلوان,حي بولاق
صيدلية دينا حجازي,شارع المدرسة، مبنى 70، بجانب المدرسة، حي الموسكي، الساحل، القاهرة,القاهرة,الساحل,حي الموسكي
صيدلية سامية محمود,شارع الزهراء، مبنى 83، أمام البنك، حي الخليفة، مدينة السلام، القاهرة,القاهرة,مدينة السلام,حي الخليفة
صيدلية د. ناجح عبدالستار,شارع الميناء، مبنى 41، بعد محطة المترو، حي المنتزة، الفسطاط، القاهرة,القاهرة,الفسطاط,حي المنتزة
صيدلية محمود,شارع الميناء، مبنى 11، بعد محطة المترو، حي حلوان، القاهرة الجديدة، القاهرة,القاهرة,القاهرة الجديدة,حي حلوان
صيدلية د. شريف ضياء,شارع الوحدة، مبنى 139، عند النفق، حي بولاق، الخليفة، القاهرة,القاهرة,الخليفة,حي بولاق
صيدلية د. أيمن عبدالله,شارع الروضة، مبنى 102، بجوار المسجد، حي الموسكي، الوايلي، القاهرة,القاهرة,الوايلي,حي الموسكي
صيدلية كمال,شارع الهرم، مبنى 2، حي عين شمس، الزاوية، القاهرة,القاهرة,الزاوية,حي عين شمس
صيدلية علي عبدالستار,شارع الزهراء، مبنى 92، بجانب المدرسة، حي الحسين، المرج، القاهرة,القاهرة,المرج,حي الحسين
صيدلية صبحي,شارع المحطة، مبنى 37، بعد محطة المترو، حي المطرية، 15 مايو، القاهرة,القاهرة,15 مايو,حي المطرية
صيدلية العافية,شارع الميناء، مبنى 19، بعد محطة المترو، حي المطارية، مدينة نصر، القاهرة,القاهرة,مدينة نصر,حي المطارية
صيدلية د. مدحت يوسف,شارع عباس العقاد، مبنى 133، أمام البنك، حي الأزبكية، منشية ناصر، القاهرة,القاهرة,منشية ناصر,حي الأزبكية
صيدلية د. طارق علي,شارع الخزان، مبنى 101، بعد محطة المترو، حي الجمالية، سور مجرى العيون، القاهرة,القاهرة,سور مجرى العيون,حي الجمالية
صيدلية د. وحيد وليد,شارع الطيران، مبنى 127، حي المطرية، التجمع الخامس، القاهرة,القاهرة,التجمع الخامس,حي المطرية
صيدلية منال السيد,شارع السوق، مبنى 31، بجوار المسجد، حي عين شمس، الساحل، القاهرة,القاهرة,الساحل,حي عين شمس
صيدلية د. غادة عزب,شارع الحرية، مبنى 30، بجانب المدرسة، حي النزهة، العباسية، القاهرة,القاهرة,العباسية,حي النزهة
صيدلية سعاد,شارع العشرين، مبنى 53، أمام البنك، حي الجمالية، الحضرة، القاهرة,القاهرة,الحضرة,حي الجمالية
صيدلية د. نعمت أيمن,شارع رمسيس، مبنى 94، بجانب المدرسة، حي الخليفة، 15 مايو، القاهرة,القاهرة,15 مايو,حي الخليفة
صيدلية الأمل,شارع كورنيش النيل، مبنى 90، حي المطرية، مصر القديمة، القاهرة,القاهرة,مصر القديمة,حي المطرية
صيدلية رانيا رمضان,شارع الروضة، مبنى 33، بعد محطة المترو، حي الأزبكية، منشية ناصر، القاهرة,القاهرة,منشية ناصر,حي الأزبكية
صيدلية شريف,شارع القنال، مبنى 111، بعد محطة المترو، حي الأزبكية، عين شمس، القاهرة,القاهرة,عين شمس,حي الأزبكية
صيدلية الفردوس,شارع الميناء، مبنى 82، أمام البنك، حي التبين، الزاوية، القاهرة,القاهرة,الزاوية,حي التبين
صيدلية د. رمضان فؤاد,شارع الاستقلال، مبنى 80، بجوار المسجد، حي النزهة، مدينة السلام، القاهرة,القاهرة,مدينة السلام,حي النزهة
صيدلية الفردوس,شارع الأزهر، مبنى 6، بجوار المسجد، حي حلوان، الأزبكية، القاهرة,القاهرة,الأزبكية,حي حلوان
صيدلية د. وائل أشرف,شارع البحر، مبنى 61، أمام البنك، حي المطرية، باب الشعرية، القاهرة,القاهرة,باب الشعرية,حي المطرية
صيدلية صبحي شريف,شارع الجلاء، مبنى 113، حي الجمالية، القاهرة، القاهرة,القاهرة,القاهرة,حي الجمالية
صيدلية د. محمد أحمد,شارع الحرية، مبنى 42، عند النفق، حي الغورية، الخليفة، القاهرة,القاهرة,الخليفة,حي الغورية
صيدلية عبير,شارع كورنيش النيل، مبنى 89، بعد محطة المترو، حي الشرابية، التحرير، القاهرة,القاهرة,التحرير,حي الشرابية
صيدلية رانيا أنور,شارع رمسيس، مبنى 3، عند النفق، حي عابدين، الأزبكية، القاهرة,القاهرة,الأزبكية,حي عابدين
صيدلية د. عبدالله عبدالرحمن,شارع النصر، مبنى 17، أمام البنك، حي المطرية، 15 مايو، القاهرة,القاهرة,15 مايو,حي المطرية
صيدلية د. أيمن حسين,شارع عباس العقاد، مبنى 63، بجانب المدرسة، حي السلام، مصر القديمة، القاهرة,القاهرة,مصر القديمة,حي السلام
صيدلية د. حورية إيهاب,شارع الأهرام، مبنى 144، أمام البنك، حي السلام، التحرير، القاهرة,القاهرة,التحرير,حي السلام
صيدلية الصحة,شارع المسجد، مبنى 29، بعد محطة المترو، حي التبين، وسط البلد، القاهرة,القاهرة,وسط البلد,حي التبين
صيدلية وليد,شارع فلسطين، مبنى 148، بجوار المسجد، حي الأزبكية، الشرابية، القاهرة,القاهرة,الشرابية,حي الأزبكية
صيدلية شريف,شارع البحر، مبنى 83، بعد محطة المترو، حي الزيتون، الموسكي، القاهرة,القاهرة,الموسكي,حي الزيتون
صيدلية الفردوس,شارع طلعت حرب، مبنى 60، عند النفق، حي النزهة، الحضرة، القاهرة,القاهرة,الحضرة,حي النزهة
صيدلية الأمل,شارع الأقصى، مبنى 138، بجوار المسجد، حي الشروق، منشية ناصر، القاهرة,القاهرة,منشية ناصر,حي الشروق
صيدلية نادية رمضان,شارع الحرية، مبنى 79، بعد محطة المترو، حي الجمالية، الشروق، القاهرة,القاهرة,الشروق,حي الجمالية
صيدلية الأمل,شارع الاستقلال، مبنى 77، أمام البنك، حي السلام ثان، سور مجرى العيون، القاهرة,القاهرة,سور مجرى العيون,حي السلام ثان
صيدلية بهاء خالد,شارع المعز، مبنى 131، عند النفق، حي المنتزة، الوايلي، القاهرة,القاهرة,الوايلي,حي المنتزة
صيدلية د. مجدي أيمن,شارع السوق، مبنى 1، بجانب المدرسة، حي التبين، المرج، القاهرة,القاهرة,المرج,حي التبين
صيدلية د. أماني إبراهيم,شارع النصر، مبنى 55، عند النفق، حي الموسكي، بولاق، القاهرة,القاهرة,بولاق,حي الموسكي
صيدلية الصحة,شارع الوفاء، مبنى 28، بجوار المسجد، حي الأزبكية، المنتزة، القاهرة,القاهرة,المنتزة,حي الأزبكية
صيدلية غادة عوض,شارع التحرير، مبنى 46، بجانب المدرسة، حي الخلفاوي، التجمع الخامس، القاهرة,القاهرة,التجمع الخامس,حي الخلفاوي
صيدلية الفردوس,شارع الميناء، مبنى 25، أمام البنك، حي الدرب الأحمر، المقطم، القاهرة,القاهرة,المقطم,حي الدرب الأحمر
صيدلية د. حورية عبدالعزيز,شارع الروضة، مبنى 128، بجانب المدرسة، حي المقطم، بدر، القاهرة,القاهرة,بدر,حي المقطم
صيدلية نعمت,شارع كورنيش النيل، مبنى 86، عند النفق، حي المنتزة، روض الفرج، القاهرة,القاهرة,روض الفرج,حي المنتزة
صيدلية يوسف,شارع الأزهر، مبنى 102، أمام البنك، حي الموسكي، المنيل، القاهرة,القاهرة,المنيل,حي الموسكي
صيدلية كمال,شارع المدرسة، مبنى 11، بجانب المدرسة، حي باب الشعرية، القاهرة الجديدة، القاهرة,القاهرة,القاهرة الجديدة,حي باب الشعرية
صيدلية محمود حسين,شارع الأقصى، مبنى 40، حي الدرب الأحمر، الموسكي، القاهرة,القاهرة,الموسكي,حي الدرب الأحمر
صيدلية سعاد,شارع الروضة، مبنى 86، حي الزيتون، الأزبكية، القاهرة,القاهرة,الأزبكية,حي الزيتون
صيدلية عبير,شارع كورنيش النيل، مبنى 135، أمام البنك، حي المقطم، الشروق، القاهرة,القاهرة,الشروق,حي المقطم
صيدلية د. وفاء حسين,شارع كورنيش النيل، مبنى 140، حي السلام أول، التحرير، القاهرة,القاهرة,التحرير,حي السلام أول
صيدلية خالد كمال,شارع عباس العقاد، مبنى 91، بعد محطة المترو، حي عابدين، القبة، القاهرة,القاهرة,القبة,حي عابدين
صيدلية د. عبدالله سلامة,شارع كورنيش النيل، مبنى 97، عند النفق، حي المطرية، القبة، القاهرة,القاهرة,القبة,حي المطرية
صيدلية وحيد عمرو,شارع المدرسة، مبنى 33، بجانب المدرسة، حي باب الشعرية، مصر الجديدة، القاهرة,القاهرة,مصر الجديدة,حي باب الشعرية
صيدلية حسن الفقي,شارع فيصل، مبنى 27، حي المعادي، التجمع الخامس، القاهرة,القاهرة,التجمع الخامس,حي المعادي
صيدلية رمضان أشرف,شارع عباس العقاد، مبنى 20، أمام البنك، حي المطرية، التجمع الخامس، القاهرة,القاهرة,التجمع الخامس,حي المطرية
صيدلية د. نبيل الفقي,شارع السوق، مبنى 67، بجانب المدرسة، حي الزيتون، الدرب الأحمر، القاهرة,القاهرة,الدرب الأحمر,حي الزيتون
صيدلية د. وليد محمود,شارع النخيل، مبنى 137، بعد محطة المترو، حي عين شمس، الأزبكية، القاهرة,القاهرة,الأزبكية,حي عين شمس
صيدلية د. أنور كمال,شارع التحرير، مبنى 22، بجوار المسجد، حي الدرب الأحمر، التحرير، القاهرة,القاهرة,التحرير,حي الدرب الأحمر
صيدلية جهاد نبيل,شارع عباس العقاد، مبنى 66، أمام البنك، حي الحسين، السيدة زينب، القاهرة,القاهرة,السيدة زينب,حي الحسين
صيدلية د. فريدة منسي,شارع طلعت حرب، مبنى 61، بجانب المدرسة، حي المعادي، الدرب الأحمر، القاهرة,القاهرة,الدرب الأحمر,حي المعادي
صيدلية نهى,شارع الجلاء، مبنى 133، بجوار المسجد، حي الشرابية، المنيل، القاهرة,القاهرة,المنيل,حي الشرابية
صيدلية د. عبدالرحمن أيمن,شارع البنك، مبنى 127، أمام البنك، حي المطارية، سور مجرى العيون، القاهرة,القاهرة,سور مجرى العيون,حي المطارية
صيدلية يوسف جلال,شارع الخزان، مبنى 96، بجانب المدرسة، حي الأزبكية، التجمع الخامس، القاهرة,القاهرة,التجمع الخامس,حي الأزبكية
صيدلية هايدي أنور,شارع الهرم، مبنى 21، بعد محطة المترو، حي الجمالية، الخليفة، القاهرة,القاهرة,الخليفة,حي الجمالية
صيدلية خالد سمير,شارع الجمهورية، مبنى 112، حي المطارية، بدر، القاهرة,القاهرة,بدر,حي المطارية
صيدلية د. ليلى خالد,شارع السادات، مبنى 150، حي الزيتون، الخليفة، القاهرة,القاهرة,الخليفة,حي الزيتون
صيدلية نهى سيد,شارع الجامعة، مبنى 66، بعد محطة المترو، حي روض الفرج، 15 مايو، القاهرة,القاهرة,15 مايو,حي روض الفرج
صيدلية عبلة,شارع السوق، مبنى 137، بعد محطة المترو، حي الموسكي، القبة، القاهرة,القاهرة,القبة,حي الموسكي
صيدلية د. فتحي عبدالجواد,شارع الزهراء، مبنى 7، حي باب الشعرية، مصر الجديدة، القاهرة,القاهرة,مصر الجديدة,حي باب الشعرية
صيدلية الصحة,شارع السادات، مبنى 85، أمام البنك، حي الوايلي، المنتزة، القاهرة,القاهرة,المنتزة,حي الوايلي
صيدلية هاني إبراهيم,شارع فيصل، مبنى 124، أمام البنك، حي الشرابية، التجمع الخامس، القاهرة,القاهرة,التجمع الخامس,حي الشرابية
صيدلية دينا,شارع الزهراء، مبنى 97، عند النفق، حي المرج، الأزبكية، القاهرة,القاهرة,الأزبكية,حي المرج
صيدلية النور,شارع عباس العقاد، مبنى 51، بعد محطة المترو، حي الخليفة، سور مجرى العيون، القاهرة,القاهرة,سور مجرى العيون,حي الخليفة
صيدلية د. عمرو صبحي,شارع مكرم عبيد، مبنى 106، بجانب المدرسة، حي المرج، الرحاب، القاهرة,القاهرة,الرحاب,حي المرج
صيدلية د. نعمت عبدالعزيز,شارع السادات، مبنى 1، عند النفق، حي الزيتون، بدر، القاهرة,القاهرة,بدر,حي الزيتون
صيدلية سمير,شارع الميناء، مبنى 117، بعد محطة المترو، حي الدرب الأحمر، الهايكستب، القاهرة,القاهرة,الهايكستب,حي الدرب الأحمر
صيدلية سعاد,شارع الميناء، مبنى 11، عند النفق، حي باب الشعرية، بدر، القاهرة,القاهرة,بدر,حي باب الشعرية
صيدلية د. أيمن عبدالرحمن,شارع الأزهر، مبنى 2، حي الجمالية، وسط البلد، القاهرة,القاهرة,وسط البلد,حي الجمالية
صيدلية د. جلال إيهاب,شارع الزهراء، مبنى 49، حي المطرية، مدينتي، القاهرة,القاهرة,مدينتي,حي المطرية
صيدلية هدى وليد,شارع فيصل، مبنى 108، بجانب المدرسة، حي الخليفة، التجمع الخامس، القاهرة,القاهرة,التجمع الخامس,حي الخليفة
صيدلية غادة إبراهيم,شارع فيصل، مبنى 74، عند النفق، حي السلام، الشرابية، القاهرة,القاهرة,الشرابية,حي السلام
صيدلية سمير صبحي,شارع المدرسة، مبنى 72، بجانب المدرسة، حي الشروق، مدينتي، القاهرة,القاهرة,مدينتي,حي الشروق
صيدلية عبدالرحمن,شارع النصر، مبنى 59، أمام البنك، حي الشروق، سور مجرى العيون، القاهرة,القاهرة,سور مجرى العيون,حي الشروق
صيدلية سعاد عمرو,شارع كورنيش النيل، مبنى 129، أمام البنك، حي السيدة زينب، مدينة نصر، القاهرة,القاهرة,مدينة نصر,حي السيدة زينب
صيدلية أيمن,شارع البحر، مبنى 148، بجوار المسجد، حي الأزبكية، المرج، القاهرة,القاهرة,المرج,حي الأزبكية
صيدلية سامية,شارع عباس العقاد، مبنى 13، أمام البنك، حي الخليفة، بولاق، القاهرة,القاهرة,بولاق,حي الخليفة
صيدلية رانيا,شارع طلعت حرب، مبنى 5، عند النفق، حي السيدة زينب، المرج، القاهرة,القاهرة,المرج,حي السيدة زينب
صيدلية وائل,شارع العشرين، مبنى 76، عند النفق، حي السيدة زينب، الشروق، القاهرة,القاهرة,الشروق,حي السيدة زينب
صيدلية د. ضياء عادل,شارع الأمل، مبنى 117، بجانب المدرسة، حي بولاق، الحضرة، القاهرة,القاهرة,الحضرة,حي بولاق
صيدلية هشام,شارع بورسعيد، مبنى 62، بعد محطة المترو، حي المقطم، منشية ناصر، القاهرة,القاهرة,منشية ناصر,حي المقطم
صيدلية كمال,شارع عباس العقاد، مبنى 79، عند النفق، حي التبين، مصر القديمة، القاهرة,القاهرة,مصر القديمة,حي التبين
صيدلية نعمت,شارع التحرير، مبنى 34، بجوار المسجد، حي الوايلي، الخليفة، القاهرة,القاهرة,الخليفة,حي الوايلي
صيدلية نعمت,شارع النخيل، مبنى 8، بجانب المدرسة، حي المطارية، مدينتي، القاهرة,القاهرة,مدينتي,حي المطارية
صيدلية د. عبير هاني,شارع الأقصى، مبنى 55، بجوار المسجد، حي الخليفة، روض الفرج، القاهرة,القاهرة,روض الفرج,حي الخليفة
صيدلية عمر,شارع الزهراء، مبنى 139، أمام البنك، حي المرج، الزيتون، القاهرة,القاهرة,الزيتون,حي المرج
صيدلية د. هايدي كمال,شارع القنال، مبنى 84، بعد محطة المترو، حي باب الشعرية، عين شمس، القاهرة,القاهرة,عين شمس,حي باب الشعرية
صيدلية د. سمير عبدالرحمن,شارع 26 يوليو، مبنى 136، عند النفق، حي الغورية، الأزبكية، القاهرة,القاهرة,الأزبكية,حي الغورية
صيدلية د. سمير سلامة,شارع القنال، مبنى 145، بجانب المدرسة، حي السيدة زينب، الساحل، القاهرة,القاهرة,الساحل,حي السيدة زينب
صيدلية ضياء,شارع المحطة، مبنى 94، حي الشروق، الرحاب، القاهرة,القاهرة,الرحاب,حي الشروق
صيدلية مدحت وليد,شارع التحرير، مبنى 102، بجوار المسجد، حي الخليفة، المعادي، القاهرة,القاهرة,المعادي,حي الخليفة
صيدلية د. أشرف عبدالعزيز,شارع القنال، مبنى 67، حي الزاوية، حدائق القبة، القاهرة,القاهرة,حدائق القبة,حي الزاوية
صيدلية عبدالعزيز,شارع العشرين، مبنى 123، بعد محطة المترو، حي السلام أول، الخليفة، القاهرة,القاهرة,الخليفة,حي السلام أول
صيدلية الجمهورية,شارع الأمل، مبنى 37، بعد محطة المترو، حي الغورية، حدائق القبة، القاهرة,القاهرة,حدائق القبة,حي الغورية
صيدلية ضياء حامد,شارع الأزهر، مبنى 54، عند النفق، حي الشرابية، الزيتون، القاهرة,القاهرة,الزيتون,حي الشرابية
صيدلية د. منال منسي,شارع الأقصى، مبنى 25، بعد محطة المترو، حي المرج، الحضرة، القاهرة,القاهرة,الحضرة,حي المرج
صيدلية جلال عبدالجواد,شارع السادات، مبنى 94، بجوار المسجد، حي التبين، الزاوية، القاهرة,القاهرة,الزاوية,حي التبين
صيدلية الأمل,شارع الميناء، مبنى 131، أمام البنك، حي الشرابية، مدينة السلام، القاهرة,القاهرة,مدينة السلام,حي الشرابية
صيدلية هدى سيد,شارع الطيران، مبنى 15، بجوار المسجد، حي الخلفاوي، مدينة السلام، القاهرة,القاهرة,مدينة السلام,حي الخلفاوي
صيدلية عمر هاني,شارع الطيران، مبنى 105، بجانب المدرسة، حي المقطم، الرحاب، القاهرة,القاهرة,الرحاب,حي المقطم
صيدلية د. لواء أنور,شارع البحر، مبنى 58، حي الموسكي، الشرابية، القاهرة,القاهرة,الشرابية,حي الموسكي
صيدلية د. ليلى عمر,شارع الجمهورية، مبنى 25، بجوار المسجد، حي التبين، عين شمس، القاهرة,القاهرة,عين شمس,حي التبين
صيدلية د. أحمد إبراهيم,شارع عباس العقاد، مبنى 103، حي السلام أول، منشية ناصر، القاهرة,القاهرة,منشية ناصر,حي السلام أول
صيدلية د. عبدالرحمن فؤاد,شارع السادات، مبنى 119، عند النفق، حي الزيتون، حلوان، القاهرة,القاهرة,حلوان,حي الزيتون
صيدلية د. حسام أيمن,شارع المحطة، مبنى 86، حي الجمالية، القاهرة الجديدة، القاهرة,القاهرة,القاهرة الجديدة,حي الجمالية
صيدلية د. منال عبدالله,شارع بورسعيد، مبنى 132، بجانب المدرسة، حي التبين، السيدة زينب، القاهرة,القاهرة,السيدة زينب,حي التبين
صيدلية النور,شارع الأقصى، مبنى 150، حي الزيتون، بدر، القاهرة,القاهرة,بدر,حي الزيتون
صيدلية رائد,شارع المعز، مبنى 7، بجانب المدرسة، حي الزيتون، المعادي، القاهرة,القاهرة,المعادي,حي الزيتون
صيدلية فريدة,شارع السوق، مبنى 126، عند النفق، حي السيدة زينب، مدينتي، القاهرة,القاهرة,مدينتي,حي السيدة زينب
صيدلية حسن,شارع الخليفة، مبنى 98، بجانب المدرسة، حي الموسكي، باب الشعرية، القاهرة,القاهرة,باب الشعرية,حي الموسكي
صيدلية د. منير وليد,شارع الميناء، مبنى 75، حي 15 مايو، الحضرة، القاهرة,القاهرة,الحضرة,حي 15 مايو
صيدلية الجمهورية,شارع محمد علي، مبنى 40، أمام البنك، حي مصر الجديدة، حلوان، القاهرة,القاهرة,حلوان,حي مصر الجديدة
صيدلية غادة نبيل,شارع الخزان، مبنى 3، عند النفق، حي الجمالية، السيدة زينب، القاهرة,القاهرة,السيدة زينب,حي الجمالية
صيدلية د. سيد صبحي,شارع الجمهورية، مبنى 39، بجوار المسجد، حي الشرابية، بولاق، القاهرة,القاهرة,بولاق,حي الشرابية
صيدلية د. بهاء مصطفى,شارع الأهرام، مبنى 2، أمام البنك، حي الأزبكية، الموسكي، القاهرة,القاهرة,الموسكي,حي الأزبكية
صيدلية د. وليد جلال,شارع 26 يوليو، مبنى 109، عند النفق، حي المعادي، 15 مايو، القاهرة,القاهرة,15 مايو,حي المعادي
صيدلية العافية,شارع القنال، مبنى 19، بجانب المدرسة، حي الخلفاوي، بولاق، القاهرة,القاهرة,بولاق,حي الخلفاوي
صيدلية الفردوس,شارع طلعت حرب، مبنى 137، بعد محطة المترو، حي روض الفرج، الشروق، القاهرة,القاهرة,الشروق,حي روض الفرج
صيدلية وليد,شارع الجلاء، مبنى 128، حي الشروق، مدينتي، القاهرة,القاهرة,مدينتي,حي الشروق
صيدلية بهاء,شارع المدرسة، مبنى 43، بجانب المدرسة، حي عابدين، الخليفة، القاهرة,القاهرة,الخليفة,حي عابدين
صيدلية أنور,شارع النخيل، مبنى 73، بجانب المدرسة، حي الوايلي، حدائق القبة، القاهرة,القاهرة,حدائق القبة,حي الوايلي
صيدلية الفردوس,شارع الأقصى، مبنى 130، حي التبين، الزيتون، القاهرة,القاهرة,الزيتون,حي التبين
صيدلية سعاد,شارع البحر، مبنى 57، بجوار المسجد، حي الحسين، بدر، القاهرة,القاهرة,بدر,حي الحسين
صيدلية د. رمضان السيد,شارع مكرم عبيد، مبنى 12، بجوار المسجد، حي الوايلي، حدائق القبة، القاهرة,القاهرة,حدائق القبة,حي الوايلي
صيدلية مجدي,شارع فيصل، مبنى 95، عند النفق، حي القبة، الفسطاط، القاهرة,القاهرة,الفسطاط,حي القبة
صيدلية ناجح منسي,شارع الأقصى، مبنى 146، أمام البنك، حي القبة، المعادي، القاهرة,القاهرة,المعادي,حي القبة
صيدلية ناجح عبدالستار,شارع الخليفة، مبنى 143، بجانب المدرسة، حي السيدة زينب، التحرير، القاهرة,القاهرة,التحرير,حي السيدة زينب
صيدلية د. أماني هشام,شارع السادات، مبنى 25، أمام البنك، حي روض الفرج، المقطم، القاهرة,القاهرة,المقطم,حي روض الفرج
صيدلية الأمل,شارع الطيران، مبنى 23، بعد محطة المترو، حي السفير، القبة، القاهرة,القاهرة,القبة,حي السفير
صيدلية د. سامية جلال,شارع الميناء، مبنى 131، بجوار المسجد، حي التبين، الشروق، القاهرة,القاهرة,الشروق,حي التبين
صيدلية عزة فathy,شارع البحر، مبنى 29، حي السيدة زينب، 15 مايو، القاهرة,القاهرة,15 مايو,حي السيدة زينب
صيدلية عزة غانم,شارع كورنيش النيل، مبنى 71، بجانب المدرسة، حي مصر الجديدة، الزاوية، القاهرة,القاهرة,الزاوية,حي مصر الجديدة
صيدلية فريدة إبراهيم,شارع المقاومة، مبنى 63، بجانب المدرسة، حي الجمالية، القاهرة الجديدة، القاهرة,القاهرة,القاهرة الجديدة,حي الجمالية
صيدلية د. عبدالله سمير,شارع المدرسة، مبنى 7، بجوار المسجد، حي الزيتون، بولاق، القاهرة,القاهرة,بولاق,حي الزيتون
صيدلية د. فتحي محمد,شارع السادات، مبنى 7، بجوار المسجد، حي الدرب الأحمر، الساحل، القاهرة,القاهرة,الساحل,حي الدرب الأحمر
صيدلية د. عبدالله منسي,شارع البنك، مبنى 70، عند النفق، حي المرج، مدينتي، القاهرة,القاهرة,مدينتي,حي المرج
صيدلية عبدالرحمن الشيخ,شارع البنك، مبنى 81، بعد محطة المترو، حي الغورية، القاهرة، القاهرة,القاهرة,القاهرة,حي الغورية
صيدلية أماني,شارع الأهرام، مبنى 15، بعد محطة المترو، حي السلام، روض الفرج، القاهرة,القاهرة,روض الفرج,حي السلام
صيدلية د. رانيا عمرو,شارع الزهراء، مبنى 134، حي مصر الجديدة، شبرا، القاهرة,القاهرة,شبرا,حي مصر الجديدة
صيدلية عمرو غانم,شارع عباس العقاد، مبنى 119، بعد محطة المترو، حي الموسكي، وسط البلد، القاهرة,القاهرة,وسط البلد,حي الموسكي
صيدلية الصحة,شارع البنك، مبنى 13، بجوار المسجد، حي الغورية، الرحاب، القاهرة,القاهرة,الرحاب,حي الغورية
صيدلية د. لواء وليد,شارع النصر، مبنى 87، حي السفير، الأزبكية، القاهرة,القاهرة,الأزبكية,حي السفير
صيدلية الفردوس,شارع التحرير، مبنى 81، حي المنتزة، المنتزة، القاهرة,القاهرة,المنتزة,حي المنتزة
صيدلية د. سوسن الفقي,شارع الخليفة، مبنى 137، بجوار المسجد، حي الجمالية، سور مجرى العيون، القاهرة,القاهرة,سور مجرى العيون,حي الجمالية
صيدلية لواء,شارع مكرم عبيد، مبنى 10، بجانب المدرسة، حي الجمالية، المنتزة، القاهرة,القاهرة,المنتزة,حي الجمالية
صيدلية د. فؤاد أحمد,شارع الوفاء، مبنى 100، أمام البنك، حي الجمالية، الفسطاط، القاهرة,القاهرة,الفسطاط,حي الجمالية
صيدلية عادل مجدي,شارع القنال، مبنى 49، أمام البنك، حي القبة، التحرير، القاهرة,القاهرة,التحرير,حي القبة
صيدلية النور,شارع الميناء، مبنى 110، أمام البنك، حي الشروق، التحرير، القاهرة,القاهرة,التحرير,حي الشروق
صيدلية الصحة,شارع الأهرام، مبنى 113، بجانب المدرسة، حي الخلفاوي، بولاق، القاهرة,القاهرة,بولاق,حي الخلفاوي
صيدلية د. أيمن جلال,شارع مكرم عبيد، مبنى 67، بعد محطة المترو، حي المطرية، عين شمس، القاهرة,القاهرة,عين شمس,حي المطرية
صيدلية د. نهى مجدي,شارع الروضة، مبنى 53، حي الشروق، الفسطاط، القاهرة,القاهرة,الفسطاط,حي الشروق
صيدلية يوسف,شارع النصر، مبنى 102، بجانب المدرسة، حي القبة، الدرب الأحمر، القاهرة,القاهرة,الدرب الأحمر,حي القبة
صيدلية خالد وائل,شارع الثورة، مبنى 144، بعد محطة المترو، حي الخلفاوي، 15 مايو، القاهرة,القاهرة,15 مايو,حي الخلفاوي
صيدلية صبحي شريف,شارع الجلاء، مبنى 65، أمام البنك، حي السيدة زينب، القبة، القاهرة,القاهرة,القبة,حي السيدة زينب
صيدلية الأمل,شارع 26 يوليو، مبنى 12، بجوار المسجد، حي الجمالية، مصر القديمة، القاهرة,القاهرة,مصر القديمة,حي الجمالية
صيدلية الصحة,شارع عباس العقاد، مبنى 104، بجوار المسجد، حي الموسكي، المنتزة، القاهرة,القاهرة,المنتزة,حي الموسكي
صيدلية هدى خالد,شارع النصر، مبنى 141، بجانب المدرسة، حي الدرب الأحمر، الرحاب، القاهرة,القاهرة,الرحاب,حي الدرب الأحمر
صيدلية محمد,شارع الأقصى، مبنى 41، بعد محطة المترو، حي الدرب الأحمر، العباسية، القاهرة,القاهرة,العباسية,حي الدرب الأحمر
صيدلية أيمن,شارع العروبة، مبنى 108، بجانب المدرسة، حي الغورية، مدينتي، القاهرة,القاهرة,مدينتي,حي الغورية
صيدلية جلال,شارع الاستقلال، مبنى 74، بجانب المدرسة، حي المعادي، مدينة نصر، القاهرة,القاهرة,مدينة نصر,حي المعادي
صيدلية النور,شارع الخزان، مبنى 45، أمام البنك، حي الموسكي، الزيتون، القاهرة,القاهرة,الزيتون,حي الموسكي
صيدلية عادل,شارع الخليفة، مبنى 101، أمام البنك، حي بولاق، مدينتي، القاهرة,القاهرة,مدينتي,حي بولاق
صيدلية الجمهورية,شارع الأهرام، مبنى 8، عند النفق، حي السفير، شبرا، القاهرة,القاهرة,شبرا,حي السفير
صيدلية الفردوس,شارع الجلاء، مبنى 83، عند النفق، حي الخلفاوي، الحضرة، القاهرة,القاهرة,الحضرة,حي الخلفاوي
صيدلية د. إيمان منسي,شارع المدرسة، مبنى 60، بجانب المدرسة، حي عابدين، الرحاب، القاهرة,القاهرة,الرحاب,حي عابدين
صيدلية د. وائل فؤاد,شارع الجلاء، مبنى 21، أمام البنك، حي السفير، المعادي، القاهرة,القاهرة,المعادي,حي السفير
صيدلية هشام,شارع الجامعة، مبنى 138، بعد محطة المترو، حي الموسكي، الوايلي، القاهرة,القاهرة,الوايلي,حي الموسكي
صيدلية الأمل,شارع مكرم عبيد، مبنى 54، عند النفق، حي الموسكي، وسط البلد، القاهرة,القاهرة,وسط البلد,حي الموسكي
صيدلية عاطف رمضان,شارع الميناء، مبنى 131، بعد محطة المترو، حي السلام أول، الفسطاط، القاهرة,القاهرة,الفسطاط,حي السلام أول
صيدلية د. خالد سلامة,شارع الجامعة، مبنى 16، أمام البنك، حي الوايلي، بدر، القاهرة,القاهرة,بدر,حي الوايلي
صيدلية د. وائل شريف,شارع النصر، مبنى 148، بجانب المدرسة، حي الزيتون، المنتزة، القاهرة,القاهرة,المنتزة,حي الزيتون
صيدلية الأمل,شارع عباس العقاد، مبنى 132، عند النفق، حي الشروق، العباسية، القاهرة,القاهرة,العباسية,حي الشروق
صيدلية مها,شارع الجامعة، مبنى 80، عند النفق، حي روض الفرج، المعادي، القاهرة,القاهرة,المعادي,حي روض الفرج
صيدلية د. منير فؤاد,شارع النصر، مبنى 139، عند النفق، حي الشرابية، الحضرة، القاهرة,القاهرة,الحضرة,حي الشرابية
صيدلية د. فاتن عوض,شارع السادات، مبنى 146، عند النفق، حي الغورية، المقطم، القاهرة,القاهرة,المقطم,حي الغورية
صيدلية منال نبيل,شارع البنك، مبنى 124، بجوار المسجد، حي النزهة، الدرب الأحمر، القاهرة,القاهرة,الدرب الأحمر,حي النزهة
صيدلية إيهاب سمير,شارع النصر، مبنى 30، بعد محطة المترو، حي بولاق، المعادي، القاهرة,القاهرة,المعادي,حي بولاق
صيدلية د. يوسف عبدالرحمن,شارع الهرم، مبنى 74، بعد محطة المترو، حي مصر الجديدة، مدينتي، القاهرة,القاهرة,مدينتي,حي مصر الجديدة
صيدلية د. عبدالرحمن حسام,شارع عباس العقاد، مبنى 22، بجانب المدرسة، حي المطارية، باب الشعرية، القاهرة,القاهرة,باب الشعرية,حي المطارية
صيدلية د. عبدالله عمرو,شارع الروضة، مبنى 106، حي الوايلي، العباسية، القاهرة,القاهرة,العباسية,حي الوايلي
صيدلية إبراهيم طارق,شارع الثورة، مبنى 120، بعد محطة المترو، حي الوايلي، المنيل، القاهرة,القاهرة,المنيل,حي الوايلي
صيدلية عبير سمير,شارع التحرير، مبنى 14، بعد محطة المترو، حي المرج، الزيتون، القاهرة,القاهرة,الزيتون,حي المرج
صيدلية هايدي حامد,شارع الجلاء، مبنى 145، أمام البنك، حي الأزبكية، عين شمس، القاهرة,القاهرة,عين شمس,حي الأزبكية
صيدلية جهاد,شارع النخيل، مبنى 135، بجانب المدرسة، حي الزيتون، المرج، القاهرة,القاهرة,المرج,حي الزيتون
صيدلية نعمت يوسف,شارع المحطة، مبنى 96، حي الوايلي، المرج، القاهرة,القاهرة,المرج,حي الوايلي
صيدلية د. سوسن عوض,شارع البنك، مبنى 138، بعد محطة المترو، حي السيدة زينب، مدينة السلام، القاهرة,القاهرة,مدينة السلام,حي السيدة زينب
صيدلية د. لواء مجدي,شارع النخيل، مبنى 7، بعد محطة المترو، حي الوايلي، الأزبكية، القاهرة,القاهرة,الأزبكية,حي الوايلي
صيدلية منير,شارع الوفاء، مبنى 1، بجوار المسجد، حي الشرابية، العباسية، القاهرة,القاهرة,العباسية,حي الشرابية
صيدلية د. علي عبدالعزيز,شارع العشرين، مبنى 104، عند النفق، حي باب الشعرية، وسط البلد، القاهرة,القاهرة,وسط البلد,حي باب الشعرية
صيدلية ناجح جلال,شارع عباس العقاد، مبنى 13، عند النفق، حي السلام أول، الخليفة، القاهرة,القاهرة,الخليفة,حي السلام أول
صيدلية مجدي,شارع الميناء، مبنى 30، بجوار المسجد، حي الدرب الأحمر، حدائق القبة، القاهرة,القاهرة,حدائق القبة,حي الدرب الأحمر
صيدلية فاتن,شارع الطيران، مبنى 24، بعد محطة المترو، حي الزيتون، 15 مايو، القاهرة,القاهرة,15 مايو,حي الزيتون
صيدلية د. أشرف فؤاد,شارع الجلاء، مبنى 116، عند النفق، حي الدرب الأحمر، مصر الجديدة، القاهرة,القاهرة,مصر الجديدة,حي الدرب الأحمر
صيدلية الأمل,شارع بورسعيد، مبنى 139، حي الأزبكية، حلوان، القاهرة,القاهرة,حلوان,حي الأزبكية
صيدلية د. سلوى محمد,شارع الخليفة، مبنى 65، حي حلوان، القاهرة، القاهرة,القاهرة,القاهرة,حي حلوان
صيدلية رانيا عمر,شارع الأهرام، مبنى 103، أمام البنك، حي مصر الجديدة، باب الشعرية، القاهرة,القاهرة,باب الشعرية,حي مصر الجديدة
صيدلية د. عزة جلال,شارع العشرين، مبنى 54، بجوار المسجد، حي الشرابية، الزيتون، القاهرة,القاهرة,الزيتون,حي الشرابية
صيدلية الجمهورية,شارع رمسيس، مبنى 27، بعد محطة المترو، حي الخليفة، حدائق القبة، القاهرة,القاهرة,حدائق القبة,حي الخليفة
صيدلية سوسن خالد,شارع الأقصى، مبنى 6، بعد محطة المترو، حي عين شمس، مصر الجديدة، القاهرة,القاهرة,مصر الجديدة,حي عين شمس
صيدلية د. وليد عادل,شارع السادات، مبنى 97، أمام البنك، حي الجمالية، مدينة السلام، القاهرة,القاهرة,مدينة السلام,حي الجمالية
صيدلية حسين عادل,شارع المقاومة، مبنى 8، حي السلام، وسط البلد، القاهرة,القاهرة,وسط البلد,حي السلام
صيدلية د. سوسن حامد,شارع النخيل، مبنى 107، عند النفق، حي السلام ثان، حلوان، القاهرة,القاهرة,حلوان,حي السلام ثان
صيدلية د. عبلة حسام,شارع مكرم عبيد، مبنى 108، بجانب المدرسة، حي المنتزة، مدينة نصر، القاهرة,القاهرة,مدينة نصر,حي المنتزة
صيدلية فؤاد,شارع 26 يوليو، مبنى 142، حي الجمالية، الموسكي، القاهرة,القاهرة,الموسكي,حي الجمالية
صيدلية الأمل,شارع التحرير، مبنى 69، بعد محطة المترو، حي القبة، الزاوية، القاهرة,القاهرة,الزاوية,حي القبة
صيدلية الفردوس,شارع الأقصى، مبنى 74، بجانب المدرسة، حي الوايلي، بدر، القاهرة,القاهرة,بدر,حي الوايلي
صيدلية نهى محمود,شارع الميناء، مبنى 17، بجوار المسجد، حي المنتزة، التحرير، القاهرة,القاهرة,التحرير,حي المنتزة
صيدلية د. فاتن حجازي,شارع الطيران، مبنى 74، عند النفق، حي السلام ثان، الخليفة، القاهرة,القاهرة,الخليفة,حي السلام ثان
صيدلية منال,شارع المقاومة، مبنى 100، بجانب المدرسة، حي الأزبكية، روض الفرج، القاهرة,القاهرة,روض الفرج,حي الأزبكية
صيدلية منير سيد,شارع الأقصى، مبنى 22، بجانب المدرسة، حي السلام، المقطم، القاهرة,القاهرة,المقطم,حي السلام
صيدلية د. عبلة سمير,شارع الثورة، مبنى 128، بجانب المدرسة، حي المرج، حدائق القبة، القاهرة,القاهرة,حدائق القبة,حي المرج
صيدلية نعمت,شارع فلسطين، مبنى 47، بعد محطة المترو، حي مصر الجديدة، سور مجرى العيون، القاهرة,القاهرة,سور مجرى العيون,حي مصر الجديدة
صيدلية كمال يوسف,شارع الزهراء، مبنى 99، بجوار المسجد، حي الدرب الأحمر، الشروق، القاهرة,القاهرة,الشروق,حي الدرب الأحمر
صيدلية د. وائل فؤاد,شارع كورنيش النيل، مبنى 10، أمام البنك، حي السلام ثان، الحضرة، القاهرة,القاهرة,الحضرة,حي السلام ثان
صيدلية الفردوس,شارع كورنيش النيل، مبنى 80، عند النفق، حي السلام أول، عين شمس، القاهرة,القاهرة,عين شمس,حي السلام أول
صيدلية النور,شارع الزهراء، مبنى 46، بجانب المدرسة، حي الأزبكية، المنيل، القاهرة,القاهرة,المنيل,حي الأزبكية
صيدلية د. سيد حامد,شارع فيصل، مبنى 26، عند النفق، حي روض الفرج، الفسطاط، القاهرة,القاهرة,الفسطاط,حي روض الفرج
صيدلية مجدي,شارع الثورة، مبنى 13، بعد محطة المترو، حي السلام أول، حلوان، القاهرة,القاهرة,حلوان,حي السلام أول
صيدلية دينا ضياء,شارع المدرسة، مبنى 91، أمام البنك، حي الدرب الأحمر، منشية ناصر، القاهرة,القاهرة,منشية ناصر,حي الدرب الأحمر
صيدلية د. يوسف فathy,شارع البنك، مبنى 14، أمام البنك، حي المطارية، الهايكستب، القاهرة,القاهرة,الهايكستب,حي المطارية
صيدلية د. فتحي عطية,شارع الخليفة، مبنى 133، حي عابدين، باب الشعرية، القاهرة,القاهرة,باب الشعرية,حي عابدين
صيدلية د. سيد عبدالجواد,شارع المحطة، مبنى 61، حي النزهة، الموسكي، القاهرة,القاهرة,الموسكي,حي النزهة
صيدلية دينا,شارع العشرين، مبنى 43، بجانب المدرسة، حي الجمالية، 15 مايو، القاهرة,القاهرة,15 مايو,حي الجمالية
صيدلية د. جلال شريف,شارع العشرين، مبنى 72، بجانب المدرسة، حي 15 مايو، المرج، القاهرة,القاهرة,المرج,حي 15 مايو
صيدلية الأمل,شارع مكرم عبيد، مبنى 6، عند النفق، حي المنتزة، عين شمس، القاهرة,القاهرة,عين شمس,حي المنتزة
صيدلية هدى,شارع الأقصى، مبنى 68، حي التبين، حلوان، القاهرة,القاهرة,حلوان,حي التبين
صيدلية د. سوسن عبدالجواد,شارع الحرية، مبنى 101، بجانب المدرسة، حي التبين، بدر، القاهرة,القاهرة,بدر,حي التبين
صيدلية جلال,شارع الخزان، مبنى 141، عند النفق، حي الزيتون، المنتزة، القاهرة,القاهرة,المنتزة,حي الزيتون
صيدلية العافية,شارع الأهرام، مبنى 90، حي الغورية، شبرا، القاهرة,القاهرة,شبرا,حي الغورية
صيدلية سعاد حامد,شارع العروبة، مبنى 47، بجانب المدرسة، حي القبة، القاهرة، القاهرة,القاهرة,القاهرة,حي القبة
صيدلية د. سوسن عزب,شارع مكرم عبيد، مبنى 17، حي الوايلي، مصر القديمة، القاهرة,القاهرة,مصر القديمة,حي الوايلي
صيدلية د. هدى حامد,شارع الجامعة، مبنى 69، بعد محطة المترو، حي الجمالية، القاهرة، القاهرة,القاهرة,القاهرة,حي الجمالية
صيدلية النور,شارع النصر، مبنى 102، بجوار المسجد، حي السيدة زينب، الرحاب، القاهرة,القاهرة,الرحاب,حي السيدة زينب
صيدلية إبراهيم محمد,شارع السوق، مبنى 85، عند النفق، حي الأزبكية، المعادي، القاهرة,القاهرة,المعادي,حي الأزبكية
صيدلية فتحي,شارع القنال، مبنى 39، أمام البنك، حي المرج، العباسية، القاهرة,القاهرة,العباسية,حي المرج
صيدلية د. ناجح هاني,شارع الميناء، مبنى 118، بجوار المسجد، حي الخليفة، سور مجرى العيون، القاهرة,القاهرة,سور مجرى العيون,حي الخليفة
صيدلية د. نعمت وائل,شارع النخيل، مبنى 105، بعد محطة المترو، حي الخليفة، سور مجرى العيون، القاهرة,القاهرة,سور مجرى العيون,حي الخليفة
صيدلية الأمل,شارع البنك، مبنى 91، عند النفق، حي السفير، الأزبكية، القاهرة,القاهرة,الأزبكية,حي السفير
صيدلية د. منير إبراهيم,شارع الثورة، مبنى 5، بجانب المدرسة، حي الشرابية، روض الفرج، القاهرة,القاهرة,روض الفرج,حي الشرابية
صيدلية د. حسن الفقي,شارع الأمل، مبنى 68، عند النفق، حي الدرب الأحمر، المرج، القاهرة,القاهرة,المرج,حي الدرب الأحمر
صيدلية عادل,شارع الجامعة، مبنى 134، عند النفق، حي 15 مايو، الزيتون، القاهرة,القاهرة,الزيتون,حي 15 مايو
صيدلية العافية,شارع فلسطين، مبنى 106، حي الخليفة، الفسطاط، القاهرة,القاهرة,الفسطاط,حي الخليفة
صيدلية أحمد مجدي,شارع الزهراء، مبنى 66، بجوار المسجد، حي الوايلي، القاهرة الجديدة، القاهرة,القاهرة,القاهرة الجديدة,حي الوايلي
صيدلية الأمل,شارع كورنيش النيل، مبنى 98، أمام البنك، حي السلام، وسط البلد، القاهرة,القاهرة,وسط البلد,حي السلام
صيدلية د. مها إبراهيم,شارع العروبة، مبنى 43، بجوار المسجد، حي المقطم، الوايلي، القاهرة,القاهرة,الوايلي,حي المقطم
صيدلية أحمد,شارع الجامعة، مبنى 70، بعد محطة المترو، حي التبين، حلوان، القاهرة,القاهرة,حلوان,حي التبين
صيدلية د. نادية فathy,شارع المدرسة، مبنى 8، بجانب المدرسة، حي 15 مايو، الزاوية، القاهرة,القاهرة,الزاوية,حي 15 مايو
صيدلية د. أحمد سيد,شارع البنك، مبنى 77، عند النفق، حي بولاق، المنيل، القاهرة,القاهرة,المنيل,حي بولاق
صيدلية الأمل,شارع 26 يوليو، مبنى 12، بجانب المدرسة، حي الوايلي، القاهرة، القاهرة,القاهرة,القاهرة,حي الوايلي
صيدلية نبيل,شارع المعز، مبنى 113، بعد محطة المترو، حي المنتزة، مدينة السلام، القاهرة,القاهرة,مدينة السلام,حي المنتزة
صيدلية عمرو,شارع بورسعيد، مبنى 103، بعد محطة المترو، حي مصر الجديدة، سور مجرى العيون، القاهرة,القاهرة,سور مجرى العيون,حي مصر الجديدة
صيدلية د. عمرو مدحت,شارع الروضة، مبنى 89، أمام البنك، حي عابدين، القاهرة الجديدة، القاهرة,القاهرة,القاهرة الجديدة,حي عابدين
صيدلية د. شريف غانم,شارع الأقصى، مبنى 150، بجوار المسجد، حي عين شمس، المرج، القاهرة,القاهرة,المرج,حي عين شمس
صيدلية فتحي,شارع الأهرام، مبنى 36، بجانب المدرسة، حي السلام ثان، باب الشعرية، القاهرة,القاهرة,باب الشعرية,حي السلام ثان
صيدلية خالد إبراهيم,شارع الجمهورية، مبنى 24، بجوار المسجد، حي باب الشعرية، الأزبكية، القاهرة,القاهرة,الأزبكية,حي باب الشعرية
صيدلية د. فاتن مدحت,شارع التحرير، مبنى 77، أمام البنك، حي الجمالية، وسط البلد، القاهرة,القاهرة,وسط البلد,حي الجمالية
صيدلية د. سامية وائل,شارع كورنيش النيل، مبنى 73، أمام البنك، حي الحسين، القاهرة الجديدة، القاهرة,القاهرة,القاهرة الجديدة,حي الحسين
صيدلية الفردوس,شارع الأمل، مبنى 36، عند النفق، حي القبة، الوايلي، القاهرة,القاهرة,الوايلي,حي القبة
صيدلية د. سلوى صبحي,شارع الروضة، مبنى 66، أمام البنك، حي الوايلي، مدينة نصر، القاهرة,القاهرة,مدينة نصر,حي الوايلي
صيدلية د. رائد السيد,شارع عباس العقاد، مبنى 98، عند النفق، حي الزيتون، المرج، القاهرة,القاهرة,المرج,حي الزيتون
صيدلية الجمهورية,شارع الجمهورية، مبنى 49، بجوار المسجد، حي الخلفاوي، القبة، القاهرة,القاهرة,القبة,حي الخلفاوي
صيدلية العافية,شارع رمسيس، مبنى 86، بعد محطة المترو، حي النزهة، الأزبكية، القاهرة,القاهرة,الأزبكية,حي النزهة
صيدلية د. شريف سيد,شارع البنك، مبنى 135، بجانب المدرسة، حي التبين، التجمع الخامس، القاهرة,القاهرة,التجمع الخامس,حي التبين
صيدلية محمود فؤاد,شارع الأمل، مبنى 105، بجوار المسجد، حي الزيتون، عين شمس، القاهرة,القاهرة,عين شمس,حي الزيتون
صيدلية د. خالد جلال,شارع الثورة، مبنى 104، بعد محطة المترو، حي المقطم، الحضرة، القاهرة,القاهرة,الحضرة,حي المقطم
صيدلية الفردوس,شارع الوفاء، مبنى 93، حي بولاق، الخليفة، القاهرة,القاهرة,الخليفة,حي بولاق
صيدلية أشرف,شارع النخيل، مبنى 57، أمام البنك، حي الحسين، الدرب الأحمر، القاهرة,القاهرة,الدرب الأحمر,حي الحسين
صيدلية وفاء سلامة,شارع المحطة، مبنى 20، حي النزهة، الدرب الأحمر، القاهرة,القاهرة,الدرب الأحمر,حي النزهة
صيدلية هدى شريف,شارع النخيل، مبنى 120، أمام البنك، حي السلام، المعادي، القاهرة,القاهرة,المعادي,حي السلام
صيدلية د. مها إبراهيم,شارع الطيران، مبنى 65، بجوار المسجد، حي الموسكي، 15 مايو، القاهرة,القاهرة,15 مايو,حي الموسكي
صيدلية د. حورية مجدي,شارع بورسعيد، مبنى 39، بجوار المسجد، حي السلام ثان، الهايكستب، القاهرة,القاهرة,الهايكستب,حي السلام ثان
صيدلية جلال أنور,شارع الاستقلال، مبنى 69، حي الزيتون، بدر، القاهرة,القاهرة,بدر,حي الزيتون
صيدلية د. نادية سلامة,شارع الهرم، مبنى 68، بعد محطة المترو، حي الشروق، الموسكي، القاهرة,القاهرة,الموسكي,حي الشروق
صيدلية حسين,شارع الزهراء، مبنى 99، بجوار المسجد، حي حلوان، المرج، القاهرة,القاهرة,المرج,حي حلوان
صيدلية د. حورية فathy,شارع السوق، مبنى 81، حي السلام ثان، الأزبكية، القاهرة,القاهرة,الأزبكية,حي السلام ثان
صيدلية د. وائل صبحي,شارع المدرسة، مبنى 77، بعد محطة المترو، حي الموسكي، المرج، القاهرة,القاهرة,المرج,حي الموسكي
صيدلية سعيد أحمد,شارع 26 يوليو، مبنى 84، بجانب المدرسة، حي الجمالية، الدرب الأحمر، القاهرة,القاهرة,الدرب الأحمر,حي الجمالية
صيدلية بهاء عبدالعزيز,شارع محمد علي، مبنى 72، حي الخلفاوي، الساحل، القاهرة,القاهرة,الساحل,حي الخلفاوي
صيدلية د. غادة جلال,شارع الميناء، مبنى 73، أمام البنك، حي بولاق، الشرابية، القاهرة,القاهرة,الشرابية,حي بولاق
صيدلية د. جهاد كمال,شارع الروضة، مبنى 2، بعد محطة المترو، حي الشروق، مدينة السلام، القاهرة,القاهرة,مدينة السلام,حي الشروق
صيدلية د. طارق عزب,شارع فلسطين، مبنى 59، عند النفق، حي المقطم، مدينة نصر، القاهرة,القاهرة,مدينة نصر,حي المقطم
صيدلية د. منير أنور,شارع النخيل، مبنى 60، حي الجمالية، روض الفرج، القاهرة,القاهرة,روض الفرج,حي الجمالية
صيدلية فاتن عبدالرحمن,شارع فلسطين، مبنى 97، بجانب المدرسة، حي الشروق، الرحاب، القاهرة,القاهرة,الرحاب,حي الشروق
صيدلية د. فتحي سيد,شارع طلعت حرب، مبنى 56، أمام البنك، حي الوايلي، المرج، القاهرة,القاهرة,المرج,حي الوايلي
صيدلية الأمل,شارع كورنيش النيل، مبنى 16، بجانب المدرسة، حي الخلفاوي، الحضرة، القاهرة,القاهرة,الحضرة,حي الخلفاوي
صيدلية جلال حسن,شارع النصر، مبنى 75، بجانب المدرسة، حي الزيتون، الساحل، القاهرة,القاهرة,الساحل,حي الزيتون
صيدلية د. حورية عزب,شارع الخليفة، مبنى 27، بعد محطة المترو، حي مصر الجديدة، المنتزة، القاهرة,القاهرة,المنتزة,حي مصر الجديدة
صيدلية أماني وائل,شارع المقاومة، مبنى 67، حي الزاوية، المرج، القاهرة,القاهرة,المرج,حي الزاوية
صيدلية عبدالعزيز,شارع النخيل، مبنى 56، بعد محطة المترو، حي الأزبكية، مصر الجديدة، القاهرة,القاهرة,مصر الجديدة,حي الأزبكية
صيدلية خالد,شارع فيصل، مبنى 122، بجانب المدرسة، حي السيدة زينب، حدائق القبة، القاهرة,القاهرة,حدائق القبة,حي السيدة زينب
صيدلية كمال أنور,شارع العشرين، مبنى 67، حي السيدة زينب، الحضرة، القاهرة,القاهرة,الحضرة,حي السيدة زينب
صيدلية د. ليلى مجدي,شارع المدرسة، مبنى 28، عند النفق، حي الشروق، شبرا، القاهرة,القاهرة,شبرا,حي الشروق
صيدلية نبيل,شارع الميناء، مبنى 18، عند النفق، حي الشرابية، الوايلي، القاهرة,القاهرة,الوايلي,حي الشرابية
صيدلية د. هاني فؤاد,شارع القنال، مبنى 125، حي المرج، عين شمس، القاهرة,القاهرة,عين شمس,حي المرج
صيدلية د. رانيا وائل,شارع عباس العقاد، مبنى 27، بعد محطة المترو، حي المنتزة، الموسكي، القاهرة,القاهرة,الموسكي,حي المنتزة
صيدلية د. عبلة محمد,شارع كورنيش النيل، مبنى 78، عند النفق، حي المرج، باب الشعرية، القاهرة,القاهرة,باب الشعرية,حي المرج
صيدلية الفردوس,شارع العشرين، مبنى 23، أمام البنك، حي السلام أول، الوايلي، القاهرة,القاهرة,الوايلي,حي السلام أول
صيدلية د. أحمد الفقي,شارع النخيل، مبنى 102، بعد محطة المترو، حي الأزبكية، سور مجرى العيون، القاهرة,القاهرة,سور مجرى العيون,حي الأزبكية
صيدلية د. وفاء فathy,شارع الأزهر، مبنى 106، عند النفق، حي القبة، مدينة نصر، القاهرة,القاهرة,مدينة نصر,حي القبة
صيدلية الفردوس,شارع الأزهر، مبنى 46، أمام البنك، حي المطرية، شبرا، القاهرة,القاهرة,شبرا,حي المطرية
صيدلية الصحة,شارع الوفاء، مبنى 122، بجانب المدرسة، حي الجمالية، القبة، القاهرة,القاهرة,القبة,حي الجمالية
صيدلية د. مجدي أنور,شارع الخليفة، مبنى 32، بجوار المسجد، حي حلوان، الهايكستب، القاهرة,القاهرة,الهايكستب,حي حلوان
صيدلية د. خالد ضياء,شارع 26 يوليو، مبنى 65، بجوار المسجد، حي الحسين، الحضرة، القاهرة,القاهرة,الحضرة,حي الحسين
صيدلية الأمل,شارع البنك، مبنى 52، عند النفق، حي الوايلي، باب الشعرية، القاهرة,القاهرة,باب الشعرية,حي الوايلي
صيدلية د. أحمد عمر,شارع الأقصى، مبنى 115، بعد محطة المترو، حي الموسكي، الشرابية، القاهرة,القاهرة,الشرابية,حي الموسكي
صيدلية مها,شارع التحرير، مبنى 117، بجوار المسجد، حي المطرية، شبرا، القاهرة,القاهرة,شبرا,حي المطرية
صيدلية د. نعمت غانم,شارع المدرسة، مبنى 38، بعد محطة المترو، حي الدرب الأحمر، مدينة نصر، القاهرة,القاهرة,مدينة نصر,حي الدرب الأحمر
صيدلية د. رمضان خالد,شارع الوحدة، مبنى 63، حي الشروق، بدر، القاهرة,القاهرة,بدر,حي الشروق
صيدلية فؤاد عبدالرحمن,شارع الحرية، مبنى 107، حي عين شمس، الشروق، القاهرة,القاهرة,الشروق,حي عين شمس
صيدلية د. نبيل يوسف,شارع الزهراء، مبنى 26، بجوار المسجد، حي المعادي، العباسية، القاهرة,القاهرة,العباسية,حي المعادي
صيدلية كمال هشام,شارع الجمهورية، مبنى 85، بجوار المسجد، حي الموسكي، الهايكستب، القاهرة,القاهرة,الهايكستب,حي الموسكي
صيدلية د. وليد حسين,شارع الروضة، مبنى 139، حي السلام أول، روض الفرج، القاهرة,القاهرة,روض الفرج,حي السلام أول
صيدلية د. أمل نبيل,شارع المقاومة، مبنى 5، أمام البنك، حي الموسكي، المعادي، القاهرة,القاهرة,المعادي,حي الموسكي
صيدلية هشام,شارع الأهرام، مبنى 116، أمام البنك، حي حلوان، الموسكي، القاهرة,القاهرة,الموسكي,حي حلوان
صيدلية وحيد عمرو,شارع المعز، مبنى 139، بعد محطة المترو، حي الأزبكية، التجمع الخامس، القاهرة,القاهرة,التجمع الخامس,حي الأزبكية
صيدلية عبدالعزيز حامد,شارع الوحدة، مبنى 118، عند النفق، حي الموسكي، حلوان، القاهرة,القاهرة,حلوان,حي الموسكي
صيدلية عمرو,شارع الأمل، مبنى 3، عند النفق، حي المرج، المقطم، القاهرة,القاهرة,المقطم,حي المرج
صيدلية الأمل,شارع السوق، مبنى 116، بعد محطة المترو، حي المرج، الوايلي، القاهرة,القاهرة,الوايلي,حي المرج
صيدلية حسام الشيخ,شارع 26 يوليو، مبنى 80، أمام البنك، حي الزيتون، الرحاب، القاهرة,القاهرة,الرحاب,حي الزيتون
صيدلية الصحة,شارع عباس العقاد، مبنى 99، عند النفق، حي الخلفاوي، مدينة نصر، القاهرة,القاهرة,مدينة نصر,حي الخلفاوي
صيدلية د. عاصم عمر,شارع الجامعة، مبنى 17، بجوار المسجد، حي الحسين، الهايكستب، القاهرة,القاهرة,الهايكستب,حي الحسين
صيدلية محمد,شارع الأمل، مبنى 18، بجانب المدرسة، حي الموسكي، التحرير، القاهرة,القاهرة,التحرير,حي الموسكي
صيدلية د. إيناس عبدالله,شارع عباس العقاد، مبنى 62، بعد محطة المترو، حي الأزبكية، بدر، القاهرة,القاهرة,بدر,حي الأزبكية
صيدلية خالد يوسف,شارع التحرير، مبنى 83، حي الغورية، الدرب الأحمر، القاهرة,القاهرة,الدرب الأحمر,حي الغورية
صيدلية وليد,شارع فيصل، مبنى 144، عند النفق، حي بولاق، الحضرة، القاهرة,القاهرة,الحضرة,حي بولاق
صيدلية د. عمرو حسين,شارع الجامعة، مبنى 100، بعد محطة المترو، حي التبين، القاهرة، القاهرة,القاهرة,القاهرة,حي التبين
صيدلية حسام حامد,شارع المسجد، مبنى 34، بعد محطة المترو، حي الشرابية، مدينة السلام، القاهرة,القاهرة,مدينة السلام,حي الشرابية
صيدلية د. علي عبدالرحمن,شارع الخليفة، مبنى 137، بعد محطة المترو، حي السيدة زينب، القاهرة الجديدة، القاهرة,القاهرة,القاهرة الجديدة,حي السيدة زينب
صيدلية فتحي سيد,شارع الأمل، مبنى 3، بجانب المدرسة، حي الغورية، وسط البلد، القاهرة,القاهرة,وسط البلد,حي الغورية
صيدلية سامية فؤاد,شارع السوق، مبنى 25، بجوار المسجد، حي 15 مايو، الوايلي، القاهرة,القاهرة,الوايلي,حي 15 مايو
صيدلية الجمهورية,شارع الأزهر، مبنى 89، حي التبين، الحضرة، القاهرة,القاهرة,الحضرة,حي التبين
صيدلية د. وليد يوسف,شارع الاستقلال، مبنى 100، أمام البنك، حي الموسكي، التجمع الخامس، القاهرة,القاهرة,التجمع الخامس,حي الموسكي
صيدلية د. سمير وليد,شارع الميناء، مبنى 90، بعد محطة المترو، حي الشروق، المنتزة، القاهرة,القاهرة,المنتزة,حي الشروق
صيدلية د. سامية رمضان,شارع الوحدة، مبنى 47، عند النفق، حي باب الشعرية، الرحاب، القاهرة,القاهرة,الرحاب,حي باب الشعرية
صيدلية عبدالعزيز مدحت,شارع الخليفة، مبنى 106، بجوار المسجد، حي القبة، الوايلي، القاهرة,القاهرة,الوايلي,حي القبة
صيدلية د. حسام حامد,شارع الأقصى، مبنى 87، أمام البنك، حي مصر الجديدة، العباسية، القاهرة,القاهرة,العباسية,حي مصر الجديدة
صيدلية الأمل,شارع الأقصى، مبنى 40، حي السلام، التجمع الخامس، القاهرة,القاهرة,التجمع الخامس,حي السلام
صيدلية رائد,شارع الزهراء، مبنى 128، بعد محطة المترو، حي الجمالية، وسط البلد، القاهرة,القاهرة,وسط البلد,حي الجمالية
صيدلية النور,شارع المحطة، مبنى 90، أمام البنك، حي الوايلي، شبرا، القاهرة,القاهرة,شبرا,حي الوايلي
صيدلية الصحة,شارع الوحدة، مبنى 10، بعد محطة المترو، حي مصر الجديدة، الشروق، القاهرة,القاهرة,الشروق,حي مصر الجديدة
صيدلية النور,شارع الأزهر، مبنى 43، بجوار المسجد، حي حلوان، القاهرة الجديدة، القاهرة,القاهرة,القاهرة الجديدة,حي حلوان
صيدلية د. حسن أيمن,شارع السادات، مبنى 122، بعد محطة المترو، حي المقطم، المقطم، القاهرة,القاهرة,المقطم,حي المقطم
صيدلية د. أيمن يوسف,شارع المحطة، مبنى 15، عند النفق، حي السفير، الرحاب، القاهرة,القاهرة,الرحاب,حي السفير
صيدلية د. ليلى حسين,شارع عباس العقاد، مبنى 36، بعد محطة المترو، حي عين شمس، التحرير، القاهرة,القاهرة,التحرير,حي عين شمس
صيدلية الأمل,شارع الأمل، مبنى 82، بجوار المسجد، حي النزهة، الشرابية، القاهرة,القاهرة,الشرابية,حي النزهة
صيدلية سعاد إبراهيم,شارع الوفاء، مبنى 13، بجانب المدرسة، حي الشروق، المعادي، القاهرة,القاهرة,المعادي,حي الشروق
صيدلية د. رائد عطية,شارع الميناء، مبنى 63، حي الخليفة، الرحاب، القاهرة,القاهرة,الرحاب,حي الخليفة
صيدلية عاطف هاني,شارع الوفاء، مبنى 86، أمام البنك، حي المطرية، القاهرة، القاهرة,القاهرة,القاهرة,حي المطرية
صيدلية العافية,شارع فيصل، مبنى 67، حي المعادي، القبة، القاهرة,القاهرة,القبة,حي المعادي
صيدلية د. ليلى حسونة,شارع 26 يوليو، مبنى 81، بعد محطة المترو، حي عابدين، الهايكستب، القاهرة,القاهرة,الهايكستب,حي عابدين
صيدلية د. رائد الشيخ,شارع البحر، مبنى 117، عند النفق، حي الأزبكية، شبرا، القاهرة,القاهرة,شبرا,حي الأزبكية
صيدلية د. هايدي مجدي,شارع الخليفة، مبنى 64، أمام البنك، حي بولاق، عين شمس، القاهرة,القاهرة,عين شمس,حي بولاق
صيدلية سعيد عادل,شارع بورسعيد، مبنى 112، عند النفق، حي المعادي، العباسية، القاهرة,القاهرة,العباسية,حي المعادي
صيدلية عاصم,شارع الخزان، مبنى 45، حي السيدة زينب، منشية ناصر، القاهرة,القاهرة,منشية ناصر,حي السيدة زينب
صيدلية د. عبير عبدالعزيز,شارع فيصل، مبنى 106، بجانب المدرسة، حي المقطم، وسط البلد، القاهرة,القاهرة,وسط البلد,حي المقطم
صيدلية الأمل,شارع الجلاء، مبنى 63، حي المطرية، مصر الجديدة، القاهرة,القاهرة,مصر الجديدة,حي المطرية
صيدلية فؤاد علي,شارع المحطة، مبنى 106، بجوار المسجد، حي المعادي، الحضرة، القاهرة,القاهرة,الحضرة,حي المعادي
صيدلية د. عبلة أنور,شارع الوحدة، مبنى 38، بجوار المسجد، حي الشروق، باب الشعرية، القاهرة,القاهرة,باب الشعرية,حي الشروق
صيدلية ناجح,شارع المدرسة، مبنى 5، أمام البنك، حي الزيتون، الفسطاط، القاهرة,القاهرة,الفسطاط,حي الزيتون
صيدلية د. كمال السيد,شارع الروضة، مبنى 94، بجوار المسجد، حي 15 مايو، بدر، القاهرة,القاهرة,بدر,حي 15 مايو
صيدلية سعاد,شارع العروبة، مبنى 128، أمام البنك، حي مصر الجديدة، الزيتون، القاهرة,القاهرة,الزيتون,حي مصر الجديدة
صيدلية الجمهورية,شارع الجمهورية، مبنى 143، أمام البنك، حي الزيتون، مصر القديمة، القاهرة,القاهرة,مصر القديمة,حي الزيتون
صيدلية الأمل,شارع المعز، مبنى 80، بجوار المسجد، حي السلام، الوايلي، القاهرة,القاهرة,الوايلي,حي السلام
صيدلية أحمد,شارع السادات، مبنى 87، عند النفق، حي الخليفة، التجمع الخامس، القاهرة,القاهرة,التجمع الخامس,حي الخليفة
صيدلية د. إيهاب نبيل,شارع الجلاء، مبنى 89، بعد محطة المترو، حي المعادي، المرج، القاهرة,القاهرة,المرج,حي المعادي
صيدلية عبدالله منسي,شارع الزهراء، مبنى 3، أمام البنك، حي السيدة زينب، الرحاب، القاهرة,القاهرة,الرحاب,حي السيدة زينب
صيدلية د. إبراهيم شريف,شارع العشرين، مبنى 45، حي الدرب الأحمر، الشروق، القاهرة,القاهرة,الشروق,حي الدرب الأحمر
صيدلية سعيد,شارع المسجد، مبنى 68، بجوار المسجد، حي القبة، مدينتي، القاهرة,القاهرة,مدينتي,حي القبة
صيدلية سمير,شارع العروبة، مبنى 139، حي المنتزة، حدائق القبة، القاهرة,القاهرة,حدائق القبة,حي المنتزة
صيدلية د. هدى مدحت,شارع الوحدة، مبنى 43، بعد محطة المترو، حي باب الشعرية، المعادي، القاهرة,القاهرة,المعادي,حي باب الشعرية
صيدلية الفردوس,شارع العروبة، مبنى 87، بجانب المدرسة، حي الحسين، حلوان، القاهرة,القاهرة,حلوان,حي الحسين
صيدلية الصحة,شارع الأقصى، مبنى 11، حي السلام ثان، مدينة نصر، القاهرة,القاهرة,مدينة نصر,حي السلام ثان
صيدلية د. سيد حسين,شارع الزهراء، مبنى 34، أمام البنك، حي مصر الجديدة، حدائق القبة، القاهرة,القاهرة,حدائق القبة,حي مصر الجديدة
صيدلية د. سعاد عمر,شارع السادات، مبنى 131، أمام البنك، حي الجمالية، 15 مايو، القاهرة,القاهرة,15 مايو,حي الجمالية
صيدلية د. عاطف أشرف,شارع الأقصى، مبنى 79، بجانب المدرسة، حي الغورية، مدينة نصر، القاهرة,القاهرة,مدينة نصر,حي الغورية
صيدلية ضياء,شارع المقاومة، مبنى 11، حي باب الشعرية، وسط البلد، القاهرة,القاهرة,وسط البلد,حي باب الشعرية
صيدلية د. سعاد محمد,شارع رمسيس، مبنى 78، بعد محطة المترو، حي السلام، المنيل، القاهرة,القاهرة,المنيل,حي السلام
صيدلية د. عمر سمير,شارع المحطة، مبنى 41، بجانب المدرسة، حي التبين، الوايلي، القاهرة,القاهرة,الوايلي,حي التبين
صيدلية رائد,شارع النخيل، مبنى 55، بعد محطة المترو، حي 15 مايو، التجمع الخامس، القاهرة,القاهرة,التجمع الخامس,حي 15 مايو
صيدلية جلال أشرف,شارع بورسعيد، مبنى 14، عند النفق، حي الشرابية، الخليفة، القاهرة,القاهرة,الخليفة,حي الشرابية
صيدلية د. سعاد مجدي,شارع فلسطين، مبنى 131، بعد محطة المترو، حي عين شمس، بدر، القاهرة,القاهرة,بدر,حي عين شمس
صيدلية د. لواء وائل,شارع طلعت حرب، مبنى 45، بعد محطة المترو، حي الموسكي، القبة، القاهرة,القاهرة,القبة,حي الموسكي
صيدلية د. خالد سمير,شارع الميناء، مبنى 25، بعد محطة المترو، حي الغورية، القاهرة الجديدة، القاهرة,القاهرة,القاهرة الجديدة,حي الغورية
صيدلية ناجح شريف,شارع الجامعة، مبنى 110، بجوار المسجد، حي باب الشعرية، مدينة نصر، القاهرة,القاهرة,مدينة نصر,حي باب الشعرية
صيدلية د. عبدالعزيز السيد,شارع رمسيس، مبنى 48، بجوار المسجد، حي القبة، الزيتون، القاهرة,القاهرة,الزيتون,حي القبة
صيدلية النور,شارع الأهرام، مبنى 52، بعد محطة المترو، حي السفير، الشرابية، القاهرة,القاهرة,الشرابية,حي السفير
صيدلية د. وليد صبحي,شارع الخزان، مبنى 73، حي الزاوية، المعادي، القاهرة,القاهرة,المعادي,حي الزاوية
صيدلية سعاد,شارع الأمل، مبنى 114، عند النفق، حي باب الشعرية، المرج، القاهرة,القاهرة,المرج,حي باب الشعرية
صيدلية د. عبلة عطية,شارع مكرم عبيد، مبنى 99، بجانب المدرسة، حي الشروق، بدر، القاهرة,القاهرة,بدر,حي الشروق
صيدلية د. غادة خالد,شارع الخليفة، مبنى 5، أمام البنك، حي الخلفاوي، الشروق، القاهرة,القاهرة,الشروق,حي الخلفاوي
صيدلية سوسن فؤاد,شارع السوق، مبنى 101، بجانب المدرسة، حي الأزبكية، الفسطاط، القاهرة,القاهرة,الفسطاط,حي الأزبكية
صيدلية د. وائل إيهاب,شارع عباس العقاد، مبنى 79، حي السلام أول، الهايكستب، القاهرة,القاهرة,الهايكستب,حي السلام أول
صيدلية سعاد,شارع السادات، مبنى 14، بجوار المسجد، حي حلوان، الأزبكية، القاهرة,القاهرة,الأزبكية,حي حلوان
صيدلية حورية فؤاد,شارع المسجد، مبنى 28، حي الزاوية، الفسطاط، القاهرة,القاهرة,الفسطاط,حي الزاوية
صيدلية نعمت,شارع 26 يوليو، مبنى 43، بجانب المدرسة، حي السيدة زينب، الشروق، القاهرة,القاهرة,الشروق,حي السيدة زينب
صيدلية د. سحر رمضان,شارع العروبة، مبنى 148، عند النفق، حي الشرابية، حلوان، القاهرة,القاهرة,حلوان,حي الشرابية
صيدلية النور,شارع 26 يوليو، مبنى 1، بجانب المدرسة، حي المنتزة، عين شمس، القاهرة,القاهرة,عين شمس,حي المنتزة
صيدلية عاطف ضياء,شارع رمسيس، مبنى 115، أمام البنك، حي الجمالية، مدينة السلام، القاهرة,القاهرة,مدينة السلام,حي الجمالية
صيدلية إيناس,شارع النصر، مبنى 90، بعد محطة المترو، حي 15 مايو، سور مجرى العيون، القاهرة,القاهرة,سور مجرى العيون,حي 15 مايو
صيدلية حورية,شارع عباس العقاد، مبنى 56، أمام البنك، حي الموسكي، الشرابية، القاهرة,القاهرة,الشرابية,حي الموسكي
صيدلية الفردوس,شارع الحرية، مبنى 23، عند النفق، حي مصر الجديدة، روض الفرج، القاهرة,القاهرة,روض الفرج,حي مصر الجديدة
صيدلية د. أيمن فؤاد,شارع الزهراء، مبنى 68، بعد محطة المترو، حي الشروق، الرحاب، القاهرة,القاهرة,الرحاب,حي الشروق
صيدلية د. سوسن حسن,شارع الطيران، مبنى 47، حي الجمالية، التحرير، القاهرة,القاهرة,التحرير,حي الجمالية
صيدلية د. أشرف عمرو,شارع مكرم عبيد، مبنى 56، بجوار المسجد، حي المرج، المقطم، القاهرة,القاهرة,المقطم,حي المرج
صيدلية د. عبدالرحمن إيهاب,شارع المدرسة، مبنى 26، أمام البنك، حي الخليفة، الموسكي، القاهرة,القاهرة,الموسكي,حي الخليفة
صيدلية ليلى,شارع البنك، مبنى 45، عند النفق، حي المعادي، عين شمس، القاهرة,القاهرة,عين شمس,حي المعادي
صيدلية الصحة,شارع النخيل، مبنى 83، حي المعادي، الموسكي، القاهرة,القاهرة,الموسكي,حي المعادي
صيدلية منير,شارع النصر، مبنى 133، بجوار المسجد، حي الزيتون، المنتزة، القاهرة,القاهرة,المنتزة,حي الزيتون
صيدلية د. عادل هشام,شارع العروبة، مبنى 4، عند النفق، حي المطارية، الزاوية، القاهرة,القاهرة,الزاوية,حي المطارية
صيدلية د. خالد إيهاب,شارع العشرين، مبنى 63، بعد محطة المترو، حي الخليفة، عين شمس، القاهرة,القاهرة,عين شمس,حي الخليفة
صيدلية منير فؤاد,شارع الوفاء، مبنى 33، أمام البنك، حي الوايلي، القاهرة، القاهرة,القاهرة,القاهرة,حي الوايلي
صيدلية فؤاد,شارع السوق، مبنى 3، بجانب المدرسة، حي السلام ثان، التجمع الخامس، القاهرة,القاهرة,التجمع الخامس,حي السلام ثان
صيدلية النور,شارع النخيل، مبنى 128، حي المعادي، الوايلي، القاهرة,القاهرة,الوايلي,حي المعادي
صيدلية عمر,شارع المقاومة، مبنى 116، عند النفق، حي حلوان، 15 مايو، القاهرة,القاهرة,15 مايو,حي حلوان
صيدلية د. وفاء جلال,شارع الاستقلال، مبنى 76، أمام البنك، حي الزيتون، التجمع الخامس، القاهرة,القاهرة,التجمع الخامس,حي الزيتون
صيدلية د. منير إبراهيم,شارع الأقصى، مبنى 89، بجانب المدرسة، حي 15 مايو، السيدة زينب، القاهرة,القاهرة,السيدة زينب,حي 15 مايو
صيدلية الصحة,شارع الميناء، مبنى 130، بجانب المدرسة، حي الزاوية، العباسية، القاهرة,القاهرة,العباسية,حي الزاوية
صيدلية د. ليلى عبدالجواد,شارع الجلاء، مبنى 116، أمام البنك، حي 15 مايو، مدينة السلام، القاهرة,القاهرة,مدينة السلام,حي 15 مايو
صيدلية د. علي منسي,شارع المسجد، مبنى 63، حي المعادي، المنيل، القاهرة,القاهرة,المنيل,حي المعادي
صيدلية خالد حسن,شارع الأقصى، مبنى 103، بجوار المسجد، حي المرج، التحرير، القاهرة,القاهرة,التحرير,حي المرج
صيدلية العافية,شارع محمد علي، مبنى 143، حي حلوان، العباسية، القاهرة,القاهرة,العباسية,حي حلوان
صيدلية إبراهيم أنور,شارع المعز، مبنى 142، أمام البنك، حي الجمالية، الأزبكية، القاهرة,القاهرة,الأزبكية,حي الجمالية
صيدلية رائد عزب,شارع الأزهر، مبنى 46، أمام البنك، حي الحسين، العباسية، القاهرة,القاهرة,العباسية,حي الحسين
صيدلية عاصم الشيخ,شارع المحطة، مبنى 112، بعد محطة المترو، حي السلام أول، منشية ناصر، القاهرة,القاهرة,منشية ناصر,حي السلام أول
صيدلية د. جلال عطية,شارع النصر، مبنى 107، عند النفق، حي التبين، القاهرة، القاهرة,القاهرة,القاهرة,حي التبين
صيدلية د. عبدالله كمال,شارع النخيل، مبنى 21، بعد محطة المترو، حي الموسكي، المنيل، القاهرة,القاهرة,المنيل,حي الموسكي
صيدلية د. إيهاب عمر,شارع الجلاء، مبنى 35، أمام البنك، حي السيدة زينب، العباسية، القاهرة,القاهرة,العباسية,حي السيدة زينب
صيدلية ليلى السيد,شارع العشرين، مبنى 29، حي الحسين، روض الفرج، القاهرة,القاهرة,روض الفرج,حي الحسين
صيدلية د. سامية شريف,شارع فلسطين، مبنى 8، بجوار المسجد، حي السفير، القاهرة الجديدة، القاهرة,القاهرة,القاهرة الجديدة,حي السفير
صيدلية عزة,شارع كورنيش النيل، مبنى 32، أمام البنك، حي الشرابية، السيدة زينب، القاهرة,القاهرة,السيدة زينب,حي الشرابية
صيدلية صبحي طارق,شارع النصر، مبنى 15، أمام البنك، حي بولاق، المعادي، القاهرة,القاهرة,المعادي,حي بولاق
صيدلية مدحت,شارع الحرية، مبنى 117، عند النفق، حي الخلفاوي، سور مجرى العيون، القاهرة,القاهرة,سور مجرى العيون,حي الخلفاوي
صيدلية الجمهورية,شارع رمسيس، مبنى 8، بعد محطة المترو، حي النزهة، الزيتون، القاهرة,القاهرة,الزيتون,حي النزهة
صيدلية د. عبدالعزيز خالد,شارع الروضة، مبنى 3، عند النفق، حي الخلفاوي، القاهرة، القاهرة,القاهرة,القاهرة,حي الخلفاوي
صيدلية وليد,شارع المسجد، مبنى 30، أمام البنك، حي الخليفة، الهايكستب، القاهرة,القاهرة,الهايكستب,حي الخليفة
صيدلية سعاد,شارع العروبة، مبنى 25، بجوار المسجد، حي القبة، الحضرة، القاهرة,القاهرة,الحضرة,حي القبة
صيدلية سوسن,شارع التحرير، مبنى 127، أمام البنك، حي الغورية، الموسكي، القاهرة,القاهرة,الموسكي,حي الغورية
صيدلية د. وائل كمال,شارع الأهرام، مبنى 41، بعد محطة المترو، حي السلام، المعادي، القاهرة,القاهرة,المعادي,حي السلام
صيدلية سعيد مدحت,شارع الجامعة، مبنى 11، حي عين شمس، بولاق، القاهرة,القاهرة,بولاق,حي عين شمس
صيدلية عبير أنور,شارع فيصل، مبنى 58، بجوار المسجد، حي المقطم، مدينة السلام، القاهرة,القاهرة,مدينة السلام,حي المقطم
صيدلية النور,شارع بورسعيد، مبنى 56، أمام البنك، حي عابدين، السيدة زينب، القاهرة,القاهرة,السيدة زينب,حي عابدين
صيدلية د. جهاد محمود,شارع العشرين، مبنى 34، حي المنتزة، الساحل، القاهرة,القاهرة,الساحل,حي المنتزة
صيدلية الأمل,شارع المعز، مبنى 61، حي السلام، شبرا، القاهرة,القاهرة,شبرا,حي السلام
صيدلية د. شريف علي,شارع طلعت حرب، مبنى 25، أمام البنك، حي السيدة زينب، القاهرة، القاهرة,القاهرة,القاهرة,حي السيدة زينب
صيدلية مها جلال,شارع 26 يوليو، مبنى 16، عند النفق، حي الغورية، منشية ناصر، القاهرة,القاهرة,منشية ناصر,حي الغورية
صيدلية د. إيهاب طارق,شارع الهرم، مبنى 82، أمام البنك، حي 15 مايو، بدر، القاهرة,القاهرة,بدر,حي 15 مايو
صيدلية رانيا عبدالرحمن,شارع النخيل، مبنى 4، بعد محطة المترو، حي المطارية، المنتزة، القاهرة,القاهرة,المنتزة,حي المطارية
صيدلية د. خالد مصطفى,شارع الوحدة، مبنى 60، أمام البنك، حي المرج، الحضرة، القاهرة,القاهرة,الحضرة,حي المرج
صيدلية مها وليد,شارع النصر، مبنى 47، بعد محطة المترو، حي المطرية، السيدة زينب، القاهرة,القاهرة,السيدة زينب,حي المطرية
صيدلية د. سعاد أحمد,شارع رمسيس، مبنى 52، بجانب المدرسة، حي الموسكي، عين شمس، القاهرة,القاهرة,عين شمس,حي الموسكي
صيدلية عبدالرحمن,شارع فيصل، مبنى 131، بجوار المسجد، حي المرج، المقطم، القاهرة,القاهرة,المقطم,حي المرج
صيدلية وحيد,شارع العشرين، مبنى 60، عند النفق، حي عين شمس، القاهرة، القاهرة,القاهرة,القاهرة,حي عين شمس
صيدلية منال,شارع 26 يوليو، مبنى 120، أمام البنك، حي القبة، حلوان، القاهرة,القاهرة,حلوان,حي القبة
صيدلية د. صبحي سمير,شارع فيصل، مبنى 81، بعد محطة المترو، حي السفير، التجمع الخامس، القاهرة,القاهرة,التجمع الخامس,حي السفير
صيدلية خالد حسام,شارع النصر، مبنى 111، عند النفق، حي المطارية، الهايكستب، القاهرة,القاهرة,الهايكستب,حي المطارية
صيدلية عمرو,شارع العروبة، مبنى 30، بجانب المدرسة، حي السلام، المنتزة، القاهرة,القاهرة,المنتزة,حي السلام
صيدلية د. إيمان مدحت,شارع فلسطين، مبنى 30، بجانب المدرسة، حي المقطم، الدرب الأحمر، القاهرة,القاهرة,الدرب الأحمر,حي المقطم
صيدلية د. ناجح سمير,شارع المسجد، مبنى 10، عند النفق، حي السلام ثان، وسط البلد، القاهرة,القاهرة,وسط البلد,حي السلام ثان
صيدلية عبير,شارع الميناء، مبنى 95، بجوار المسجد، حي المطرية، المنتزة، القاهرة,القاهرة,المنتزة,حي المطرية
صيدلية د. إيناس كمال,شارع السادات، مبنى 61، بجانب المدرسة، حي السفير، المنتزة، القاهرة,القاهرة,المنتزة,حي السفير
صيدلية العافية,شارع الاستقلال، مبنى 105، بجوار المسجد، حي عابدين، التحرير، القاهرة,القاهرة,التحرير,حي عابدين
صيدلية العافية,شارع البنك، مبنى 30، بجوار المسجد، حي المعادي، المنيل، القاهرة,القاهرة,المنيل,حي المعادي
صيدلية د. سلوى عبدالله,شارع كورنيش النيل، مبنى 30، بجانب المدرسة، حي الجمالية، التجمع الخامس، القاهرة,القاهرة,التجمع الخامس,حي الجمالية
صيدلية د. بهاء حسن,شارع الأهرام، مبنى 13، عند النفق، حي السفير، الشرابية، القاهرة,القاهرة,الشرابية,حي السفير
صيدلية د. شريف خالد,شارع النخيل، مبنى 33، بعد محطة المترو، حي الجمالية، المرج، القاهرة,القاهرة,المرج,حي الجمالية
صيدلية عزة فathy,شارع الروضة، مبنى 88، بعد محطة المترو، حي الشرابية، المقطم، القاهرة,القاهرة,المقطم,حي الشرابية
صيدلية حسن,شارع القنال، مبنى 34، حي الغورية، روض الفرج، القاهرة,القاهرة,روض الفرج,حي الغورية
صيدلية أحمد,شارع القنال، مبنى 87، بجانب المدرسة، حي السلام، المعادي، القاهرة,القاهرة,المعادي,حي السلام
صيدلية العافية,شارع رمسيس، مبنى 15، بعد محطة المترو، حي الموسكي، الهايكستب، القاهرة,القاهرة,الهايكستب,حي الموسكي
صيدلية د. ضياء صبحي,شارع المعز، مبنى 38، بعد محطة المترو، حي الموسكي، منشية ناصر، القاهرة,القاهرة,منشية ناصر,حي الموسكي
صيدلية د. سحر مدحت,شارع الوحدة، مبنى 120، بجانب المدرسة، حي المطارية، وسط البلد، القاهرة,القاهرة,وسط البلد,حي المطارية
صيدلية د. هشام وليد,شارع الأزهر، مبنى 135، عند النفق، حي عين شمس، باب الشعرية، القاهرة,القاهرة,باب الشعرية,حي عين شمس
صيدلية د. سعاد صبحي,شارع البنك، مبنى 20، عند النفق، حي الجمالية، عين شمس، القاهرة,القاهرة,عين شمس,حي الجمالية
صيدلية أمل يوسف,شارع الوحدة، مبنى 68، عند النفق، حي السيدة زينب، مدينة السلام، القاهرة,القاهرة,مدينة السلام,حي السيدة زينب
صيدلية الفردوس,شارع البنك، مبنى 76، بجوار المسجد، حي الحسين، الفسطاط، القاهرة,القاهرة,الفسطاط,حي الحسين
صيدلية د. إبراهيم عزب,شارع 26 يوليو، مبنى 38، بجوار المسجد، حي الوايلي، القاهرة الجديدة، القاهرة,القاهرة,القاهرة الجديدة,حي الوايلي
صيدلية د. لواء حسونة,شارع السوق، مبنى 77، بجانب المدرسة، حي المرج، مدينة نصر، القاهرة,القاهرة,مدينة نصر,حي المرج
صيدلية عبلة عبدالله,شارع الاستقلال، مبنى 12، أمام البنك، حي الجمالية، الزيتون، القاهرة,القاهرة,الزيتون,حي الجمالية
صيدلية العافية,شارع الثورة، مبنى 141، حي الدرب الأحمر، شبرا، القاهرة,القاهرة,شبرا,حي الدرب الأحمر
صيدلية الفردوس,شارع التحرير، مبنى 63، بعد محطة المترو، حي الدرب الأحمر، الهايكستب، القاهرة,القاهرة,الهايكستب,حي الدرب الأحمر
صيدلية بهاء حسن,شارع الروضة، مبنى 10، بجوار المسجد، حي الشروق، حلوان، القاهرة,القاهرة,حلوان,حي الشروق
صيدلية سعيد,شارع مكرم عبيد، مبنى 112، أمام البنك، حي السلام ثان، القاهرة الجديدة، القاهرة,القاهرة,القاهرة الجديدة,حي السلام ثان
صيدلية الأمل,شارع الزهراء، مبنى 1، عند النفق، حي الجمالية، الوايلي، القاهرة,القاهرة,الوايلي,حي الجمالية
صيدلية الفردوس,شارع بورسعيد، مبنى 18، عند النفق، حي الغورية، شبرا، القاهرة,القاهرة,شبرا,حي الغورية
صيدلية د. علي حسونة,شارع فيصل، مبنى 27، بجانب المدرسة، حي الخليفة، الزيتون، القاهرة,القاهرة,الزيتون,حي الخليفة
صيدلية حسن طارق,شارع القنال، مبنى 64، بعد محطة المترو، حي عابدين، المقطم، القاهرة,القاهرة,المقطم,حي عابدين
صيدلية د. إيناس سلامة,شارع الثورة، مبنى 45، بعد محطة المترو، حي الخلفاوي، الحضرة، القاهرة,القاهرة,الحضرة,حي الخلفاوي
صيدلية طارق,شارع التحرير، مبنى 102، بجوار المسجد، حي الخليفة، القبة، القاهرة,القاهرة,القبة,حي الخليفة
صيدلية خالد عبدالرحمن,شارع محمد علي، مبنى 39، بجانب المدرسة، حي الدرب الأحمر، عين شمس، القاهرة,القاهرة,عين شمس,حي الدرب الأحمر
صيدلية علي,شارع العشرين، مبنى 38، عند النفق، حي السلام أول، مصر القديمة، القاهرة,القاهرة,مصر القديمة,حي السلام أول
صيدلية د. فؤاد عمر,شارع التحرير، مبنى 139، أمام البنك، حي المطرية، الزيتون، القاهرة,القاهرة,الزيتون,حي المطرية
صيدلية الصحة,شارع النصر، مبنى 73، حي الشرابية، باب الشعرية، القاهرة,القاهرة,باب الشعرية,حي الشرابية
صيدلية د. عمرو جلال,شارع المسجد، مبنى 75، حي مصر الجديدة، الدرب الأحمر، القاهرة,القاهرة,الدرب الأحمر,حي مصر الجديدة
صيدلية د. نبيل هاني,شارع العروبة، مبنى 25، أمام البنك، حي 15 مايو، الموسكي، القاهرة,القاهرة,الموسكي,حي 15 مايو
صيدلية د. سعاد عمر,شارع عباس العقاد، مبنى 2، أمام البنك، حي الجمالية، الدرب الأحمر، القاهرة,القاهرة,الدرب الأحمر,حي الجمالية
صيدلية ليلى,شارع الميناء، مبنى 32، بعد محطة المترو، حي المقطم، القبة، القاهرة,القاهرة,القبة,حي المقطم
صيدلية الصحة,شارع مكرم عبيد، مبنى 83، أمام البنك، حي النزهة، روض الفرج، القاهرة,القاهرة,روض الفرج,حي النزهة
صيدلية الجمهورية,شارع كورنيش النيل، مبنى 29، بجانب المدرسة، حي مصر الجديدة، شبرا، القاهرة,القاهرة,شبرا,حي مصر الجديدة
صيدلية د. حسين عبدالعزيز,شارع كورنيش النيل، مبنى 43، بجانب المدرسة، حي عين شمس، حلوان، القاهرة,القاهرة,حلوان,حي عين شمس
صيدلية سعاد حسين,شارع الثورة، مبنى 130، بجوار المسجد، حي التبين، شبرا، القاهرة,القاهرة,شبرا,حي التبين
صيدلية الفردوس,شارع المحطة، مبنى 140، بجوار المسجد، حي الموسكي، المقطم، القاهرة,القاهرة,المقطم,حي الموسكي
صيدلية الأمل,شارع المسجد، مبنى 23، بجوار المسجد، حي الجمالية، القاهرة، القاهرة,القاهرة,القاهرة,حي الجمالية
صيدلية د. نبيل أشرف,شارع الأقصى، مبنى 95، عند النفق، حي حلوان، القاهرة الجديدة، القاهرة,القاهرة,القاهرة الجديدة,حي حلوان
صيدلية د. فاتن السيد,شارع طلعت حرب، مبنى 70، أمام البنك، حي الغورية، باب الشعرية، القاهرة,القاهرة,باب الشعرية,حي الغورية
صيدلية إيهاب حامد,شارع الاستقلال، مبنى 117، بجوار المسجد، حي الغورية، الرحاب، القاهرة,القاهرة,الرحاب,حي الغورية
صيدلية د. أحمد عبدالله,شارع الأزهر، مبنى 93، أمام البنك، حي المنتزة، مصر الجديدة، القاهرة,القاهرة,مصر الجديدة,حي المنتزة
صيدلية د. ضياء عادل,شارع البنك، مبنى 26، بجوار المسجد، حي المطرية، الموسكي، القاهرة,القاهرة,الموسكي,حي المطرية
صيدلية كمال,شارع كورنيش النيل، مبنى 50، حي المرج، الساحل، القاهرة,القاهرة,الساحل,حي المرج
صيدلية الجمهورية,شارع الحرية، مبنى 150، بجوار المسجد، حي عين شمس، الفسطاط، القاهرة,القاهرة,الفسطاط,حي عين شمس
صيدلية الجمهورية,شارع النخيل، مبنى 78، بعد محطة المترو، حي الموسكي، الوايلي، القاهرة,القاهرة,الوايلي,حي الموسكي
صيدلية د. هايدي ضياء,شارع الأهرام، مبنى 3، أمام البنك، حي الحسين، بدر، القاهرة,القاهرة,بدر,حي الحسين
صيدلية عادل نبيل,شارع الزهراء، مبنى 141، بعد محطة المترو، حي روض الفرج، السيدة زينب، القاهرة,القاهرة,السيدة زينب,حي روض الفرج
صيدلية رانيا أنور,شارع البحر، مبنى 84، حي 15 مايو، الوايلي، القاهرة,القاهرة,الوايلي,حي 15 مايو
صيدلية رمضان,شارع الأقصى، مبنى 21، حي الأزبكية، مصر الجديدة، القاهرة,القاهرة,مصر الجديدة,حي الأزبكية
صيدلية العافية,شارع رمسيس، مبنى 73، بجانب المدرسة، حي الحسين، الوايلي، القاهرة,القاهرة,الوايلي,حي الحسين
صيدلية نهى,شارع الميناء، مبنى 138، بجانب المدرسة، حي عين شمس، الحضرة، القاهرة,القاهرة,الحضرة,حي عين شمس
صيدلية د. سحر مجدي,شارع رمسيس، مبنى 86، بجانب المدرسة، حي الجمالية، الرحاب، القاهرة,القاهرة,الرحاب,حي الجمالية
صيدلية أماني الشيخ,شارع الأهرام، مبنى 135، حي السفير، القاهرة الجديدة، القاهرة,القاهرة,القاهرة الجديدة,حي السفير
صيدلية د. هاني خالد,شارع الجلاء، مبنى 115، بجانب المدرسة، حي بولاق، التجمع الخامس، القاهرة,القاهرة,التجمع الخامس,حي بولاق
صيدلية د. هايدي ضياء,شارع عباس العقاد، مبنى 81، عند النفق، حي الموسكي، الرحاب، القاهرة,القاهرة,الرحاب,حي الموسكي
صيدلية د. حسام ضياء,شارع الهرم، مبنى 35، بعد محطة المترو، حي القبة، روض الفرج، القاهرة,القاهرة,روض الفرج,حي القبة
صيدلية د. هشام غانم,شارع العشرين، مبنى 33، عند النفق، حي باب الشعرية، مدينة نصر، القاهرة,القاهرة,مدينة نصر,حي باب الشعرية
صيدلية رانيا,شارع الخليفة، مبنى 104، بجانب المدرسة، حي النزهة، المقطم، القاهرة,القاهرة,المقطم,حي النزهة
صيدلية د. نهى عبدالله,شارع المدرسة، مبنى 51، بجوار المسجد، حي المرج، الفسطاط، القاهرة,القاهرة,الفسطاط,حي المرج
صيدلية د. عمرو حسونة,شارع الحرية، مبنى 36، بعد محطة المترو، حي المقطم، الحضرة، القاهرة,القاهرة,الحضرة,حي المقطم
صيدلية الصحة,شارع المدرسة، مبنى 144، حي المرج، السيدة زينب، القاهرة,القاهرة,السيدة زينب,حي المرج
صيدلية هايدي جلال,شارع الثورة، مبنى 13، حي الزاوية، الزيتون، القاهرة,القاهرة,الزيتون,حي الزاوية
صيدلية د. رائد محمود,شارع 26 يوليو، مبنى 75، عند النفق، حي الجمالية، الحضرة، القاهرة,القاهرة,الحضرة,حي الجمالية
صيدلية وائل,شارع السادات، مبنى 13، بجانب المدرسة، حي حلوان، شبرا، القاهرة,القاهرة,شبرا,حي حلوان
صيدلية سعيد,شارع فيصل، مبنى 142، بجوار المسجد، حي المنتزة، سور مجرى العيون، القاهرة,القاهرة,سور مجرى العيون,حي المنتزة
صيدلية د. نعمت جلال,شارع الروضة، مبنى 112، حي حلوان، المعادي، القاهرة,القاهرة,المعادي,حي حلوان
صيدلية نعمت سلامة,شارع الزهراء، مبنى 134، أمام البنك، حي الغورية، المعادي، القاهرة,القاهرة,المعادي,حي الغورية
صيدلية الأمل,شارع محمد علي، مبنى 77، بعد محطة المترو، حي باب الشعرية، روض الفرج، القاهرة,القاهرة,روض الفرج,حي باب الشعرية
صيدلية د. صبحي إبراهيم,شارع طلعت حرب، مبنى 147، حي النزهة، الشرابية، القاهرة,القاهرة,الشرابية,حي النزهة
صيدلية محمود,شارع الأمل، مبنى 148، بجانب المدرسة، حي المرج، الرحاب، القاهرة,القاهرة,الرحاب,حي المرج
صيدلية الجمهورية,شارع التحرير، مبنى 101، بجانب المدرسة، حي السلام ثان، الزيتون، القاهرة,القاهرة,الزيتون,حي السلام ثان
صيدلية مها عمر,شارع الجلاء، مبنى 139، بعد محطة المترو، حي السلام أول، الساحل، القاهرة,القاهرة,الساحل,حي السلام أول
صيدلية د. أيمن عبدالله,شارع النخيل، مبنى 45، بجانب المدرسة، حي الغورية، باب الشعرية، القاهرة,القاهرة,باب الشعرية,حي الغورية
صيدلية علي,شارع الروضة، مبنى 41، حي الوايلي، الحضرة، القاهرة,القاهرة,الحضرة,حي الوايلي
صيدلية النور,شارع كورنيش النيل، مبنى 31، بجانب المدرسة، حي السفير، بولاق، القاهرة,القاهرة,بولاق,حي السفير
صيدلية د. سامية علي,شارع الأهرام، مبنى 110، بعد محطة المترو، حي المطرية، الرحاب، القاهرة,القاهرة,الرحاب,حي المطرية
صيدلية العافية,شارع المقاومة، مبنى 66، حي مصر الجديدة، الزاوية، القاهرة,القاهرة,الزاوية,حي مصر الجديدة
صيدلية عزة سمير,شارع الوحدة، مبنى 87، حي باب الشعرية، مدينتي، القاهرة,القاهرة,مدينتي,حي باب الشعرية
صيدلية أحمد,شارع مكرم عبيد، مبنى 133، بعد محطة المترو، حي الخليفة، حلوان، القاهرة,القاهرة,حلوان,حي الخليفة
صيدلية الصحة,شارع الوفاء، مبنى 131، بعد محطة المترو، حي الزيتون، مدينة السلام، القاهرة,القاهرة,مدينة السلام,حي الزيتون
صيدلية د. جهاد كمال,شارع بورسعيد، مبنى 15، بجوار المسجد، حي بولاق، مصر القديمة، القاهرة,القاهرة,مصر القديمة,حي بولاق
صيدلية سامية وحيد,شارع السادات، مبنى 143، بجوار المسجد، حي السلام أول، حدائق القبة، القاهرة,القاهرة,حدائق القبة,حي السلام أول
صيدلية أماني,شارع الروضة، مبنى 101، أمام البنك، حي الجمالية، الرحاب، القاهرة,القاهرة,الرحاب,حي الجمالية
صيدلية منال حسونة,شارع محمد علي، مبنى 87، بجوار المسجد، حي التبين، الخليفة، القاهرة,القاهرة,الخليفة,حي التبين
صيدلية الفردوس,شارع العروبة، مبنى 39، بجوار المسجد، حي الدرب الأحمر، المنتزة، القاهرة,القاهرة,المنتزة,حي الدرب الأحمر
صيدلية الأمل,شارع الخليفة، مبنى 70، بجوار المسجد، حي عابدين، حدائق القبة، القاهرة,القاهرة,حدائق القبة,حي عابدين
صيدلية الفردوس,شارع فلسطين، مبنى 79، أمام البنك، حي الأزبكية، الحضرة، القاهرة,القاهرة,الحضرة,حي الأزبكية
صيدلية منال وائل,شارع الطيران، مبنى 118، حي المنتزة، الهايكستب، القاهرة,القاهرة,الهايكستب,حي المنتزة
صيدلية كمال طارق,شارع الزهراء، مبنى 65، حي مصر الجديدة، الهايكستب، القاهرة,القاهرة,الهايكستب,حي مصر الجديدة
صيدلية د. رمضان جلال,شارع الأمل، مبنى 102، عند النفق، حي المرج، التجمع الخامس، القاهرة,القاهرة,التجمع الخامس,حي المرج
صيدلية هاني الشيخ,شارع عباس العقاد، مبنى 90، بجوار المسجد، حي الموسكي، التحرير، القاهرة,القاهرة,التحرير,حي الموسكي
صيدلية عادل,شارع البنك، مبنى 21، بجانب المدرسة، حي السيدة زينب، القاهرة الجديدة، القاهرة,القاهرة,القاهرة الجديدة,حي السيدة زينب
صيدلية د. عبلة حسين,شارع الجامعة، مبنى 145، حي المرج، الزيتون، القاهرة,القاهرة,الزيتون,حي المرج
صيدلية النور,شارع الزهراء، مبنى 137، حي المطرية، الأزبكية، القاهرة,القاهرة,الأزبكية,حي المطرية
صيدلية محمود السيد,شارع الوحدة، مبنى 80، حي عين شمس، مدينة السلام، القاهرة,القاهرة,مدينة السلام,حي عين شمس
صيدلية د. عبدالله عبدالستار,شارع الحرية، مبنى 93، عند النفق، حي روض الفرج، بدر، القاهرة,القاهرة,بدر,حي روض الفرج
صيدلية سامية إبراهيم,شارع السوق، مبنى 23، حي 15 مايو، القاهرة، القاهرة,القاهرة,القاهرة,حي 15 مايو
صيدلية سعاد,شارع الوحدة، مبنى 11، بجوار المسجد، حي السفير، الشرابية، القاهرة,القاهرة,الشرابية,حي السفير
صيدلية حورية,شارع فيصل، مبنى 142، بعد محطة المترو، حي الوايلي، الزيتون، القاهرة,القاهرة,الزيتون,حي الوايلي
صيدلية د. يوسف الشيخ,شارع الأزهر، مبنى 34، عند النفق، حي المعادي، الحضرة، القاهرة,القاهرة,الحضرة,حي المعادي
صيدلية د. وليد الفقي,شارع القنال، مبنى 109، عند النفق، حي المنتزة، باب الشعرية، القاهرة,القاهرة,باب الشعرية,حي المنتزة
صيدلية الفردوس,شارع طلعت حرب، مبنى 49، عند النفق، حي السيدة زينب، القاهرة الجديدة، القاهرة,القاهرة,القاهرة الجديدة,حي السيدة زينب
صيدلية الصحة,شارع الوفاء، مبنى 111، بعد محطة المترو، حي السلام ثان، الهايكستب، القاهرة,القاهرة,الهايكستب,حي السلام ثان
صيدلية إبراهيم,شارع كورنيش النيل، مبنى 146، بجوار المسجد، حي الخلفاوي، عين شمس، القاهرة,القاهرة,عين شمس,حي الخلفاوي
صيدلية صبحي إيهاب,شارع فيصل، مبنى 81، بجانب المدرسة، حي السيدة زينب، القاهرة، القاهرة,القاهرة,القاهرة,حي السيدة زينب
صيدلية د. طارق إيهاب,شارع المحطة، مبنى 12، حي الغورية، بولاق، القاهرة,القاهرة,بولاق,حي الغورية
صيدلية د. سعيد الشيخ,شارع الأمل، مبنى 63، أمام البنك، حي السلام ثان، وسط البلد، القاهرة,القاهرة,وسط البلد,حي السلام ثان
صيدلية د. منير سمير,شارع مكرم عبيد، مبنى 104، بجانب المدرسة، حي المقطم، القاهرة الجديدة، القاهرة,القاهرة,القاهرة الجديدة,حي المقطم
صيدلية سعاد عبدالعزيز,شارع الميناء، مبنى 28، بعد محطة المترو، حي السلام أول، المعادي، القاهرة,القاهرة,المعادي,حي السلام أول
صيدلية د. سوسن نبيل,شارع النخيل، مبنى 100، حي الزاوية، عين شمس، القاهرة,القاهرة,عين شمس,حي الزاوية
صيدلية لواء,شارع بورسعيد، مبنى 18، بعد محطة المترو، حي الحسين، التحرير، القاهرة,القاهرة,التحرير,حي الحسين
صيدلية يوسف,شارع الوحدة، مبنى 8، بجانب المدرسة، حي المعادي، 15 مايو، القاهرة,القاهرة,15 مايو,حي المعادي
صيدلية وحيد,شارع بورسعيد، مبنى 68، حي المقطم، روض الفرج، القاهرة,القاهرة,روض الفرج,حي المقطم
صيدلية د. مها إبراهيم,شارع السادات، مبنى 132، عند النفق، حي الغورية، القاهرة الجديدة، القاهرة,القاهرة,القاهرة الجديدة,حي الغورية
صيدلية نبيل عاطف,شارع فلسطين، مبنى 145، عند النفق، حي الجمالية، الشرابية، القاهرة,القاهرة,الشرابية,حي الجمالية
صيدلية خالد أحمد,شارع الأهرام، مبنى 130، حي الموسكي، الفسطاط، القاهرة,القاهرة,الفسطاط,حي الموسكي
صيدلية د. عمر حجازي,شارع المعز، مبنى 40، عند النفق، حي عابدين، المقطم، القاهرة,القاهرة,المقطم,حي عابدين
صيدلية د. فتحي أحمد,شارع المسجد، مبنى 71، حي السفير، عين شمس، القاهرة,القاهرة,عين شمس,حي السفير
صيدلية الجمهورية,شارع الخليفة، مبنى 51، حي السلام، السيدة زينب، القاهرة,القاهرة,السيدة زينب,حي السلام
صيدلية وفاء عمرو,شارع الجلاء، مبنى 23، بجانب المدرسة، حي باب الشعرية، مدينة السلام، القاهرة,القاهرة,مدينة السلام,حي باب الشعرية
صيدلية د. منير سلامة,شارع القنال، مبنى 16، بجانب المدرسة، حي السلام أول، مصر القديمة، القاهرة,القاهرة,مصر القديمة,حي السلام أول
صيدلية جلال عبدالجواد,شارع السادات، مبنى 83، أمام البنك، حي المطرية، مدينة السلام، القاهرة,القاهرة,مدينة السلام,حي المطرية
صيدلية أيمن مدحت,شارع بورسعيد، مبنى 62، حي السلام أول، الفسطاط، القاهرة,القاهرة,الفسطاط,حي السلام أول
صيدلية أيمن,شارع طلعت حرب، مبنى 117، أمام البنك، حي الشرابية، السيدة زينب، القاهرة,القاهرة,السيدة زينب,حي الشرابية
صيدلية د. حسن حسام,شارع بورسعيد، مبنى 9، بجوار المسجد، حي الزيتون، الزيتون، القاهرة,القاهرة,الزيتون,حي الزيتون
صيدلية إيمان,شارع العروبة، مبنى 51، عند النفق، حي المطرية، القبة، القاهرة,القاهرة,القبة,حي المطرية
صيدلية وحيد,شارع الوحدة، مبنى 37، أمام البنك، حي المطارية، الوايلي، القاهرة,القاهرة,الوايلي,حي المطارية
صيدلية د. ضياء حسام,شارع الطيران، مبنى 77، عند النفق، حي السفير، الخليفة، القاهرة,القاهرة,الخليفة,حي السفير
صيدلية الجمهورية,شارع الجمهورية، مبنى 69، حي المعادي، 15 مايو، القاهرة,القاهرة,15 مايو,حي المعادي
صيدلية د. أنور سيد,شارع رمسيس، مبنى 54، حي المطارية، الخليفة، القاهرة,القاهرة,الخليفة,حي المطارية
صيدلية الصحة,شارع الميناء، مبنى 113، أمام البنك، حي 15 مايو، العباسية، القاهرة,القاهرة,العباسية,حي 15 مايو
صيدلية د. طارق غانم,شارع البحر، مبنى 83، عند النفق، حي الجمالية، الوايلي، القاهرة,القاهرة,الوايلي,حي الجمالية
صيدلية د. سامية عطية,شارع الروضة، مبنى 110، أمام البنك، حي السلام أول، التجمع الخامس، القاهرة,القاهرة,التجمع الخامس,حي السلام أول
صيدلية د. هشام صبحي,شارع النصر، مبنى 142، حي السفير، مدينتي، القاهرة,القاهرة,مدينتي,حي السفير
صيدلية منال هشام,شارع المعز، مبنى 94، حي الحسين، شبرا، القاهرة,القاهرة,شبرا,حي الحسين
صيدلية د. سعاد أحمد,شارع العشرين، مبنى 110، بجانب المدرسة، حي روض الفرج، المنتزة، القاهرة,القاهرة,المنتزة,حي روض الفرج
صيدلية د. شريف عادل,شارع الثورة، مبنى 114، عند النفق، حي الشروق، وسط البلد، القاهرة,القاهرة,وسط البلد,حي الشروق
صيدلية إيناس عطية,شارع بورسعيد، مبنى 143، بعد محطة المترو، حي النزهة، التجمع الخامس، القاهرة,القاهرة,التجمع الخامس,حي النزهة
صيدلية د. عبدالعزيز عبدالرحمن,شارع المحطة، مبنى 119، أمام البنك، حي المطرية، عين شمس، القاهرة,القاهرة,عين شمس,حي المطرية
صيدلية نعمت صبحي,شارع المدرسة، مبنى 15، بجانب المدرسة، حي الزيتون، باب الشعرية، القاهرة,القاهرة,باب الشعرية,حي الزيتون
صيدلية أيمن,شارع التحرير، مبنى 79، بعد محطة المترو، حي القبة، الشروق، القاهرة,القاهرة,الشروق,حي القبة
صيدلية أشرف,شارع الزهراء، مبنى 70، عند النفق، حي الموسكي، الفسطاط، القاهرة,القاهرة,الفسطاط,حي الموسكي
صيدلية الصحة,شارع الزهراء، مبنى 148، بجانب المدرسة، حي النزهة، شبرا، القاهرة,القاهرة,شبرا,حي النزهة
صيدلية نبيل عبدالعزيز,شارع طلعت حرب، مبنى 118، عند النفق، حي المرج، حدائق القبة، القاهرة,القاهرة,حدائق القبة,حي المرج
صيدلية أماني مصطفى,شارع الثورة، مبنى 93، عند النفق، حي روض الفرج، مصر القديمة، القاهرة,القاهرة,مصر القديمة,حي روض الفرج
صيدلية سمير,شارع الخزان، مبنى 51، بجانب المدرسة، حي السلام أول، مدينتي، القاهرة,القاهرة,مدينتي,حي السلام أول
صيدلية د. صبحي سلامة,شارع المحطة، مبنى 22، حي الجمالية، مصر الجديدة، القاهرة,القاهرة,مصر الجديدة,حي الجمالية
صيدلية إيهاب,شارع المسجد، مبنى 70، أمام البنك، حي السلام ثان، التجمع الخامس، القاهرة,القاهرة,التجمع الخامس,حي السلام ثان
صيدلية د. دينا مجدي,شارع الزهراء، مبنى 129، عند النفق، حي روض الفرج، القاهرة الجديدة، القاهرة,القاهرة,القاهرة الجديدة,حي روض الفرج
صيدلية د. هدى جلال,شارع الميناء، مبنى 28، بجانب المدرسة، حي السلام أول، المنيل، القاهرة,القاهرة,المنيل,حي السلام أول
صيدلية عاصم,شارع الهرم، مبنى 65، بعد محطة المترو، حي عابدين، الزاوية، القاهرة,القاهرة,الزاوية,حي عابدين
صيدلية الأمل,شارع الوفاء، مبنى 30، بجوار المسجد، حي الدرب الأحمر، الشرابية، القاهرة,القاهرة,الشرابية,حي الدرب الأحمر
صيدلية د. حورية فؤاد,شارع 26 يوليو، مبنى 140، بجوار المسجد، حي الزاوية، القاهرة الجديدة، القاهرة,القاهرة,القاهرة الجديدة,حي الزاوية
صيدلية وحيد إيهاب,شارع الوفاء، مبنى 143، بجانب المدرسة، حي النصر، الشيخ زايد، الجيزة,الجيزة,الشيخ زايد,حي النصر
صيدلية عبير,شارع فيصل، مبنى 146، أمام البنك، حي المنيب، المنيب، الجيزة,الجيزة,المنيب,حي المنيب
صيدلية د. نبيل الفقي,شارع فيصل، مبنى 110، أمام البنك، حي فيصل، بشتيل، الجيزة,الجيزة,بشتيل,حي فيصل
صيدلية د. عبير السيد,شارع المعز، مبنى 16، حي البدرشين، الهرم، الجيزة,الجيزة,الهرم,حي البدرشين
صيدلية أنور فؤاد,شارع البنك، مبنى 146، عند النفق، حي الحوامدية، الشيخ زايد، الجيزة,الجيزة,الشيخ زايد,حي الحوامدية
صيدلية د. أحمد حسن,شارع كورنيش النيل، مبنى 62، حي الوراق، الواحات، الجيزة,الجيزة,الواحات,حي الوراق
صيدلية فؤاد,شارع الحرية، مبنى 74، بعد محطة المترو، حي الشيخ زايد، أبو النمرس، الجيزة,الجيزة,أبو النمرس,حي الشيخ زايد
صيدلية د. وحيد إبراهيم,شارع الأهرام، مبنى 58، عند النفق، حي الجيزة، الصف، الجيزة,الجيزة,الصف,حي الجيزة
صيدلية د. جلال كمال,شارع الهرم، مبنى 147، بعد محطة المترو، حي الحوامدية، الصف، الجيزة,الجيزة,الصف,حي الحوامدية
صيدلية د. عبدالله حسام,شارع الاستقلال، مبنى 22، عند النفق، حي إمبابة، المنيب، الجيزة,الجيزة,المنيب,حي إمبابة
صيدلية سعاد,شارع بورسعيد، مبنى 40، أمام البنك، حي العمرانية، فيصل، الجيزة,الجيزة,فيصل,حي العمرانية
صيدلية الأمل,شارع الروضة، مبنى 73، أمام البنك، حي فيصل، الهرم، الجيزة,الجيزة,الهرم,حي فيصل
صيدلية خالد نبيل,شارع الخليفة، مبنى 126، بجوار المسجد، حي الطالبية، الوراق، الجيزة,الجيزة,الوراق,حي الطالبية
صيدلية الأمل,شارع فيصل، مبنى 77، أمام البنك، حي أطفيح، الدقي، الجيزة,الجيزة,الدقي,حي أطفيح
صيدلية د. سعاد جلال,شارع العشرين، مبنى 76، عند النفق، حي إمبابة، أطفيح، الجيزة,الجيزة,أطفيح,حي إمبابة
صيدلية يوسف جلال,شارع طلعت حرب، مبنى 64، أمام البنك، حي بشتيل، أطفيح، الجيزة,الجيزة,أطفيح,حي بشتيل
صيدلية إبراهيم,شارع الجلاء، مبنى 142، عند النفق، حي الشيخ زايد، كرداسة، الجيزة,الجيزة,كرداسة,حي الشيخ زايد
صيدلية د. محمد مدحت,شارع الأزهر، مبنى 44، أمام البنك، حي الطالبية، كرداسة، الجيزة,الجيزة,كرداسة,حي الطالبية
صيدلية حسن,شارع الثورة، مبنى 42، عند النفق، حي الحدائق، العياط، الجيزة,الجيزة,العياط,حي الحدائق
صيدلية الفردوس,شارع المسجد، مبنى 114، بجانب المدرسة، حي كرداسة، إمبابة، الجيزة,الجيزة,إمبابة,حي كرداسة
صيدلية رانيا عوض,شارع العروبة، مبنى 110، عند النفق، حي الجيزة، البدرشين، الجيزة,الجيزة,البدرشين,حي الجيزة
صيدلية النور,شارع الوفاء، مبنى 11، أمام البنك، حي كرداسة، بشتيل، الجيزة,الجيزة,بشتيل,حي كرداسة
صيدلية هشام,شارع الأقصى، مبنى 81، حي العجوزة، فيصل، الجيزة,الجيزة,فيصل,حي العجوزة
صيدلية عبدالعزيز عبدالله,شارع الميناء، مبنى 102، أمام البنك، حي الوراق، البدرشين، الجيزة,الجيزة,البدرشين,حي الوراق
صيدلية د. عبدالله إبراهيم,شارع الخليفة، مبنى 14، بعد محطة المترو، حي العمرانية، أطفيح، الجيزة,الجيزة,أطفيح,حي العمرانية
صيدلية شريف عاطف,شارع الأهرام، مبنى 75، بجانب المدرسة، حي المريوطية، الدقي، الجيزة,الجيزة,الدقي,حي المريوطية
صيدلية د. سحر إبراهيم,شارع المقاومة، مبنى 26، بجوار المسجد، حي إمبابة، فيصل، الجيزة,الجيزة,فيصل,حي إمبابة
صيدلية د. علي عبدالرحمن,شارع المقاومة، مبنى 140، عند النفق، حي ترسا، أطفيح، الجيزة,الجيزة,أطفيح,حي ترسا
صيدلية طارق,شارع فيصل، مبنى 34، بجوار المسجد، حي النصر، الجيزة، الجيزة,الجيزة,الجيزة,حي النصر
صيدلية د. مها علي,شارع الوحدة، مبنى 82، بجانب المدرسة، حي الشيخ زايد، أبو النمرس، الجيزة,الجيزة,أبو النمرس,حي الشيخ زايد
صيدلية الجمهورية,شارع النخيل، مبنى 55، بجوار المسجد، حي الحوامدية، 6 أكتوبر، الجيزة,الجيزة,6 أكتوبر,حي الحوامدية
صيدلية علي وليد,شارع الاستقلال، مبنى 51، عند النفق، حي بشتيل، الشيخ زايد، الجيزة,الجيزة,الشيخ زايد,حي بشتيل
صيدلية عزة هشام,شارع البحر، مبنى 102، بجوار المسجد، حي أبو النمرس، المنيب، الجيزة,الجيزة,المنيب,حي أبو النمرس
صيدلية عبير عزب,شارع العشرين، مبنى 21، بعد محطة المترو، حي الطالبية، أطفيح، الجيزة,الجيزة,أطفيح,حي الطالبية
صيدلية د. مدحت عزب,شارع المقاومة، مبنى 41، حي العمرانية، الجيزة، الجيزة,الجيزة,الجيزة,حي العمرانية
صيدلية عبلة أيمن,شارع طلعت حرب، مبنى 47، بجانب المدرسة، حي إمبابة، الطالبية، الجيزة,الجيزة,الطالبية,حي إمبابة
صيدلية ناجح,شارع المدرسة، مبنى 105، بجوار المسجد، حي أطفيح، الوراق، الجيزة,الجيزة,الوراق,حي أطفيح
صيدلية سمير إيهاب,شارع الزهراء، مبنى 68، حي المريوطية، الحوامدية، الجيزة,الجيزة,الحوامدية,حي المريوطية
صيدلية د. محمد حسن,شارع محمد علي، مبنى 122، أمام البنك، حي البدرشين، الحوامدية، الجيزة,الجيزة,الحوامدية,حي البدرشين
صيدلية محمد,شارع البحر، مبنى 22، أمام البنك، حي أبو النمرس، المنيب، الجيزة,الجيزة,المنيب,حي أبو النمرس
صيدلية د. أماني شريف,شارع الأهرام، مبنى 86، أمام البنك، حي أبو النمرس، الشيخ زايد، الجيزة,الجيزة,الشيخ زايد,حي أبو النمرس
صيدلية د. إيهاب الشيخ,شارع محمد علي، مبنى 6، بجوار المسجد، حي العمرانية، الهرم، الجيزة,الجيزة,الهرم,حي العمرانية
صيدلية سيد وليد,شارع التحرير، مبنى 144، أمام البنك، حي المريوطية، الواحات، الجيزة,الجيزة,الواحات,حي المريوطية
صيدلية خالد,شارع الروضة، مبنى 87، أمام البنك، حي الصف، العمرانية، الجيزة,الجيزة,العمرانية,حي الصف
صيدلية فاتن,شارع الميناء، مبنى 62، بجانب المدرسة، حي الجيزة، إمبابة، الجيزة,الجيزة,إمبابة,حي الجيزة
صيدلية د. إيناس وائل,شارع الخليفة، مبنى 27، عند النفق، حي فيصل، الهرم، الجيزة,الجيزة,الهرم,حي فيصل
صيدلية د. أيمن عبدالرحمن,شارع محمد علي، مبنى 76، بجوار المسجد، حي الشيخ زايد، الصف، الجيزة,الجيزة,الصف,حي الشيخ زايد
صيدلية د. مجدي عبدالعزيز,شارع الأزهر، مبنى 131، عند النفق، حي العجوزة، فيصل، الجيزة,الجيزة,فيصل,حي العجوزة
صيدلية نهى حجازي,شارع الزهراء، مبنى 13، بجوار المسجد، حي العمرانية، الوراق، الجيزة,الجيزة,الوراق,حي العمرانية
صيدلية د. محمود عمرو,شارع البحر، مبنى 69، بجانب المدرسة، حي النصر، أبو النمرس، الجيزة,الجيزة,أبو النمرس,حي النصر
صيدلية د. سوسن إبراهيم,شارع الخزان، مبنى 44، بعد محطة المترو، حي العثمانية، الوراق، الجيزة,الجيزة,الوراق,حي العثمانية
صيدلية د. خالد عادل,شارع الجلاء، مبنى 121، بجوار المسجد، حي الحوامدية، الطالبية، الجيزة,الجيزة,الطالبية,حي الحوامدية
صيدلية محمود إبراهيم,شارع البحر، مبنى 133، حي 6 أكتوبر، أطفيح، الجيزة,الجيزة,أطفيح,حي 6 أكتوبر
صيدلية نادية نبيل,شارع الوفاء، مبنى 21، بجوار المسجد، حي الهرم، الجيزة، الجيزة,الجيزة,الجيزة,حي الهرم
صيدلية د. نهى عبدالجواد,شارع الخزان، مبنى 43، حي الوراق، الدقي، الجيزة,الجيزة,الدقي,حي الوراق
صيدلية منال,شارع المحطة، مبنى 31، عند النفق، حي الهرم، أبو النمرس، الجيزة,الجيزة,أبو النمرس,حي الهرم
صيدلية د. نهى خالد,شارع فيصل، مبنى 144، أمام البنك، حي إمبابة، أبو النمرس، الجيزة,الجيزة,أبو النمرس,حي إمبابة
صيدلية د. أيمن ضياء,شارع الأقصى، مبنى 85، أمام البنك، حي العياط، البدرشين، الجيزة,الجيزة,البدرشين,حي العياط
صيدلية د. يوسف الفقي,شارع العروبة، مبنى 56، حي 6 أكتوبر، المهندسين، الجيزة,الجيزة,المهندسين,حي 6 أكتوبر
صيدلية د. فاتن سلامة,شارع النصر، مبنى 136، عند النفق، حي العياط، العمرانية، الجيزة,الجيزة,العمرانية,حي العياط
صيدلية مدحت عبدالرحمن,شارع فلسطين، مبنى 113، أمام البنك، حي الصف، العجوزة، الجيزة,الجيزة,العجوزة,حي الصف
صيدلية د. فؤاد حجازي,شارع الهرم، مبنى 49، عند النفق، حي الحدائق، الجيزة، الجيزة,الجيزة,الجيزة,حي الحدائق
صيدلية د. إيمان عاطف,شارع الأقصى، مبنى 45، بجانب المدرسة، حي ترسا، إمبابة، الجيزة,الجيزة,إمبابة,حي ترسا
صيدلية د. سيد سلامة,شارع السوق، مبنى 55، بجوار المسجد، حي بشتيل، الوراق، الجيزة,الجيزة,الوراق,حي بشتيل
صيدلية د. علي وحيد,شارع الميناء، مبنى 15، بجوار المسجد، حي المريوطية، الوراق، الجيزة,الجيزة,الوراق,حي المريوطية
صيدلية د. نبيل رمضان,شارع فلسطين، مبنى 19، بجوار المسجد، حي بشتيل، العجوزة، الجيزة,الجيزة,العجوزة,حي بشتيل
صيدلية الصحة,شارع الوفاء، مبنى 114، حي العجوزة، العجوزة، الجيزة,الجيزة,العجوزة,حي العجوزة
صيدلية د. إيمان حسن,شارع المدرسة، مبنى 144، بعد محطة المترو، حي العثمانية، الجيزة، الجيزة,الجيزة,الجيزة,حي العثمانية
صيدلية حسن,شارع السادات، مبنى 135، أمام البنك، حي الجيزة، الطالبية، الجيزة,الجيزة,الطالبية,حي الجيزة
صيدلية د. أماني عبدالجواد,شارع الميناء، مبنى 14، حي الحوامدية، إمبابة، الجيزة,الجيزة,إمبابة,حي الحوامدية
صيدلية د. عبير عوض,شارع البحر، مبنى 137، بعد محطة المترو، حي الصف، أطفيح، الجيزة,الجيزة,أطفيح,حي الصف
صيدلية وائل هاني,شارع الوفاء، مبنى 75، بجانب المدرسة، حي العياط، العياط، الجيزة,الجيزة,العياط,حي العياط
صيدلية د. سعيد مصطفى,شارع السوق، مبنى 4، حي الشيخ زايد، الدقي، الجيزة,الجيزة,الدقي,حي الشيخ زايد
صيدلية هاني منسي,شارع عباس العقاد، مبنى 114، بجانب المدرسة، حي المريوطية، البدرشين، الجيزة,الجيزة,البدرشين,حي المريوطية
صيدلية د. أنور عمرو,شارع الوحدة، مبنى 65، حي العياط، الجيزة، الجيزة,الجيزة,الجيزة,حي العياط
صيدلية عزة مصطفى,شارع النصر، مبنى 139، بجانب المدرسة، حي أطفيح، بشتيل، الجيزة,الجيزة,بشتيل,حي أطفيح
صيدلية إبراهيم,شارع الأمل، مبنى 66، أمام البنك، حي كرداسة، البدرشين، الجيزة,الجيزة,البدرشين,حي كرداسة
صيدلية د. مجدي السيد,شارع النصر، مبنى 70، أمام البنك، حي العمرانية، بشتيل، الجيزة,الجيزة,بشتيل,حي العمرانية
صيدلية العافية,شارع فيصل، مبنى 75، بجوار المسجد، حي النصر، إمبابة، الجيزة,الجيزة,إمبابة,حي النصر
صيدلية إيناس,شارع الزهراء، مبنى 111، بعد محطة المترو، حي العثمانية، البدرشين، الجيزة,الجيزة,البدرشين,حي العثمانية
صيدلية ناجح,شارع مكرم عبيد، مبنى 7، بعد محطة المترو، حي أبو النمرس، العياط، الجيزة,الجيزة,العياط,حي أبو النمرس
صيدلية د. مدحت أشرف,شارع الطيران، مبنى 3، بجوار المسجد، حي الطالبية، إمبابة، الجيزة,الجيزة,إمبابة,حي الطالبية
صيدلية د. ضياء خالد,شارع 26 يوليو، مبنى 67، عند النفق، حي الشيخ زايد، العياط، الجيزة,الجيزة,العياط,حي الشيخ زايد
صيدلية د. ناجح عبدالله,شارع الثورة، مبنى 70، حي الحوامدية، كرداسة، الجيزة,الجيزة,كرداسة,حي الحوامدية
صيدلية د. عبير مدحت,شارع السوق، مبنى 135، بعد محطة المترو، حي الحدائق، 6 أكتوبر، الجيزة,الجيزة,6 أكتوبر,حي الحدائق
صيدلية هاني,شارع السوق، مبنى 103، بجانب المدرسة، حي العجوزة، 6 أكتوبر، الجيزة,الجيزة,6 أكتوبر,حي العجوزة
صيدلية د. أحمد مدحت,شارع الجمهورية، مبنى 31، حي بشتيل، أبو النمرس، الجيزة,الجيزة,أبو النمرس,حي بشتيل
صيدلية د. رمضان حسام,شارع العشرين، مبنى 49، بجانب المدرسة، حي الطالبية، العمرانية، الجيزة,الجيزة,العمرانية,حي الطالبية
صيدلية د. فتحي أشرف,شارع الهرم، مبنى 18، بجانب المدرسة، حي الوراق، فيصل، الجيزة,الجيزة,فيصل,حي الوراق
صيدلية د. جلال مدحت,شارع الأمل، مبنى 141، بجوار المسجد، حي الحوامدية، إمبابة، الجيزة,الجيزة,إمبابة,حي الحوامدية
صيدلية د. كمال حسام,شارع المسجد، مبنى 34، عند النفق، حي العجوزة، الصف، الجيزة,الجيزة,الصف,حي العجوزة
صيدلية رمضان,شارع البنك، مبنى 17، بعد محطة المترو، حي العمرانية، المنيب، الجيزة,الجيزة,المنيب,حي العمرانية
صيدلية عاطف يوسف,شارع الخليفة، مبنى 113، بجانب المدرسة، حي الطالبية، الدقي، الجيزة,الجيزة,الدقي,حي الطالبية
صيدلية الفردوس,شارع النصر، مبنى 53، بجانب المدرسة، حي المريوطية، الواحات، الجيزة,الجيزة,الواحات,حي المريوطية
صيدلية وائل صبحي,شارع الروضة، مبنى 68، عند النفق، حي الهرم، الهرم، الجيزة,الجيزة,الهرم,حي الهرم
صيدلية د. سعيد فؤاد,شارع الروضة، مبنى 23، بجوار المسجد، حي النصر، العياط، الجيزة,الجيزة,العياط,حي النصر
صيدلية د. دينا شريف,شارع الخزان، مبنى 6، بجوار المسجد، حي الصف، المهندسين، الجيزة,الجيزة,المهندسين,حي الصف
صيدلية الفردوس,شارع الأقصى، مبنى 113، عند النفق، حي الهرم، العجوزة، الجيزة,الجيزة,العجوزة,حي الهرم
صيدلية سحر,شارع مكرم عبيد، مبنى 49، بعد محطة المترو، حي الهرم، أطفيح، الجيزة,الجيزة,أطفيح,حي الهرم
صيدلية د. فاتن هاني,شارع البنك، مبنى 11، بجوار المسجد، حي الهرم، الصف، الجيزة,الجيزة,الصف,حي الهرم
صيدلية وحيد عزب,شارع الميناء، مبنى 28، بجوار المسجد، حي بشتيل، العمرانية، الجيزة,الجيزة,العمرانية,حي بشتيل
صيدلية د. عبلة أحمد,شارع الحرية، مبنى 110، بجوار المسجد، حي العمرانية، الشيخ زايد، الجيزة,الجيزة,الشيخ زايد,حي العمرانية
صيدلية خالد خالد,شارع العشرين، مبنى 111، حي ترسا، الواحات، الجيزة,الجيزة,الواحات,حي ترسا
صيدلية عمر,شارع البنك، مبنى 73، بعد محطة المترو، حي كرداسة، الوراق، الجيزة,الجيزة,الوراق,حي كرداسة
صيدلية الجمهورية,شارع الجامعة، مبنى 107، بجانب المدرسة، حي الوراق، العجوزة، الجيزة,الجيزة,العجوزة,حي الوراق
صيدلية حسين,شارع المسجد، مبنى 24، بجانب المدرسة، حي إمبابة، المنيب، الجيزة,الجيزة,المنيب,حي إمبابة
صيدلية د. أحمد مجدي,شارع السادات، مبنى 78، عند النفق، حي أطفيح، كرداسة، الجيزة,الجيزة,كرداسة,حي أطفيح
صيدلية هدى,شارع السادات، مبنى 149، بجانب المدرسة، حي الصف، البدرشين، الجيزة,الجيزة,البدرشين,حي الصف
صيدلية أشرف صبحي,شارع المحطة، مبنى 35، بجانب المدرسة، حي الحوامدية، المهندسين، الجيزة,الجيزة,المهندسين,حي الحوامدية
صيدلية د. لواء حسونة,شارع الميناء، مبنى 28، بجانب المدرسة، حي 6 أكتوبر، العياط، الجيزة,الجيزة,العياط,حي 6 أكتوبر
صيدلية د. حورية عزب,شارع المسجد، مبنى 110، بجانب المدرسة، حي إمبابة، الشيخ زايد، الجيزة,الجيزة,الشيخ زايد,حي إمبابة
صيدلية النور,شارع النصر، مبنى 69، عند النفق، حي العجوزة، الوراق، الجيزة,الجيزة,الوراق,حي العجوزة
صيدلية د. مدحت فathy,شارع الثورة، مبنى 48، بجانب المدرسة، حي الحدائق، البدرشين، الجيزة,الجيزة,البدرشين,حي الحدائق
صيدلية سمير,شارع الهرم، مبنى 91، أمام البنك، حي كرداسة، 6 أكتوبر، الجيزة,الجيزة,6 أكتوبر,حي كرداسة
صيدلية النور,شارع العشرين، مبنى 35، عند النفق، حي الوراق، كرداسة، الجيزة,الجيزة,كرداسة,حي الوراق
صيدلية وائل,شارع عباس العقاد، مبنى 65، بجانب المدرسة، حي الشيخ زايد، أبو النمرس، الجيزة,الجيزة,أبو النمرس,حي الشيخ زايد
صيدلية عبدالرحمن محمد,شارع الاستقلال، مبنى 108، بعد محطة المترو، حي المنيب، إمبابة، الجيزة,الجيزة,إمبابة,حي المنيب
صيدلية د. حسين عوض,شارع الهرم، مبنى 43، بعد محطة المترو، حي فيصل، الطالبية، الجيزة,الجيزة,الطالبية,حي فيصل
صيدلية د. رمضان ضياء,شارع الخليفة، مبنى 106، حي العمرانية، أبو النمرس، الجيزة,الجيزة,أبو النمرس,حي العمرانية
صيدلية النور,شارع السادات، مبنى 85، بعد محطة المترو، حي فيصل، العمرانية، الجيزة,الجيزة,العمرانية,حي فيصل
صيدلية عبدالعزيز هاني,شارع الحرية، مبنى 114، أمام البنك، حي النصر، الحوامدية، الجيزة,الجيزة,الحوامدية,حي النصر
صيدلية د. أيمن عوض,شارع كورنيش النيل، مبنى 66، بجوار المسجد، حي أطفيح، المهندسين، الجيزة,الجيزة,المهندسين,حي أطفيح
صيدلية عاصم حسين,شارع السادات، مبنى 47، أمام البنك، حي الجيزة، المهندسين، الجيزة,الجيزة,المهندسين,حي الجيزة
صيدلية سوسن عبدالرحمن,شارع الجلاء، مبنى 81، حي الصف، أطفيح، الجيزة,الجيزة,أطفيح,حي الصف
صيدلية الصحة,شارع المدرسة، مبنى 149، أمام البنك، حي المنيب، الواحات، الجيزة,الجيزة,الواحات,حي المنيب
صيدلية د. خالد منسي,شارع الأزهر، مبنى 8، بجوار المسجد، حي الجيزة، 6 أكتوبر، الجيزة,الجيزة,6 أكتوبر,حي الجيزة
صيدلية د. سعاد عمر,شارع محمد علي، مبنى 116، عند النفق، حي الشيخ زايد، فيصل، الجيزة,الجيزة,فيصل,حي الشيخ زايد
صيدلية سعاد السيد,شارع الوحدة، مبنى 25، أمام البنك، حي أطفيح، المهندسين، الجيزة,الجيزة,المهندسين,حي أطفيح
صيدلية أمل,شارع طلعت حرب، مبنى 17، بجانب المدرسة، حي العمرانية، العياط، الجيزة,الجيزة,العياط,حي العمرانية
صيدلية النور,شارع الهرم، مبنى 44، بجوار المسجد، حي الوراق، العجوزة، الجيزة,الجيزة,العجوزة,حي الوراق
صيدلية الأمل,شارع فيصل، مبنى 18، أمام البنك، حي البدرشين، الطالبية، الجيزة,الجيزة,الطالبية,حي البدرشين
صيدلية فتحي,شارع فلسطين، مبنى 123، بعد محطة المترو، حي الوراق، 6 أكتوبر، الجيزة,الجيزة,6 أكتوبر,حي الوراق
صيدلية د. طارق مدحت,شارع الروضة، مبنى 77، بعد محطة المترو، حي كرداسة، العمرانية، الجيزة,الجيزة,العمرانية,حي كرداسة
صيدلية د. جهاد عبدالعزيز,شارع مكرم عبيد، مبنى 95، بجانب المدرسة، حي كرداسة، أطفيح، الجيزة,الجيزة,أطفيح,حي كرداسة
صيدلية د. إبراهيم فathy,شارع السادات، مبنى 13، بجانب المدرسة، حي 6 أكتوبر، الحوامدية، الجيزة,الجيزة,الحوامدية,حي 6 أكتوبر
صيدلية د. وحيد خالد,شارع 26 يوليو، مبنى 114، عند النفق، حي المنيب، فيصل، الجيزة,الجيزة,فيصل,حي المنيب
صيدلية د. عزة سلامة,شارع الوفاء، مبنى 76، حي العجوزة، أطفيح، الجيزة,الجيزة,أطفيح,حي العجوزة
صيدلية بهاء الفقي,شارع عباس العقاد، مبنى 9، أمام البنك، حي 6 أكتوبر، بشتيل، الجيزة,الجيزة,بشتيل,حي 6 أكتوبر
صيدلية د. وفاء سمير,شارع محمد علي، مبنى 14، بجوار المسجد، حي الحدائق، إمبابة، الجيزة,الجيزة,إمبابة,حي الحدائق
صيدلية سعيد منسي,شارع الثورة، مبنى 56، بعد محطة المترو، حي الصف، الهرم، الجيزة,الجيزة,الهرم,حي الصف
صيدلية محمد,شارع الثورة، مبنى 85، حي أطفيح، البدرشين، الجيزة,الجيزة,البدرشين,حي أطفيح
صيدلية فريدة,شارع النصر، مبنى 110، حي العمرانية، المنيب، الجيزة,الجيزة,المنيب,حي العمرانية
صيدلية د. عبلة جلال,شارع المعز، مبنى 126، عند النفق، حي النصر، إمبابة، الجيزة,الجيزة,إمبابة,حي النصر
صيدلية د. أحمد الفقي,شارع عباس العقاد، مبنى 115، أمام البنك، حي أبو النمرس، البدرشين، الجيزة,الجيزة,البدرشين,حي أبو النمرس
صيدلية رانيا,شارع المسجد، مبنى 2، بجوار المسجد، حي ترسا، الدقي، الجيزة,الجيزة,الدقي,حي ترسا
صيدلية د. أشرف عمرو,شارع الأهرام، مبنى 148، بجوار المسجد، حي فيصل، الدقي، الجيزة,الجيزة,الدقي,حي فيصل
صيدلية ضياء,شارع الخزان، مبنى 47، حي الشيخ زايد، الشيخ زايد، الجيزة,الجيزة,الشيخ زايد,حي الشيخ زايد
صيدلية النور,شارع رمسيس، مبنى 45، بجانب المدرسة، حي العثمانية، الطالبية، الجيزة,الجيزة,الطالبية,حي العثمانية
صيدلية العافية,شارع النخيل، مبنى 66، بجانب المدرسة، حي الوراق، الهرم، الجيزة,الجيزة,الهرم,حي الوراق
صيدلية الأمل,شارع المدرسة، مبنى 17، أمام البنك، حي الحدائق، بشتيل، الجيزة,الجيزة,بشتيل,حي الحدائق
صيدلية د. إيناس سلامة,شارع الزهراء، مبنى 45، حي أطفيح، الشيخ زايد، الجيزة,الجيزة,الشيخ زايد,حي أطفيح
صيدلية د. فريدة عمرو,شارع الأهرام، مبنى 95، بعد محطة المترو، حي العثمانية، فيصل، الجيزة,الجيزة,فيصل,حي العثمانية
صيدلية عزة مجدي,شارع الجلاء، مبنى 95، أمام البنك، حي الوراق، فيصل، الجيزة,الجيزة,فيصل,حي الوراق
صيدلية الفردوس,شارع فلسطين، مبنى 58، بجانب المدرسة، حي 6 أكتوبر، بشتيل، الجيزة,الجيزة,بشتيل,حي 6 أكتوبر
صيدلية رمضان محمد,شارع مكرم عبيد، مبنى 82، بجوار المسجد، حي الشيخ زايد، بشتيل، الجيزة,الجيزة,بشتيل,حي الشيخ زايد
صيدلية د. حسين منسي,شارع النخيل، مبنى 22، أمام البنك، حي العجوزة، الهرم، الجيزة,الجيزة,الهرم,حي العجوزة
صيدلية الجمهورية,شارع السادات، مبنى 141، حي العثمانية، أبو النمرس، الجيزة,الجيزة,أبو النمرس,حي العثمانية
صيدلية عمرو فؤاد,شارع عباس العقاد، مبنى 98، بعد محطة المترو، حي المنيب، الشيخ زايد، الجيزة,الجيزة,الشيخ زايد,حي المنيب
صيدلية د. مدحت محمود,شارع العشرين، مبنى 93، بعد محطة المترو، حي العثمانية، المهندسين، الجيزة,الجيزة,المهندسين,حي العثمانية
صيدلية د. مها حسين,شارع الجامعة، مبنى 106، عند النفق، حي الحوامدية، الصف، الجيزة,الجيزة,الصف,حي الحوامدية
صيدلية د. رائد نبيل,شارع النخيل، مبنى 12، أمام البنك، حي الحوامدية، العمرانية، الجيزة,الجيزة,العمرانية,حي الحوامدية
صيدلية د. ليلى أشرف,شارع الأقصى، مبنى 74، بعد محطة المترو، حي الهرم، بشتيل، الجيزة,الجيزة,بشتيل,حي الهرم
صيدلية عبلة فؤاد,شارع الجامعة، مبنى 131، بعد محطة المترو، حي الحوامدية، بشتيل، الجيزة,الجيزة,بشتيل,حي الحوامدية
صيدلية د. خالد عزب,شارع الاستقلال، مبنى 149، حي الطالبية، الواحات، الجيزة,الجيزة,الواحات,حي الطالبية
صيدلية خالد عوض,شارع السادات، مبنى 21، حي المريوطية، كرداسة، الجيزة,الجيزة,كرداسة,حي المريوطية
صيدلية د. سحر مصطفى,شارع الاستقلال، مبنى 58، أمام البنك، حي بشتيل، الدقي، الجيزة,الجيزة,الدقي,حي بشتيل
صيدلية د. خالد سمير,شارع القنال، مبنى 4، بعد محطة المترو، حي الشيخ زايد، بشتيل، الجيزة,الجيزة,بشتيل,حي الشيخ زايد
صيدلية د. وفاء حسين,شارع الحرية، مبنى 56، بجوار المسجد، حي المنيب، البدرشين، الجيزة,الجيزة,البدرشين,حي المنيب
صيدلية د. عبدالله حامد,شارع المعز، مبنى 118، بجوار المسجد، حي الحدائق، الصف، الجيزة,الجيزة,الصف,حي الحدائق
صيدلية وحيد,شارع بورسعيد، مبنى 24، بعد محطة المترو، حي البدرشين، الصف، الجيزة,الجيزة,الصف,حي البدرشين
صيدلية عبدالرحمن,شارع طلعت حرب، مبنى 103، أمام البنك، حي الشيخ زايد، 6 أكتوبر، الجيزة,الجيزة,6 أكتوبر,حي الشيخ زايد
صيدلية عمرو غانم,شارع السوق، مبنى 77، أمام البنك، حي العمرانية، الشيخ زايد، الجيزة,الجيزة,الشيخ زايد,حي العمرانية
صيدلية رانيا,شارع النخيل، مبنى 6، حي إمبابة، الطالبية، الجيزة,الجيزة,الطالبية,حي إمبابة
صيدلية النور,شارع الطيران، مبنى 49، حي كرداسة، العمرانية، الجيزة,الجيزة,العمرانية,حي كرداسة
صيدلية د. حورية وليد,شارع البحر، مبنى 79، عند النفق، حي العثمانية، الهرم، الجيزة,الجيزة,الهرم,حي العثمانية
صيدلية د. بهاء عزب,شارع الزهراء، مبنى 133، بعد محطة المترو، حي ترسا، الهرم، الجيزة,الجيزة,الهرم,حي ترسا
صيدلية وفاء,شارع الأزهر، مبنى 58، أمام البنك، حي المنيب، أطفيح، الجيزة,الجيزة,أطفيح,حي المنيب
صيدلية فتحي,شارع الميناء، مبنى 68، بجوار المسجد، حي الصف، كرداسة، الجيزة,الجيزة,كرداسة,حي الصف
صيدلية الصحة,شارع السادات، مبنى 42، عند النفق، حي الصف، العمرانية، الجيزة,الجيزة,العمرانية,حي الصف
صيدلية الفردوس,شارع مكرم عبيد، مبنى 122، أمام البنك، حي كرداسة، الطالبية، الجيزة,الجيزة,الطالبية,حي كرداسة
صيدلية الجمهورية,شارع محمد علي، مبنى 128، عند النفق، حي كرداسة، كرداسة، الجيزة,الجيزة,كرداسة,حي كرداسة
صيدلية فاتن,شارع الحرية، مبنى 144، بجوار المسجد، حي فيصل، الواحات، الجيزة,الجيزة,الواحات,حي فيصل
صيدلية النور,شارع الهرم، مبنى 47، بجوار المسجد، حي الجيزة، فيصل، الجيزة,الجيزة,فيصل,حي الجيزة
صيدلية د. ناجح خالد,شارع الوفاء، مبنى 131، حي العثمانية، المهندسين، الجيزة,الجيزة,المهندسين,حي العثمانية
صيدلية د. حورية سمير,شارع المقاومة، مبنى 104، أمام البنك، حي بشتيل، العجوزة، الجيزة,الجيزة,العجوزة,حي بشتيل
صيدلية د. هدى محمد,شارع المدرسة، مبنى 142، بجوار المسجد، حي المنيب، الطالبية، الجيزة,الجيزة,الطالبية,حي المنيب
صيدلية جهاد عبدالجواد,شارع الاستقلال، مبنى 48، بجانب المدرسة، حي الشيخ زايد، الوراق، الجيزة,الجيزة,الوراق,حي الشيخ زايد
صيدلية د. منير صبحي,شارع فيصل، مبنى 134، بعد محطة المترو، حي العثمانية، أطفيح، الجيزة,الجيزة,أطفيح,حي العثمانية
صيدلية الأمل,شارع الزهراء، مبنى 131، أمام البنك، حي كرداسة، العياط، الجيزة,الجيزة,العياط,حي كرداسة
صيدلية د. عادل حسن,شارع المحطة، مبنى 40، بعد محطة المترو، حي إمبابة، الوراق، الجيزة,الجيزة,الوراق,حي إمبابة
صيدلية د. منال وحيد,شارع الخزان، مبنى 9، أمام البنك، حي العجوزة، الدقي، الجيزة,الجيزة,الدقي,حي العجوزة
صيدلية د. لواء عمر,شارع الروضة، مبنى 25، حي البدرشين، أبو النمرس، الجيزة,الجيزة,أبو النمرس,حي البدرشين
صيدلية هدى,شارع الأمل، مبنى 109، بجانب المدرسة، حي العجوزة، بشتيل، الجيزة,الجيزة,بشتيل,حي العجوزة
صيدلية د. إبراهيم حامد,شارع الثورة، مبنى 118، بعد محطة المترو، حي الطالبية، العياط، الجيزة,الجيزة,العياط,حي الطالبية
صيدلية د. أنور وحيد,شارع الجلاء، مبنى 140، بعد محطة المترو، حي البدرشين، الحوامدية، الجيزة,الجيزة,الحوامدية,حي البدرشين
صيدلية د. وليد طارق,شارع الميناء، مبنى 83، بجانب المدرسة، حي العجوزة، الوراق، الجيزة,الجيزة,الوراق,حي العجوزة
صيدلية محمد,شارع الطيران، مبنى 106، عند النفق، حي الحوامدية، العجوزة، الجيزة,الجيزة,العجوزة,حي الحوامدية
صيدلية عبدالله حسين,شارع الأقصى، مبنى 18، بجوار المسجد، حي الهرم، المهندسين، الجيزة,الجيزة,المهندسين,حي الهرم
صيدلية الأمل,شارع طلعت حرب، مبنى 30، أمام البنك، حي أطفيح، الدقي، الجيزة,الجيزة,الدقي,حي أطفيح
صيدلية د. ناجح سيد,شارع الهرم، مبنى 119، بعد محطة المترو، حي فيصل، الحوامدية، الجيزة,الجيزة,الحوامدية,حي فيصل
صيدلية العافية,شارع البنك، مبنى 132، أمام البنك، حي المنيب، الواحات، الجيزة,الجيزة,الواحات,حي المنيب
صيدلية النور,شارع كورنيش النيل، مبنى 6، بجانب المدرسة، حي العجوزة، المهندسين، الجيزة,الجيزة,المهندسين,حي العجوزة
صيدلية د. هاني حسونة,شارع الأقصى، مبنى 93، بعد محطة المترو، حي الحوامدية، الطالبية، الجيزة,الجيزة,الطالبية,حي الحوامدية
صيدلية الصحة,شارع العشرين، مبنى 35، حي العثمانية، العمرانية، الجيزة,الجيزة,العمرانية,حي العثمانية
صيدلية النور,شارع الاستقلال، مبنى 52، بجانب المدرسة، حي الوراق، الوراق، الجيزة,الجيزة,الوراق,حي الوراق
صيدلية د. رانيا إبراهيم,شارع الأقصى، مبنى 51، عند النفق، حي المريوطية، البدرشين، الجيزة,الجيزة,البدرشين,حي المريوطية
صيدلية د. عبلة عبدالعزيز,شارع الميناء، مبنى 114، أمام البنك، حي الهرم، البدرشين، الجيزة,الجيزة,البدرشين,حي الهرم
صيدلية رمضان عوض,شارع الوحدة، مبنى 20، بجوار المسجد، حي إمبابة، الصف، الجيزة,الجيزة,الصف,حي إمبابة
صيدلية ضياء أيمن,شارع رمسيس، مبنى 129، بجانب المدرسة، حي الحدائق، أطفيح، الجيزة,الجيزة,أطفيح,حي الحدائق
صيدلية حسن عطية,شارع المدرسة، مبنى 114، بعد محطة المترو، حي الصف، كرداسة، الجيزة,الجيزة,كرداسة,حي الصف
صيدلية العافية,شارع الجامعة، مبنى 64، حي إمبابة، الشيخ زايد، الجيزة,الجيزة,الشيخ زايد,حي إمبابة
صيدلية عبدالعزيز,شارع الوفاء، مبنى 104، عند النفق، حي العثمانية، البدرشين، الجيزة,الجيزة,البدرشين,حي العثمانية
صيدلية د. لواء كمال,شارع رمسيس، مبنى 10، عند النفق، حي بشتيل، الطالبية، الجيزة,الجيزة,الطالبية,حي بشتيل
صيدلية الصحة,شارع السادات، مبنى 124، بجوار المسجد، حي الجيزة، الهرم، الجيزة,الجيزة,الهرم,حي الجيزة
صيدلية مجدي,شارع النصر، مبنى 29، بجانب المدرسة، حي العجوزة، الهرم، الجيزة,الجيزة,الهرم,حي العجوزة
صيدلية حسين,شارع العروبة، مبنى 40، بجوار المسجد، حي الحوامدية، الحوامدية، الجيزة,الجيزة,الحوامدية,حي الحوامدية
صيدلية د. فريدة هشام,شارع الأقصى، مبنى 33، بجوار المسجد، حي العياط، الهرم، الجيزة,الجيزة,الهرم,حي العياط
صيدلية د. هاني جلال,شارع الميناء، مبنى 29، حي الهرم، الجيزة، الجيزة,الجيزة,الجيزة,حي الهرم
صيدلية د. عادل فؤاد,شارع الحرية، مبنى 47، حي إمبابة، كرداسة، الجيزة,الجيزة,كرداسة,حي إمبابة
صيدلية د. هدى إبراهيم,شارع الثورة، مبنى 30، أمام البنك، حي الحدائق، الدقي، الجيزة,الجيزة,الدقي,حي الحدائق
صيدلية د. إيمان أشرف,شارع فيصل، مبنى 12، بجوار المسجد، حي الهرم، العياط، الجيزة,الجيزة,العياط,حي الهرم
صيدلية د. عبدالله عبدالعزيز,شارع الهرم، مبنى 80، بجوار المسجد، حي إمبابة، البدرشين، الجيزة,الجيزة,البدرشين,حي إمبابة
صيدلية مدحت,شارع السوق، مبنى 87، بجوار المسجد، حي الطالبية، الحوامدية، الجيزة,الجيزة,الحوامدية,حي الطالبية
صيدلية الجمهورية,شارع المعز، مبنى 146، عند النفق، حي الحوامدية، الهرم، الجيزة,الجيزة,الهرم,حي الحوامدية
صيدلية ضياء,شارع محمد علي، مبنى 50، بعد محطة المترو، حي بشتيل، 6 أكتوبر، الجيزة,الجيزة,6 أكتوبر,حي بشتيل
صيدلية فتحي مدحت,شارع طلعت حرب، مبنى 66، بعد محطة المترو، حي العثمانية، بشتيل، الجيزة,الجيزة,بشتيل,حي العثمانية
صيدلية د. رانيا شريف,شارع المحطة، مبنى 51، عند النفق، حي 6 أكتوبر، المهندسين، الجيزة,الجيزة,المهندسين,حي 6 أكتوبر
صيدلية د. دينا وليد,شارع الزهراء، مبنى 3، بجانب المدرسة، حي كرداسة، أطفيح، الجيزة,الجيزة,أطفيح,حي كرداسة
صيدلية د. محمد أشرف,شارع فيصل، مبنى 16، أمام البنك، حي الوراق، البدرشين، الجيزة,الجيزة,البدرشين,حي الوراق
صيدلية د. سمير عبدالرحمن,شارع الزهراء، مبنى 76، عند النفق، حي إمبابة، 6 أكتوبر، الجيزة,الجيزة,6 أكتوبر,حي إمبابة
صيدلية النور,شارع الوحدة، مبنى 133، أمام البنك، حي الطالبية، 6 أكتوبر، الجيزة,الجيزة,6 أكتوبر,حي الطالبية
صيدلية وحيد عبدالعزيز,شارع الهرم، مبنى 107، بجوار المسجد، حي الشيخ زايد، المهندسين، الجيزة,الجيزة,المهندسين,حي الشيخ زايد
صيدلية د. ناجح محمود,شارع الجامعة، مبنى 55، بجانب المدرسة، حي العياط، الصف، الجيزة,الجيزة,الصف,حي العياط
صيدلية الصحة,شارع الروضة، مبنى 18، أمام البنك، حي الجيزة، الوراق، الجيزة,الجيزة,الوراق,حي الجيزة
صيدلية أيمن صبحي,شارع محمد علي، مبنى 48، أمام البنك، حي الشيخ زايد، 6 أكتوبر، الجيزة,الجيزة,6 أكتوبر,حي الشيخ زايد
صيدلية هايدي هاني,شارع عباس العقاد، مبنى 92، عند النفق، حي العثمانية، الطالبية، الجيزة,الجيزة,الطالبية,حي العثمانية
صيدلية العافية,شارع فيصل، مبنى 67، بعد محطة المترو، حي المريوطية، أطفيح، الجيزة,الجيزة,أطفيح,حي المريوطية
صيدلية نعمت حسن,شارع النخيل، مبنى 22، بجوار المسجد، حي الهرم، الواحات، الجيزة,الجيزة,الواحات,حي الهرم
صيدلية النور,شارع القنال، مبنى 116، بجوار المسجد، حي الحوامدية، 6 أكتوبر، الجيزة,الجيزة,6 أكتوبر,حي الحوامدية
صيدلية العافية,شارع المعز، مبنى 17، عند النفق، حي أبو النمرس، الدقي، الجيزة,الجيزة,الدقي,حي أبو النمرس
صيدلية حسام,شارع المسجد، مبنى 30، أمام البنك، حي النصر، العياط، الجيزة,الجيزة,العياط,حي النصر
صيدلية د. أمل كمال,شارع مكرم عبيد، مبنى 57، بجوار المسجد، حي العثمانية، أطفيح، الجيزة,الجيزة,أطفيح,حي العثمانية
صيدلية د. سحر كمال,شارع الوفاء، مبنى 11، أمام البنك، حي كرداسة، الحوامدية، الجيزة,الجيزة,الحوامدية,حي كرداسة
صيدلية الفردوس,شارع طلعت حرب، مبنى 3، أمام البنك، حي الحدائق، كرداسة، الجيزة,الجيزة,كرداسة,حي الحدائق
صيدلية الفردوس,شارع السوق، مبنى 64، أمام البنك، حي أطفيح، أطفيح، الجيزة,الجيزة,أطفيح,حي أطفيح
صيدلية د. ضياء عبدالرحمن,شارع مكرم عبيد، مبنى 62، بجانب المدرسة، حي أطفيح، الشيخ زايد، الجيزة,الجيزة,الشيخ زايد,حي أطفيح
صيدلية د. عمر عطية,شارع مكرم عبيد، مبنى 104، بجانب المدرسة، حي بشتيل، الحوامدية، الجيزة,الجيزة,الحوامدية,حي بشتيل
صيدلية د. نادية مصطفى,شارع العروبة، مبنى 128، بجوار المسجد، حي المريوطية، كرداسة، الجيزة,الجيزة,كرداسة,حي المريوطية
صيدلية د. فؤاد حجازي,شارع الأهرام، مبنى 12، حي الهرم، الحوامدية، الجيزة,الجيزة,الحوامدية,حي الهرم
صيدلية د. عبدالله سلامة,شارع السادات، مبنى 100، أمام البنك، حي البدرشين، أبو النمرس، الجيزة,الجيزة,أبو النمرس,حي البدرشين
صيدلية النور,شارع العشرين، مبنى 106، بجانب المدرسة، حي الهرم، إمبابة، الجيزة,الجيزة,إمبابة,حي الهرم
صيدلية د. مدحت حسين,شارع الروضة، مبنى 12، بجوار المسجد، حي الطالبية، الصف، الجيزة,الجيزة,الصف,حي الطالبية
صيدلية عاطف عزب,شارع طلعت حرب، مبنى 73، بعد محطة المترو، حي أبو النمرس، الطالبية، الجيزة,الجيزة,الطالبية,حي أبو النمرس
صيدلية عاصم,شارع 26 يوليو، مبنى 56، أمام البنك، حي الحوامدية، الطالبية، الجيزة,الجيزة,الطالبية,حي الحوامدية
صيدلية د. جهاد حجازي,شارع المدرسة، مبنى 99، بعد محطة المترو، حي الهرم، إمبابة، الجيزة,الجيزة,إمبابة,حي الهرم
صيدلية د. حسن إبراهيم,شارع المدرسة، مبنى 77، بجوار المسجد، حي كرداسة، البدرشين، الجيزة,الجيزة,البدرشين,حي كرداسة
صيدلية خالد سلامة,شارع الأمل، مبنى 37، أمام البنك، حي فيصل، الهرم، الجيزة,الجيزة,الهرم,حي فيصل
صيدلية د. رائد محمود,شارع طلعت حرب، مبنى 59، أمام البنك، حي 6 أكتوبر، 6 أكتوبر، الجيزة,الجيزة,6 أكتوبر,حي 6 أكتوبر
صيدلية منال,شارع المسجد، مبنى 61، عند النفق، حي العمرانية، الصف، الجيزة,الجيزة,الصف,حي العمرانية
صيدلية العافية,شارع النخيل، مبنى 13، حي كرداسة، الواحات، الجيزة,الجيزة,الواحات,حي كرداسة
صيدلية د. طارق محمود,شارع الوفاء، مبنى 115، بعد محطة المترو، حي الطالبية، المنيب، الجيزة,الجيزة,المنيب,حي الطالبية
صيدلية العافية,شارع الأزهر، مبنى 91، بجانب المدرسة، حي 6 أكتوبر، العمرانية، الجيزة,الجيزة,العمرانية,حي 6 أكتوبر
صيدلية العافية,شارع العشرين، مبنى 32، عند النفق، حي بشتيل، أطفيح، الجيزة,الجيزة,أطفيح,حي بشتيل
صيدلية د. إيناس مدحت,شارع السادات، مبنى 84، بجانب المدرسة، حي المنيب، إمبابة، الجيزة,الجيزة,إمبابة,حي المنيب
صيدلية النور,شارع المعز، مبنى 99، حي الوراق، الصف، الجيزة,الجيزة,الصف,حي الوراق
صيدلية د. مها الشيخ,شارع السادات، مبنى 81، عند النفق، حي فيصل، الواحات، الجيزة,الجيزة,الواحات,حي فيصل
صيدلية الجمهورية,شارع البنك، مبنى 1، بعد محطة المترو، حي النصر، المهندسين، الجيزة,الجيزة,المهندسين,حي النصر
صيدلية د. نبيل عبدالستار,شارع النخيل، مبنى 84، بجانب المدرسة، حي العياط، أطفيح، الجيزة,الجيزة,أطفيح,حي العياط
صيدلية الأمل,شارع الميناء، مبنى 134، عند النفق، حي الطالبية، 6 أكتوبر، الجيزة,الجيزة,6 أكتوبر,حي الطالبية
صيدلية شريف,شارع الروضة، مبنى 19، بجوار المسجد، حي العثمانية، فيصل، الجيزة,الجيزة,فيصل,حي العثمانية
صيدلية الصحة,شارع الأهرام، مبنى 79، أمام البنك، حي أطفيح، الصف، الجيزة,الجيزة,الصف,حي أطفيح
صيدلية عزة وليد,شارع العشرين، مبنى 76، بعد محطة المترو، حي ترسا، الهرم، الجيزة,الجيزة,الهرم,حي ترسا
صيدلية إبراهيم,شارع الجلاء، مبنى 141، أمام البنك، حي أبو النمرس، الصف، الجيزة,الجيزة,الصف,حي أبو النمرس
صيدلية هشام هاني,شارع الخليفة، مبنى 93، بعد محطة المترو، حي الطالبية، الحوامدية، الجيزة,الجيزة,الحوامدية,حي الطالبية
صيدلية د. لواء عبدالعزيز,شارع الثورة، مبنى 81، بجوار المسجد، حي المنيب، أبو النمرس، الجيزة,الجيزة,أبو النمرس,حي المنيب
صيدلية د. كمال حسونة,شارع الأمل، مبنى 122، أمام البنك، حي الجيزة، الجيزة، الجيزة,الجيزة,الجيزة,حي الجيزة
صيدلية د. محمود محمد,شارع الخزان، مبنى 97، أمام البنك، حي فيصل، العجوزة، الجيزة,الجيزة,العجوزة,حي فيصل
صيدلية د. عزة جلال,شارع النصر، مبنى 87، أمام البنك، حي النصر، العياط، الجيزة,الجيزة,العياط,حي النصر
صيدلية عبلة,شارع رمسيس، مبنى 125، بجانب المدرسة، حي فيصل، الواحات، الجيزة,الجيزة,الواحات,حي فيصل
صيدلية د. ضياء حسين,شارع التحرير، مبنى 91، أمام البنك، حي الشيخ زايد، العياط، الجيزة,الجيزة,العياط,حي الشيخ زايد
صيدلية د. سمير فathy,شارع المحطة، مبنى 35، بجوار المسجد، حي المريوطية، الواحات، الجيزة,الجيزة,الواحات,حي المريوطية
صيدلية حورية عمرو,شارع الخليفة، مبنى 43، بجانب المدرسة، حي البدرشين، الهرم، الجيزة,الجيزة,الهرم,حي البدرشين
صيدلية د. وحيد حسين,شارع الوحدة، مبنى 54، عند النفق، حي أطفيح، 6 أكتوبر، الجيزة,الجيزة,6 أكتوبر,حي أطفيح
صيدلية د. مجدي عبدالستار,شارع العشرين، مبنى 144، حي العياط، الواحات، الجيزة,الجيزة,الواحات,حي العياط
صيدلية د. جهاد عوض,شارع رمسيس، مبنى 126، بجانب المدرسة، حي العثمانية، الشيخ زايد، الجيزة,الجيزة,الشيخ زايد,حي العثمانية
صيدلية د. منال الفقي,شارع الهرم، مبنى 28، أمام البنك، حي أبو النمرس، الوراق، الجيزة,الجيزة,الوراق,حي أبو النمرس
صيدلية د. سامية علي,شارع الاستقلال، مبنى 64، بجوار المسجد، حي الهرم، الهرم، الجيزة,الجيزة,الهرم,حي الهرم
صيدلية جهاد,شارع مكرم عبيد، مبنى 31، بعد محطة المترو، حي بشتيل، 6 أكتوبر، الجيزة,الجيزة,6 أكتوبر,حي بشتيل
صيدلية د. حسين فؤاد,شارع الطيران، مبنى 146، أمام البنك، حي أطفيح، العياط، الجيزة,الجيزة,العياط,حي أطفيح
صيدلية د. عاطف الشيخ,شارع الزهراء، مبنى 82، أمام البنك، حي العجوزة، الدقي، الجيزة,الجيزة,الدقي,حي العجوزة
صيدلية سحر السيد,شارع الأقصى، مبنى 42، بجانب المدرسة، حي العجوزة، المنيب، الجيزة,الجيزة,المنيب,حي العجوزة
صيدلية رانيا,شارع الميناء، مبنى 78، بجانب المدرسة، حي المريوطية، الطالبية، الجيزة,الجيزة,الطالبية,حي المريوطية
صيدلية د. سعيد حسونة,شارع كورنيش النيل، مبنى 44، بجوار المسجد، حي الحوامدية، المهندسين، الجيزة,الجيزة,المهندسين,حي الحوامدية
صيدلية د. أشرف هشام,شارع الأقصى، مبنى 16، بجوار المسجد، حي العياط، فيصل، الجيزة,الجيزة,فيصل,حي العياط
صيدلية إيمان,شارع عباس العقاد، مبنى 3، أمام البنك، حي المنيب، الهرم، الجيزة,الجيزة,الهرم,حي المنيب
صيدلية د. رانيا جلال,شارع بورسعيد، مبنى 22، بجانب المدرسة، حي الجيزة، العمرانية، الجيزة,الجيزة,العمرانية,حي الجيزة
صيدلية عادل مصطفى,شارع النخيل، مبنى 70، أمام البنك، حي العثمانية، أطفيح، الجيزة,الجيزة,أطفيح,حي العثمانية
صيدلية سامية السيد,شارع العشرين، مبنى 59، بجوار المسجد، حي العمرانية، بشتيل، الجيزة,الجيزة,بشتيل,حي العمرانية
صيدلية عاصم,شارع التحرير، مبنى 144، بعد محطة المترو، حي البدرشين، الصف، الجيزة,الجيزة,الصف,حي البدرشين
صيدلية عزة حجازي,شارع الجامعة، مبنى 15، بجوار المسجد، حي إمبابة، الواحات، الجيزة,الجيزة,الواحات,حي إمبابة
صيدلية هايدي عبدالعزيز,شارع بورسعيد، مبنى 103، عند النفق، حي 6 أكتوبر، كرداسة، الجيزة,الجيزة,كرداسة,حي 6 أكتوبر
صيدلية عمرو منسي,شارع بورسعيد، مبنى 104، بعد محطة المترو، حي المريوطية، العجوزة، الجيزة,الجيزة,العجوزة,حي المريوطية
صيدلية د. نبيل حسونة,شارع رمسيس، مبنى 94، بعد محطة المترو، حي أطفيح، العمرانية، الجيزة,الجيزة,العمرانية,حي أطفيح
صيدلية عبدالله عبدالرحمن,شارع الميناء، مبنى 143، حي الطالبية، العجوزة، الجيزة,الجيزة,العجوزة,حي الطالبية
صيدلية العافية,شارع الأمل، مبنى 149، حي ترسا، الطالبية، الجيزة,الجيزة,الطالبية,حي ترسا
صيدلية رانيا,شارع السادات، مبنى 141، بجوار المسجد، حي العثمانية، الوراق، الجيزة,الجيزة,الوراق,حي العثمانية
صيدلية فاتن رمضان,شارع الجمهورية، مبنى 146، حي البدرشين، الدقي، الجيزة,الجيزة,الدقي,حي البدرشين
صيدلية عاطف الشيخ,شارع الخليفة، مبنى 94، بعد محطة المترو، حي العياط، العمرانية، الجيزة,الجيزة,العمرانية,حي العياط
صيدلية د. نعمت حامد,شارع العروبة، مبنى 5، حي الجيزة، المهندسين، الجيزة,الجيزة,المهندسين,حي الجيزة
صيدلية وحيد,شارع الروضة، مبنى 51، بجوار المسجد، حي العياط، الشيخ زايد، الجيزة,الجيزة,الشيخ زايد,حي العياط
صيدلية الفردوس,شارع المقاومة، مبنى 110، حي كرداسة، الطالبية، الجيزة,الجيزة,الطالبية,حي كرداسة
صيدلية العافية,شارع الخليفة، مبنى 82، عند النفق، حي العثمانية، أبو النمرس، الجيزة,الجيزة,أبو النمرس,حي العثمانية
صيدلية سعاد عادل,شارع فيصل، مبنى 120، بجانب المدرسة، حي الصف، الصف، الجيزة,الجيزة,الصف,حي الصف
صيدلية د. وائل وائل,شارع فيصل، مبنى 139، حي العمرانية، بشتيل، الجيزة,الجيزة,بشتيل,حي العمرانية
صيدلية عمر إبراهيم,شارع الخزان، مبنى 55، بعد محطة المترو، حي الحدائق، أبو النمرس، الجيزة,الجيزة,أبو النمرس,حي الحدائق
صيدلية سمير فathy,شارع البحر، مبنى 97، حي الحدائق، إمبابة، الجيزة,الجيزة,إمبابة,حي الحدائق
صيدلية أيمن رمضان,شارع العشرين، مبنى 128، بعد محطة المترو، حي بشتيل، فيصل، الجيزة,الجيزة,فيصل,حي بشتيل
صيدلية د. أماني كمال,شارع العروبة، مبنى 33، أمام البنك، حي ترسا، الشيخ زايد، الجيزة,الجيزة,الشيخ زايد,حي ترسا
صيدلية نادية عمر,شارع المعز، مبنى 125، بعد محطة المترو، حي الشيخ زايد، الحوامدية، الجيزة,الجيزة,الحوامدية,حي الشيخ زايد
صيدلية جلال إبراهيم,شارع البحر، مبنى 97، عند النفق، حي الشيخ زايد، بشتيل، الجيزة,الجيزة,بشتيل,حي الشيخ زايد
صيدلية الفردوس,شارع فيصل، مبنى 11، بجانب المدرسة، حي الشيخ زايد، إمبابة، الجيزة,الجيزة,إمبابة,حي الشيخ زايد
صيدلية مها,شارع محمد علي، مبنى 71، بجوار المسجد، حي البدرشين، الجيزة، الجيزة,الجيزة,الجيزة,حي البدرشين
صيدلية د. محمود شريف,شارع السوق، مبنى 56، بجانب المدرسة، حي الشيخ زايد، الدقي، الجيزة,الجيزة,الدقي,حي الشيخ زايد
صيدلية د. نبيل كمال,شارع العروبة، مبنى 61، بعد محطة المترو، حي أطفيح، الواحات، الجيزة,الجيزة,الواحات,حي أطفيح
صيدلية الفردوس,شارع السوق، مبنى 42، بجانب المدرسة، حي الشيخ زايد، الدقي، الجيزة,الجيزة,الدقي,حي الشيخ زايد
صيدلية د. رمضان وليد,شارع الاستقلال، مبنى 50، أمام البنك، حي العمرانية، البدرشين، الجيزة,الجيزة,البدرشين,حي العمرانية
صيدلية الجمهورية,شارع الأقصى، مبنى 80، عند النفق، حي أطفيح، الطالبية، الجيزة,الجيزة,الطالبية,حي أطفيح
صيدلية هايدي عمر,شارع النصر، مبنى 115، بعد محطة المترو، حي فيصل، الشيخ زايد، الجيزة,الجيزة,الشيخ زايد,حي فيصل
صيدلية الفردوس,شارع 26 يوليو، مبنى 128، عند النفق، حي أطفيح، العياط، الجيزة,الجيزة,العياط,حي أطفيح
صيدلية د. جلال أيمن,شارع الطيران، مبنى 147، بعد محطة المترو، حي أطفيح، 6 أكتوبر، الجيزة,الجيزة,6 أكتوبر,حي أطفيح
صيدلية د. غادة فؤاد,شارع طلعت حرب، مبنى 34، عند النفق، حي البدرشين، الواحات، الجيزة,الجيزة,الواحات,حي البدرشين
صيدلية د. هاني حسام,شارع بورسعيد، مبنى 140، بجانب المدرسة، حي الصف، الشيخ زايد، الجيزة,الجيزة,الشيخ زايد,حي الصف
صيدلية الجمهورية,شارع التحرير، مبنى 43، بجوار المسجد، حي فيصل، العياط، الجيزة,الجيزة,العياط,حي فيصل
صيدلية د. سيد حسونة,شارع التحرير، مبنى 17، حي كرداسة، العمرانية، الجيزة,الجيزة,العمرانية,حي كرداسة
صيدلية د. مها حسين,شارع السادات، مبنى 14، بجوار المسجد، حي الجيزة، العياط، الجيزة,الجيزة,العياط,حي الجيزة
صيدلية د. أنور جلال,شارع المدرسة، مبنى 98، بجوار المسجد، حي الصف، المنيب، الجيزة,الجيزة,المنيب,حي الصف
صيدلية العافية,شارع فلسطين، مبنى 29، أمام البنك، حي العجوزة، البدرشين، الجيزة,الجيزة,البدرشين,حي العجوزة
صيدلية محمد,شارع السوق، مبنى 144، بعد محطة المترو، حي بشتيل، الحوامدية، الجيزة,الجيزة,الحوامدية,حي بشتيل
صيدلية حسن مصطفى,شارع الوحدة، مبنى 4، عند النفق، حي العجوزة، المنيب، الجيزة,الجيزة,المنيب,حي العجوزة
صيدلية د. نهى الشيخ,شارع المحطة، مبنى 147، بعد محطة المترو، حي المريوطية، كرداسة، الجيزة,الجيزة,كرداسة,حي المريوطية
صيدلية حسام,شارع الوفاء، مبنى 7، بعد محطة المترو، حي العجوزة، المنيب، الجيزة,الجيزة,المنيب,حي العجوزة
صيدلية د. حسام غانم,شارع البحر، مبنى 100، حي كرداسة، العجوزة، الجيزة,الجيزة,العجوزة,حي كرداسة
صيدلية علي عبدالرحمن,شارع الخزان، مبنى 77، بعد محطة المترو، حي إمبابة، العياط، الجيزة,الجيزة,العياط,حي إمبابة
صيدلية د. يوسف حسين,شارع الوفاء، مبنى 53، عند النفق، حي البدرشين، الهرم، الجيزة,الجيزة,الهرم,حي البدرشين
صيدلية هشام,شارع كورنيش النيل، مبنى 7، أمام البنك، حي العجوزة، فيصل، الجيزة,الجيزة,فيصل,حي العجوزة
صيدلية د. إبراهيم حسين,شارع الطيران، مبنى 65، بعد محطة المترو، حي أطفيح، العجوزة، الجيزة,الجيزة,العجوزة,حي أطفيح
صيدلية دينا,شارع الاستقلال، مبنى 79، حي العمرانية، الوراق، الجيزة,الجيزة,الوراق,حي العمرانية
صيدلية د. محمود شريف,شارع الجامعة، مبنى 80، عند النفق، حي فيصل، المهندسين، الجيزة,الجيزة,المهندسين,حي فيصل
صيدلية د. عاصم وليد,شارع العشرين، مبنى 45، بجوار المسجد، حي المنيب، الدقي، الجيزة,الجيزة,الدقي,حي المنيب
صيدلية د. حورية كمال,شارع محمد علي، مبنى 3، عند النفق، حي أبو النمرس، البدرشين، الجيزة,الجيزة,البدرشين,حي أبو النمرس
صيدلية د. نعمت عبدالرحمن,شارع المحطة، مبنى 104، بعد محطة المترو، حي العمرانية، إمبابة، الجيزة,الجيزة,إمبابة,حي العمرانية
صيدلية أنور,شارع الجلاء، مبنى 139، بجوار المسجد، حي أبو النمرس، بشتيل، الجيزة,الجيزة,بشتيل,حي أبو النمرس
صيدلية صبحي صبحي,شارع الطيران، مبنى 78، بجوار المسجد، حي إمبابة، الصف، الجيزة,الجيزة,الصف,حي إمبابة
صيدلية كمال,شارع الميناء، مبنى 79، بجوار المسجد، حي كرداسة، فيصل، الجيزة,الجيزة,فيصل,حي كرداسة
صيدلية وليد,شارع بورسعيد، مبنى 134، بجانب المدرسة، حي الوراق، العياط، الجيزة,الجيزة,العياط,حي الوراق
صيدلية النور,شارع المحطة، مبنى 78، حي العمرانية، أبو النمرس، الجيزة,الجيزة,أبو النمرس,حي العمرانية
صيدلية د. رانيا فathy,شارع العروبة، مبنى 119، بجانب المدرسة، حي النصر، الدقي، الجيزة,الجيزة,الدقي,حي النصر
صيدلية نبيل سمير,شارع الخزان، مبنى 134، بعد محطة المترو، حي الشيخ زايد، الدقي، الجيزة,الجيزة,الدقي,حي الشيخ زايد
صيدلية نهى,شارع الأزهر، مبنى 25، بجانب المدرسة، حي البدرشين، الدقي، الجيزة,الجيزة,الدقي,حي البدرشين
صيدلية الأمل,شارع الجمهورية، مبنى 55، بعد محطة المترو، حي الهرم، الصف، الجيزة,الجيزة,الصف,حي الهرم
صيدلية جهاد عادل,شارع الأزهر، مبنى 109، أمام البنك، حي الهرم، إمبابة، الجيزة,الجيزة,إمبابة,حي الهرم
صيدلية مدحت طارق,شارع النصر، مبنى 115، حي كرداسة، الهرم، الجيزة,الجيزة,الهرم,حي كرداسة
صيدلية الفردوس,شارع الثورة، مبنى 84، حي إمبابة، المهندسين، الجيزة,الجيزة,المهندسين,حي إمبابة
صيدلية غادة,شارع الخزان، مبنى 40، بعد محطة المترو، حي فيصل، أبو النمرس، الجيزة,الجيزة,أبو النمرس,حي فيصل
صيدلية الجمهورية,شارع الوفاء، مبنى 149، حي العثمانية، أبو النمرس، الجيزة,الجيزة,أبو النمرس,حي العثمانية
صيدلية عزة,شارع الأزهر، مبنى 64، بجوار المسجد، حي بشتيل، الدقي، الجيزة,الجيزة,الدقي,حي بشتيل
صيدلية سمير,شارع الجلاء، مبنى 137، حي بشتيل، بشتيل، الجيزة,الجيزة,بشتيل,حي بشتيل
صيدلية رانيا,شارع القنال، مبنى 84، بجانب المدرسة، حي العياط، الصف، الجيزة,الجيزة,الصف,حي العياط
صيدلية د. عبدالله إيهاب,شارع الميناء، مبنى 19، بجانب المدرسة، حي كرداسة، بشتيل، الجيزة,الجيزة,بشتيل,حي كرداسة
صيدلية عبلة الشيخ,شارع الوفاء، مبنى 147، بعد محطة المترو، حي 6 أكتوبر، أبو النمرس، الجيزة,الجيزة,أبو النمرس,حي 6 أكتوبر
صيدلية د. جلال حسين,شارع الأمل، مبنى 131، بجانب المدرسة، حي البدرشين، أبو النمرس، الجيزة,الجيزة,أبو النمرس,حي البدرشين
صيدلية عبلة,شارع السوق، مبنى 31، حي المريوطية، أطفيح، الجيزة,الجيزة,أطفيح,حي المريوطية
صيدلية حسن,شارع الخليفة، مبنى 76، أمام البنك، حي أبو النمرس، الصف، الجيزة,الجيزة,الصف,حي أبو النمرس
صيدلية دينا,شارع النصر، مبنى 84، حي الطالبية، المنيب، الجيزة,الجيزة,المنيب,حي الطالبية
صيدلية نبيل محمد,شارع فيصل، مبنى 115، أمام البنك، حي المريوطية، العمرانية، الجيزة,الجيزة,العمرانية,حي المريوطية
صيدلية هشام مصطفى,شارع الميناء، مبنى 126، حي العمرانية، كرداسة، الجيزة,الجيزة,كرداسة,حي العمرانية
صيدلية حسين,شارع النصر، مبنى 85، حي بشتيل، بشتيل، الجيزة,الجيزة,بشتيل,حي بشتيل
صيدلية خالد,شارع المعز، مبنى 128، بجوار المسجد، حي الحدائق، الهرم، الجيزة,الجيزة,الهرم,حي الحدائق
صيدلية د. عمر عاطف,شارع الطيران، مبنى 142، أمام البنك، حي الشيخ زايد، كرداسة، الجيزة,الجيزة,كرداسة,حي الشيخ زايد
صيدلية د. خالد فؤاد,شارع العشرين، مبنى 137، بجوار المسجد، حي العمرانية، الشيخ زايد، الجيزة,الجيزة,الشيخ زايد,حي العمرانية
صيدلية مها عوض,شارع الخليفة، مبنى 67، عند النفق، حي الوراق، الصف، الجيزة,الجيزة,الصف,حي الوراق
صيدلية منال هاني,شارع طلعت حرب، مبنى 66، بجوار المسجد، حي بشتيل، الشيخ زايد، الجيزة,الجيزة,الشيخ زايد,حي بشتيل
صيدلية النور,شارع السوق، مبنى 117، أمام البنك، حي الصف، بشتيل، الجيزة,الجيزة,بشتيل,حي الصف
صيدلية هدى,شارع المقاومة، مبنى 59، عند النفق، حي البدرشين، المنيب، الجيزة,الجيزة,المنيب,حي البدرشين
صيدلية د. سمير حسين,شارع الاستقلال، مبنى 37، بعد محطة المترو، حي 6 أكتوبر، بشتيل، الجيزة,الجيزة,بشتيل,حي 6 أكتوبر
صيدلية د. سوسن إيهاب,شارع الهرم، مبنى 55، بعد محطة المترو، حي الحوامدية، الوراق، الجيزة,الجيزة,الوراق,حي الحوامدية
صيدلية د. سحر ضياء,شارع الخزان، مبنى 2، بعد محطة المترو، حي الطالبية، العجوزة، الجيزة,الجيزة,العجوزة,حي الطالبية
صيدلية أحمد حسام,شارع المسجد، مبنى 60، بعد محطة المترو، حي ترسا، الوراق، الجيزة,الجيزة,الوراق,حي ترسا
صيدلية د. وائل أشرف,شارع السادات، مبنى 112، عند النفق، حي العياط، أبو النمرس، الجيزة,الجيزة,أبو النمرس,حي العياط
صيدلية حورية إيهاب,شارع البحر، مبنى 43، أمام البنك، حي الحوامدية، الهرم، الجيزة,الجيزة,الهرم,حي الحوامدية
صيدلية مها سيد,شارع الأهرام، مبنى 61، بعد محطة المترو، حي العياط، المنيب، الجيزة,الجيزة,المنيب,حي العياط
صيدلية بهاء,شارع فيصل، مبنى 117، بجوار المسجد، حي إمبابة، الطالبية، الجيزة,الجيزة,الطالبية,حي إمبابة
صيدلية فتحي,شارع الروضة، مبنى 72، بجوار المسجد، حي أطفيح، أبو النمرس، الجيزة,الجيزة,أبو النمرس,حي أطفيح
صيدلية د. أمل علي,شارع فيصل، مبنى 119، بجانب المدرسة، حي أطفيح، إمبابة، الجيزة,الجيزة,إمبابة,حي أطفيح
صيدلية الجمهورية,شارع العروبة، مبنى 2، بجوار المسجد، حي الجيزة، أطفيح، الجيزة,الجيزة,أطفيح,حي الجيزة
صيدلية الصحة,شارع الثورة، مبنى 28، حي أبو النمرس، أبو النمرس، الجيزة,الجيزة,أبو النمرس,حي أبو النمرس
صيدلية النور,شارع الروضة، مبنى 2، عند النفق، حي العياط، 6 أكتوبر، الجيزة,الجيزة,6 أكتوبر,حي العياط
صيدلية بهاء,شارع السادات، مبنى 145، حي المنيب، العياط، الجيزة,الجيزة,العياط,حي المنيب
صيدلية عمرو محمود,شارع الاستقلال، مبنى 27، حي المريوطية، الهرم، الجيزة,الجيزة,الهرم,حي المريوطية
صيدلية د. إيهاب جلال,شارع عباس العقاد، مبنى 147، بعد محطة المترو، حي أبو النمرس، العياط، الجيزة,الجيزة,العياط,حي أبو النمرس
صيدلية العافية,شارع البحر، مبنى 27، أمام البنك، حي الشيخ زايد، الصف، الجيزة,الجيزة,الصف,حي الشيخ زايد
صيدلية د. إيمان عطية,شارع الهرم، مبنى 99، بجوار المسجد، حي الوراق، العجوزة، الجيزة,الجيزة,العجوزة,حي الوراق
صيدلية الصحة,شارع بورسعيد، مبنى 120، بعد محطة المترو، حي البدرشين، الواحات، الجيزة,الجيزة,الواحات,حي البدرشين
صيدلية نبيل,شارع كورنيش النيل، مبنى 97، بجوار المسجد، حي الجيزة، المنيب، الجيزة,الجيزة,المنيب,حي الجيزة
صيدلية د. عمر يوسف,شارع الجامعة، مبنى 123، عند النفق، حي المنيب، العجوزة، الجيزة,الجيزة,العجوزة,حي المنيب
صيدلية الفردوس,شارع المحطة، مبنى 54، حي المريوطية، كرداسة، الجيزة,الجيزة,كرداسة,حي المريوطية
صيدلية محمود عمرو,شارع الأقصى، مبنى 120، حي أبو النمرس، الواحات، الجيزة,الجيزة,الواحات,حي أبو النمرس
صيدلية فاتن,شارع رمسيس، مبنى 66، عند النفق، حي الحوامدية، البدرشين، الجيزة,الجيزة,البدرشين,حي الحوامدية
صيدلية د. بهاء مجدي,شارع الوحدة، مبنى 138، حي أبو النمرس، أطفيح، الجيزة,الجيزة,أطفيح,حي أبو النمرس
صيدلية إيمان,شارع فيصل، مبنى 96، حي العجوزة، كرداسة، الجيزة,الجيزة,كرداسة,حي العجوزة
صيدلية الفردوس,شارع الروضة، مبنى 30، بجانب المدرسة، حي ترسا، العمرانية، الجيزة,الجيزة,العمرانية,حي ترسا
صيدلية هدى,شارع الوحدة، مبنى 85، بجانب المدرسة، حي كرداسة، إمبابة، الجيزة,الجيزة,إمبابة,حي كرداسة
صيدلية عاطف هشام,شارع المحطة، مبنى 89، حي إمبابة، الصف، الجيزة,الجيزة,الصف,حي إمبابة
صيدلية د. خالد شريف,شارع الجامعة، مبنى 52، بجانب المدرسة، حي أبو النمرس، العجوزة، الجيزة,الجيزة,العجوزة,حي أبو النمرس
صيدلية د. سوسن الشيخ,شارع الجلاء، مبنى 22، عند النفق، حي النصر، كرداسة، الجيزة,الجيزة,كرداسة,حي النصر
صيدلية سامية طارق,شارع الهرم، مبنى 66، حي الحدائق، الصف، الجيزة,الجيزة,الصف,حي الحدائق
صيدلية د. مجدي منسي,شارع الجلاء، مبنى 148، بجوار المسجد، حي العجوزة، العجوزة، الجيزة,الجيزة,العجوزة,حي العجوزة
صيدلية عمر محمد,شارع الطيران، مبنى 136، عند النفق، حي الصف، الهرم، الجيزة,الجيزة,الهرم,حي الصف
صيدلية د. كمال رمضان,شارع رمسيس، مبنى 34، بعد محطة المترو، حي العجوزة، الدقي، الجيزة,الجيزة,الدقي,حي العجوزة
صيدلية د. يوسف الشيخ,شارع الوحدة، مبنى 135، بعد محطة المترو، حي النصر، الحوامدية، الجيزة,الجيزة,الحوامدية,حي النصر
صيدلية د. سحر سمير,شارع المحطة، مبنى 69، بجانب المدرسة، حي الوراق، فيصل، الجيزة,الجيزة,فيصل,حي الوراق
صيدلية د. سيد إبراهيم,شارع السوق، مبنى 46، بجانب المدرسة، حي ترسا، إمبابة، الجيزة,الجيزة,إمبابة,حي ترسا
صيدلية د. عمرو ضياء,شارع الروضة، مبنى 45، عند النفق، حي الحوامدية، المهندسين، الجيزة,الجيزة,المهندسين,حي الحوامدية
صيدلية د. عبلة منسي,شارع الأقصى، مبنى 98، حي الحوامدية، الطالبية، الجيزة,الجيزة,الطالبية,حي الحوامدية
صيدلية رائد,شارع البحر، مبنى 53، بعد محطة المترو، حي إمبابة، أطفيح، الجيزة,الجيزة,أطفيح,حي إمبابة
صيدلية منير عمرو,شارع الهرم، مبنى 103، حي 6 أكتوبر، الحوامدية، الجيزة,الجيزة,الحوامدية,حي 6 أكتوبر
صيدلية د. لواء حسام,شارع الروضة، مبنى 87، عند النفق، حي الطالبية، الشيخ زايد، الجيزة,الجيزة,الشيخ زايد,حي الطالبية
صيدلية عبدالعزيز,شارع الأمل، مبنى 112، بعد محطة المترو، حي الهرم، الجيزة، الجيزة,الجيزة,الجيزة,حي الهرم
صيدلية د. سيد وحيد,شارع السوق، مبنى 25، عند النفق، حي المريوطية، البدرشين، الجيزة,الجيزة,البدرشين,حي المريوطية
صيدلية فتحي مصطفى,شارع الروضة، مبنى 124، بجانب المدرسة، حي الوراق، الجيزة، الجيزة,الجيزة,الجيزة,حي الوراق
صيدلية د. نبيل حسن,شارع العشرين، مبنى 60، بعد محطة المترو، حي أطفيح، المنيب، الجيزة,الجيزة,المنيب,حي أطفيح
صيدلية هشام وليد,شارع فلسطين، مبنى 46، بعد محطة المترو، حي العمرانية، الدقي، الجيزة,الجيزة,الدقي,حي العمرانية
صيدلية أنور عطية,شارع السوق، مبنى 60، عند النفق، حي الطالبية، العمرانية، الجيزة,الجيزة,العمرانية,حي الطالبية
صيدلية د. لواء إبراهيم,شارع 26 يوليو، مبنى 91، أمام البنك، حي إمبابة، العمرانية، الجيزة,الجيزة,العمرانية,حي إمبابة
صيدلية أيمن عطية,شارع الخليفة، مبنى 41، عند النفق، حي الصف، الشيخ زايد، الجيزة,الجيزة,الشيخ زايد,حي الصف
صيدلية الأمل,شارع 26 يوليو، مبنى 35، بجانب المدرسة، حي فيصل، الطالبية، الجيزة,الجيزة,الطالبية,حي فيصل
صيدلية د. رانيا غانم,شارع الأقصى، مبنى 74، بجوار المسجد، حي العمرانية، الوراق، الجيزة,الجيزة,الوراق,حي العمرانية
صيدلية د. فريدة عمر,شارع كورنيش النيل، مبنى 47، بجوار المسجد، حي الحدائق، الدقي، الجيزة,الجيزة,الدقي,حي الحدائق
صيدلية نادية رمضان,شارع كورنيش النيل، مبنى 134، بعد محطة المترو، حي المريوطية، الحوامدية، الجيزة,الجيزة,الحوامدية,حي المريوطية
صيدلية وفاء سيد,شارع الميناء، مبنى 18، بجوار المسجد، حي المريوطية، الحوامدية، الجيزة,الجيزة,الحوامدية,حي المريوطية
صيدلية إبراهيم,شارع الجامعة، مبنى 40، حي الوراق، فيصل، الجيزة,الجيزة,فيصل,حي الوراق
صيدلية د. إبراهيم رمضان,شارع الأمل، مبنى 7، حي ترسا، البدرشين، الجيزة,الجيزة,البدرشين,حي ترسا
صيدلية د. حسين نبيل,شارع المحطة، مبنى 116، بعد محطة المترو، حي المنيب، الصف، الجيزة,الجيزة,الصف,حي المنيب
صيدلية د. منال حسين,شارع الأهرام، مبنى 89، بعد محطة المترو، حي 6 أكتوبر، المهندسين، الجيزة,الجيزة,المهندسين,حي 6 أكتوبر
صيدلية أيمن,شارع الخزان، مبنى 1، بعد محطة المترو، حي العثمانية، الصف، الجيزة,الجيزة,الصف,حي العثمانية
صيدلية الصحة,شارع مكرم عبيد، مبنى 123، أمام البنك، حي العمرانية، المهندسين، الجيزة,الجيزة,المهندسين,حي العمرانية
صيدلية هاني,شارع كورنيش النيل، مبنى 36، أمام البنك، حي ترسا، الطالبية، الجيزة,الجيزة,الطالبية,حي ترسا
صيدلية د. لواء رمضان,شارع الثورة، مبنى 11، بجانب المدرسة، حي الوراق، كرداسة، الجيزة,الجيزة,كرداسة,حي الوراق
صيدلية حسن,شارع رمسيس، مبنى 49، بجوار المسجد، حي أبو النمرس، الواحات، الجيزة,الجيزة,الواحات,حي أبو النمرس
صيدلية فاتن وليد,شارع الخزان، مبنى 103، أمام البنك، حي أبو النمرس، المهندسين، الجيزة,الجيزة,المهندسين,حي أبو النمرس
صيدلية ليلى,شارع الخزان، مبنى 41، بجوار المسجد، حي المريوطية، الشيخ زايد، الجيزة,الجيزة,الشيخ زايد,حي المريوطية
صيدلية د. نهى حسن,شارع القنال، مبنى 124، بجوار المسجد، حي الجيزة، الهرم، الجيزة,الجيزة,الهرم,حي الجيزة
صيدلية د. جهاد عبدالجواد,شارع الميناء، مبنى 142، بجانب المدرسة، حي البدرشين، الواحات، الجيزة,الجيزة,الواحات,حي البدرشين
صيدلية د. بهاء علي,شارع الطيران، مبنى 30، أمام البنك، حي إمبابة، الجيزة، الجيزة,الجيزة,الجيزة,حي إمبابة
صيدلية د. سحر وائل,شارع عباس العقاد، مبنى 128، بجانب المدرسة، حي الجيزة، الطالبية، الجيزة,الجيزة,الطالبية,حي الجيزة
صيدلية د. إبراهيم عمر,شارع الجمهورية، مبنى 19، بجوار المسجد، حي إمبابة، كرداسة، الجيزة,الجيزة,كرداسة,حي إمبابة
صيدلية د. إيناس حسونة,شارع الميناء، مبنى 67، بجانب المدرسة، حي البدرشين، الحوامدية، الجيزة,الجيزة,الحوامدية,حي البدرشين
صيدلية غادة,شارع المدرسة، مبنى 66، بجانب المدرسة، حي أبو النمرس، إمبابة، الجيزة,الجيزة,إمبابة,حي أبو النمرس
صيدلية النور,شارع الخزان، مبنى 79، بعد محطة المترو، حي ترسا، أطفيح، الجيزة,الجيزة,أطفيح,حي ترسا
صيدلية فتحي,شارع طلعت حرب، مبنى 148، حي الهرم، الحوامدية، الجيزة,الجيزة,الحوامدية,حي الهرم
صيدلية الصحة,شارع مكرم عبيد، مبنى 25، أمام البنك، حي العجوزة، الحوامدية، الجيزة,الجيزة,الحوامدية,حي العجوزة
صيدلية د. كمال عبدالجواد,شارع محمد علي، مبنى 107، بعد محطة المترو، حي إمبابة، الواحات، الجيزة,الجيزة,الواحات,حي إمبابة
صيدلية د. نادية عادل,شارع القنال، مبنى 59، بجوار المسجد، حي العمرانية، أبو النمرس، الجيزة,الجيزة,أبو النمرس,حي العمرانية
صيدلية الفردوس,شارع مكرم عبيد، مبنى 128، بعد محطة المترو، حي العثمانية، فيصل، الجيزة,الجيزة,فيصل,حي العثمانية
صيدلية رائد,شارع الزهراء، مبنى 123، بعد محطة المترو، حي أبو النمرس، الدقي، الجيزة,الجيزة,الدقي,حي أبو النمرس
صيدلية هشام حسين,شارع البنك، مبنى 112، حي الجيزة، الشيخ زايد، الجيزة,الجيزة,الشيخ زايد,حي الجيزة
صيدلية د. محمد فؤاد,شارع الخزان، مبنى 65، حي العجوزة، أطفيح، الجيزة,الجيزة,أطفيح,حي العجوزة
صيدلية د. منال يوسف,شارع القنال، مبنى 18، بجوار المسجد، حي الحوامدية، فيصل، الجيزة,الجيزة,فيصل,حي الحوامدية
صيدلية د. هايدي خالد,شارع كورنيش النيل، مبنى 36، بعد محطة المترو، حي المريوطية، العجوزة، الجيزة,الجيزة,العجوزة,حي المريوطية
صيدلية د. عمر فathy,شارع النصر، مبنى 30، بجانب المدرسة، حي أبو النمرس، المنيب، الجيزة,الجيزة,المنيب,حي أبو النمرس
صيدلية فاتن,شارع البحر، مبنى 148، عند النفق، حي العياط، أطفيح، الجيزة,الجيزة,أطفيح,حي العياط
صيدلية الصحة,شارع الوحدة، مبنى 41، بجانب المدرسة، حي النصر، أطفيح، الجيزة,الجيزة,أطفيح,حي النصر
صيدلية سعيد,شارع المدرسة، مبنى 136، بجانب المدرسة، حي الطالبية، العجوزة، الجيزة,الجيزة,العجوزة,حي الطالبية
صيدلية حسين إبراهيم,شارع الأهرام، مبنى 6، حي أطفيح، الدقي، الجيزة,الجيزة,الدقي,حي أطفيح
صيدلية إبراهيم الشيخ,شارع الهرم، مبنى 74، بجانب المدرسة، حي العمرانية، الجيزة، الجيزة,الجيزة,الجيزة,حي العمرانية
صيدلية بهاء عادل,شارع الجامعة، مبنى 46، بجوار المسجد، حي الشيخ زايد، كرداسة، الجيزة,الجيزة,كرداسة,حي الشيخ زايد
صيدلية د. أماني فؤاد,شارع الثورة، مبنى 131، حي غرب، العصافرة، الإسكندرية,الإسكندرية,العصافرة,حي غرب
صيدلية سحر مدحت,شارع الأهرام، مبنى 138، عند النفق، حي شرق التعليم، سابا باشا، الإسكندرية,الإسكندرية,سابا باشا,حي شرق التعليم
صيدلية ضياء صبحي,شارع العروبة، مبنى 149، بعد محطة المترو، حي العامرية، السيوف، الإسكندرية,الإسكندرية,السيوف,حي العامرية
صيدلية منير,شارع مكرم عبيد، مبنى 149، أمام البنك، حي العصافرة، باب شرق، الإسكندرية,الإسكندرية,باب شرق,حي العصافرة
صيدلية عاصم عمرو,شارع رمسيس، مبنى 72، حي العجمي، رشدي، الإسكندرية,الإسكندرية,رشدي,حي العجمي
صيدلية د. فريدة أشرف,شارع الجلاء، مبنى 75، بجوار المسجد، حي غرب التعليم، العطارين، الإسكندرية,الإسكندرية,العطارين,حي غرب التعليم
صيدلية د. نادية ضياء,شارع الوفاء، مبنى 6، بعد محطة المترو، حي بحري، ستانلي، الإسكندرية,الإسكندرية,ستانلي,حي بحري
صيدلية ضياء أنور,شارع عباس العقاد، مبنى 91، حي الجمرك، سابا باشا، الإسكندرية,الإسكندرية,سابا باشا,حي الجمرك
صيدلية د. محمود وائل,شارع الأزهر، مبنى 124، بجوار المسجد، حي بحري، الدخيلة، الإسكندرية,الإسكندرية,الدخيلة,حي بحري
صيدلية د. منير السيد,شارع بورسعيد، مبنى 74، عند النفق، حي شرق التعليم، سيدي جابر، الإسكندرية,الإسكندرية,سيدي جابر,حي شرق التعليم
صيدلية النور,شارع الخليفة، مبنى 95، أمام البنك، حي وسط، رشدي، الإسكندرية,الإسكندرية,رشدي,حي وسط
صيدلية كمال إبراهيم,شارع بورسعيد، مبنى 38، حي الجمرك، بحري، الإسكندرية,الإسكندرية,بحري,حي الجمرك
صيدلية عاصم أشرف,شارع الجمهورية، مبنى 45، بجانب المدرسة، حي وسط، فleming، الإسكندرية,الإسكندرية,فleming,حي وسط
صيدلية وائل,شارع المقاومة، مبنى 19، بعد محطة المترو، حي العجمي، سموحة، الإسكندرية,الإسكندرية,سموحة,حي العجمي
صيدلية د. سلوى حجازي,شارع الأمل، مبنى 2، عند النفق، حي الجمرك، سيدي جابر، الإسكندرية,الإسكندرية,سيدي جابر,حي الجمرك
صيدلية أمل الفقي,شارع النخيل، مبنى 43، أمام البنك، حي الجمرك، سيدي جابر، الإسكندرية,الإسكندرية,سيدي جابر,حي الجمرك
صيدلية الفردوس,شارع القنال، مبنى 37، عند النفق، حي العصافرة، المنشية، الإسكندرية,الإسكندرية,المنشية,حي العصافرة
صيدلية د. حسام أحمد,شارع الثورة، مبنى 35، بجوار المسجد، حي غرب، سيدي جابر، الإسكندرية,الإسكندرية,سيدي جابر,حي غرب
صيدلية د. جلال وائل,شارع الوحدة، مبنى 97، حي شرق التعليم، السيوف، الإسكندرية,الإسكندرية,السيوف,حي شرق التعليم
صيدلية النور,شارع النخيل، مبنى 17، بجانب المدرسة، حي العامرية، رشدي، الإسكندرية,الإسكندرية,رشدي,حي العامرية
صيدلية النور,شارع التحرير، مبنى 5، بعد محطة المترو، حي بحري، الإسكندرية، الإسكندرية,الإسكندرية,الإسكندرية,حي بحري
صيدلية العافية,شارع البنك، مبنى 30، حي برج العرب، رشدي، الإسكندرية,الإسكندرية,رشدي,حي برج العرب
صيدلية مجدي نبيل,شارع الطيران، مبنى 68، حي غرب، باب شرق، الإسكندرية,الإسكندرية,باب شرق,حي غرب
صيدلية نبيل حسونة,شارع الجمهورية، مبنى 4، عند النفق، حي المنتزة، الإسكندرية، الإسكندرية,الإسكندرية,الإسكندرية,حي المنتزة
صيدلية إيناس السيد,شارع البنك، مبنى 2، بجانب المدرسة، حي العجمي، السيوف، الإسكندرية,الإسكندرية,السيوف,حي العجمي
صيدلية د. رائد عمرو,شارع فلسطين، مبنى 129، بجوار المسجد، حي غرب، جليم، الإسكندرية,الإسكندرية,جليم,حي غرب
صيدلية جهاد فؤاد,شارع محمد علي، مبنى 102، بجانب المدرسة، حي غرب التعليم، الجمرك، الإسكندرية,الإسكندرية,الجمرك,حي غرب التعليم
صيدلية حسام حسام,شارع فيصل، مبنى 86، حي العامرية، سموحة، الإسكندرية,الإسكندرية,سموحة,حي العامرية
صيدلية الصحة,شارع النخيل، مبنى 23، أمام البنك، حي المنتزة، رشدي، الإسكندرية,الإسكندرية,رشدي,حي المنتزة
صيدلية نبيل,شارع الزهراء، مبنى 34، حي شرق، زيزينيا، الإسكندرية,الإسكندرية,زيزينيا,حي شرق
صيدلية د. أيمن كمال,شارع الجلاء، مبنى 75، بجوار المسجد، حي العجمي، سابا باشا، الإسكندرية,الإسكندرية,سابا باشا,حي العجمي
صيدلية مها,شارع الوفاء، مبنى 54، بجوار المسجد، حي الدخيلة، سيدي جابر، الإسكندرية,الإسكندرية,سيدي جابر,حي الدخيلة
صيدلية كمال سمير,شارع الوحدة، مبنى 47، حي العصافرة، جليم، الإسكندرية,الإسكندرية,جليم,حي العصافرة
صيدلية صبحي,شارع مكرم عبيد، مبنى 148، أمام البنك، حي العطارين، المكس، الإسكندرية,الإسكندرية,المكس,حي العطارين
صيدلية سحر عبدالعزيز,شارع السوق، مبنى 99، بجانب المدرسة، حي غرب، المكس، الإسكندرية,الإسكندرية,المكس,حي غرب
صيدلية عزة فathy,شارع الوفاء، مبنى 123، عند النفق، حي وسط، المنتزة، الإسكندرية,الإسكندرية,المنتزة,حي وسط
صيدلية د. سمير الفقي,شارع السادات، مبنى 112، بعد محطة المترو، حي غرب، السيوف، الإسكندرية,الإسكندرية,السيوف,حي غرب
صيدلية د. عمرو منسي,شارع الوحدة، مبنى 19، بجوار المسجد، حي وسط، باب شرق، الإسكندرية,الإسكندرية,باب شرق,حي وسط
صيدلية حورية,شارع 26 يوليو، مبنى 7، حي العصافرة، رشدي، الإسكندرية,الإسكندرية,رشدي,حي العصافرة
صيدلية د. نعمت رمضان,شارع فلسطين، مبنى 101، بجانب المدرسة، حي برج العرب، سيدي جابر، الإسكندرية,الإسكندرية,سيدي جابر,حي برج العرب
صيدلية الأمل,شارع الأهرام، مبنى 80، بجانب المدرسة، حي شرق التعليم، الإسكندرية، الإسكندرية,الإسكندرية,الإسكندرية,حي شرق التعليم
صيدلية رانيا عوض,شارع البحر، مبنى 138، حي غرب، الشاطبي، الإسكندرية,الإسكندرية,الشاطبي,حي غرب
صيدلية د. فاتن أحمد,شارع المدرسة، مبنى 9، بجوار المسجد، حي شرق التعليم، العجمي، الإسكندرية,الإسكندرية,العجمي,حي شرق التعليم
صيدلية د. أيمن أحمد,شارع العروبة، مبنى 32، عند النفق، حي العصافرة، باكوس، الإسكندرية,الإسكندرية,باكوس,حي العصافرة
صيدلية د. عبلة أنور,شارع الثورة، مبنى 133، حي الدخيلة، المنشية، الإسكندرية,الإسكندرية,المنشية,حي الدخيلة
صيدلية د. بهاء جلال,شارع الوفاء، مبنى 10، أمام البنك، حي غرب، ستانلي، الإسكندرية,الإسكندرية,ستانلي,حي غرب
صيدلية رانيا,شارع المدرسة، مبنى 131، بعد محطة المترو، حي النخيل، الجمرك، الإسكندرية,الإسكندرية,الجمرك,حي النخيل
صيدلية الجمهورية,شارع فلسطين، مبنى 90، بجوار المسجد، حي النخيل، الدخيلة، الإسكندرية,الإسكندرية,الدخيلة,حي النخيل
صيدلية مجدي,شارع الروضة، مبنى 78، حي وسط، المنتزة، الإسكندرية,الإسكندرية,المنتزة,حي وسط
صيدلية محمود سلامة,شارع العشرين، مبنى 147، أمام البنك، حي غرب التعليم، المنشية، الإسكندرية,الإسكندرية,المنشية,حي غرب التعليم
صيدلية جهاد,شارع طلعت حرب، مبنى 121، عند النفق، حي العطارين، باب شرق، الإسكندرية,الإسكندرية,باب شرق,حي العطارين
صيدلية وائل,شارع الاستقلال، مبنى 101، بعد محطة المترو، حي غرب، العصافرة، الإسكندرية,الإسكندرية,العصافرة,حي غرب
صيدلية د. بهاء أيمن,شارع السوق، مبنى 66، عند النفق، حي الدخيلة، العطارين، الإسكندرية,الإسكندرية,العطارين,حي الدخيلة
صيدلية د. سمير ضياء,شارع المقاومة، مبنى 111، أمام البنك، حي شرق التعليم، زيزينيا، الإسكندرية,الإسكندرية,زيزينيا,حي شرق التعليم
صيدلية فريدة ضياء,شارع القنال، مبنى 44، عند النفق، حي الجمرك، الشاطبي، الإسكندرية,الإسكندرية,الشاطبي,حي الجمرك
صيدلية هايدي عبدالجواد,شارع السوق، مبنى 114، حي غرب التعليم، الأنفوشي، الإسكندرية,الإسكندرية,الأنفوشي,حي غرب التعليم
صيدلية الجمهورية,شارع الجمهورية، مبنى 59، بجوار المسجد، حي بحري، سابا باشا، الإسكندرية,الإسكندرية,سابا باشا,حي بحري
صيدلية د. غادة نبيل,شارع الجامعة، مبنى 133، بجانب المدرسة، حي برج العرب، سابا باشا، الإسكندرية,الإسكندرية,سابا باشا,حي برج العرب
صيدلية هايدي عبدالله,شارع كورنيش النيل، مبنى 37، بجانب المدرسة، حي شرق التعليم، سموحة، الإسكندرية,الإسكندرية,سموحة,حي شرق التعليم
صيدلية د. وحيد عبدالله,شارع المعز، مبنى 68، عند النفق، حي العجمي، محرم بك، الإسكندرية,الإسكندرية,محرم بك,حي العجمي
صيدلية الأمل,شارع البنك، مبنى 89، بعد محطة المترو، حي شرق، الشاطبي، الإسكندرية,الإسكندرية,الشاطبي,حي شرق
صيدلية طارق,شارع رمسيس، مبنى 52، بجوار المسجد، حي شرق التعليم، محرم بك، الإسكندرية,الإسكندرية,محرم بك,حي شرق التعليم
صيدلية سامية,شارع المدرسة، مبنى 85، بجانب المدرسة، حي برج العرب، المنشية، الإسكندرية,الإسكندرية,المنشية,حي برج العرب
صيدلية د. خالد محمود,شارع كورنيش النيل، مبنى 109، حي العجمي، الدخيلة، الإسكندرية,الإسكندرية,الدخيلة,حي العجمي
صيدلية النور,شارع الأزهر، مبنى 3، أمام البنك، حي الدخيلة، باكوس، الإسكندرية,الإسكندرية,باكوس,حي الدخيلة
صيدلية الصحة,شارع الوحدة، مبنى 9، بعد محطة المترو، حي شرق، السيوف، الإسكندرية,الإسكندرية,السيوف,حي شرق
صيدلية د. سيد فؤاد,شارع الوفاء، مبنى 37، أمام البنك، حي المنتزة، كفر عبده، الإسكندرية,الإسكندرية,كفر عبده,حي المنتزة
صيدلية الفردوس,شارع الأزهر، مبنى 20، بعد محطة المترو، حي العصافرة، الأنفوشي، الإسكندرية,الإسكندرية,الأنفوشي,حي العصافرة
صيدلية الأمل,شارع المدرسة، مبنى 22، عند النفق، حي وسط، باب شرق، الإسكندرية,الإسكندرية,باب شرق,حي وسط
صيدلية فؤاد,شارع النخيل، مبنى 64، بعد محطة المترو، حي غرب التعليم، رشدي، الإسكندرية,الإسكندرية,رشدي,حي غرب التعليم
صيدلية د. فريدة عبدالعزيز,شارع الطيران، مبنى 79، أمام البنك، حي شرق، العطارين، الإسكندرية,الإسكندرية,العطارين,حي شرق
صيدلية وائل وليد,شارع عباس العقاد، مبنى 18، بجوار المسجد، حي شرق، رشدي، الإسكندرية,الإسكندرية,رشدي,حي شرق
صيدلية الفردوس,شارع بورسعيد، مبنى 15، حي الدخيلة، باكوس، الإسكندرية,الإسكندرية,باكوس,حي الدخيلة
صيدلية د. عبدالرحمن إبراهيم,شارع الأزهر، مبنى 122، بجانب المدرسة، حي العطارين، بحري، الإسكندرية,الإسكندرية,بحري,حي العطارين
صيدلية ناجح أيمن,شارع السوق، مبنى 2، عند النفق، حي غرب التعليم، محرم بك، الإسكندرية,الإسكندرية,محرم بك,حي غرب التعليم
صيدلية د. حسن حسام,شارع العروبة، مبنى 71، أمام البنك، حي بحري، باكوس، الإسكندرية,الإسكندرية,باكوس,حي بحري
صيدلية د. عبلة حسين,شارع المحطة، مبنى 143، عند النفق، حي بحري، باب شرق، الإسكندرية,الإسكندرية,باب شرق,حي بحري
صيدلية د. منير رمضان,شارع الروضة، مبنى 41، حي العصافرة، ستانلي، الإسكندرية,الإسكندرية,ستانلي,حي العصافرة
صيدلية الفردوس,شارع المدرسة، مبنى 29، عند النفق، حي المنتزة، باب شرق، الإسكندرية,الإسكندرية,باب شرق,حي المنتزة
صيدلية فؤاد عمر,شارع الخزان، مبنى 59، أمام البنك، حي النخيل، المنشية، الإسكندرية,الإسكندرية,المنشية,حي النخيل
صيدلية د. إيناس هاني,شارع السوق، مبنى 83، أمام البنك، حي العجمي، المكس، الإسكندرية,الإسكندرية,المكس,حي العجمي
صيدلية الجمهورية,شارع المسجد، مبنى 141، عند النفق، حي 6 أكتوبر، المكس، الإسكندرية,الإسكندرية,المكس,حي 6 أكتوبر
صيدلية د. دينا حسام,شارع المدرسة، مبنى 111، بعد محطة المترو، حي شرق التعليم، الإسكندرية، الإسكندرية,الإسكندرية,الإسكندرية,حي شرق التعليم
صيدلية د. رانيا حسونة,شارع البنك، مبنى 89، عند النفق، حي 6 أكتوبر، سموحة، الإسكندرية,الإسكندرية,سموحة,حي 6 أكتوبر
صيدلية د. جلال أشرف,شارع العشرين، مبنى 62، بجانب المدرسة، حي شرق التعليم، باب شرق، الإسكندرية,الإسكندرية,باب شرق,حي شرق التعليم
صيدلية د. جلال صبحي,شارع الجامعة، مبنى 59، حي 6 أكتوبر، العصافرة، الإسكندرية,الإسكندرية,العصافرة,حي 6 أكتوبر
صيدلية د. سلوى السيد,شارع الميناء، مبنى 82، عند النفق، حي شرق التعليم، زيزينيا، الإسكندرية,الإسكندرية,زيزينيا,حي شرق التعليم
صيدلية رانيا,شارع الجامعة، مبنى 37، أمام البنك، حي الدخيلة، العجمي، الإسكندرية,الإسكندرية,العجمي,حي الدخيلة
صيدلية د. حسام علي,شارع محمد علي، مبنى 140، بعد محطة المترو، حي غرب، العطارين، الإسكندرية,الإسكندرية,العطارين,حي غرب
صيدلية د. أشرف إيهاب,شارع الخزان، مبنى 86، حي بحري، المنتزة، الإسكندرية,الإسكندرية,المنتزة,حي بحري
صيدلية د. علي محمد,شارع الميناء، مبنى 56، أمام البنك، حي برج العرب، الأنفوشي، الإسكندرية,الإسكندرية,الأنفوشي,حي برج العرب
صيدلية وفاء يوسف,شارع السوق، مبنى 85، بجوار المسجد، حي 6 أكتوبر، كفر عبده، الإسكندرية,الإسكندرية,كفر عبده,حي 6 أكتوبر
صيدلية د. نعمت هاني,شارع الثورة، مبنى 115، حي الدخيلة، المنشية، الإسكندرية,الإسكندرية,المنشية,حي الدخيلة
صيدلية ليلى,شارع رمسيس، مبنى 142، أمام البنك، حي غرب التعليم، العصافرة، الإسكندرية,الإسكندرية,العصافرة,حي غرب التعليم
صيدلية د. أشرف محمد,شارع عباس العقاد، مبنى 31، عند النفق، حي 6 أكتوبر، العطارين، الإسكندرية,الإسكندرية,العطارين,حي 6 أكتوبر
صيدلية د. حسن هشام,شارع التحرير، مبنى 7، أمام البنك، حي المنتزة، محرم بك، الإسكندرية,الإسكندرية,محرم بك,حي المنتزة
صيدلية سوسن,شارع العروبة، مبنى 48، بجانب المدرسة، حي غرب التعليم، باب شرق، الإسكندرية,الإسكندرية,باب شرق,حي غرب التعليم
صيدلية الفردوس,شارع النصر، مبنى 105، أمام البنك، حي العجمي، ستانلي، الإسكندرية,الإسكندرية,ستانلي,حي العجمي
صيدلية د. رانيا عبدالستار,شارع بورسعيد، مبنى 15، بجوار المسجد، حي وسط، ستانلي، الإسكندرية,الإسكندرية,ستانلي,حي وسط
صيدلية أشرف حجازي,شارع الوحدة، مبنى 68، بجوار المسجد، حي بحري، سموحة، الإسكندرية,الإسكندرية,سموحة,حي بحري
صيدلية هاني الشيخ,شارع الجمهورية، مبنى 90، أمام البنك، حي الدخيلة، جليم، الإسكندرية,الإسكندرية,جليم,حي الدخيلة
صيدلية الفردوس,شارع مكرم عبيد، مبنى 146، حي النخيل، المنشية، الإسكندرية,الإسكندرية,المنشية,حي النخيل
صيدلية د. عاطف حامد,شارع فيصل، مبنى 24، حي بحري، المكس، الإسكندرية,الإسكندرية,المكس,حي بحري
صيدلية د. هشام حجازي,شارع التحرير، مبنى 132، بجوار المسجد، حي الدخيلة، المكس، الإسكندرية,الإسكندرية,المكس,حي الدخيلة
صيدلية أماني,شارع الخزان، مبنى 98، بجانب المدرسة، حي العجمي، زيزينيا، الإسكندرية,الإسكندرية,زيزينيا,حي العجمي
صيدلية فاتن نبيل,شارع البحر، مبنى 79، عند النفق، حي النخيل، سابا باشا، الإسكندرية,الإسكندرية,سابا باشا,حي النخيل
صيدلية صبحي,شارع محمد علي، مبنى 57، بجانب المدرسة، حي غرب التعليم، العجمي، الإسكندرية,الإسكندرية,العجمي,حي غرب التعليم
صيدلية د. نهى أنور,شارع الميناء، مبنى 11، عند النفق، حي غرب التعليم، بحري، الإسكندرية,الإسكندرية,بحري,حي غرب التعليم
صيدلية منال,شارع الميناء، مبنى 23، بجانب المدرسة، حي شرق، كفر عبده، الإسكندرية,الإسكندرية,كفر عبده,حي شرق
صيدلية وائل,شارع بورسعيد، مبنى 30، بجانب المدرسة، حي العطارين، المنتزة، الإسكندرية,الإسكندرية,المنتزة,حي العطارين
صيدلية الصحة,شارع الجلاء، مبنى 104، أمام البنك، حي المنتزة، الإسكندرية، الإسكندرية,الإسكندرية,الإسكندرية,حي المنتزة
صيدلية إيمان,شارع التحرير، مبنى 150، بجوار المسجد، حي غرب، باب شرق، الإسكندرية,الإسكندرية,باب شرق,حي غرب
صيدلية د. حسين عبدالله,شارع الأزهر، مبنى 23، بجانب المدرسة، حي الجمرك، السيوف، الإسكندرية,الإسكندرية,السيوف,حي الجمرك
صيدلية علي,شارع الاستقلال، مبنى 147، بجانب المدرسة، حي العصافرة، بحري، الإسكندرية,الإسكندرية,بحري,حي العصافرة
صيدلية د. جهاد عمر,شارع الجامعة، مبنى 55، بجانب المدرسة، حي الجمرك، كفر عبده، الإسكندرية,الإسكندرية,كفر عبده,حي الجمرك
صيدلية مجدي,شارع الجامعة، مبنى 150، حي العامرية، سيدي جابر، الإسكندرية,الإسكندرية,سيدي جابر,حي العامرية
صيدلية د. حسام فathy,شارع المدرسة، مبنى 139، بجوار المسجد، حي العصافرة، المنشية، الإسكندرية,الإسكندرية,المنشية,حي العصافرة
صيدلية عبدالعزيز,شارع السادات، مبنى 134، حي شرق، جليم، الإسكندرية,الإسكندرية,جليم,حي شرق
صيدلية الجمهورية,شارع الخليفة، مبنى 101، أمام البنك، حي الجمرك، المكس، الإسكندرية,الإسكندرية,المكس,حي الجمرك
صيدلية رمضان حامد,شارع محمد علي، مبنى 124، بعد محطة المترو، حي الدخيلة، الشاطبي، الإسكندرية,الإسكندرية,الشاطبي,حي الدخيلة
صيدلية منال,شارع الأهرام، مبنى 62، بعد محطة المترو، حي وسط، الشاطبي، الإسكندرية,الإسكندرية,الشاطبي,حي وسط
صيدلية رائد وليد,شارع الحرية، مبنى 16، بجانب المدرسة، حي بحري، المنتزة، الإسكندرية,الإسكندرية,المنتزة,حي بحري
صيدلية طارق هاني,شارع المقاومة، مبنى 90، عند النفق، حي بحري، ستانلي، الإسكندرية,الإسكندرية,ستانلي,حي بحري
صيدلية سعاد,شارع الروضة، مبنى 100، بعد محطة المترو، حي الجمرك، سموحة، الإسكندرية,الإسكندرية,سموحة,حي الجمرك
صيدلية د. هايدي الشيخ,شارع الميناء، مبنى 31، عند النفق، حي 6 أكتوبر، كفر عبده، الإسكندرية,الإسكندرية,كفر عبده,حي 6 أكتوبر
صيدلية د. فتحي سيد,شارع البنك، مبنى 43، عند النفق، حي العصافرة، الأنفوشي، الإسكندرية,الإسكندرية,الأنفوشي,حي العصافرة
صيدلية د. أنور محمود,شارع النخيل، مبنى 127، حي شرق، باكوس، الإسكندرية,الإسكندرية,باكوس,حي شرق
صيدلية د. أشرف عبدالجواد,شارع كورنيش النيل، مبنى 113، بجانب المدرسة، حي برج العرب، الجمرك، الإسكندرية,الإسكندرية,الجمرك,حي برج العرب
صيدلية وائل هشام,شارع الوحدة، مبنى 137، بجانب المدرسة، حي غرب التعليم، السيوف، الإسكندرية,الإسكندرية,السيوف,حي غرب التعليم
صيدلية منال,شارع الطيران، مبنى 98، بجانب المدرسة، حي شرق التعليم، الأنفوشي، الإسكندرية,الإسكندرية,الأنفوشي,حي شرق التعليم
صيدلية الأمل,شارع رمسيس، مبنى 26، بجوار المسجد، حي العامرية، محرم بك، الإسكندرية,الإسكندرية,محرم بك,حي العامرية
صيدلية د. شريف الفقي,شارع الحرية، مبنى 148، بعد محطة المترو، حي الجمرك، ستانلي، الإسكندرية,الإسكندرية,ستانلي,حي الجمرك
صيدلية منير الفقي,شارع مكرم عبيد، مبنى 107، بجانب المدرسة، حي شرق، رشدي، الإسكندرية,الإسكندرية,رشدي,حي شرق
صيدلية النور,شارع القنال، مبنى 88، حي العامرية، السيوف، الإسكندرية,الإسكندرية,السيوف,حي العامرية
صيدلية محمد,شارع السادات، مبنى 14، بعد محطة المترو، حي وسط، سابا باشا، الإسكندرية,الإسكندرية,سابا باشا,حي وسط
صيدلية عمر حسن,شارع المقاومة، مبنى 52، بجانب المدرسة، حي شرق، جليم، الإسكندرية,الإسكندرية,جليم,حي شرق
صيدلية صبحي حسين,شارع القنال، مبنى 16، بجانب المدرسة، حي شرق، فleming، الإسكندرية,الإسكندرية,فleming,حي شرق
صيدلية د. هشام سيد,شارع البنك، مبنى 138، بجوار المسجد، حي العجمي، بحري، الإسكندرية,الإسكندرية,بحري,حي العجمي
صيدلية يوسف,شارع الوحدة، مبنى 20، أمام البنك، حي غرب التعليم، بحري، الإسكندرية,الإسكندرية,بحري,حي غرب التعليم
صيدلية د. ليلى هاني,شارع الأهرام، مبنى 109، بعد محطة المترو، حي العطارين، سموحة، الإسكندرية,الإسكندرية,سموحة,حي العطارين
صيدلية د. نهى حسين,شارع الميناء، مبنى 134، أمام البنك، حي العامرية، الإسكندرية، الإسكندرية,الإسكندرية,الإسكندرية,حي العامرية
صيدلية كمال,شارع المعز، مبنى 49، حي النخيل، المنتزة، الإسكندرية,الإسكندرية,المنتزة,حي النخيل
صيدلية د. علي عبدالجواد,شارع الجمهورية، مبنى 106، بجوار المسجد، حي العطارين، بحري، الإسكندرية,الإسكندرية,بحري,حي العطارين
صيدلية نهى عادل,شارع مكرم عبيد، مبنى 35، أمام البنك، حي برج العرب، كفر عبده، الإسكندرية,الإسكندرية,كفر عبده,حي برج العرب
صيدلية د. عبدالعزيز محمد,شارع القنال، مبنى 66، أمام البنك، حي شرق، العجمي، الإسكندرية,الإسكندرية,العجمي,حي شرق
صيدلية لواء,شارع طلعت حرب، مبنى 95، حي العطارين، باكوس، الإسكندرية,الإسكندرية,باكوس,حي العطارين
صيدلية د. سمير حسونة,شارع الوحدة، مبنى 141، بجوار المسجد، حي العصافرة، سابا باشا، الإسكندرية,الإسكندرية,سابا باشا,حي العصافرة
صيدلية الجمهورية,شارع فيصل، مبنى 121، عند النفق، حي غرب، العجمي، الإسكندرية,الإسكندرية,العجمي,حي غرب
صيدلية د. هدى محمود,شارع النصر، مبنى 27، عند النفق، حي شرق التعليم، الأنفوشي، الإسكندرية,الإسكندرية,الأنفوشي,حي شرق التعليم
صيدلية د. وحيد سيد,شارع الأقصى، مبنى 14، بجانب المدرسة، حي المنتزة، سيدي جابر، الإسكندرية,الإسكندرية,سيدي جابر,حي المنتزة
صيدلية د. عبدالعزيز محمد,شارع الطيران، مبنى 128، بجانب المدرسة، حي وسط، السيوف، الإسكندرية,الإسكندرية,السيوف,حي وسط
صيدلية د. أنور طارق,شارع الهرم، مبنى 145، بجوار المسجد، حي العجمي، العجمي، الإسكندرية,الإسكندرية,العجمي,حي العجمي
صيدلية العافية,شارع النخيل، مبنى 57، أمام البنك، حي المنتزة، المنشية، الإسكندرية,الإسكندرية,المنشية,حي المنتزة
صيدلية د. سحر فathy,شارع المقاومة، مبنى 64، أمام البنك، حي بحري، الشاطبي، الإسكندرية,الإسكندرية,الشاطبي,حي بحري
صيدلية عمرو سيد,شارع المحطة، مبنى 17، أمام البنك، حي 6 أكتوبر، الدخيلة، الإسكندرية,الإسكندرية,الدخيلة,حي 6 أكتوبر
صيدلية هاني عمرو,شارع الميناء، مبنى 43، حي 6 أكتوبر، بحري، الإسكندرية,الإسكندرية,بحري,حي 6 أكتوبر
صيدلية أماني,شارع الحرية، مبنى 4، بجوار المسجد، حي الدخيلة، فleming، الإسكندرية,الإسكندرية,فleming,حي الدخيلة
صيدلية ليلى,شارع البحر، مبنى 117، حي غرب، سيدي جابر، الإسكندرية,الإسكندرية,سيدي جابر,حي غرب
صيدلية د. وائل سيد,شارع رمسيس، مبنى 145، حي العجمي، زيزينيا، الإسكندرية,الإسكندرية,زيزينيا,حي العجمي
صيدلية د. مدحت عادل,شارع 26 يوليو، مبنى 69، أمام البنك، حي العصافرة، الدخيلة، الإسكندرية,الإسكندرية,الدخيلة,حي العصافرة
صيدلية النور,شارع الطيران، مبنى 85، بعد محطة المترو، حي بحري، رشدي، الإسكندرية,الإسكندرية,رشدي,حي بحري
صيدلية وحيد عمرو,شارع المحطة، مبنى 107، حي غرب التعليم، الدخيلة، الإسكندرية,الإسكندرية,الدخيلة,حي غرب التعليم
صيدلية د. لواء عادل,شارع كورنيش النيل، مبنى 35، أمام البنك، حي بحري، باكوس، الإسكندرية,الإسكندرية,باكوس,حي بحري
صيدلية منال,شارع الأزهر، مبنى 113، أمام البنك، حي العصافرة، سابا باشا، الإسكندرية,الإسكندرية,سابا باشا,حي العصافرة
صيدلية فؤاد أشرف,شارع طلعت حرب، مبنى 57، أمام البنك، حي المنتزة، ستانلي، الإسكندرية,الإسكندرية,ستانلي,حي المنتزة
صيدلية د. عبلة وائل,شارع العروبة، مبنى 44، عند النفق، حي الجمرك، ستانلي، الإسكندرية,الإسكندرية,ستانلي,حي الجمرك
صيدلية د. أنور الشيخ,شارع النصر، مبنى 78، أمام البنك، حي العامرية، زيزينيا، الإسكندرية,الإسكندرية,زيزينيا,حي العامرية
صيدلية د. نادية صبحي,شارع المدرسة، مبنى 58، أمام البنك، حي 6 أكتوبر، المنتزة، الإسكندرية,الإسكندرية,المنتزة,حي 6 أكتوبر
صيدلية الصحة,شارع المعز، مبنى 142، بعد محطة المترو، حي غرب التعليم، العطارين، الإسكندرية,الإسكندرية,العطارين,حي غرب التعليم
صيدلية د. مها الفقي,شارع المحطة، مبنى 32، بجانب المدرسة، حي الدخيلة، الأنفوشي، الإسكندرية,الإسكندرية,الأنفوشي,حي الدخيلة
صيدلية إيهاب الفقي,شارع الثورة، مبنى 108، بجانب المدرسة، حي العطارين، المنتزة، الإسكندرية,الإسكندرية,المنتزة,حي العطارين
صيدلية النور,شارع الخزان، مبنى 57، بعد محطة المترو، حي العصافرة، العجمي، الإسكندرية,الإسكندرية,العجمي,حي العصافرة
صيدلية د. عاطف غانم,شارع النصر، مبنى 149، بعد محطة المترو، حي المنتزة، الجمرك، الإسكندرية,الإسكندرية,الجمرك,حي المنتزة
صيدلية د. فتحي مجدي,شارع السوق، مبنى 21، حي النخيل، فleming، الإسكندرية,الإسكندرية,فleming,حي النخيل
صيدلية عبير أيمن,شارع المعز، مبنى 146، بجوار المسجد، حي وسط، زيزينيا، الإسكندرية,الإسكندرية,زيزينيا,حي وسط
صيدلية أيمن,شارع الأزهر، مبنى 72، بجانب المدرسة، حي غرب التعليم، محرم بك، الإسكندرية,الإسكندرية,محرم بك,حي غرب التعليم
صيدلية الصحة,شارع فيصل، مبنى 91، أمام البنك، حي 6 أكتوبر، سابا باشا، الإسكندرية,الإسكندرية,سابا باشا,حي 6 أكتوبر
صيدلية أشرف عطية,شارع الزهراء، مبنى 150، بجوار المسجد، حي 6 أكتوبر، بحري، الإسكندرية,الإسكندرية,بحري,حي 6 أكتوبر
صيدلية أحمد,شارع الميناء، مبنى 107، بجانب المدرسة، حي شرق، العصافرة، الإسكندرية,الإسكندرية,العصافرة,حي شرق
صيدلية يوسف حسن,شارع الزهراء، مبنى 27، بجوار المسجد، حي العطارين، بحري، الإسكندرية,الإسكندرية,بحري,حي العطارين
صيدلية سعاد,شارع الميناء، مبنى 47، بجوار المسجد، حي وسط، العجمي، الإسكندرية,الإسكندرية,العجمي,حي وسط
صيدلية الأمل,شارع الخزان، مبنى 123، بعد محطة المترو، حي العصافرة، السيوف، الإسكندرية,الإسكندرية,السيوف,حي العصافرة
صيدلية د. عادل يوسف,شارع النخيل، مبنى 57، بجانب المدرسة، حي العجمي، بحري، الإسكندرية,الإسكندرية,بحري,حي العجمي
صيدلية د. رانيا جلال,شارع الأهرام، مبنى 102، بعد محطة المترو، حي العصافرة، رشدي، الإسكندرية,الإسكندرية,رشدي,حي العصافرة
صيدلية د. عبدالرحمن وليد,شارع فيصل، مبنى 27، أمام البنك، حي غرب، سموحة، الإسكندرية,الإسكندرية,سموحة,حي غرب
صيدلية عبلة,شارع السادات، مبنى 39، عند النفق، حي 6 أكتوبر، الإسكندرية، الإسكندرية,الإسكندرية,الإسكندرية,حي 6 أكتوبر
صيدلية الفردوس,شارع السادات، مبنى 24، بجوار المسجد، حي العجمي، باب شرق، الإسكندرية,الإسكندرية,باب شرق,حي العجمي
صيدلية د. مجدي عبدالعزيز,شارع المقاومة، مبنى 41، عند النفق، حي العصافرة، سيدي جابر، الإسكندرية,الإسكندرية,سيدي جابر,حي العصافرة
صيدلية هايدي,شارع محمد علي، مبنى 29، عند النفق، حي شرق، المنتزة، الإسكندرية,الإسكندرية,المنتزة,حي شرق
صيدلية د. هاني الشيخ,شارع المدرسة، مبنى 96، حي وسط، ستانلي، الإسكندرية,الإسكندرية,ستانلي,حي وسط
صيدلية د. إبراهيم عطية,شارع مكرم عبيد، مبنى 87، بجانب المدرسة، حي برج العرب، سموحة، الإسكندرية,الإسكندرية,سموحة,حي برج العرب
صيدلية د. خالد عبدالله,شارع الميناء، مبنى 111، أمام البنك، حي 6 أكتوبر، السيوف، الإسكندرية,الإسكندرية,السيوف,حي 6 أكتوبر
صيدلية هشام,شارع المقاومة، مبنى 66، حي وسط، الشاطبي، الإسكندرية,الإسكندرية,الشاطبي,حي وسط
صيدلية د. إيمان جلال,شارع الروضة، مبنى 91، بعد محطة المترو، حي برج العرب، محرم بك، الإسكندرية,الإسكندرية,محرم بك,حي برج العرب
صيدلية طارق عادل,شارع السوق، مبنى 146، بعد محطة المترو، حي العجمي، سيدي جابر، الإسكندرية,الإسكندرية,سيدي جابر,حي العجمي
صيدلية د. عبير مجدي,شارع الخليفة، مبنى 116، أمام البنك، حي وسط، بحري، الإسكندرية,الإسكندرية,بحري,حي وسط
صيدلية د. رائد عوض,شارع الروضة، مبنى 10، أمام البنك، حي العطارين، باب شرق، الإسكندرية,الإسكندرية,باب شرق,حي العطارين
صيدلية د. سعاد حسام,شارع الاستقلال، مبنى 139، أمام البنك، حي العصافرة، سيدي جابر، الإسكندرية,الإسكندرية,سيدي جابر,حي العصافرة
صيدلية الفردوس,شارع المحطة، مبنى 40، بجوار المسجد، حي 6 أكتوبر، الإسكندرية، الإسكندرية,الإسكندرية,الإسكندرية,حي 6 أكتوبر
صيدلية إيناس,شارع الجمهورية، مبنى 72، حي 6 أكتوبر، جليم، الإسكندرية,الإسكندرية,جليم,حي 6 أكتوبر
صيدلية وفاء سلامة,شارع فيصل، مبنى 56، بجانب المدرسة، حي غرب، باكوس، الإسكندرية,الإسكندرية,باكوس,حي غرب
صيدلية د. عبدالعزيز وحيد,شارع الهرم، مبنى 27، بعد محطة المترو، حي العصافرة، الجمرك، الإسكندرية,الإسكندرية,الجمرك,حي العصافرة
صيدلية د. عبدالعزيز غانم,شارع المعز، مبنى 61، بجوار المسجد، حي 6 أكتوبر، العطارين، الإسكندرية,الإسكندرية,العطارين,حي 6 أكتوبر
صيدلية د. كمال غانم,شارع التحرير، مبنى 122، عند النفق، حي غرب، باب شرق، الإسكندرية,الإسكندرية,باب شرق,حي غرب
صيدلية د. وليد عزب,شارع التحرير، مبنى 102، بجانب المدرسة، حي غرب، باكوس، الإسكندرية,الإسكندرية,باكوس,حي غرب
صيدلية د. فريدة أنور,شارع الأهرام، مبنى 132، عند النفق، حي 6 أكتوبر، بحري، الإسكندرية,الإسكندرية,بحري,حي 6 أكتوبر
صيدلية هايدي سيد,شارع الأمل، مبنى 88، عند النفق، حي العامرية، الجمرك، الإسكندرية,الإسكندرية,الجمرك,حي العامرية
صيدلية الصحة,شارع الطيران، مبنى 19، عند النفق، حي وسط، بحري، الإسكندرية,الإسكندرية,بحري,حي وسط
صيدلية علي,شارع بورسعيد، مبنى 12، بعد محطة المترو، حي بحري، الشاطبي، الإسكندرية,الإسكندرية,الشاطبي,حي بحري
صيدلية د. إيهاب عادل,شارع المحطة، مبنى 42، أمام البنك، حي النخيل، المنتزة، الإسكندرية,الإسكندرية,المنتزة,حي النخيل
صيدلية النور,شارع العشرين، مبنى 119، أمام البنك، حي بحري، سيدي جابر، الإسكندرية,الإسكندرية,سيدي جابر,حي بحري
صيدلية النور,شارع المقاومة، مبنى 3، عند النفق، حي وسط، السيوف، الإسكندرية,الإسكندرية,السيوف,حي وسط
صيدلية الأمل,شارع السادات، مبنى 20، عند النفق، حي العامرية، المنتزة، الإسكندرية,الإسكندرية,المنتزة,حي العامرية
صيدلية جلال إيهاب,شارع السادات، مبنى 22، بجوار المسجد، حي شرق، السيوف، الإسكندرية,الإسكندرية,السيوف,حي شرق
صيدلية إيمان عمر,شارع الوفاء، مبنى 6، بجانب المدرسة، حي بحري، باكوس، الإسكندرية,الإسكندرية,باكوس,حي بحري
صيدلية العافية,شارع رمسيس، مبنى 76، بجوار المسجد، حي شرق التعليم، سابا باشا، الإسكندرية,الإسكندرية,سابا باشا,حي شرق التعليم
صيدلية هايدي,شارع المقاومة، مبنى 76، أمام البنك، حي وسط، الشاطبي، الإسكندرية,الإسكندرية,الشاطبي,حي وسط
صيدلية د. صبحي عمرو,شارع السوق، مبنى 8، حي الدخيلة، باب شرق، الإسكندرية,الإسكندرية,باب شرق,حي الدخيلة
صيدلية مها غانم,شارع مكرم عبيد، مبنى 59، بعد محطة المترو، حي غرب، زيزينيا، الإسكندرية,الإسكندرية,زيزينيا,حي غرب
صيدلية د. هايدي هشام,شارع طلعت حرب، مبنى 135، بجوار المسجد، حي شرق التعليم، العطارين، الإسكندرية,الإسكندرية,العطارين,حي شرق التعليم
صيدلية كمال حسين,شارع فيصل، مبنى 120، حي الدخيلة، كفر عبده، الإسكندرية,الإسكندرية,كفر عبده,حي الدخيلة
صيدلية د. محمد عمر,شارع كورنيش النيل، مبنى 40، بعد محطة المترو، حي برج العرب، سابا باشا، الإسكندرية,الإسكندرية,سابا باشا,حي برج العرب
صيدلية عادل,شارع الميناء، مبنى 145، بجانب المدرسة، حي الجمرك، ستانلي، الإسكندرية,الإسكندرية,ستانلي,حي الجمرك
صيدلية فؤاد,شارع التحرير، مبنى 87، بجانب المدرسة، حي العجمي، المكس، الإسكندرية,الإسكندرية,المكس,حي العجمي
صيدلية ناجح إبراهيم,شارع الأقصى، مبنى 71، بجوار المسجد، حي برج العرب، رشدي، الإسكندرية,الإسكندرية,رشدي,حي برج العرب
صيدلية د. سمير الفقي,شارع الوحدة، مبنى 116، بعد محطة المترو، حي برج العرب، سيدي جابر، الإسكندرية,الإسكندرية,سيدي جابر,حي برج العرب
صيدلية د. وائل عبدالرحمن,شارع العروبة، مبنى 6، بعد محطة المترو، حي الدخيلة، كفر عبده، الإسكندرية,الإسكندرية,كفر عبده,حي الدخيلة
صيدلية د. عادل سيد,شارع العشرين، مبنى 31، بجوار المسجد، حي العجمي، سيدي جابر، الإسكندرية,الإسكندرية,سيدي جابر,حي العجمي
صيدلية د. أيمن حسين,شارع مكرم عبيد، مبنى 107، بجانب المدرسة، حي بحري، المنشية، الإسكندرية,الإسكندرية,المنشية,حي بحري
صيدلية النور,شارع الجمهورية، مبنى 11، بجوار المسجد، حي العطارين، السيوف، الإسكندرية,الإسكندرية,السيوف,حي العطارين
صيدلية محمود أحمد,شارع فيصل، مبنى 115، أمام البنك، حي 6 أكتوبر، الأنفوشي، الإسكندرية,الإسكندرية,الأنفوشي,حي 6 أكتوبر
صيدلية جلال إبراهيم,شارع العشرين، مبنى 20، حي برج العرب، المنشية، الإسكندرية,الإسكندرية,المنشية,حي برج العرب
صيدلية د. وائل عبدالستار,شارع الاستقلال، مبنى 103، بجوار المسجد، حي برج العرب، ستانلي، الإسكندرية,الإسكندرية,ستانلي,حي برج العرب
صيدلية منال,شارع الطيران، مبنى 143، بعد محطة المترو، حي شرق، الجمرك، الإسكندرية,الإسكندرية,الجمرك,حي شرق
صيدلية أيمن,شارع الثورة، مبنى 29، حي الجمرك، الإسكندرية، الإسكندرية,الإسكندرية,الإسكندرية,حي الجمرك
صيدلية د. رانيا جلال,شارع التحرير، مبنى 92، عند النفق، حي 6 أكتوبر، المنشية، الإسكندرية,الإسكندرية,المنشية,حي 6 أكتوبر
صيدلية النور,شارع النصر، مبنى 136، أمام البنك، حي 6 أكتوبر، المنشية، الإسكندرية,الإسكندرية,المنشية,حي 6 أكتوبر
صيدلية د. أيمن عمرو,شارع الطيران، مبنى 42، بجانب المدرسة، حي وسط، العطارين، الإسكندرية,الإسكندرية,العطارين,حي وسط
صيدلية د. أشرف مصطفى,شارع بورسعيد، مبنى 20، عند النفق، حي شرق، المنشية، الإسكندرية,الإسكندرية,المنشية,حي شرق
صيدلية د. حسام حسين,شارع الهرم، مبنى 131، بجوار المسجد، حي غرب التعليم، محرم بك، الإسكندرية,الإسكندرية,محرم بك,حي غرب التعليم
صيدلية عاطف عبدالجواد,شارع الأهرام، مبنى 82، عند النفق، حي المنتزة، بحري، الإسكندرية,الإسكندرية,بحري,حي المنتزة
صيدلية العافية,شارع المدرسة، مبنى 146، عند النفق، حي الجمرك، العجمي، الإسكندرية,الإسكندرية,العجمي,حي الجمرك
صيدلية العافية,شارع السوق، مبنى 48، بعد محطة المترو، حي شرق التعليم، سابا باشا، الإسكندرية,الإسكندرية,سابا باشا,حي شرق التعليم
صيدلية رمضان فؤاد,شارع النخيل، مبنى 2، بعد محطة المترو، حي وسط، الإسكندرية، الإسكندرية,الإسكندرية,الإسكندرية,حي وسط
صيدلية د. أماني حسين,شارع النخيل، مبنى 52، بجوار المسجد، حي الدخيلة، باكوس، الإسكندرية,الإسكندرية,باكوس,حي الدخيلة
صيدلية رانيا عادل,شارع الجلاء، مبنى 26، بجانب المدرسة، حي العامرية، الدخيلة، الإسكندرية,الإسكندرية,الدخيلة,حي العامرية
صيدلية سيد,شارع الثورة، مبنى 41، بعد محطة المترو، حي وسط، فleming، الإسكندرية,الإسكندرية,فleming,حي وسط
صيدلية د. لواء حسن,شارع رمسيس، مبنى 138، بعد محطة المترو، حي الدخيلة، باب شرق، الإسكندرية,الإسكندرية,باب شرق,حي الدخيلة
صيدلية حورية,شارع الوفاء، مبنى 43، بجانب المدرسة، حي وسط، ستانلي، الإسكندرية,الإسكندرية,ستانلي,حي وسط
صيدلية عاطف,شارع المدرسة، مبنى 73، أمام البنك، حي شرق، كفر عبده، الإسكندرية,الإسكندرية,كفر عبده,حي شرق
صيدلية جلال,شارع الزهراء، مبنى 4، بعد محطة المترو، حي 6 أكتوبر، العطارين، الإسكندرية,الإسكندرية,العطارين,حي 6 أكتوبر
صيدلية د. سعيد عبدالرحمن,شارع الأهرام، مبنى 16، أمام البنك، حي بحري، ستانلي، الإسكندرية,الإسكندرية,ستانلي,حي بحري
صيدلية ناجح حسين,شارع 26 يوليو، مبنى 83، أمام البنك، حي المنتزة، المكس، الإسكندرية,الإسكندرية,المكس,حي المنتزة
صيدلية حورية,شارع الطيران، مبنى 115، عند النفق، حي الدخيلة، سموحة، الإسكندرية,الإسكندرية,سموحة,حي الدخيلة
صيدلية النور,شارع مكرم عبيد، مبنى 124، بجوار المسجد، حي برج العرب، بحري، الإسكندرية,الإسكندرية,بحري,حي برج العرب
صيدلية د. ضياء هاني,شارع فلسطين، مبنى 130، أمام البنك، حي العطارين، سيدي جابر، الإسكندرية,الإسكندرية,سيدي جابر,حي العطارين
صيدلية لواء,شارع القنال، مبنى 25، حي النخيل، الإسكندرية، الإسكندرية,الإسكندرية,الإسكندرية,حي النخيل
صيدلية أنور إبراهيم,شارع النصر، مبنى 149، بعد محطة المترو، حي النخيل، محرم بك، الإسكندرية,الإسكندرية,محرم بك,حي النخيل
صيدلية د. حسن سمير,شارع المقاومة، مبنى 102، عند النفق، حي بحري، المنشية، الإسكندرية,الإسكندرية,المنشية,حي بحري
صيدلية الصحة,شارع الجمهورية، مبنى 5، حي وسط، المكس، الإسكندرية,الإسكندرية,المكس,حي وسط
صيدلية د. عاصم وحيد,شارع 26 يوليو، مبنى 65، حي غرب، باب شرق، الإسكندرية,الإسكندرية,باب شرق,حي غرب
صيدلية د. علي حسين,شارع الهرم، مبنى 30، حي غرب التعليم، باكوس، الإسكندرية,الإسكندرية,باكوس,حي غرب التعليم
صيدلية عبدالعزيز خالد,شارع الروضة، مبنى 16، عند النفق، حي بحري، فleming، الإسكندرية,الإسكندرية,فleming,حي بحري
صيدلية أيمن عوض,شارع المقاومة، مبنى 109، بجوار المسجد، حي العجمي، باب شرق، الإسكندرية,الإسكندرية,باب شرق,حي العجمي
صيدلية إيمان,شارع 26 يوليو، مبنى 84، عند النفق، حي المنتزة، سابا باشا، الإسكندرية,الإسكندرية,سابا باشا,حي المنتزة
صيدلية مجدي إبراهيم,شارع بورسعيد، مبنى 53، حي شرق التعليم، سابا باشا، الإسكندرية,الإسكندرية,سابا باشا,حي شرق التعليم
صيدلية د. سمير عمر,شارع الأقصى، مبنى 39، حي العامرية، الإسكندرية، الإسكندرية,الإسكندرية,الإسكندرية,حي العامرية
صيدلية الجمهورية,شارع الأقصى، مبنى 71، بعد محطة المترو، حي برج العرب، الدخيلة، الإسكندرية,الإسكندرية,الدخيلة,حي برج العرب
صيدلية د. ضياء حسين,شارع المسجد، مبنى 106، بجوار المسجد، حي غرب، سيدي جابر، الإسكندرية,الإسكندرية,سيدي جابر,حي غرب
صيدلية الصحة,شارع الأهرام، مبنى 28، بجانب المدرسة، حي الجمرك، سيدي جابر، الإسكندرية,الإسكندرية,سيدي جابر,حي الجمرك
صيدلية الصحة,شارع المدرسة، مبنى 145، حي وسط، العصافرة، الإسكندرية,الإسكندرية,العصافرة,حي وسط
صيدلية د. ضياء حامد,شارع محمد علي، مبنى 125، بعد محطة المترو، حي العصافرة، رشدي، الإسكندرية,الإسكندرية,رشدي,حي العصافرة
صيدلية هشام,شارع المحطة، مبنى 114، أمام البنك، حي 6 أكتوبر، الشاطبي، الإسكندرية,الإسكندرية,الشاطبي,حي 6 أكتوبر
صيدلية عبلة سمير,شارع البحر، مبنى 124، أمام البنك، حي غرب التعليم، الدخيلة، الإسكندرية,الإسكندرية,الدخيلة,حي غرب التعليم
صيدلية د. محمد الشيخ,شارع البحر، مبنى 58، بعد محطة المترو، حي 6 أكتوبر، السيوف، الإسكندرية,الإسكندرية,السيوف,حي 6 أكتوبر
صيدلية د. علي حامد,شارع محمد علي، مبنى 128، بجوار المسجد، حي وسط، الإسكندرية، الإسكندرية,الإسكندرية,الإسكندرية,حي وسط
صيدلية نبيل مجدي,شارع العشرين، مبنى 48، أمام البنك، حي برج العرب، زيزينيا، الإسكندرية,الإسكندرية,زيزينيا,حي برج العرب
صيدلية د. حسن شريف,شارع القنال، مبنى 49، أمام البنك، حي الدخيلة، الدخيلة، الإسكندرية,الإسكندرية,الدخيلة,حي الدخيلة
صيدلية حسن علي,شارع العروبة، مبنى 112، بجانب المدرسة، حي وسط، محرم بك، الإسكندرية,الإسكندرية,محرم بك,حي وسط
صيدلية الفردوس,شارع الاستقلال، مبنى 57، بجوار المسجد، حي الدخيلة، العصافرة، الإسكندرية,الإسكندرية,العصافرة,حي الدخيلة
صيدلية وفاء وليد,شارع الخزان، مبنى 116، بجانب المدرسة، حي النخيل، الشاطبي، الإسكندرية,الإسكندرية,الشاطبي,حي النخيل
صيدلية د. يوسف عمر,شارع بورسعيد، مبنى 98، بجوار المسجد، حي العجمي، رشدي، الإسكندرية,الإسكندرية,رشدي,حي العجمي
صيدلية د. نهى عمر,شارع مكرم عبيد، مبنى 24، بجانب المدرسة، حي بحري، ستانلي، الإسكندرية,الإسكندرية,ستانلي,حي بحري
صيدلية فؤاد حامد,شارع الروضة، مبنى 55، عند النفق، حي شرق التعليم، السيوف، الإسكندرية,الإسكندرية,السيوف,حي شرق التعليم
صيدلية د. هاني محمود,شارع محمد علي، مبنى 121، أمام البنك، حي شرق التعليم، ستانلي، الإسكندرية,الإسكندرية,ستانلي,حي شرق التعليم
صيدلية عبلة,شارع البنك، مبنى 5، بعد محطة المترو، حي المنتزة، العطارين، الإسكندرية,الإسكندرية,العطارين,حي المنتزة
صيدلية د. محمد عبدالعزيز,شارع المعز، مبنى 127، أمام البنك، حي شرق التعليم، سيدي جابر، الإسكندرية,الإسكندرية,سيدي جابر,حي شرق التعليم
صيدلية خالد,شارع الوفاء، مبنى 78، أمام البنك، حي غرب، جليم، الإسكندرية,الإسكندرية,جليم,حي غرب
صيدلية د. إيمان عبدالرحمن,شارع المسجد، مبنى 87، بجوار المسجد، حي وسط، باكوس، الإسكندرية,الإسكندرية,باكوس,حي وسط
صيدلية خالد,شارع التحرير، مبنى 69، بجانب المدرسة، حي العجمي، رشدي، الإسكندرية,الإسكندرية,رشدي,حي العجمي
صيدلية طارق,شارع التحرير، مبنى 57، عند النفق، حي الدخيلة، سموحة، الإسكندرية,الإسكندرية,سموحة,حي الدخيلة
صيدلية خالد,شارع مكرم عبيد، مبنى 134، عند النفق، حي العصافرة، المنتزة، الإسكندرية,الإسكندرية,المنتزة,حي العصافرة
صيدلية ليلى,شارع الأهرام، مبنى 148، حي الجمرك، كفر عبده، الإسكندرية,الإسكندرية,كفر عبده,حي الجمرك
صيدلية د. عبلة إبراهيم,شارع العشرين، مبنى 94، أمام البنك، حي العجمي، الشاطبي، الإسكندرية,الإسكندرية,الشاطبي,حي العجمي
صيدلية سلوى,شارع 26 يوليو، مبنى 82، أمام البنك، حي العجمي، المنتزة، الإسكندرية,الإسكندرية,المنتزة,حي العجمي
صيدلية الفردوس,شارع الميناء، مبنى 83، بجانب المدرسة، حي الجمرك، فleming، الإسكندرية,الإسكندرية,فleming,حي الجمرك
صيدلية الجمهورية,شارع بورسعيد، مبنى 5، حي غرب، سموحة، الإسكندرية,الإسكندرية,سموحة,حي غرب
صيدلية د. نبيل عمرو,شارع المسجد، مبنى 78، بجوار المسجد، حي النخيل، المنشية، الإسكندرية,الإسكندرية,المنشية,حي النخيل
صيدلية د. وليد الفقي,شارع العروبة، مبنى 13، بجوار المسجد، حي غرب التعليم، الأنفوشي، الإسكندرية,الإسكندرية,الأنفوشي,حي غرب التعليم
صيدلية د. هدى محمد,شارع الأقصى، مبنى 126، بجانب المدرسة، حي العصافرة، العصافرة، الإسكندرية,الإسكندرية,العصافرة,حي العصافرة
صيدلية د. عبدالله حسونة,شارع المدرسة، مبنى 52، عند النفق، حي النخيل، سموحة، الإسكندرية,الإسكندرية,سموحة,حي النخيل
صيدلية الصحة,شارع الخليفة، مبنى 113، حي النخيل، جليم، الإسكندرية,الإسكندرية,جليم,حي النخيل
صيدلية مدحت,شارع الطيران، مبنى 57، أمام البنك، حي وسط، باكوس، الإسكندرية,الإسكندرية,باكوس,حي وسط
صيدلية النور,شارع المسجد، مبنى 106، بجوار المسجد، حي العجمي، المنتزة، الإسكندرية,الإسكندرية,المنتزة,حي العجمي
صيدلية لواء,شارع فيصل، مبنى 66، حي غرب، جليم، الإسكندرية,الإسكندرية,جليم,حي غرب
صيدلية د. ليلى غانم,شارع الميناء، مبنى 88، بجانب المدرسة، حي المنتزة، المكس، الإسكندرية,الإسكندرية,المكس,حي المنتزة
صيدلية د. سحر مصطفى,شارع الحرية، مبنى 49، أمام البنك، حي 6 أكتوبر، الشاطبي، الإسكندرية,الإسكندرية,الشاطبي,حي 6 أكتوبر
صيدلية د. غادة يوسف,شارع الأهرام، مبنى 109، عند النفق، حي العجمي، باكوس، الإسكندرية,الإسكندرية,باكوس,حي العجمي
صيدلية د. محمود أشرف,شارع الثورة، مبنى 136، بعد محطة المترو، حي بحري، فleming، الإسكندرية,الإسكندرية,فleming,حي بحري
صيدلية العافية,شارع المحطة، مبنى 63، عند النفق، حي الدخيلة، العطارين، الإسكندرية,الإسكندرية,العطارين,حي الدخيلة
صيدلية د. أيمن عزب,شارع التحرير، مبنى 89، بعد محطة المترو، حي الدخيلة، السيوف، الإسكندرية,الإسكندرية,السيوف,حي الدخيلة
صيدلية عادل عادل,شارع فلسطين، مبنى 8، عند النفق، حي غرب، العطارين، الإسكندرية,الإسكندرية,العطارين,حي غرب
صيدلية جلال,شارع الثورة، مبنى 115، حي وسط، الجمرك، الإسكندرية,الإسكندرية,الجمرك,حي وسط
صيدلية أنور,شارع السوق، مبنى 71، حي العامرية، باكوس، الإسكندرية,الإسكندرية,باكوس,حي العامرية
صيدلية د. جهاد وائل,شارع الأزهر، مبنى 108، بجانب المدرسة، حي بحري، رشدي، الإسكندرية,الإسكندرية,رشدي,حي بحري
صيدلية د. ليلى علي,شارع التحرير، مبنى 88، بجوار المسجد، حي العطارين، الإسكندرية، الإسكندرية,الإسكندرية,الإسكندرية,حي العطارين
صيدلية د. عمر رمضان,شارع الميناء، مبنى 28، بجانب المدرسة، حي برج العرب، الدخيلة، الإسكندرية,الإسكندرية,الدخيلة,حي برج العرب
صيدلية النور,شارع الميناء، مبنى 76، بجوار المسجد، حي الجمرك، المنشية، الإسكندرية,الإسكندرية,المنشية,حي الجمرك
صيدلية د. جلال حسن,شارع الزهراء، مبنى 66، بعد محطة المترو، حي العجمي، المنتزة، الإسكندرية,الإسكندرية,المنتزة,حي العجمي
صيدلية العافية,شارع الجلاء، مبنى 30، أمام البنك، حي شرق التعليم، الأنفوشي، الإسكندرية,الإسكندرية,الأنفوشي,حي شرق التعليم
صيدلية د. رائد هشام,شارع الوحدة، مبنى 44، عند النفق، حي الدخيلة، الإسكندرية، الإسكندرية,الإسكندرية,الإسكندرية,حي الدخيلة
صيدلية حسن,شارع الأهرام، مبنى 105، حي وسط، المكس، الإسكندرية,الإسكندرية,المكس,حي وسط
صيدلية د. أشرف عبدالرحمن,شارع الهرم، مبنى 58، بجوار المسجد، حي وسط، الشاطبي، الإسكندرية,الإسكندرية,الشاطبي,حي وسط
صيدلية د. جلال نبيل,شارع الأهرام، مبنى 85، بعد محطة المترو، حي غرب التعليم، جليم، الإسكندرية,الإسكندرية,جليم,حي غرب التعليم
صيدلية د. عبلة فathy,شارع الأزهر، مبنى 46، أمام البنك، حي شرق، الدخيلة، الإسكندرية,الإسكندرية,الدخيلة,حي شرق
صيدلية الأمل,شارع الجلاء، مبنى 147، بجانب المدرسة، حي برج العرب، فleming، الإسكندرية,الإسكندرية,فleming,حي برج العرب
صيدلية الفردوس,شارع المعز، مبنى 87، حي بحري، الجمرك، الإسكندرية,الإسكندرية,الجمرك,حي بحري
صيدلية إبراهيم,شارع مكرم عبيد، مبنى 85، عند النفق، حي الجمرك، سموحة، الإسكندرية,الإسكندرية,سموحة,حي الجمرك
صيدلية د. لواء عطية,شارع الحرية، مبنى 62، عند النفق، حي العجمي، زيزينيا، الإسكندرية,الإسكندرية,زيزينيا,حي العجمي
صيدلية د. أمل سلامة,شارع الحرية، مبنى 78، عند النفق، حي المنتزة، الإسكندرية، الإسكندرية,الإسكندرية,الإسكندرية,حي المنتزة
صيدلية د. علي نبيل,شارع النصر، مبنى 11، بجانب المدرسة، حي وسط، زيزينيا، الإسكندرية,الإسكندرية,زيزينيا,حي وسط
صيدلية سلوى فؤاد,شارع القنال، مبنى 127، بعد محطة المترو، حي العجمي، محرم بك، الإسكندرية,الإسكندرية,محرم بك,حي العجمي
صيدلية الصحة,شارع رمسيس، مبنى 10، عند النفق، حي شرق، بحري، الإسكندرية,الإسكندرية,بحري,حي شرق
صيدلية د. يوسف جلال,شارع الأهرام، مبنى 71، بجانب المدرسة، حي النخيل، الدخيلة، الإسكندرية,الإسكندرية,الدخيلة,حي النخيل
صيدلية د. رمضان عزب,شارع الزهراء، مبنى 16، أمام البنك، حي برج العرب، الإسكندرية، الإسكندرية,الإسكندرية,الإسكندرية,حي برج العرب
صيدلية إبراهيم صبحي,شارع العشرين، مبنى 148، بعد محطة المترو، حي غرب، المنشية، الإسكندرية,الإسكندرية,المنشية,حي غرب
صيدلية عاصم صبحي,شارع التحرير، مبنى 71، بجانب المدرسة، حي العامرية، رشدي، الإسكندرية,الإسكندرية,رشدي,حي العامرية
صيدلية أيمن هاني,شارع محمد علي، مبنى 55، أمام البنك، حي وسط، فleming، الإسكندرية,الإسكندرية,فleming,حي وسط
صيدلية د. علي سيد,شارع الأقصى، مبنى 121، بجانب المدرسة، حي العصافرة، العجمي، الإسكندرية,الإسكندرية,العجمي,حي العصافرة
صيدلية منال,شارع البنك، مبنى 127، عند النفق، حي العامرية، الإسكندرية، الإسكندرية,الإسكندرية,الإسكندرية,حي العامرية
صيدلية د. نبيل إيهاب,شارع النخيل، مبنى 42، حي برج العرب، الدخيلة، الإسكندرية,الإسكندرية,الدخيلة,حي برج العرب
صيدلية محمد,شارع الميناء، مبنى 114، أمام البنك، حي برج العرب، جليم، الإسكندرية,الإسكندرية,جليم,حي برج العرب
صيدلية د. سعاد حامد,شارع الروضة، مبنى 113، بعد محطة المترو، حي العجمي، الأنفوشي، الإسكندرية,الإسكندرية,الأنفوشي,حي العجمي
صيدلية د. صبحي أنور,شارع كورنيش النيل، مبنى 94، عند النفق، حي شرق التعليم، المكس، الإسكندرية,الإسكندرية,المكس,حي شرق التعليم
صيدلية سلوى حامد,شارع الميناء، مبنى 81، أمام البنك، حي غرب التعليم، الإسكندرية، الإسكندرية,الإسكندرية,الإسكندرية,حي غرب التعليم
صيدلية د. هشام حسام,شارع كورنيش النيل، مبنى 58، عند النفق، حي العطارين، السيوف، الإسكندرية,الإسكندرية,السيوف,حي العطارين
صيدلية شريف عبدالجواد,شارع الزهراء، مبنى 12، أمام البنك، حي المنتزة، باب شرق، الإسكندرية,الإسكندرية,باب شرق,حي المنتزة
صيدلية د. سوسن إبراهيم,شارع بورسعيد، مبنى 135، أمام البنك، حي وسط، الجمرك، الإسكندرية,الإسكندرية,الجمرك,حي وسط
صيدلية د. عبدالرحمن غانم,شارع المحطة، مبنى 79، بجانب المدرسة، حي برج العرب، سابا باشا، الإسكندرية,الإسكندرية,سابا باشا,حي برج العرب
صيدلية د. ناجح أيمن,شارع البنك، مبنى 79، أمام البنك، حي غرب التعليم، الدخيلة، الإسكندرية,الإسكندرية,الدخيلة,حي غرب التعليم
صيدلية النور,شارع الخليفة، مبنى 87، بجانب المدرسة، حي النخيل، السيوف، الإسكندرية,الإسكندرية,السيوف,حي النخيل
صيدلية مدحت الفقي,شارع الأمل، مبنى 56، بجانب المدرسة، حي النخيل، جليم، الإسكندرية,الإسكندرية,جليم,حي النخيل
صيدلية د. ليلى السيد,شارع القنال، مبنى 138، أمام البنك، حي النخيل، باب شرق، الإسكندرية,الإسكندرية,باب شرق,حي النخيل
صيدلية د. عبدالرحمن هشام,شارع مكرم عبيد، مبنى 56، بجانب المدرسة، حي العطارين، سابا باشا، الإسكندرية,الإسكندرية,سابا باشا,حي العطارين
صيدلية جلال,شارع الميناء، مبنى 44، عند النفق، حي شرق التعليم، جليم، الإسكندرية,الإسكندرية,جليم,حي شرق التعليم
صيدلية د. منال أحمد,شارع الميناء، مبنى 136، أمام البنك، حي العجمي، زيزينيا، الإسكندرية,الإسكندرية,زيزينيا,حي العجمي
صيدلية مدحت عادل,شارع الجلاء، مبنى 9، أمام البنك، حي بحري، زيزينيا، الإسكندرية,الإسكندرية,زيزينيا,حي بحري
صيدلية د. هدى إبراهيم,شارع الأهرام، مبنى 15، بجوار المسجد، حي العصافرة، العصافرة، الإسكندرية,الإسكندرية,العصافرة,حي العصافرة
صيدلية ليلى,شارع العروبة، مبنى 84، أمام البنك، حي المنتزة، فleming، الإسكندرية,الإسكندرية,فleming,حي المنتزة
صيدلية د. عبير طارق,شارع الميناء، مبنى 88، بعد محطة المترو، حي العصافرة، بحري، الإسكندرية,الإسكندرية,بحري,حي العصافرة
صيدلية سوسن هاني,شارع البحر، مبنى 113، بجوار المسجد، حي الدخيلة، الجمرك، الإسكندرية,الإسكندرية,الجمرك,حي الدخيلة
صيدلية الأمل,شارع الثورة، مبنى 79، عند النفق، حي العامرية، جليم، الإسكندرية,الإسكندرية,جليم,حي العامرية
صيدلية د. أنور عبدالرحمن,شارع الروضة، مبنى 1، حي غرب التعليم، العجمي، الإسكندرية,الإسكندرية,العجمي,حي غرب التعليم
صيدلية د. فؤاد إبراهيم,شارع 26 يوليو، مبنى 34، بعد محطة المترو، حي شرق، المكس، الإسكندرية,الإسكندرية,المكس,حي شرق
صيدلية عبدالله فؤاد,شارع الجمهورية، مبنى 89، بعد محطة المترو، حي العصافرة، جليم، الإسكندرية,الإسكندرية,جليم,حي العصافرة
صيدلية مجدي إبراهيم,شارع المسجد، مبنى 6، بجوار المسجد، حي برج العرب، المنتزة، الإسكندرية,الإسكندرية,المنتزة,حي برج العرب
صيدلية وفاء شريف,شارع المسجد، مبنى 76، عند النفق، حي المنتزة، زيزينيا، الإسكندرية,الإسكندرية,زيزينيا,حي المنتزة
صيدلية د. عاصم وائل,شارع الهرم، مبنى 74، بجوار المسجد، حي الجمرك، الأنفوشي، الإسكندرية,الإسكندرية,الأنفوشي,حي الجمرك
صيدلية د. بهاء طارق,شارع مكرم عبيد، مبنى 102، بجوار المسجد، حي الدخيلة، سموحة، الإسكندرية,الإسكندرية,سموحة,حي الدخيلة
صيدلية عمرو شريف,شارع طلعت حرب، مبنى 125، بعد محطة المترو، حي غرب، العجمي، الإسكندرية,الإسكندرية,العجمي,حي غرب
صيدلية د. جهاد جلال,شارع الخزان، مبنى 32، عند النفق، حي العطارين، العصافرة، الإسكندرية,الإسكندرية,العصافرة,حي العطارين
صيدلية النور,شارع الثورة، مبنى 83، بعد محطة المترو، حي العصافرة، سيدي جابر، الإسكندرية,الإسكندرية,سيدي جابر,حي العصافرة
صيدلية النور,شارع النصر، مبنى 61، بجانب المدرسة، حي الجمرك، الدخيلة، الإسكندرية,الإسكندرية,الدخيلة,حي الجمرك
صيدلية النور,شارع المقاومة، مبنى 79، بجوار المسجد، حي بحري، العجمي، الإسكندرية,الإسكندرية,العجمي,حي بحري
صيدلية أشرف,شارع التحرير، مبنى 83، حي وسط، الإسكندرية، الإسكندرية,الإسكندرية,الإسكندرية,حي وسط
صيدلية د. حورية علي,شارع العشرين، مبنى 116، بعد محطة المترو، حي وسط، جليم، الإسكندرية,الإسكندرية,جليم,حي وسط
صيدلية خالد,شارع الأقصى، مبنى 108، أمام البنك، حي النخيل، الأنفوشي، الإسكندرية,الإسكندرية,الأنفوشي,حي النخيل
صيدلية يوسف,شارع المقاومة، مبنى 90، عند النفق، حي العطارين، بحري، الإسكندرية,الإسكندرية,بحري,حي العطارين
صيدلية وائل,شارع التحرير، مبنى 105، بجوار المسجد، حي وسط، فleming، الإسكندرية,الإسكندرية,فleming,حي وسط
صيدلية وليد محمد,شارع الاستقلال، مبنى 5، حي العامرية، المنشية، الإسكندرية,الإسكندرية,المنشية,حي العامرية
صيدلية د. أماني حسونة,شارع الوفاء، مبنى 86، بجوار المسجد، حي الخانكة، الحضائق، القليوبية,القليوبية,الحضائق,حي الخانكة
صيدلية د. صبحي سيد,شارع المعز، مبنى 13، حي الخانكة، القناطر الخيرية، القليوبية,القليوبية,القناطر الخيرية,حي الخانكة
صيدلية د. إبراهيم محمد,شارع 26 يوليو، مبنى 37، أمام البنك، حي الخانكة، شبرا الخيمة، القليوبية,القليوبية,شبرا الخيمة,حي الخانكة
صيدلية د. نعمت الفقي,شارع النصر، مبنى 95، عند النفق، حي شبرا الخيمة أول، طوخ، القليوبية,القليوبية,طوخ,حي شبرا الخيمة أول
صيدلية د. رائد مجدي,شارع المحطة، مبنى 104، بجانب المدرسة، حي كفر شكر، الزهور، القليوبية,القليوبية,الزهور,حي كفر شكر
صيدلية لواء ضياء,شارع البنك، مبنى 9، بعد محطة المترو، حي الخانكة، بنها، القليوبية,القليوبية,بنها,حي الخانكة
صيدلية د. رانيا عبدالجواد,شارع المقاومة، مبنى 96، بجوار المسجد، حي شبرا الخيمة ثان، قها، القليوبية,القليوبية,قها,حي شبرا الخيمة ثان
صيدلية د. إيمان مصطفى,شارع محمد علي، مبنى 59، عند النفق، حي كفر شكر، بنها، القليوبية,القليوبية,بنها,حي كفر شكر
صيدلية يوسف,شارع رمسيس، مبنى 75، عند النفق، حي شبرا الخيمة أول، القناطر الخيرية، القليوبية,القليوبية,القناطر الخيرية,حي شبرا الخيمة أول
صيدلية الجمهورية,شارع الأمل، مبنى 51، بعد محطة المترو، حي العبور، قها، القليوبية,القليوبية,قها,حي العبور
صيدلية الفردوس,شارع الحرية، مبنى 47، عند النفق، حي العبور، الخصوص، القليوبية,القليوبية,الخصوص,حي العبور
صيدلية د. عبدالله فathy,شارع كورنيش النيل، مبنى 83، بعد محطة المترو، حي بنها، الحضائق، القليوبية,القليوبية,الحضائق,حي بنها
صيدلية د. وائل صبحي,شارع الأمل، مبنى 17، حي الخانكة، الزهور، القليوبية,القليوبية,الزهور,حي الخانكة
صيدلية د. فؤاد عادل,شارع مكرم عبيد، مبنى 95، بعد محطة المترو، حي الخانكة، أبو زعبل، القليوبية,القليوبية,أبو زعبل,حي الخانكة
صيدلية الفردوس,شارع الثورة، مبنى 150، أمام البنك، حي العبور، أبو زعبل، القليوبية,القليوبية,أبو زعبل,حي العبور
صيدلية د. يوسف عادل,شارع الجلاء، مبنى 87، بجوار المسجد، حي كفر شكر، أبو زعبل، القليوبية,القليوبية,أبو زعبل,حي كفر شكر
صيدلية د. سيد عطية,شارع رمسيس، مبنى 136، أمام البنك، حي شبرا الخيمة أول، العبور، القليوبية,القليوبية,العبور,حي شبرا الخيمة أول
صيدلية منال,شارع بورسعيد، مبنى 13، أمام البنك، حي شبرا الخيمة أول، شبرا الخيمة، القليوبية,القليوبية,شبرا الخيمة,حي شبرا الخيمة أول
صيدلية د. أيمن رمضان,شارع العروبة، مبنى 147، عند النفق، حي الخصوص، الخانكة، القليوبية,القليوبية,الخانكة,حي الخصوص
صيدلية د. مها منسي,شارع الخليفة، مبنى 96، بجانب المدرسة، حي الخصوص، شبين القناطر، القليوبية,القليوبية,شبين القناطر,حي الخصوص
صيدلية سوسن حسام,شارع المدرسة، مبنى 73، حي شبرا الخيمة أول، كفر شكر، القليوبية,القليوبية,كفر شكر,حي شبرا الخيمة أول
صيدلية العافية,شارع الأزهر، مبنى 77، بجوار المسجد، حي كفر شكر، الزهور، القليوبية,القليوبية,الزهور,حي كفر شكر
صيدلية د. نهى كمال,شارع الطيران، مبنى 65، بجوار المسجد، حي شبرا الخيمة ثان، قليوب، القليوبية,القليوبية,قليوب,حي شبرا الخيمة ثان
صيدلية الصحة,شارع الأقصى، مبنى 132، بجانب المدرسة، حي العبور، الزهور، القليوبية,القليوبية,الزهور,حي العبور
صيدلية د. شريف وائل,شارع السوق، مبنى 149، بعد محطة المترو، حي طوخ، بنها، القليوبية,القليوبية,بنها,حي طوخ
صيدلية د. خالد حسن,شارع كورنيش النيل، مبنى 144، بجوار المسجد، حي شبرا الخيمة ثان، أبو زعبل، القليوبية,القليوبية,أبو زعبل,حي شبرا الخيمة ثان
صيدلية الفردوس,شارع القنال، مبنى 29، عند النفق، حي أبو زعبل، شبين القناطر، القليوبية,القليوبية,شبين القناطر,حي أبو زعبل
صيدلية د. جلال عطية,شارع المحطة، مبنى 35، بجانب المدرسة، حي طوخ، العبور، القليوبية,القليوبية,العبور,حي طوخ
صيدلية فاتن فathy,شارع رمسيس، مبنى 50، عند النفق، حي الخصوص، أبو زعبل، القليوبية,القليوبية,أبو زعبل,حي الخصوص
صيدلية وائل محمود,شارع محمد علي، مبنى 55، بجوار المسجد، حي طوخ، قها، القليوبية,القليوبية,قها,حي طوخ
صيدلية إيناس,شارع السوق، مبنى 127، حي الخصوص، أبو زعبل، القليوبية,القليوبية,أبو زعبل,حي الخصوص
صيدلية غادة,شارع السوق، مبنى 76، بجانب المدرسة، حي الخصوص، الخانكة، القليوبية,القليوبية,الخانكة,حي الخصوص
صيدلية الأمل,شارع الميناء، مبنى 106، بجانب المدرسة، حي كفر شكر، أبو زعبل، القليوبية,القليوبية,أبو زعبل,حي كفر شكر
صيدلية د. رانيا صبحي,شارع طلعت حرب، مبنى 58، عند النفق، حي أبو زعبل، الخانكة، القليوبية,القليوبية,الخانكة,حي أبو زعبل
صيدلية محمود عبدالعزيز,شارع الأقصى، مبنى 58، عند النفق، حي كفر شكر، الحضائق، القليوبية,القليوبية,الحضائق,حي كفر شكر
صيدلية عبير,شارع السادات، مبنى 113، حي طوخ، أبو زعبل، القليوبية,القليوبية,أبو زعبل,حي طوخ
صيدلية عبير سيد,شارع الأمل، مبنى 120، بعد محطة المترو، حي قها، الحضائق، القليوبية,القليوبية,الحضائق,حي قها
صيدلية الصحة,شارع المقاومة، مبنى 84، عند النفق، حي أبو زعبل، القناطر الخيرية، القليوبية,القليوبية,القناطر الخيرية,حي أبو زعبل
صيدلية د. رانيا سيد,شارع الخزان، مبنى 145، بجانب المدرسة، حي أبو زعبل، الخصوص، القليوبية,القليوبية,الخصوص,حي أبو زعبل
صيدلية منال كمال,شارع الهرم، مبنى 112، بعد محطة المترو، حي الخانكة، بنها، القليوبية,القليوبية,بنها,حي الخانكة
صيدلية الفردوس,شارع مكرم عبيد، مبنى 42، بعد محطة المترو، حي بنها، الخصوص، القليوبية,القليوبية,الخصوص,حي بنها
صيدلية حورية,شارع 26 يوليو، مبنى 114، بجانب المدرسة، حي الخصوص، القناطر الخيرية، القليوبية,القليوبية,القناطر الخيرية,حي الخصوص
صيدلية الأمل,شارع الزهراء، مبنى 40، بعد محطة المترو، حي الخصوص، القناطر الخيرية، القليوبية,القليوبية,القناطر الخيرية,حي الخصوص
صيدلية د. عمرو أيمن,شارع العروبة، مبنى 146، أمام البنك، حي الخصوص، قها، القليوبية,القليوبية,قها,حي الخصوص
صيدلية الأمل,شارع البحر، مبنى 121، بجوار المسجد، حي قليوب، كفر شكر، القليوبية,القليوبية,كفر شكر,حي قليوب
صيدلية د. حسام السيد,شارع فيصل، مبنى 137، أمام البنك، حي قليوب، قليوب، القليوبية,القليوبية,قليوب,حي قليوب
صيدلية د. بهاء حسين,شارع رمسيس، مبنى 53، حي أبو زعبل، الزهور، القليوبية,القليوبية,الزهور,حي أبو زعبل
صيدلية مجدي,شارع السادات، مبنى 129، بجانب المدرسة، حي الخانكة، الحضائق، القليوبية,القليوبية,الحضائق,حي الخانكة
صيدلية د. خالد حجازي,شارع الميناء، مبنى 31، بجوار المسجد، حي العبور، شبرا الخيمة، القليوبية,القليوبية,شبرا الخيمة,حي العبور
صيدلية خالد مصطفى,شارع طلعت حرب، مبنى 115، أمام البنك، حي الخانكة، الخصوص، القليوبية,القليوبية,الخصوص,حي الخانكة
صيدلية د. رمضان فؤاد,شارع البنك، مبنى 69، بجانب المدرسة، حي شبرا الخيمة أول، القناطر الخيرية، القليوبية,القليوبية,القناطر الخيرية,حي شبرا الخيمة أول
صيدلية د. حسام عوض,شارع كورنيش النيل، مبنى 145، بعد محطة المترو، حي بنها، الخانكة، القليوبية,القليوبية,الخانكة,حي بنها
صيدلية د. محمد فathy,شارع المحطة، مبنى 26، بجانب المدرسة، حي قليوب، شبرا الخيمة، القليوبية,القليوبية,شبرا الخيمة,حي قليوب
صيدلية الصحة,شارع البنك، مبنى 14، أمام البنك، حي الخصوص، الحضائق، القليوبية,القليوبية,الحضائق,حي الخصوص
صيدلية د. طارق فathy,شارع طلعت حرب، مبنى 110، عند النفق، حي الخصوص، الحضائق، القليوبية,القليوبية,الحضائق,حي الخصوص
صيدلية إبراهيم حسين,شارع الزهراء، مبنى 45، بعد محطة المترو، حي كفر شكر، شبرا الخيمة، القليوبية,القليوبية,شبرا الخيمة,حي كفر شكر
صيدلية د. إيمان إبراهيم,شارع القنال، مبنى 41، بجوار المسجد، حي شبرا الخيمة أول، الخانكة، القليوبية,القليوبية,الخانكة,حي شبرا الخيمة أول
صيدلية أيمن محمود,شارع الجمهورية، مبنى 94، حي كفر شكر، القناطر الخيرية، القليوبية,القليوبية,القناطر الخيرية,حي كفر شكر
صيدلية هايدي حسونة,شارع البنك، مبنى 109، بعد محطة المترو، حي طوخ، طوخ، القليوبية,القليوبية,طوخ,حي طوخ
صيدلية د. نادية طارق,شارع الأقصى، مبنى 75، حي طوخ، الحضائق، القليوبية,القليوبية,الحضائق,حي طوخ
صيدلية د. نبيل سلامة,شارع الثورة، مبنى 31، عند النفق، حي طوخ، شبين القناطر، القليوبية,القليوبية,شبين القناطر,حي طوخ
صيدلية سحر,شارع الأزهر، مبنى 61، أمام البنك، حي بنها، شبرا الخيمة، القليوبية,القليوبية,شبرا الخيمة,حي بنها
صيدلية هشام عبدالعزيز,شارع النخيل، مبنى 41، حي قليوب، الحضائق، القليوبية,القليوبية,الحضائق,حي قليوب
صيدلية سيد كمال,شارع الاستقلال، مبنى 137، بجوار المسجد، حي شبرا الخيمة أول، قليوب، القليوبية,القليوبية,قليوب,حي شبرا الخيمة أول
صيدلية وليد,شارع رمسيس، مبنى 61، عند النفق، حي طوخ، شبرا الخيمة، القليوبية,القليوبية,شبرا الخيمة,حي طوخ
صيدلية منال,شارع فيصل، مبنى 35، عند النفق، حي قليوب، شبين القناطر، القليوبية,القليوبية,شبين القناطر,حي قليوب
صيدلية د. عبدالله أحمد,شارع العشرين، مبنى 51، حي قليوب، العبور، القليوبية,القليوبية,العبور,حي قليوب
صيدلية د. إيناس غانم,شارع الوفاء، مبنى 49، بجانب المدرسة، حي أبو زعبل، شبين القناطر، القليوبية,القليوبية,شبين القناطر,حي أبو زعبل
صيدلية العافية,شارع الحرية، مبنى 31، بجوار المسجد، حي طوخ، شبرا الخيمة، القليوبية,القليوبية,شبرا الخيمة,حي طوخ
صيدلية سعيد مدحت,شارع البحر، مبنى 109، بعد محطة المترو، حي شبرا الخيمة ثان، قليوب، القليوبية,القليوبية,قليوب,حي شبرا الخيمة ثان
صيدلية صبحي,شارع الزهراء، مبنى 61، حي قليوب، طوخ، القليوبية,القليوبية,طوخ,حي قليوب
صيدلية د. فاتن صبحي,شارع السادات، مبنى 83، حي الخصوص، شبرا الخيمة، القليوبية,القليوبية,شبرا الخيمة,حي الخصوص
صيدلية سحر عطية,شارع الجلاء، مبنى 62، بجانب المدرسة، حي قها، الخانكة، القليوبية,القليوبية,الخانكة,حي قها
صيدلية مجدي,شارع الخليفة، مبنى 25، بجوار المسجد، حي طوخ، الزهور، القليوبية,القليوبية,الزهور,حي طوخ
صيدلية نبيل,شارع مكرم عبيد، مبنى 11، بعد محطة المترو، حي قها، قليوب، القليوبية,القليوبية,قليوب,حي قها
صيدلية النور,شارع الأزهر، مبنى 14، عند النفق، حي شبرا الخيمة ثان، قها، القليوبية,القليوبية,قها,حي شبرا الخيمة ثان
صيدلية د. نادية أشرف,شارع عباس العقاد، مبنى 29، عند النفق، حي العبور، بنها، القليوبية,القليوبية,بنها,حي العبور
صيدلية د. مجدي رمضان,شارع كورنيش النيل، مبنى 117، حي كفر شكر، القناطر الخيرية، القليوبية,القليوبية,القناطر الخيرية,حي كفر شكر
صيدلية العافية,شارع الجمهورية، مبنى 17، أمام البنك، حي أبو زعبل، قليوب، القليوبية,القليوبية,قليوب,حي أبو زعبل
صيدلية عبدالرحمن فathy,شارع القنال، مبنى 134، بجوار المسجد، حي طوخ، قليوب، القليوبية,القليوبية,قليوب,حي طوخ
صيدلية أيمن حسين,شارع النصر، مبنى 35، حي بنها، الحضائق، القليوبية,القليوبية,الحضائق,حي بنها
صيدلية إيهاب,شارع الأمل، مبنى 68، أمام البنك، حي قها، كفر شكر، القليوبية,القليوبية,كفر شكر,حي قها
صيدلية د. رانيا إبراهيم,شارع الاستقلال، مبنى 145، حي العبور، كفر شكر، القليوبية,القليوبية,كفر شكر,حي العبور
صيدلية فؤاد حامد,شارع عباس العقاد، مبنى 41، بجانب المدرسة، حي العبور، قها، القليوبية,القليوبية,قها,حي العبور
صيدلية د. سحر منسي,شارع فيصل، مبنى 59، بجوار المسجد، حي الخصوص، كفر شكر، القليوبية,القليوبية,كفر شكر,حي الخصوص
صيدلية د. عبلة الفقي,شارع رمسيس، مبنى 8، بجوار المسجد، حي بنها، طوخ، القليوبية,القليوبية,طوخ,حي بنها
صيدلية د. نعمت جلال,شارع الروضة، مبنى 116، عند النفق، حي الخصوص، قها، القليوبية,القليوبية,قها,حي الخصوص
صيدلية أحمد,شارع القنال، مبنى 62، عند النفق، حي بنها، الخصوص، القليوبية,القليوبية,الخصوص,حي بنها
صيدلية الصحة,شارع الحرية، مبنى 107، بعد محطة المترو، حي بنها، قليوب، القليوبية,القليوبية,قليوب,حي بنها
صيدلية عزة,شارع الميناء، مبنى 76، بعد محطة المترو، حي أبو زعبل، الخانكة، القليوبية,القليوبية,الخانكة,حي أبو زعبل
صيدلية د. إيمان مدحت,شارع الزهراء، مبنى 53، عند النفق، حي شبرا الخيمة ثان، شبرا الخيمة، القليوبية,القليوبية,شبرا الخيمة,حي شبرا الخيمة ثان
صيدلية أحمد,شارع السادات، مبنى 19، عند النفق، حي قليوب، بنها، القليوبية,القليوبية,بنها,حي قليوب
صيدلية د. سامية عاطف,شارع المعز، مبنى 116، بجانب المدرسة، حي الخصوص، طوخ، القليوبية,القليوبية,طوخ,حي الخصوص
صيدلية فريدة هشام,شارع رمسيس، مبنى 36، بجوار المسجد، حي شبرا الخيمة أول، قها، القليوبية,القليوبية,قها,حي شبرا الخيمة أول
صيدلية مدحت رمضان,شارع بورسعيد، مبنى 146، بعد محطة المترو، حي طوخ، القناطر الخيرية، القليوبية,القليوبية,القناطر الخيرية,حي طوخ
صيدلية سعيد إيهاب,شارع الخليفة، مبنى 146، أمام البنك، حي العبور، طوخ، القليوبية,القليوبية,طوخ,حي العبور
صيدلية د. مدحت غانم,شارع النصر، مبنى 124، بعد محطة المترو، حي الخانكة، قليوب، القليوبية,القليوبية,قليوب,حي الخانكة
صيدلية غادة,شارع الطيران، مبنى 67، بعد محطة المترو، حي أبو زعبل، شبرا الخيمة، القليوبية,القليوبية,شبرا الخيمة,حي أبو زعبل
صيدلية عمر إبراهيم,شارع الجلاء، مبنى 112، بجوار المسجد، حي الخانكة، العبور، القليوبية,القليوبية,العبور,حي الخانكة
صيدلية د. عبلة سمير,شارع التحرير، مبنى 32، عند النفق، حي كفر شكر، كفر شكر، القليوبية,القليوبية,كفر شكر,حي كفر شكر
صيدلية الجمهورية,شارع التحرير، مبنى 93، أمام البنك، حي شبرا الخيمة أول، شبرا الخيمة، القليوبية,القليوبية,شبرا الخيمة,حي شبرا الخيمة أول
صيدلية وليد,شارع الهرم، مبنى 121، بجوار المسجد، حي طوخ، شبرا الخيمة، القليوبية,القليوبية,شبرا الخيمة,حي طوخ
صيدلية د. هايدي عادل,شارع الروضة، مبنى 116، حي أبو زعبل، كفر شكر، القليوبية,القليوبية,كفر شكر,حي أبو زعبل
صيدلية الأمل,شارع بورسعيد، مبنى 47، بعد محطة المترو، حي قليوب، طوخ، القليوبية,القليوبية,طوخ,حي قليوب
صيدلية فتحي حامد,شارع السوق، مبنى 18، بجانب المدرسة، حي العبور، كفر شكر، القليوبية,القليوبية,كفر شكر,حي العبور
صيدلية د. مدحت هاني,شارع القنال، مبنى 26، بعد محطة المترو، حي بنها، شبين القناطر، القليوبية,القليوبية,شبين القناطر,حي بنها
صيدلية د. ضياء منسي,شارع رمسيس، مبنى 146، عند النفق، حي شبرا الخيمة ثان، طوخ، القليوبية,القليوبية,طوخ,حي شبرا الخيمة ثان
صيدلية عبدالعزيز,شارع محمد علي، مبنى 84، حي العبور، الخصوص، القليوبية,القليوبية,الخصوص,حي العبور
صيدلية د. جلال هاني,شارع المدرسة، مبنى 88، أمام البنك، حي الخصوص، بنها، القليوبية,القليوبية,بنها,حي الخصوص
صيدلية د. ناجح سلامة,شارع فلسطين، مبنى 28، بجانب المدرسة، حي طوخ، القناطر الخيرية، القليوبية,القليوبية,القناطر الخيرية,حي طوخ
صيدلية د. هاني عبدالجواد,شارع الهرم، مبنى 137، بجانب المدرسة، حي قليوب، بنها، القليوبية,القليوبية,بنها,حي قليوب
صيدلية إيهاب,شارع الطيران، مبنى 112، بجوار المسجد، حي قليوب، الخانكة، القليوبية,القليوبية,الخانكة,حي قليوب
صيدلية د. مدحت عبدالله,شارع الجامعة، مبنى 36، بجانب المدرسة، حي أبو زعبل، الخانكة، القليوبية,القليوبية,الخانكة,حي أبو زعبل
صيدلية د. أنور حسام,شارع التحرير، مبنى 19، أمام البنك، حي قليوب، طوخ، القليوبية,القليوبية,طوخ,حي قليوب
صيدلية د. خالد جلال,شارع التحرير، مبنى 114، عند النفق، حي كفر شكر، العبور، القليوبية,القليوبية,العبور,حي كفر شكر
صيدلية العافية,شارع الخليفة، مبنى 82، أمام البنك، حي طوخ، القناطر الخيرية، القليوبية,القليوبية,القناطر الخيرية,حي طوخ
صيدلية نهى,شارع الأقصى، مبنى 135، بجانب المدرسة، حي الخانكة، القناطر الخيرية، القليوبية,القليوبية,القناطر الخيرية,حي الخانكة
صيدلية الصحة,شارع العروبة، مبنى 93، بجانب المدرسة، حي شبرا الخيمة أول، كفر شكر، القليوبية,القليوبية,كفر شكر,حي شبرا الخيمة أول
صيدلية طارق,شارع السادات، مبنى 120، حي العبور، قها، القليوبية,القليوبية,قها,حي العبور
صيدلية د. سعيد طارق,شارع التحرير، مبنى 111، حي قها، شبين القناطر، القليوبية,القليوبية,شبين القناطر,حي قها
صيدلية د. حورية محمود,شارع الخزان، مبنى 124، بجانب المدرسة، حي كفر شكر، الحضائق، القليوبية,القليوبية,الحضائق,حي كفر شكر
صيدلية د. منير جلال,شارع المحطة، مبنى 31، بعد محطة المترو، حي الخانكة، طوخ، القليوبية,القليوبية,طوخ,حي الخانكة
صيدلية حورية,شارع الأهرام، مبنى 138، أمام البنك، حي الخصوص، العبور، القليوبية,القليوبية,العبور,حي الخصوص
صيدلية د. حورية وحيد,شارع النصر، مبنى 53، حي شبرا الخيمة أول، قها، القليوبية,القليوبية,قها,حي شبرا الخيمة أول
صيدلية بهاء أحمد,شارع الوفاء، مبنى 30، بجانب المدرسة، حي شبرا الخيمة أول، الخانكة، القليوبية,القليوبية,الخانكة,حي شبرا الخيمة أول
صيدلية الجمهورية,شارع فلسطين، مبنى 99، بعد محطة المترو، حي شبرا الخيمة ثان، الخصوص، القليوبية,القليوبية,الخصوص,حي شبرا الخيمة ثان
صيدلية د. منال إبراهيم,شارع فلسطين، مبنى 69، عند النفق، حي قليوب، قليوب، القليوبية,القليوبية,قليوب,حي قليوب
صيدلية إيهاب,شارع المحطة، مبنى 37، بجانب المدرسة، حي أبو زعبل، طوخ، القليوبية,القليوبية,طوخ,حي أبو زعبل
صيدلية د. مجدي أيمن,شارع البحر، مبنى 71، بجانب المدرسة، حي الخصوص، الخانكة، القليوبية,القليوبية,الخانكة,حي الخصوص
صيدلية د. عبلة مدحت,شارع الجلاء، مبنى 15، بجانب المدرسة، حي العبور، العبور، القليوبية,القليوبية,العبور,حي العبور
صيدلية د. عاصم الفقي,شارع الخزان، مبنى 34، بجوار المسجد، حي قليوب، الحضائق، القليوبية,القليوبية,الحضائق,حي قليوب
صيدلية النور,شارع الحرية، مبنى 138، أمام البنك، حي الخصوص، الحضائق، القليوبية,القليوبية,الحضائق,حي الخصوص
صيدلية العافية,شارع التحرير، مبنى 70، بجانب المدرسة، حي قليوب، قليوب، القليوبية,القليوبية,قليوب,حي قليوب
صيدلية وفاء,شارع القنال، مبنى 150، عند النفق، حي الخصوص، الخانكة، القليوبية,القليوبية,الخانكة,حي الخصوص
صيدلية د. رانيا إبراهيم,شارع الخزان، مبنى 72، عند النفق، حي كفر شكر، الزهور، القليوبية,القليوبية,الزهور,حي كفر شكر
صيدلية د. أشرف وحيد,شارع الجلاء، مبنى 66، أمام البنك، حي قها، شبين القناطر، القليوبية,القليوبية,شبين القناطر,حي قها
صيدلية د. هشام سلامة,شارع السادات، مبنى 82، بجانب المدرسة، حي قها، كفر شكر، القليوبية,القليوبية,كفر شكر,حي قها
صيدلية رانيا,شارع الوفاء، مبنى 124، حي كفر شكر، بنها، القليوبية,القليوبية,بنها,حي كفر شكر
صيدلية حورية عبدالعزيز,شارع النخيل، مبنى 3، حي العبور، القناطر الخيرية، القليوبية,القليوبية,القناطر الخيرية,حي العبور
صيدلية طارق وحيد,شارع طلعت حرب، مبنى 17، بجوار المسجد، حي طوخ، العبور، القليوبية,القليوبية,العبور,حي طوخ
صيدلية د. عادل خالد,شارع عباس العقاد، مبنى 29، بعد محطة المترو، حي قها، بنها، القليوبية,القليوبية,بنها,حي قها
صيدلية الفردوس,شارع البنك، مبنى 16، بجانب المدرسة، حي شبرا الخيمة أول، الخانكة، القليوبية,القليوبية,الخانكة,حي شبرا الخيمة أول
صيدلية فتحي,شارع الميناء، مبنى 97، بجوار المسجد، حي الخانكة، الخصوص، القليوبية,القليوبية,الخصوص,حي الخانكة
صيدلية د. عبلة عطية,شارع الثورة، مبنى 109، بعد محطة المترو، حي شبرا الخيمة ثان، الحضائق، القليوبية,القليوبية,الحضائق,حي شبرا الخيمة ثان
صيدلية د. ناجح ضياء,شارع 26 يوليو، مبنى 111، بعد محطة المترو، حي الخانكة، طوخ، القليوبية,القليوبية,طوخ,حي الخانكة
صيدلية عمرو,شارع فلسطين، مبنى 42، حي كفر شكر، الزهور، القليوبية,القليوبية,الزهور,حي كفر شكر
صيدلية الفردوس,شارع محمد علي، مبنى 34، عند النفق، حي قليوب، قها، القليوبية,القليوبية,قها,حي قليوب
صيدلية الفردوس,شارع الوفاء، مبنى 99، حي الخانكة، طوخ، القليوبية,القليوبية,طوخ,حي الخانكة
صيدلية سعاد حسام,شارع الأزهر، مبنى 49، حي الخانكة، الخصوص، القليوبية,القليوبية,الخصوص,حي الخانكة
صيدلية العافية,شارع السادات، مبنى 83، بعد محطة المترو، حي الخصوص، شبين القناطر، القليوبية,القليوبية,شبين القناطر,حي الخصوص
صيدلية د. طارق حسين,شارع الهرم، مبنى 49، أمام البنك، حي الخانكة، بنها، القليوبية,القليوبية,بنها,حي الخانكة
صيدلية الفردوس,شارع الخليفة، مبنى 71، حي الخصوص، قليوب، القليوبية,القليوبية,قليوب,حي الخصوص
صيدلية د. بهاء أنور,شارع البحر، مبنى 119، حي العبور، الخانكة، القليوبية,القليوبية,الخانكة,حي العبور
صيدلية فتحي,شارع الأقصى، مبنى 60، عند النفق، حي كفر شكر، قليوب، القليوبية,القليوبية,قليوب,حي كفر شكر
صيدلية د. ضياء إيهاب,شارع فيصل، مبنى 117، بعد محطة المترو، حي بنها، القناطر الخيرية، القليوبية,القليوبية,القناطر الخيرية,حي بنها
صيدلية عادل,شارع الجامعة، مبنى 113، بجوار المسجد، حي بنها، الحضائق، القليوبية,القليوبية,الحضائق,حي بنها
صيدلية غادة,شارع الوحدة، مبنى 116، عند النفق، حي الخصوص، كفر شكر، القليوبية,القليوبية,كفر شكر,حي الخصوص
صيدلية أحمد محمود,شارع المدرسة، مبنى 48، بعد محطة المترو، حي قها، كفر شكر، القليوبية,القليوبية,كفر شكر,حي قها
صيدلية عزة خالد,شارع المحطة، مبنى 79، عند النفق، حي الخانكة، شبين القناطر، القليوبية,القليوبية,شبين القناطر,حي الخانكة
صيدلية سلوى عبدالجواد,شارع المعز، مبنى 51، بجوار المسجد، حي قها، الحضائق، القليوبية,القليوبية,الحضائق,حي قها
صيدلية د. سيد مجدي,شارع السوق، مبنى 79، بعد محطة المترو، حي بنها، الحضائق، القليوبية,القليوبية,الحضائق,حي بنها
صيدلية رانيا,شارع 26 يوليو، مبنى 57، أمام البنك، حي قليوب، الخصوص، القليوبية,القليوبية,الخصوص,حي قليوب
صيدلية منال أشرف,شارع البنك، مبنى 69، بعد محطة المترو، حي الخصوص، بنها، القليوبية,القليوبية,بنها,حي الخصوص
صيدلية الجمهورية,شارع مكرم عبيد، مبنى 39، بجانب المدرسة، حي كفر شكر، القناطر الخيرية، القليوبية,القليوبية,القناطر الخيرية,حي كفر شكر
صيدلية د. عبدالرحمن طارق,شارع الروضة، مبنى 109، عند النفق، حي قليوب، العبور، القليوبية,القليوبية,العبور,حي قليوب
صيدلية الفردوس,شارع البحر، مبنى 7، بجانب المدرسة، حي الخصوص، الزهور، القليوبية,القليوبية,الزهور,حي الخصوص
صيدلية الفردوس,شارع المعز، مبنى 115، بجانب المدرسة، حي قها، كفر شكر، القليوبية,القليوبية,كفر شكر,حي قها
صيدلية د. هاني وائل,شارع عباس العقاد، مبنى 105، بعد محطة المترو، حي شبرا الخيمة ثان، الزهور، القليوبية,القليوبية,الزهور,حي شبرا الخيمة ثان
صيدلية أيمن,شارع الميناء، مبنى 68، عند النفق، حي طوخ، أبو زعبل، القليوبية,القليوبية,أبو زعبل,حي طوخ
صيدلية يوسف,شارع الهرم، مبنى 99، عند النفق، حي شبرا الخيمة ثان، قها، القليوبية,القليوبية,قها,حي شبرا الخيمة ثان
صيدلية د. هاني حجازي,شارع عباس العقاد، مبنى 52، بجوار المسجد، حي العبور، الحضائق، القليوبية,القليوبية,الحضائق,حي العبور
صيدلية يوسف,شارع القنال، مبنى 85، بجوار المسجد، حي قليوب، شبين القناطر، القليوبية,القليوبية,شبين القناطر,حي قليوب
صيدلية العافية,شارع الاستقلال، مبنى 76، بجانب المدرسة، حي أبو زعبل، الخصوص، القليوبية,القليوبية,الخصوص,حي أبو زعبل
صيدلية الصحة,شارع الجامعة، مبنى 35، بجوار المسجد، حي كفر شكر، شبرا الخيمة، القليوبية,القليوبية,شبرا الخيمة,حي كفر شكر
صيدلية د. هايدي جلال,شارع السوق، مبنى 150، حي شبرا الخيمة ثان، طوخ، القليوبية,القليوبية,طوخ,حي شبرا الخيمة ثان
صيدلية رمضان منسي,شارع المعز، مبنى 16، عند النفق، حي العبور، الحضائق، القليوبية,القليوبية,الحضائق,حي العبور
صيدلية د. أنور وحيد,شارع الخزان، مبنى 24، بجوار المسجد، حي الخانكة، العبور، القليوبية,القليوبية,العبور,حي الخانكة
صيدلية الأمل,شارع رمسيس، مبنى 62، بعد محطة المترو، حي الخانكة، أبو زعبل، القليوبية,القليوبية,أبو زعبل,حي الخانكة
صيدلية د. محمود عزب,شارع الخزان، مبنى 53، حي قها، العبور، القليوبية,القليوبية,العبور,حي قها
صيدلية خالد الشيخ,شارع رمسيس، مبنى 63، عند النفق، حي قليوب، القناطر الخيرية، القليوبية,القليوبية,القناطر الخيرية,حي قليوب
صيدلية الجمهورية,شارع رمسيس، مبنى 65، أمام البنك، حي الخصوص، قليوب، القليوبية,القليوبية,قليوب,حي الخصوص
صيدلية د. إيهاب حسين,شارع المقاومة، مبنى 51، عند النفق، حي الخانكة، الخانكة، القليوبية,القليوبية,الخانكة,حي الخانكة
صيدلية عبدالله,شارع الميناء، مبنى 134، حي الخانكة، كفر شكر، القليوبية,القليوبية,كفر شكر,حي الخانكة
صيدلية جهاد,شارع النصر، مبنى 25، بجوار المسجد، حي العبور، قها، القليوبية,القليوبية,قها,حي العبور
صيدلية حسين هشام,شارع الوفاء، مبنى 124، بعد محطة المترو، حي شبرا الخيمة ثان، أبو زعبل، القليوبية,القليوبية,أبو زعبل,حي شبرا الخيمة ثان
صيدلية سامية,شارع فيصل، مبنى 49، أمام البنك، حي الخانكة، الزهور، القليوبية,القليوبية,الزهور,حي الخانكة
صيدلية د. نهى السيد,شارع محمد علي، مبنى 143، حي شبرا الخيمة أول، الزهور، القليوبية,القليوبية,الزهور,حي شبرا الخيمة أول
صيدلية العافية,شارع القنال، مبنى 46، حي كفر شكر، أبو زعبل، القليوبية,القليوبية,أبو زعبل,حي كفر شكر
صيدلية الفردوس,شارع النصر، مبنى 61، عند النفق، حي كفر شكر، الزهور، القليوبية,القليوبية,الزهور,حي كفر شكر
صيدلية د. أمل ضياء,شارع العروبة، مبنى 39، عند النفق، حي طوخ، شبرا الخيمة، القليوبية,القليوبية,شبرا الخيمة,حي طوخ
صيدلية د. أيمن السيد,شارع المقاومة، مبنى 1، بعد محطة المترو، حي كفر شكر، العبور، القليوبية,القليوبية,العبور,حي كفر شكر
صيدلية هشام,شارع الأزهر، مبنى 111، حي العبور، طوخ، القليوبية,القليوبية,طوخ,حي العبور
صيدلية الأمل,شارع الهرم، مبنى 23، عند النفق، حي بنها، القناطر الخيرية، القليوبية,القليوبية,القناطر الخيرية,حي بنها
صيدلية د. عبدالرحمن إبراهيم,شارع الميناء، مبنى 134، عند النفق، حي العبور، شبرا الخيمة، القليوبية,القليوبية,شبرا الخيمة,حي العبور
صيدلية الفردوس,شارع البنك، مبنى 127، حي الخانكة، الحضائق، القليوبية,القليوبية,الحضائق,حي الخانكة
صيدلية د. ناجح أنور,شارع الأقصى، مبنى 22، أمام البنك، حي قليوب، قليوب، القليوبية,القليوبية,قليوب,حي قليوب
صيدلية هشام,شارع الجامعة، مبنى 64، بجانب المدرسة، حي بنها، أبو زعبل، القليوبية,القليوبية,أبو زعبل,حي بنها
صيدلية د. عبدالرحمن عمر,شارع الزهراء، مبنى 40، أمام البنك، حي بنها، كفر شكر، القليوبية,القليوبية,كفر شكر,حي بنها
صيدلية د. وحيد عمرو,شارع فيصل، مبنى 64، بعد محطة المترو، حي قها، الخانكة، القليوبية,القليوبية,الخانكة,حي قها
صيدلية د. سعاد مصطفى,شارع الاستقلال، مبنى 11، أمام البنك، حي قها، شبين القناطر، القليوبية,القليوبية,شبين القناطر,حي قها
صيدلية د. إبراهيم فؤاد,شارع الثورة، مبنى 43، بجوار المسجد، حي أبو زعبل، طوخ، القليوبية,القليوبية,طوخ,حي أبو زعبل
صيدلية النور,شارع الهرم، مبنى 54، حي أبو زعبل، قليوب، القليوبية,القليوبية,قليوب,حي أبو زعبل
صيدلية د. حسين فؤاد,شارع كورنيش النيل، مبنى 128، بجانب المدرسة، حي شبرا الخيمة ثان، أبو زعبل، القليوبية,القليوبية,أبو زعبل,حي شبرا الخيمة ثان
صيدلية أيمن,شارع السوق، مبنى 118، عند النفق، حي بنها، شبرا الخيمة، القليوبية,القليوبية,شبرا الخيمة,حي بنها
صيدلية د. لواء عطية,شارع المسجد، مبنى 10، بجوار المسجد، حي قليوب، شبرا الخيمة، القليوبية,القليوبية,شبرا الخيمة,حي قليوب
صيدلية العافية,شارع النخيل، مبنى 70، حي بنها، الخصوص، القليوبية,القليوبية,الخصوص,حي بنها
صيدلية منير,شارع الجامعة، مبنى 6، عند النفق، حي أبو زعبل، الخانكة، القليوبية,القليوبية,الخانكة,حي أبو زعبل
صيدلية كمال حامد,شارع الوحدة، مبنى 25، أمام البنك، حي العبور، كفر شكر، القليوبية,القليوبية,كفر شكر,حي العبور
صيدلية د. وحيد حسين,شارع المحطة، مبنى 148، عند النفق، حي شبرا الخيمة ثان، القناطر الخيرية، القليوبية,القليوبية,القناطر الخيرية,حي شبرا الخيمة ثان
صيدلية أنور إبراهيم,شارع العروبة، مبنى 140، بجوار المسجد، حي قها، القناطر الخيرية، القليوبية,القليوبية,القناطر الخيرية,حي قها
صيدلية فتحي صبحي,شارع المعز، مبنى 2، بعد محطة المترو، حي الخصوص، كفر شكر، القليوبية,القليوبية,كفر شكر,حي الخصوص
صيدلية هاني وائل,شارع الجلاء، مبنى 42، بجوار المسجد، حي بنها، الخانكة، القليوبية,القليوبية,الخانكة,حي بنها
صيدلية د. هايدي فؤاد,شارع عباس العقاد، مبنى 56، عند النفق، حي كفر شكر، شبين القناطر، القليوبية,القليوبية,شبين القناطر,حي كفر شكر
صيدلية منير,شارع رمسيس، مبنى 20، بجوار المسجد، حي بنها، القناطر الخيرية، القليوبية,القليوبية,القناطر الخيرية,حي بنها
صيدلية ناجح,شارع السوق، مبنى 22، بجوار المسجد، حي الخصوص، بنها، القليوبية,القليوبية,بنها,حي الخصوص
صيدلية د. إيناس حسام,شارع الأقصى، مبنى 47، أمام البنك، حي أبو زعبل، أبو زعبل، القليوبية,القليوبية,أبو زعبل,حي أبو زعبل
صيدلية د. رائد حجازي,شارع مكرم عبيد، مبنى 142، بجانب المدرسة، حي قليوب، أبو زعبل، القليوبية,القليوبية,أبو زعبل,حي قليوب
صيدلية د. دينا إيهاب,شارع الطيران، مبنى 119، عند النفق، حي قليوب، أبو زعبل، القليوبية,القليوبية,أبو زعبل,حي قليوب
صيدلية علي سلامة,شارع الحرية، مبنى 125، بعد محطة المترو، حي بنها، شبين القناطر، القليوبية,القليوبية,شبين القناطر,حي بنها
صيدلية د. هشام محمد,شارع الأمل، مبنى 61، عند النفق، حي شبرا الخيمة أول، شبرا الخيمة، القليوبية,القليوبية,شبرا الخيمة,حي شبرا الخيمة أول
صيدلية عزة,شارع الأقصى، مبنى 16، بجانب المدرسة، حي شبرا الخيمة ثان، العبور، القليوبية,القليوبية,العبور,حي شبرا الخيمة ثان
صيدلية أشرف عبدالرحمن,شارع النخيل، مبنى 129، أمام البنك، حي شبرا الخيمة أول، بنها، القليوبية,القليوبية,بنها,حي شبرا الخيمة أول
صيدلية مها كمال,شارع المعز، مبنى 115، بعد محطة المترو، حي شبرا الخيمة ثان، أبو زعبل، القليوبية,القليوبية,أبو زعبل,حي شبرا الخيمة ثان
صيدلية الصحة,شارع الخليفة، مبنى 28، عند النفق، حي شبرا الخيمة أول، القناطر الخيرية، القليوبية,القليوبية,القناطر الخيرية,حي شبرا الخيمة أول
صيدلية د. إيمان خالد,شارع الخليفة، مبنى 44، بجانب المدرسة، حي أبو زعبل، الحضائق، القليوبية,القليوبية,الحضائق,حي أبو زعبل
صيدلية الجمهورية,شارع الوحدة، مبنى 27، بجانب المدرسة، حي الخصوص، الزهور، القليوبية,القليوبية,الزهور,حي الخصوص
صيدلية ناجح,شارع الجمهورية، مبنى 28، أمام البنك، حي بنها، الزهور، القليوبية,القليوبية,الزهور,حي بنها
صيدلية الصحة,شارع الوحدة، مبنى 10، بجوار المسجد، حي أبو زعبل، قها، القليوبية,القليوبية,قها,حي أبو زعبل
صيدلية د. مها عطية,شارع الثورة، مبنى 65، أمام البنك، حي الخصوص، شبرا الخيمة، القليوبية,القليوبية,شبرا الخيمة,حي الخصوص
صيدلية سامية,شارع طلعت حرب، مبنى 42، بجانب المدرسة، حي العبور، قليوب، القليوبية,القليوبية,قليوب,حي العبور
صيدلية إيهاب عبدالستار,شارع العشرين، مبنى 122، عند النفق، حي طوخ، شبين القناطر، القليوبية,القليوبية,شبين القناطر,حي طوخ
صيدلية حسن مدحت,شارع النخيل، مبنى 148، بجانب المدرسة، حي شبرا الخيمة ثان، طوخ، القليوبية,القليوبية,طوخ,حي شبرا الخيمة ثان
صيدلية د. حسين شريف,شارع العشرين، مبنى 132، أمام البنك، حي كفر شكر، كفر شكر، القليوبية,القليوبية,كفر شكر,حي كفر شكر
صيدلية د. حورية الشيخ,شارع النخيل، مبنى 42، بجوار المسجد، حي طوخ، القناطر الخيرية، القليوبية,القليوبية,القناطر الخيرية,حي طوخ
صيدلية د. وليد يوسف,شارع الأزهر، مبنى 16، حي طوخ، الزهور، القليوبية,القليوبية,الزهور,حي طوخ
صيدلية د. منير إيهاب,شارع الأزهر، مبنى 20، بجوار المسجد، حي الخصوص، العبور، القليوبية,القليوبية,العبور,حي الخصوص
صيدلية الأمل,شارع الاستقلال، مبنى 7، بجوار المسجد، حي شبرا الخيمة ثان، بنها، القليوبية,القليوبية,بنها,حي شبرا الخيمة ثان
صيدلية الصحة,شارع الميناء، مبنى 76، بعد محطة المترو، حي طوخ، الخانكة، القليوبية,القليوبية,الخانكة,حي طوخ
صيدلية الجمهورية,شارع النصر، مبنى 92، أمام البنك، حي أبو زعبل، الحضائق، القليوبية,القليوبية,الحضائق,حي أبو زعبل
صيدلية رائد,شارع 26 يوليو، مبنى 42، حي قها، شبين القناطر، القليوبية,القليوبية,شبين القناطر,حي قها
صيدلية وفاء شريف,شارع الأمل، مبنى 139، بعد محطة المترو، حي شبرا الخيمة أول، شبين القناطر، القليوبية,القليوبية,شبين القناطر,حي شبرا الخيمة أول
صيدلية د. سيد شريف,شارع الأهرام، مبنى 71، أمام البنك، حي شبرا الخيمة ثان، العبور، القليوبية,القليوبية,العبور,حي شبرا الخيمة ثان
صيدلية د. جهاد كمال,شارع الأقصى، مبنى 79، حي كفر شكر، القناطر الخيرية، القليوبية,القليوبية,القناطر الخيرية,حي كفر شكر
صيدلية د. حورية حسونة,شارع الخليفة، مبنى 88، بجوار المسجد، حي شبرا الخيمة أول، شبين القناطر، القليوبية,القليوبية,شبين القناطر,حي شبرا الخيمة أول
صيدلية د. جلال حامد,شارع الأزهر، مبنى 42، عند النفق، حي كفر شكر، الخصوص، القليوبية,القليوبية,الخصوص,حي كفر شكر
صيدلية نادية إبراهيم,شارع المدرسة، مبنى 16، حي شبرا الخيمة أول، شبرا الخيمة، القليوبية,القليوبية,شبرا الخيمة,حي شبرا الخيمة أول
صيدلية د. ليلى سيد,شارع التحرير، مبنى 119، بجانب المدرسة، حي كفر شكر، شبين القناطر، القليوبية,القليوبية,شبين القناطر,حي كفر شكر
صيدلية الأمل,شارع العشرين، مبنى 4، بجوار المسجد، حي كفر شكر، كفر شكر، القليوبية,القليوبية,كفر شكر,حي كفر شكر
صيدلية مجدي صبحي,شارع بورسعيد، مبنى 24، عند النفق، حي قليوب، قها، القليوبية,القليوبية,قها,حي قليوب
صيدلية د. نادية حسين,شارع الطيران، مبنى 144، بجانب المدرسة، حي شبرا الخيمة ثان، القناطر الخيرية، القليوبية,القليوبية,القناطر الخيرية,حي شبرا الخيمة ثان
صيدلية العافية,شارع النصر، مبنى 32، عند النفق، حي بنها، قها، القليوبية,القليوبية,قها,حي بنها
صيدلية منال,شارع الروضة، مبنى 7، أمام البنك، حي الخانكة، الحضائق، القليوبية,القليوبية,الحضائق,حي الخانكة
صيدلية د. سوسن مصطفى,شارع طلعت حرب، مبنى 10، حي أبو زعبل، طوخ، القليوبية,القليوبية,طوخ,حي أبو زعبل
صيدلية فتحي,شارع طلعت حرب، مبنى 80، أمام البنك، حي أبو زعبل، أبو زعبل، القليوبية,القليوبية,أبو زعبل,حي أبو زعبل
صيدلية العافية,شارع الثورة، مبنى 38، بعد محطة المترو، حي قها، طوخ، القليوبية,القليوبية,طوخ,حي قها
صيدلية العافية,شارع بورسعيد، مبنى 14، بجوار المسجد، حي العبور، كفر شكر، القليوبية,القليوبية,كفر شكر,حي العبور
صيدلية سوسن الفقي,شارع مكرم عبيد، مبنى 18، أمام البنك، حي قها، الخانكة، القليوبية,القليوبية,الخانكة,حي قها
صيدلية د. فتحي عبدالستار,شارع رمسيس، مبنى 11، عند النفق، حي طوخ، شبين القناطر، القليوبية,القليوبية,شبين القناطر,حي طوخ
صيدلية شريف,شارع الجمهورية، مبنى 110، بعد محطة المترو، حي شبرا الخيمة ثان، الخانكة، القليوبية,القليوبية,الخانكة,حي شبرا الخيمة ثان
صيدلية د. أمل ضياء,شارع الزهراء، مبنى 18، بعد محطة المترو، حي الخصوص، كفر شكر، القليوبية,القليوبية,كفر شكر,حي الخصوص
صيدلية أيمن السيد,شارع الاستقلال، مبنى 34، بجوار المسجد، حي كفر شكر، بنها، القليوبية,القليوبية,بنها,حي كفر شكر
صيدلية د. إيمان عوض,شارع الحرية، مبنى 46، أمام البنك، حي شبرا الخيمة ثان، طوخ، القليوبية,القليوبية,طوخ,حي شبرا الخيمة ثان
صيدلية نبيل,شارع الزهراء، مبنى 46، بجوار المسجد، حي بنها، شبين القناطر، القليوبية,القليوبية,شبين القناطر,حي بنها
صيدلية النور,شارع الأمل، مبنى 68، حي الخانكة، أبو زعبل، القليوبية,القليوبية,أبو زعبل,حي الخانكة
صيدلية حسام وحيد,شارع فلسطين، مبنى 44، بجانب المدرسة، حي قليوب، الخانكة، القليوبية,القليوبية,الخانكة,حي قليوب
صيدلية دينا حسن,شارع الميناء، مبنى 121، بجانب المدرسة، حي كفر شكر، قليوب، القليوبية,القليوبية,قليوب,حي كفر شكر
صيدلية د. عزة حسام,شارع كورنيش النيل، مبنى 74، عند النفق، حي كفر شكر، الحضائق، القليوبية,القليوبية,الحضائق,حي كفر شكر
صيدلية نبيل,شارع الأمل، مبنى 90، بعد محطة المترو، حي طوخ، بنها، القليوبية,القليوبية,بنها,حي طوخ
صيدلية الفردوس,شارع الوحدة، مبنى 81، أمام البنك، حي الخصوص، الزهور، القليوبية,القليوبية,الزهور,حي الخصوص
صيدلية د. حسين جلال,شارع الوفاء، مبنى 79، حي الخانكة، الخصوص، القليوبية,القليوبية,الخصوص,حي الخانكة
صيدلية د. عبدالرحمن أيمن,شارع النصر، مبنى 58، بعد محطة المترو، حي شبرا الخيمة ثان، بنها، القليوبية,القليوبية,بنها,حي شبرا الخيمة ثان
صيدلية أمل نبيل,شارع بورسعيد، مبنى 131، بجوار المسجد، حي أبو زعبل، العبور، القليوبية,القليوبية,العبور,حي أبو زعبل
صيدلية حسين,شارع الأقصى، مبنى 117، بعد محطة المترو، حي العبور، شبرا الخيمة، القليوبية,القليوبية,شبرا الخيمة,حي العبور
صيدلية د. شريف عمر,شارع مكرم عبيد، مبنى 18، بجوار المسجد، حي قليوب، العبور، القليوبية,القليوبية,العبور,حي قليوب
صيدلية د. إيهاب ضياء,شارع فلسطين، مبنى 61، عند النفق، حي طوخ، قليوب، القليوبية,القليوبية,قليوب,حي طوخ
صيدلية محمود أنور,شارع الأهرام، مبنى 142، بعد محطة المترو، حي شبرا الخيمة أول، الخصوص، القليوبية,القليوبية,الخصوص,حي شبرا الخيمة أول
صيدلية كمال,شارع الجمهورية، مبنى 148، أمام البنك، حي الخانكة، العبور، القليوبية,القليوبية,العبور,حي الخانكة
صيدلية جهاد,شارع الجمهورية، مبنى 24، عند النفق، حي كفر شكر، قها، القليوبية,القليوبية,قها,حي كفر شكر
صيدلية أشرف,شارع الجمهورية، مبنى 97، بجانب المدرسة، حي قليوب، قليوب، القليوبية,القليوبية,قليوب,حي قليوب
صيدلية عبلة,شارع الوفاء، مبنى 8، بجوار المسجد، حي بنها، العبور، القليوبية,القليوبية,العبور,حي بنها
صيدلية فؤاد عادل,شارع الجامعة، مبنى 37، بجوار المسجد، حي كفر شكر، العبور، القليوبية,القليوبية,العبور,حي كفر شكر
صيدلية الأمل,شارع التحرير، مبنى 15، عند النفق، حي طوخ، شبين القناطر، القليوبية,القليوبية,شبين القناطر,حي طوخ
صيدلية د. حسن هاني,شارع الجلاء، مبنى 25، بجوار المسجد، حي غرب المنصورة، نبروه، الدقهلية,الدقهلية,نبروه,حي غرب المنصورة
صيدلية د. أماني ضياء,شارع العشرين، مبنى 56، بجوار المسجد، حي المنزلة، المطرية، الدقهلية,الدقهلية,المطرية,حي المنزلة
صيدلية د. يوسف إيهاب,شارع الوحدة، مبنى 89، بجوار المسجد، حي السنبلاوين، تمي الأمديد، الدقهلية,الدقهلية,تمي الأمديد,حي السنبلاوين
صيدلية النور,شارع البحر، مبنى 43، بجوار المسجد، حي غرب المنصورة، المطرية، الدقهلية,الدقهلية,المطرية,حي غرب المنصورة
صيدلية د. ناجح مدحت,شارع البحر، مبنى 132، بجوار المسجد، حي دكرنس، بلقاس، الدقهلية,الدقهلية,بلقاس,حي دكرنس
صيدلية النور,شارع المحطة، مبنى 59، بعد محطة المترو، حي السنبلاوين، شربين، الدقهلية,الدقهلية,شربين,حي السنبلاوين
صيدلية الفردوس,شارع 26 يوليو، مبنى 128، بجوار المسجد، حي أجا، شربين، الدقهلية,الدقهلية,شربين,حي أجا
صيدلية عزة غانم,شارع الجامعة، مبنى 41، حي المنزلة، بلقاس، الدقهلية,الدقهلية,بلقاس,حي المنزلة
صيدلية د. فؤاد عزب,شارع البحر، مبنى 113، حي دكرنس، جمصة، الدقهلية,الدقهلية,جمصة,حي دكرنس
صيدلية د. يوسف حسين,شارع كورنيش النيل، مبنى 26، بجوار المسجد، حي المنزلة، المنزلة، الدقهلية,الدقهلية,المنزلة,حي المنزلة
صيدلية نبيل,شارع البنك، مبنى 62، أمام البنك، حي ميت غمر، تمي الأمديد، الدقهلية,الدقهلية,تمي الأمديد,حي ميت غمر
صيدلية د. ضياء أشرف,شارع الأقصى، مبنى 51، بعد محطة المترو، حي أجا، السنبلاوين، الدقهلية,الدقهلية,السنبلاوين,حي أجا
صيدلية الأمل,شارع الأزهر، مبنى 107، بجانب المدرسة، حي شربين، جمصة، الدقهلية,الدقهلية,جمصة,حي شربين
صيدلية د. سلوى الفقي,شارع الجلاء، مبنى 47، حي ميت غمر، منية النصر، الدقهلية,الدقهلية,منية النصر,حي ميت غمر
صيدلية جهاد غانم,شارع السادات، مبنى 33، حي شربين، بلقاس، الدقهلية,الدقهلية,بلقاس,حي شربين
صيدلية د. أيمن حسن,شارع الروضة، مبنى 114، بجوار المسجد، حي ميت غمر، المطرية، الدقهلية,الدقهلية,المطرية,حي ميت غمر
صيدلية د. سلوى عبدالستار,شارع طلعت حرب، مبنى 81، بجوار المسجد، حي دكرنس، السنبلاوين، الدقهلية,الدقهلية,السنبلاوين,حي دكرنس
صيدلية وحيد جلال,شارع الطيران، مبنى 49، حي أجا، المنصورة، الدقهلية,الدقهلية,المنصورة,حي أجا
صيدلية هشام حسونة,شارع الاستقلال، مبنى 137، عند النفق، حي المنزلة، دكرنس، الدقهلية,الدقهلية,دكرنس,حي المنزلة
صيدلية د. غادة نبيل,شارع 26 يوليو، مبنى 128، بجوار المسجد، حي السنبلاوين، منية سمنود، الدقهلية,الدقهلية,منية سمنود,حي السنبلاوين
صيدلية د. شريف عبدالستار,شارع الجلاء، مبنى 103، عند النفق، حي المنزلة، شربين، الدقهلية,الدقهلية,شربين,حي المنزلة
صيدلية د. سلوى أيمن,شارع الحرية، مبنى 121، أمام البنك، حي شرق المنصورة، نبروه، الدقهلية,الدقهلية,نبروه,حي شرق المنصورة
صيدلية د. ناجح علي,شارع المدرسة، مبنى 17، بجوار المسجد، حي شرق المنصورة، ميت غمر، الدقهلية,الدقهلية,ميت غمر,حي شرق المنصورة
صيدلية علي,شارع النصر، مبنى 132، بجانب المدرسة، حي شربين، بلقاس، الدقهلية,الدقهلية,بلقاس,حي شربين
صيدلية د. رائد وائل,شارع التحرير، مبنى 43، حي بلقاس، السنبلاوين، الدقهلية,الدقهلية,السنبلاوين,حي بلقاس
صيدلية د. هاني نبيل,شارع بورسعيد، مبنى 120، عند النفق، حي المنزلة، المنصورة، الدقهلية,الدقهلية,المنصورة,حي المنزلة
صيدلية د. رانيا وليد,شارع بورسعيد، مبنى 120، بجانب المدرسة، حي غرب المنصورة، طلخا، الدقهلية,الدقهلية,طلخا,حي غرب المنصورة
صيدلية أحمد,شارع العشرين، مبنى 125، بجوار المسجد، حي أجا، منية النصر، الدقهلية,الدقهلية,منية النصر,حي أجا
صيدلية عادل كمال,شارع النخيل، مبنى 37، بجانب المدرسة، حي المنزلة، نبروه، الدقهلية,الدقهلية,نبروه,حي المنزلة
صيدلية د. إيمان سيد,شارع الثورة، مبنى 127، عند النفق، حي المنصورة، منية النصر، الدقهلية,الدقهلية,منية النصر,حي المنصورة
صيدلية عمر منسي,شارع الاستقلال، مبنى 112، بجوار المسجد، حي أجا، شربين، الدقهلية,الدقهلية,شربين,حي أجا
صيدلية حسن حسن,شارع المسجد، مبنى 108، حي المنزلة، منية سمنود، الدقهلية,الدقهلية,منية سمنود,حي المنزلة
صيدلية الأمل,شارع العروبة، مبنى 50، بجانب المدرسة، حي شربين، المنصورة، الدقهلية,الدقهلية,المنصورة,حي شربين
صيدلية د. بهاء فؤاد,شارع العشرين، مبنى 85، بجوار المسجد، حي السنبلاوين، بلقاس، الدقهلية,الدقهلية,بلقاس,حي السنبلاوين
صيدلية د. نبيل عبدالرحمن,شارع النصر، مبنى 74، بجوار المسجد، حي دكرنس، أجا، الدقهلية,الدقهلية,أجا,حي دكرنس
صيدلية د. محمود شريف,شارع القنال، مبنى 76، عند النفق، حي طلخا، المنصورة، الدقهلية,الدقهلية,المنصورة,حي طلخا
صيدلية د. سيد حجازي,شارع رمسيس، مبنى 74، عند النفق، حي أجا، منية النصر، الدقهلية,الدقهلية,منية النصر,حي أجا
صيدلية د. نادية عزب,شارع بورسعيد، مبنى 41، عند النفق، حي غرب المنصورة، تمي الأمديد، الدقهلية,الدقهلية,تمي الأمديد,حي غرب المنصورة
صيدلية العافية,شارع الجامعة، مبنى 94، بجانب المدرسة، حي شربين، منية سمنود، الدقهلية,الدقهلية,منية سمنود,حي شربين
صيدلية النور,شارع الثورة، مبنى 6، بعد محطة المترو، حي شرق المنصورة، بلقاس، الدقهلية,الدقهلية,بلقاس,حي شرق المنصورة
صيدلية العافية,شارع الثورة، مبنى 40، بجوار المسجد، حي المنزلة، منية سمنود، الدقهلية,الدقهلية,منية سمنود,حي المنزلة
صيدلية د. وفاء عطية,شارع الأزهر، مبنى 109، حي غرب المنصورة، بلقاس، الدقهلية,الدقهلية,بلقاس,حي غرب المنصورة
صيدلية نبيل,شارع البنك، مبنى 55، بجانب المدرسة، حي المنصورة، المطرية، الدقهلية,الدقهلية,المطرية,حي المنصورة
صيدلية د. أنور عبدالستار,شارع المحطة، مبنى 88، حي بلقاس، طلخا، الدقهلية,الدقهلية,طلخا,حي بلقاس
صيدلية أماني,شارع رمسيس، مبنى 55، أمام البنك، حي شرق المنصورة، السنبلاوين، الدقهلية,الدقهلية,السنبلاوين,حي شرق المنصورة
صيدلية النور,شارع الاستقلال، مبنى 70، أمام البنك، حي دكرنس، ميت غمر، الدقهلية,الدقهلية,ميت غمر,حي دكرنس
صيدلية هاني السيد,شارع فيصل، مبنى 6، أمام البنك، حي بلقاس، المنزلة، الدقهلية,الدقهلية,المنزلة,حي بلقاس
صيدلية الصحة,شارع الزهراء، مبنى 62، بجانب المدرسة، حي ميت غمر، السنبلاوين، الدقهلية,الدقهلية,السنبلاوين,حي ميت غمر
صيدلية الصحة,شارع الطيران، مبنى 107، بجوار المسجد، حي السنبلاوين، نبروه، الدقهلية,الدقهلية,نبروه,حي السنبلاوين
صيدلية د. خالد فathy,شارع فلسطين، مبنى 32، بجانب المدرسة، حي السنبلاوين، ميت غمر، الدقهلية,الدقهلية,ميت غمر,حي السنبلاوين
صيدلية غادة عطية,شارع الأقصى، مبنى 14، بجانب المدرسة، حي المنصورة، ميت غمر، الدقهلية,الدقهلية,ميت غمر,حي المنصورة
صيدلية د. عبير نبيل,شارع الوفاء، مبنى 29، أمام البنك، حي دكرنس، السنبلاوين، الدقهلية,الدقهلية,السنبلاوين,حي دكرنس
صيدلية شريف,شارع الثورة، مبنى 141، أمام البنك، حي طلخا، منية سمنود، الدقهلية,الدقهلية,منية سمنود,حي طلخا
صيدلية رائد,شارع الميناء، مبنى 82، بجانب المدرسة، حي شرق المنصورة، نبروه، الدقهلية,الدقهلية,نبروه,حي شرق المنصورة
صيدلية عبير عادل,شارع القنال، مبنى 43، بجانب المدرسة، حي ميت غمر، دكرنس، الدقهلية,الدقهلية,دكرنس,حي ميت غمر
صيدلية الجمهورية,شارع الأزهر، مبنى 49، أمام البنك، حي ميت غمر، المنصورة، الدقهلية,الدقهلية,المنصورة,حي ميت غمر
صيدلية د. أماني الفقي,شارع مكرم عبيد، مبنى 56، بعد محطة المترو، حي دكرنس، ميت غمر، الدقهلية,الدقهلية,ميت غمر,حي دكرنس
صيدلية محمد سمير,شارع البحر، مبنى 3، عند النفق، حي غرب المنصورة، شربين، الدقهلية,الدقهلية,شربين,حي غرب المنصورة
صيدلية حسن,شارع التحرير، مبنى 79، بجوار المسجد، حي بلقاس، نبروه، الدقهلية,الدقهلية,نبروه,حي بلقاس
صيدلية د. منير الفقي,شارع الحرية، مبنى 135، عند النفق، حي ميت غمر، المطرية، الدقهلية,الدقهلية,المطرية,حي ميت غمر
صيدلية كمال عمرو,شارع فيصل، مبنى 3، بجانب المدرسة، حي دكرنس، تمي الأمديد، الدقهلية,الدقهلية,تمي الأمديد,حي دكرنس
صيدلية سلوى,شارع الأمل، مبنى 105، بعد محطة المترو، حي دكرنس، دكرنس، الدقهلية,الدقهلية,دكرنس,حي دكرنس
صيدلية النور,شارع السوق، مبنى 83، بجانب المدرسة، حي شربين، أجا، الدقهلية,الدقهلية,أجا,حي شربين
صيدلية سعيد إبراهيم,شارع المسجد، مبنى 136، بعد محطة المترو، حي المنزلة، بلقاس، الدقهلية,الدقهلية,بلقاس,حي المنزلة
صيدلية النور,شارع الميناء، مبنى 72، عند النفق، حي المنصورة، ميت غمر، الدقهلية,الدقهلية,ميت غمر,حي المنصورة
صيدلية سيد عبدالعزيز,شارع العروبة، مبنى 115، بعد محطة المترو، حي شربين، تمي الأمديد، الدقهلية,الدقهلية,تمي الأمديد,حي شربين
صيدلية هشام عوض,شارع الحرية، مبنى 99، حي دكرنس، طلخا، الدقهلية,الدقهلية,طلخا,حي دكرنس
صيدلية سلوى السيد,شارع 26 يوليو، مبنى 138، بجانب المدرسة، حي غرب المنصورة، المنزلة، الدقهلية,الدقهلية,المنزلة,حي غرب المنصورة
صيدلية النور,شارع المعز، مبنى 31، حي المنصورة، بلقاس، الدقهلية,الدقهلية,بلقاس,حي المنصورة
صيدلية عاطف حسن,شارع 26 يوليو، مبنى 149، حي دكرنس، بلقاس، الدقهلية,الدقهلية,بلقاس,حي دكرنس
صيدلية د. هاني عبدالستار,شارع العشرين، مبنى 21، بعد محطة المترو، حي شربين، ميت غمر، الدقهلية,الدقهلية,ميت غمر,حي شربين
صيدلية د. رمضان محمود,شارع الأقصى، مبنى 106، أمام البنك، حي المنزلة، منية النصر، الدقهلية,الدقهلية,منية النصر,حي المنزلة
صيدلية د. إيمان وحيد,شارع عباس العقاد، مبنى 50، بجوار المسجد، حي المنصورة، المنزلة، الدقهلية,الدقهلية,المنزلة,حي المنصورة
صيدلية الفردوس,شارع الأقصى، مبنى 148، بجوار المسجد، حي شرق المنصورة، تمي الأمديد، الدقهلية,الدقهلية,تمي الأمديد,حي شرق المنصورة
صيدلية د. مجدي أحمد,شارع الجلاء، مبنى 122، بجانب المدرسة، حي أجا، دكرنس، الدقهلية,الدقهلية,دكرنس,حي أجا
صيدلية د. هايدي إيهاب,شارع الميناء، مبنى 45، عند النفق، حي السنبلاوين، نبروه، الدقهلية,الدقهلية,نبروه,حي السنبلاوين
صيدلية الجمهورية,شارع العروبة، مبنى 23، أمام البنك، حي ميت غمر، المنزلة، الدقهلية,الدقهلية,المنزلة,حي ميت غمر
صيدلية د. جهاد حسين,شارع كورنيش النيل، مبنى 105، بجانب المدرسة، حي ميت غمر، شربين، الدقهلية,الدقهلية,شربين,حي ميت غمر
صيدلية د. عبدالله عاطف,شارع بورسعيد، مبنى 133، بجانب المدرسة، حي السنبلاوين، ميت غمر، الدقهلية,الدقهلية,ميت غمر,حي السنبلاوين
صيدلية د. عبلة عوض,شارع النخيل، مبنى 52، عند النفق، حي المنصورة، أجا، الدقهلية,الدقهلية,أجا,حي المنصورة
صيدلية د. أشرف عمرو,شارع فلسطين، مبنى 43، حي دكرنس، جمصة، الدقهلية,الدقهلية,جمصة,حي دكرنس
صيدلية الأمل,شارع الوحدة، مبنى 21، بجانب المدرسة، حي المنصورة، بلقاس، الدقهلية,الدقهلية,بلقاس,حي المنصورة
صيدلية د. وحيد خالد,شارع الجلاء، مبنى 93، بجوار المسجد، حي المنزلة، تمي الأمديد، الدقهلية,الدقهلية,تمي الأمديد,حي المنزلة
صيدلية عاصم,شارع الأزهر، مبنى 92، حي غرب المنصورة، أجا، الدقهلية,الدقهلية,أجا,حي غرب المنصورة
صيدلية د. نبيل أيمن,شارع الجمهورية، مبنى 90، عند النفق، حي غرب المنصورة، أجا، الدقهلية,الدقهلية,أجا,حي غرب المنصورة
صيدلية د. جلال أشرف,شارع كورنيش النيل، مبنى 33، بعد محطة المترو، حي المنصورة، منية سمنود، الدقهلية,الدقهلية,منية سمنود,حي المنصورة
صيدلية د. نبيل إبراهيم,شارع الأزهر، مبنى 126، حي غرب المنصورة، نبروه، الدقهلية,الدقهلية,نبروه,حي غرب المنصورة
صيدلية د. سعاد علي,شارع كورنيش النيل، مبنى 125، حي المنصورة، المنزلة، الدقهلية,الدقهلية,المنزلة,حي المنصورة
صيدلية د. صبحي سيد,شارع الجلاء، مبنى 57، بجوار المسجد، حي طلخا، جمصة، الدقهلية,الدقهلية,جمصة,حي طلخا
صيدلية د. عمر سلامة,شارع الأزهر، مبنى 133، عند النفق، حي دكرنس، المطرية، الدقهلية,الدقهلية,المطرية,حي دكرنس
صيدلية عاطف,شارع المحطة، مبنى 106، بعد محطة المترو، حي المنزلة، نبروه، الدقهلية,الدقهلية,نبروه,حي المنزلة
صيدلية د. حسن محمد,شارع بورسعيد، مبنى 33، بجانب المدرسة، حي بلقاس، ميت غمر، الدقهلية,الدقهلية,ميت غمر,حي بلقاس
صيدلية د. عادل ضياء,شارع الميناء، مبنى 131، أمام البنك، حي طلخا، شربين، الدقهلية,الدقهلية,شربين,حي طلخا
صيدلية النور,شارع المعز، مبنى 68، بعد محطة المترو، حي أجا، تمي الأمديد، الدقهلية,الدقهلية,تمي الأمديد,حي أجا
صيدلية د. عاصم عزب,شارع عباس العقاد، مبنى 118، حي ميت غمر، دكرنس، الدقهلية,الدقهلية,دكرنس,حي ميت غمر
صيدلية صبحي,شارع الأمل، مبنى 13، بجانب المدرسة، حي طلخا، نبروه، الدقهلية,الدقهلية,نبروه,حي طلخا
صيدلية د. عمر إبراهيم,شارع الوحدة، مبنى 147، أمام البنك، حي غرب المنصورة، دكرنس، الدقهلية,الدقهلية,دكرنس,حي غرب المنصورة
صيدلية عاصم نبيل,شارع البحر، مبنى 28، عند النفق، حي السنبلاوين، منية النصر، الدقهلية,الدقهلية,منية النصر,حي السنبلاوين
صيدلية سوسن,شارع النصر، مبنى 27، بعد محطة المترو، حي دكرنس، شربين، الدقهلية,الدقهلية,شربين,حي دكرنس
صيدلية سعيد أحمد,شارع 26 يوليو، مبنى 102، بجوار المسجد، حي دكرنس، منية النصر، الدقهلية,الدقهلية,منية النصر,حي دكرنس
صيدلية د. هدى أنور,شارع الثورة، مبنى 50، بجانب المدرسة، حي شربين، جمصة، الدقهلية,الدقهلية,جمصة,حي شربين
صيدلية الفردوس,شارع النخيل، مبنى 16، حي المنصورة، جمصة، الدقهلية,الدقهلية,جمصة,حي المنصورة
صيدلية عاطف,شارع فيصل، مبنى 107، بعد محطة المترو، حي غرب المنصورة، شربين، الدقهلية,الدقهلية,شربين,حي غرب المنصورة
صيدلية محمود عطية,شارع الثورة، مبنى 109، عند النفق، حي المنزلة، نبروه، الدقهلية,الدقهلية,نبروه,حي المنزلة
صيدلية د. دينا حامد,شارع الميناء، مبنى 15، بجانب المدرسة، حي شرق المنصورة، تمي الأمديد، الدقهلية,الدقهلية,تمي الأمديد,حي شرق المنصورة
صيدلية نهى يوسف,شارع البحر، مبنى 130، حي المنزلة، دكرنس، الدقهلية,الدقهلية,دكرنس,حي المنزلة
صيدلية د. رانيا نبيل,شارع الجمهورية، مبنى 9، بجانب المدرسة، حي المنصورة، منية النصر، الدقهلية,الدقهلية,منية النصر,حي المنصورة
صيدلية طارق,شارع الوحدة، مبنى 126، بعد محطة المترو، حي المنصورة، المطرية، الدقهلية,الدقهلية,المطرية,حي المنصورة
صيدلية العافية,شارع الطيران، مبنى 136، بجوار المسجد، حي طلخا، شربين، الدقهلية,الدقهلية,شربين,حي طلخا
صيدلية د. رائد وليد,شارع الجمهورية، مبنى 75، بعد محطة المترو، حي السنبلاوين، طلخا، الدقهلية,الدقهلية,طلخا,حي السنبلاوين
صيدلية نهى علي,شارع الخليفة، مبنى 31، بجوار المسجد، حي أجا، أجا، الدقهلية,الدقهلية,أجا,حي أجا
صيدلية د. وليد عادل,شارع الأهرام، مبنى 105، أمام البنك، حي المنزلة، منية النصر، الدقهلية,الدقهلية,منية النصر,حي المنزلة
صيدلية الفردوس,شارع المسجد، مبنى 109، عند النفق، حي ميت غمر، منية سمنود، الدقهلية,الدقهلية,منية سمنود,حي ميت غمر
صيدلية د. حسن ضياء,شارع الطيران، مبنى 1، حي طلخا، المنصورة، الدقهلية,الدقهلية,المنصورة,حي طلخا
صيدلية صبحي,شارع التحرير، مبنى 4، بجوار المسجد، حي المنصورة، المطرية، الدقهلية,الدقهلية,المطرية,حي المنصورة
صيدلية د. جلال الفقي,شارع فيصل، مبنى 28، حي شرق المنصورة، المطرية، الدقهلية,الدقهلية,المطرية,حي شرق المنصورة
صيدلية عبلة الفقي,شارع الهرم، مبنى 66، بجانب المدرسة، حي المنصورة، أجا، الدقهلية,الدقهلية,أجا,حي المنصورة
صيدلية إيمان,شارع طلعت حرب، مبنى 64، أمام البنك، حي شرق المنصورة، ميت غمر، الدقهلية,الدقهلية,ميت غمر,حي شرق المنصورة
صيدلية د. جهاد فؤاد,شارع فيصل، مبنى 10، أمام البنك، حي طلخا، ميت غمر، الدقهلية,الدقهلية,ميت غمر,حي طلخا
صيدلية سحر حسام,شارع الوحدة، مبنى 122، بجانب المدرسة، حي غرب المنصورة، جمصة، الدقهلية,الدقهلية,جمصة,حي غرب المنصورة
صيدلية د. بهاء وحيد,شارع الثورة، مبنى 11، حي شربين، المطرية، الدقهلية,الدقهلية,المطرية,حي شربين
صيدلية د. نعمت عبدالجواد,شارع الحرية، مبنى 104، بعد محطة المترو، حي السنبلاوين، ميت غمر، الدقهلية,الدقهلية,ميت غمر,حي السنبلاوين
صيدلية د. منال شريف,شارع المدرسة، مبنى 150، عند النفق، حي شربين، السنبلاوين، الدقهلية,الدقهلية,السنبلاوين,حي شربين
صيدلية الفردوس,شارع الجامعة، مبنى 65، بجانب المدرسة، حي شربين، دكرنس، الدقهلية,الدقهلية,دكرنس,حي شربين
صيدلية الجمهورية,شارع الثورة، مبنى 120، عند النفق، حي المنزلة، أجا، الدقهلية,الدقهلية,أجا,حي المنزلة
صيدلية عبدالعزيز مصطفى,شارع المسجد، مبنى 110، عند النفق، حي شربين، نبروه، الدقهلية,الدقهلية,نبروه,حي شربين
صيدلية أيمن,شارع رمسيس، مبنى 150، حي دكرنس، المنزلة، الدقهلية,الدقهلية,المنزلة,حي دكرنس
صيدلية د. إيناس صبحي,شارع عباس العقاد، مبنى 103، أمام البنك، حي المنزلة، ميت غمر، الدقهلية,الدقهلية,ميت غمر,حي المنزلة
صيدلية د. عبلة سيد,شارع فلسطين، مبنى 109، عند النفق، حي المنزلة، نبروه، الدقهلية,الدقهلية,نبروه,حي المنزلة
صيدلية العافية,شارع الوفاء، مبنى 136، أمام البنك، حي ميت غمر، دكرنس، الدقهلية,الدقهلية,دكرنس,حي ميت غمر
صيدلية د. وائل هاني,شارع طلعت حرب، مبنى 124، بجوار المسجد، حي السنبلاوين، السنبلاوين، الدقهلية,الدقهلية,السنبلاوين,حي السنبلاوين
صيدلية د. فاتن حجازي,شارع الميناء، مبنى 24، بجوار المسجد، حي أجا، منية سمنود، الدقهلية,الدقهلية,منية سمنود,حي أجا
صيدلية د. وليد وليد,شارع محمد علي، مبنى 80، حي أجا، طلخا، الدقهلية,الدقهلية,طلخا,حي أجا
صيدلية د. ليلى حامد,شارع الجمهورية، مبنى 17، بجانب المدرسة، حي السنبلاوين، منية سمنود، الدقهلية,الدقهلية,منية سمنود,حي السنبلاوين
صيدلية العافية,شارع محمد علي، مبنى 75، حي شربين، نبروه، الدقهلية,الدقهلية,نبروه,حي شربين
صيدلية د. عمر الشيخ,شارع العشرين، مبنى 137، حي المنزلة، منية النصر، الدقهلية,الدقهلية,منية النصر,حي المنزلة
صيدلية د. عمرو شريف,شارع المسجد، مبنى 29، حي أجا، نبروه، الدقهلية,الدقهلية,نبروه,حي أجا
صيدلية د. فؤاد حسام,شارع الجمهورية، مبنى 134، بجانب المدرسة، حي المنزلة، المنزلة، الدقهلية,الدقهلية,المنزلة,حي المنزلة
صيدلية مجدي عوض,شارع الميناء، مبنى 63، أمام البنك، حي شربين، دكرنس، الدقهلية,الدقهلية,دكرنس,حي شربين
صيدلية د. نهى هشام,شارع الأقصى، مبنى 109، بعد محطة المترو، حي شرق المنصورة، ميت غمر، الدقهلية,الدقهلية,ميت غمر,حي شرق المنصورة
صيدلية طارق,شارع الأهرام، مبنى 59، عند النفق، حي أجا، السنبلاوين، الدقهلية,الدقهلية,السنبلاوين,حي أجا
صيدلية عزة عبدالرحمن,شارع 26 يوليو، مبنى 148، بجوار المسجد، حي المنصورة، ميت غمر، الدقهلية,الدقهلية,ميت غمر,حي المنصورة
صيدلية د. عبدالعزيز محمود,شارع المدرسة، مبنى 150، أمام البنك، حي غرب المنصورة، طلخا، الدقهلية,الدقهلية,طلخا,حي غرب المنصورة
صيدلية د. إيناس أحمد,شارع فلسطين، مبنى 99، أمام البنك، حي غرب المنصورة، ميت غمر، الدقهلية,الدقهلية,ميت غمر,حي غرب المنصورة
صيدلية الصحة,شارع المحطة، مبنى 33، بجوار المسجد، حي غرب المنصورة، تمي الأمديد، الدقهلية,الدقهلية,تمي الأمديد,حي غرب المنصورة
صيدلية د. وائل عبدالرحمن,شارع الجمهورية، مبنى 64، أمام البنك، حي المنزلة، دكرنس، الدقهلية,الدقهلية,دكرنس,حي المنزلة
صيدلية د. دينا أيمن,شارع المعز، مبنى 77، بجانب المدرسة، حي أجا، المنزلة، الدقهلية,الدقهلية,المنزلة,حي أجا
صيدلية الفردوس,شارع التحرير، مبنى 131، حي بلقاس، طلخا، الدقهلية,الدقهلية,طلخا,حي بلقاس
صيدلية الصحة,شارع فيصل، مبنى 120، بعد محطة المترو، حي ميت غمر، أجا، الدقهلية,الدقهلية,أجا,حي ميت غمر
صيدلية إبراهيم إيهاب,شارع المسجد، مبنى 118، حي غرب المنصورة، نبروه، الدقهلية,الدقهلية,نبروه,حي غرب المنصورة
صيدلية سامية حجازي,شارع التحرير، مبنى 94، أمام البنك، حي أجا، منية سمنود، الدقهلية,الدقهلية,منية سمنود,حي أجا
صيدلية سحر,شارع الحرية، مبنى 126، عند النفق، حي دكرنس، بلقاس، الدقهلية,الدقهلية,بلقاس,حي دكرنس
صيدلية سمير مصطفى,شارع العروبة، مبنى 25، أمام البنك، حي بلقاس، ميت غمر، الدقهلية,الدقهلية,ميت غمر,حي بلقاس
صيدلية د. نهى عادل,شارع الميناء، مبنى 68، بجوار المسجد، حي المنصورة، شربين، الدقهلية,الدقهلية,شربين,حي المنصورة
صيدلية علي إبراهيم,شارع الميناء، مبنى 33، حي ميت غمر، تمي الأمديد، الدقهلية,الدقهلية,تمي الأمديد,حي ميت غمر
صيدلية حسام,شارع 26 يوليو، مبنى 72، بعد محطة المترو، حي المنزلة، دكرنس، الدقهلية,الدقهلية,دكرنس,حي المنزلة
صيدلية وائل عوض,شارع السوق، مبنى 7، بجوار المسجد، حي أجا، المنزلة، الدقهلية,الدقهلية,المنزلة,حي أجا
صيدلية دينا,شارع الأقصى، مبنى 53، بجانب المدرسة، حي المنصورة، السنبلاوين، الدقهلية,الدقهلية,السنبلاوين,حي المنصورة
صيدلية د. إيمان إبراهيم,شارع الزهراء، مبنى 145، بعد محطة المترو، حي ميت غمر، المنصورة، الدقهلية,الدقهلية,المنصورة,حي ميت غمر
صيدلية الصحة,شارع الخزان، مبنى 57، بعد محطة المترو، حي طلخا، ميت غمر، الدقهلية,الدقهلية,ميت غمر,حي طلخا
صيدلية د. وليد حجازي,شارع العشرين، مبنى 105، أمام البنك، حي غرب المنصورة، السنبلاوين، الدقهلية,الدقهلية,السنبلاوين,حي غرب المنصورة
صيدلية العافية,شارع الأزهر، مبنى 114، بعد محطة المترو، حي أجا، السنبلاوين، الدقهلية,الدقهلية,السنبلاوين,حي أجا
صيدلية د. جلال عزب,شارع العشرين، مبنى 26، عند النفق، حي أجا، دكرنس، الدقهلية,الدقهلية,دكرنس,حي أجا
صيدلية نادية,شارع المعز، مبنى 121، حي شربين، المنصورة، الدقهلية,الدقهلية,المنصورة,حي شربين
صيدلية عبير عوض,شارع رمسيس، مبنى 121، بجانب المدرسة، حي دكرنس، بلقاس، الدقهلية,الدقهلية,بلقاس,حي دكرنس
صيدلية د. وائل سلامة,شارع المسجد، مبنى 31، حي ميت غمر، دكرنس، الدقهلية,الدقهلية,دكرنس,حي ميت غمر
صيدلية د. سمير عبدالعزيز,شارع الميناء، مبنى 41، بعد محطة المترو، حي شربين، منية سمنود، الدقهلية,الدقهلية,منية سمنود,حي شربين
صيدلية عاطف,شارع السادات، مبنى 41، بجانب المدرسة، حي طلخا، أجا، الدقهلية,الدقهلية,أجا,حي طلخا
صيدلية د. هاني حسين,شارع السادات، مبنى 23، عند النفق، حي المنصورة، السنبلاوين، الدقهلية,الدقهلية,السنبلاوين,حي المنصورة
صيدلية د. بهاء مصطفى,شارع التحرير، مبنى 134، بجوار المسجد، حي ميت غمر، المنزلة، الدقهلية,الدقهلية,المنزلة,حي ميت غمر
صيدلية د. إيمان غانم,شارع الخزان، مبنى 30، بعد محطة المترو، حي شربين، طلخا، الدقهلية,الدقهلية,طلخا,حي شربين
صيدلية الصحة,شارع الأمل، مبنى 15، بجانب المدرسة، حي المنزلة، أجا، الدقهلية,الدقهلية,أجا,حي المنزلة
صيدلية د. سعاد طارق,شارع القنال، مبنى 73، عند النفق، حي أجا، منية سمنود، الدقهلية,الدقهلية,منية سمنود,حي أجا
صيدلية سمير,شارع الخزان، مبنى 23، حي طلخا، شربين، الدقهلية,الدقهلية,شربين,حي طلخا
صيدلية د. عمر السيد,شارع النخيل، مبنى 65، أمام البنك، حي أجا، شربين، الدقهلية,الدقهلية,شربين,حي أجا
صيدلية النور,شارع الثورة، مبنى 52، عند النفق، حي السنبلاوين، السنبلاوين، الدقهلية,الدقهلية,السنبلاوين,حي السنبلاوين
صيدلية د. جلال سيد,شارع البنك، مبنى 30، بجوار المسجد، حي دكرنس، منية النصر، الدقهلية,الدقهلية,منية النصر,حي دكرنس
صيدلية عبلة,شارع النصر، مبنى 89، عند النفق، حي دكرنس، منية النصر، الدقهلية,الدقهلية,منية النصر,حي دكرنس
صيدلية د. إيهاب طارق,شارع المسجد، مبنى 40، بعد محطة المترو، حي أجا، طلخا، الدقهلية,الدقهلية,طلخا,حي أجا
صيدلية إبراهيم,شارع الحرية، مبنى 59، بجوار المسجد، حي شرق المنصورة، طلخا، الدقهلية,الدقهلية,طلخا,حي شرق المنصورة
صيدلية د. حورية عزب,شارع الأقصى، مبنى 48، أمام البنك، حي غرب المنصورة، تمي الأمديد، الدقهلية,الدقهلية,تمي الأمديد,حي غرب المنصورة
صيدلية د. حسين غانم,شارع النخيل، مبنى 22، حي دكرنس، منية سمنود، الدقهلية,الدقهلية,منية سمنود,حي دكرنس
صيدلية الفردوس,شارع الأزهر، مبنى 130، أمام البنك، حي شرق المنصورة، تمي الأمديد، الدقهلية,الدقهلية,تمي الأمديد,حي شرق المنصورة
صيدلية د. نبيل هشام,شارع الثورة، مبنى 86، بجوار المسجد، حي دكرنس، تمي الأمديد، الدقهلية,الدقهلية,تمي الأمديد,حي دكرنس
صيدلية د. حسام عمر,شارع التحرير، مبنى 128، بجانب المدرسة، حي دكرنس، تمي الأمديد، الدقهلية,الدقهلية,تمي الأمديد,حي دكرنس
صيدلية سمير جلال,شارع الاستقلال، مبنى 111، حي طلخا، منية النصر، الدقهلية,الدقهلية,منية النصر,حي طلخا
صيدلية د. ليلى يوسف,شارع رمسيس، مبنى 24، حي أجا، أجا، الدقهلية,الدقهلية,أجا,حي أجا
صيدلية د. بهاء كمال,شارع التحرير، مبنى 91، بجوار المسجد، حي المنصورة، طلخا، الدقهلية,الدقهلية,طلخا,حي المنصورة
صيدلية د. أيمن عوض,شارع كورنيش النيل، مبنى 67، بجوار المسجد، حي شربين، المطرية، الدقهلية,الدقهلية,المطرية,حي شربين
صيدلية العافية,شارع الروضة، مبنى 136، أمام البنك، حي أجا، تمي الأمديد، الدقهلية,الدقهلية,تمي الأمديد,حي أجا
صيدلية د. إيناس الفقي,شارع الخزان، مبنى 119، حي دكرنس، منية سمنود، الدقهلية,الدقهلية,منية سمنود,حي دكرنس
صيدلية د. سيد سمير,شارع طلعت حرب، مبنى 16، عند النفق، حي أجا، دكرنس، الدقهلية,الدقهلية,دكرنس,حي أجا
صيدلية د. سيد إبراهيم,شارع كورنيش النيل، مبنى 8، بجانب المدرسة، حي بلقاس، أجا، الدقهلية,الدقهلية,أجا,حي بلقاس
صيدلية الصحة,شارع البنك، مبنى 23، أمام البنك، حي السنبلاوين، منية سمنود، الدقهلية,الدقهلية,منية سمنود,حي السنبلاوين
صيدلية د. حسن فؤاد,شارع الطيران، مبنى 40، بجانب المدرسة، حي المنصورة، أجا، الدقهلية,الدقهلية,أجا,حي المنصورة
صيدلية دينا,شارع محمد علي، مبنى 124، عند النفق، حي غرب المنصورة، السنبلاوين، الدقهلية,الدقهلية,السنبلاوين,حي غرب المنصورة
صيدلية الجمهورية,شارع الجامعة، مبنى 147، بجانب المدرسة، حي ميت غمر، ميت غمر، الدقهلية,الدقهلية,ميت غمر,حي ميت غمر
صيدلية د. عمرو إبراهيم,شارع العروبة، مبنى 73، بجوار المسجد، حي السنبلاوين، نبروه، الدقهلية,الدقهلية,نبروه,حي السنبلاوين
صيدلية عبير الفقي,شارع الوحدة، مبنى 41، بجانب المدرسة، حي أجا، طلخا، الدقهلية,الدقهلية,طلخا,حي أجا
صيدلية د. أماني حسين,شارع السوق، مبنى 41، بعد محطة المترو، حي بلقاس، نبروه، الدقهلية,الدقهلية,نبروه,حي بلقاس
صيدلية د. نعمت فؤاد,شارع المقاومة، مبنى 78، حي طلخا، المنصورة، الدقهلية,الدقهلية,المنصورة,حي طلخا
صيدلية د. نبيل فathy,شارع محمد علي، مبنى 32، بعد محطة المترو، حي شرق المنصورة، منية سمنود، الدقهلية,الدقهلية,منية سمنود,حي شرق المنصورة
صيدلية د. هشام حسام,شارع العروبة، مبنى 49، حي شربين، دكرنس، الدقهلية,الدقهلية,دكرنس,حي شربين
صيدلية عبدالعزيز ضياء,شارع الاستقلال، مبنى 46، بعد محطة المترو، حي دكرنس، السنبلاوين، الدقهلية,الدقهلية,السنبلاوين,حي دكرنس
صيدلية جلال,شارع السوق، مبنى 6، بعد محطة المترو، حي السنبلاوين، تمي الأمديد، الدقهلية,الدقهلية,تمي الأمديد,حي السنبلاوين
صيدلية كمال إيهاب,شارع المعز، مبنى 109، حي شربين، منية النصر، الدقهلية,الدقهلية,منية النصر,حي شربين
صيدلية أيمن,شارع السوق، مبنى 33، بجانب المدرسة، حي المنزلة، المنزلة، الدقهلية,الدقهلية,المنزلة,حي المنزلة
صيدلية منال,شارع المعز، مبنى 44، بجانب المدرسة، حي المنزلة، تمي الأمديد، الدقهلية,الدقهلية,تمي الأمديد,حي المنزلة
صيدلية أيمن,شارع الجامعة، مبنى 29، حي طلخا، تمي الأمديد، الدقهلية,الدقهلية,تمي الأمديد,حي طلخا
صيدلية د. حورية حسام,شارع الثورة، مبنى 74، بجانب المدرسة، حي أجا، جمصة، الدقهلية,الدقهلية,جمصة,حي أجا
صيدلية أماني أنور,شارع الأقصى، مبنى 37، بعد محطة المترو، حي السنبلاوين، تمي الأمديد، الدقهلية,الدقهلية,تمي الأمديد,حي السنبلاوين
صيدلية د. عبير يوسف,شارع الحرية، مبنى 8، حي شربين، السنبلاوين، الدقهلية,الدقهلية,السنبلاوين,حي شربين
صيدلية هايدي,شارع العروبة، مبنى 7، بعد محطة المترو، حي غرب المنصورة، منية سمنود، الدقهلية,الدقهلية,منية سمنود,حي غرب المنصورة
صيدلية الجمهورية,شارع الثورة، مبنى 80، بعد محطة المترو، حي شربين، جمصة، الدقهلية,الدقهلية,جمصة,حي شربين
صيدلية د. وائل حسونة,شارع الروضة، مبنى 35، أمام البنك، حي غرب المنصورة، أجا، الدقهلية,الدقهلية,أجا,حي غرب المنصورة
صيدلية د. سعيد عزب,شارع الخزان، مبنى 60، عند النفق، حي دكرنس، ميت غمر، الدقهلية,الدقهلية,ميت غمر,حي دكرنس
صيدلية منير أنور,شارع المدرسة، مبنى 126، بجانب المدرسة، حي أجا، ميت غمر، الدقهلية,الدقهلية,ميت غمر,حي أجا
صيدلية أيمن,شارع الميناء، مبنى 67، بجانب المدرسة، حي بلقاس، جمصة، الدقهلية,الدقهلية,جمصة,حي بلقاس
صيدلية د. حورية أشرف,شارع الحرية، مبنى 12، بجوار المسجد، حي أجا، بلقاس، الدقهلية,الدقهلية,بلقاس,حي أجا
صيدلية د. عبلة حسين,شارع الخزان، مبنى 76، بجوار المسجد، حي المنصورة، شربين، الدقهلية,الدقهلية,شربين,حي المنصورة
صيدلية هاني,شارع المعز، مبنى 61، أمام البنك، حي المنزلة، تمي الأمديد، الدقهلية,الدقهلية,تمي الأمديد,حي المنزلة
صيدلية الجمهورية,شارع محمد علي، مبنى 71، حي غرب المنصورة، شربين، الدقهلية,الدقهلية,شربين,حي غرب المنصورة
صيدلية منير عمرو,شارع النخيل، مبنى 97، عند النفق، حي بلقاس، تمي الأمديد، الدقهلية,الدقهلية,تمي الأمديد,حي بلقاس
صيدلية فاتن عزب,شارع الوفاء، مبنى 47، عند النفق، حي دكرنس، شربين، الدقهلية,الدقهلية,شربين,حي دكرنس
صيدلية د. عبدالعزيز إبراهيم,شارع البنك، مبنى 61، بجوار المسجد، حي المنصورة، بلقاس، الدقهلية,الدقهلية,بلقاس,حي المنصورة
صيدلية إيناس,شارع محمد علي، مبنى 19، بجوار المسجد، حي غرب المنصورة، طلخا، الدقهلية,الدقهلية,طلخا,حي غرب المنصورة
صيدلية وحيد عطية,شارع الأزهر، مبنى 137، حي طلخا، جمصة، الدقهلية,الدقهلية,جمصة,حي طلخا
صيدلية د. فريدة رمضان,شارع الاستقلال، مبنى 143، بجانب المدرسة، حي دكرنس، أجا، الدقهلية,الدقهلية,أجا,حي دكرنس
صيدلية د. شريف صبحي,شارع مكرم عبيد، مبنى 111، أمام البنك، حي أجا، دكرنس، الدقهلية,الدقهلية,دكرنس,حي أجا
صيدلية د. رمضان أشرف,شارع السوق، مبنى 108، بجوار المسجد، حي دكرنس، نبروه، الدقهلية,الدقهلية,نبروه,حي دكرنس
صيدلية عبدالرحمن,شارع رمسيس، مبنى 135، بعد محطة المترو، حي شربين، ميت غمر، الدقهلية,الدقهلية,ميت غمر,حي شربين
صيدلية د. ضياء غانم,شارع المسجد، مبنى 104، عند النفق، حي طلخا، أجا، الدقهلية,الدقهلية,أجا,حي طلخا
صيدلية رمضان,شارع 26 يوليو، مبنى 82، حي دكرنس، نبروه، الدقهلية,الدقهلية,نبروه,حي دكرنس
صيدلية د. فاتن حجازي,شارع مكرم عبيد، مبنى 76، عند النفق، حي بلقاس، أجا، الدقهلية,الدقهلية,أجا,حي بلقاس
صيدلية د. دينا حسام,شارع الزهراء، مبنى 87، عند النفق، حي أجا، المنزلة، الدقهلية,الدقهلية,المنزلة,حي أجا
صيدلية علي غانم,شارع النخيل، مبنى 83، عند النفق، حي طلخا، المطرية، الدقهلية,الدقهلية,المطرية,حي طلخا
صيدلية الأمل,شارع القنال، مبنى 37، حي أجا، دكرنس، الدقهلية,الدقهلية,دكرنس,حي أجا
صيدلية د. فاتن عبدالعزيز,شارع الميناء، مبنى 113، حي دكرنس، السنبلاوين، الدقهلية,الدقهلية,السنبلاوين,حي دكرنس
صيدلية د. يوسف حسين,شارع الجلاء، مبنى 78، أمام البنك، حي أجا، جمصة، الدقهلية,الدقهلية,جمصة,حي أجا
صيدلية د. حورية علي,شارع الجلاء، مبنى 29، بجوار المسجد، حي طلخا، دكرنس، الدقهلية,الدقهلية,دكرنس,حي طلخا
صيدلية د. سامية سلامة,شارع الحرية، مبنى 115، بجوار المسجد، حي ميت غمر، تمي الأمديد، الدقهلية,الدقهلية,تمي الأمديد,حي ميت غمر
صيدلية جهاد,شارع الزهراء، مبنى 13، أمام البنك، حي طلخا، منية سمنود، الدقهلية,الدقهلية,منية سمنود,حي طلخا
صيدلية د. سعيد حجازي,شارع المسجد، مبنى 136، بعد محطة المترو، حي شرق المنصورة، أجا، الدقهلية,الدقهلية,أجا,حي شرق المنصورة
صيدلية هشام,شارع المسجد، مبنى 129، بعد محطة المترو، حي المنصورة، بلقاس، الدقهلية,الدقهلية,بلقاس,حي المنصورة
صيدلية رمضان,شارع مكرم عبيد، مبنى 107، بجوار المسجد، حي أجا، جمصة، الدقهلية,الدقهلية,جمصة,حي أجا
صيدلية الأمل,شارع فلسطين، مبنى 140، بجوار المسجد، حي السنبلاوين، جمصة، الدقهلية,الدقهلية,جمصة,حي السنبلاوين
صيدلية د. خالد هاني,شارع بورسعيد، مبنى 96، بجانب المدرسة، حي ميت غمر، المنصورة، الدقهلية,الدقهلية,المنصورة,حي ميت غمر
صيدلية رمضان عبدالجواد,شارع بورسعيد، مبنى 44، حي طلخا، أجا، الدقهلية,الدقهلية,أجا,حي طلخا
صيدلية الأمل,شارع الجمهورية، مبنى 105، بجوار المسجد، حي شرق المنصورة، المنزلة، الدقهلية,الدقهلية,المنزلة,حي شرق المنصورة
صيدلية د. عاطف هشام,شارع رمسيس، مبنى 81، بجانب المدرسة، حي أجا، السنبلاوين، الدقهلية,الدقهلية,السنبلاوين,حي أجا
صيدلية هاني,شارع عباس العقاد، مبنى 66، بجوار المسجد، حي أجا، طلخا، الدقهلية,الدقهلية,طلخا,حي أجا
صيدلية أحمد,شارع السوق، مبنى 15، حي دكرنس، المنصورة، الدقهلية,الدقهلية,المنصورة,حي دكرنس
صيدلية الجمهورية,شارع المقاومة، مبنى 45، بعد محطة المترو، حي السنبلاوين، المنصورة، الدقهلية,الدقهلية,المنصورة,حي السنبلاوين
صيدلية وفاء غانم,شارع النخيل، مبنى 150، بعد محطة المترو، حي المنزلة، ميت غمر، الدقهلية,الدقهلية,ميت غمر,حي المنزلة
صيدلية أيمن,شارع الاستقلال، مبنى 34، عند النفق، حي غرب المنصورة، بلقاس، الدقهلية,الدقهلية,بلقاس,حي غرب المنصورة
صيدلية د. جهاد حسونة,شارع الخزان، مبنى 20، حي ميت غمر، ميت غمر، الدقهلية,الدقهلية,ميت غمر,حي ميت غمر
صيدلية الفردوس,شارع فيصل، مبنى 40، أمام البنك، حي المنصورة، تمي الأمديد، الدقهلية,الدقهلية,تمي الأمديد,حي المنصورة
صيدلية د. سعاد حسن,شارع السادات، مبنى 132، بجانب المدرسة، حي المنزلة، السنبلاوين، الدقهلية,الدقهلية,السنبلاوين,حي المنزلة
صيدلية أماني عبدالرحمن,شارع البنك، مبنى 91، عند النفق، حي ميت غمر، تمي الأمديد، الدقهلية,الدقهلية,تمي الأمديد,حي ميت غمر
صيدلية د. حسن منسي,شارع المسجد، مبنى 15، أمام البنك، حي السنبلاوين، دكرنس، الدقهلية,الدقهلية,دكرنس,حي السنبلاوين
صيدلية الصحة,شارع الجمهورية، مبنى 70، حي المنصورة، المنزلة، الدقهلية,الدقهلية,المنزلة,حي المنصورة
صيدلية الجمهورية,شارع فلسطين، مبنى 24، أمام البنك، حي بلقاس، نبروه، الدقهلية,الدقهلية,نبروه,حي بلقاس
صيدلية د. نهى ضياء,شارع الاستقلال، مبنى 3، عند النفق، حي شربين، منية النصر، الدقهلية,الدقهلية,منية النصر,حي شربين
صيدلية د. إبراهيم شريف,شارع الأهرام، مبنى 118، بعد محطة المترو، حي المنصورة، منية النصر، الدقهلية,الدقهلية,منية النصر,حي المنصورة
صيدلية العافية,شارع النصر، مبنى 97، بجوار المسجد، حي دكرنس، أجا، الدقهلية,الدقهلية,أجا,حي دكرنس
صيدلية د. ليلى عادل,شارع الجامعة، مبنى 133، عند النفق، حي المنصورة، طلخا، الدقهلية,الدقهلية,طلخا,حي المنصورة
صيدلية وليد عبدالجواد,شارع عباس العقاد، مبنى 69، بجانب المدرسة، حي ميت غمر، المنصورة، الدقهلية,الدقهلية,المنصورة,حي ميت غمر
صيدلية منال أحمد,شارع السادات، مبنى 130، بعد محطة المترو، حي السنبلاوين، منية النصر، الدقهلية,الدقهلية,منية النصر,حي السنبلاوين
صيدلية د. عمر إيهاب,شارع الحرية، مبنى 112، بجوار المسجد، حي طلخا، المطرية، الدقهلية,الدقهلية,المطرية,حي طلخا
صيدلية د. فتحي أيمن,شارع الخليفة، مبنى 92، بجوار المسجد، حي شرق المنصورة، بلقاس، الدقهلية,الدقهلية,بلقاس,حي شرق المنصورة
صيدلية د. مدحت سمير,شارع العروبة، مبنى 107، أمام البنك، حي بلقاس، السنبلاوين، الدقهلية,الدقهلية,السنبلاوين,حي بلقاس
صيدلية د. دينا مدحت,شارع الجمهورية، مبنى 26، بجانب المدرسة، حي المنصورة، دكرنس، الدقهلية,الدقهلية,دكرنس,حي المنصورة
صيدلية د. بهاء إبراهيم,شارع الخزان، مبنى 11، بجوار المسجد، حي بلقاس، ميت غمر، الدقهلية,الدقهلية,ميت غمر,حي بلقاس
صيدلية نهى طارق,شارع البنك، مبنى 27، بعد محطة المترو، حي ميت غمر، ميت غمر، الدقهلية,الدقهلية,ميت غمر,حي ميت غمر
صيدلية د. فؤاد عبدالجواد,شارع الجلاء، مبنى 84، بجوار المسجد، حي السنبلاوين، منية النصر، الدقهلية,الدقهلية,منية النصر,حي السنبلاوين
صيدلية بهاء حامد,شارع المحطة، مبنى 37، عند النفق، حي ميت غمر، منية النصر، الدقهلية,الدقهلية,منية النصر,حي ميت غمر
صيدلية فؤاد,شارع الجمهورية، مبنى 125، عند النفق، حي بلقاس، المنزلة، الدقهلية,الدقهلية,المنزلة,حي بلقاس
صيدلية د. فاتن خالد,شارع المقاومة، مبنى 147، بعد محطة المترو، حي المنصورة، تمي الأمديد، الدقهلية,الدقهلية,تمي الأمديد,حي المنصورة
صيدلية د. رانيا عبدالله,شارع العشرين، مبنى 25، حي المنصورة، تمي الأمديد، الدقهلية,الدقهلية,تمي الأمديد,حي المنصورة
صيدلية د. عبدالعزيز فؤاد,شارع مكرم عبيد، مبنى 15، بجوار المسجد، حي طلخا، المطرية، الدقهلية,الدقهلية,المطرية,حي طلخا
صيدلية د. فتحي جلال,شارع المقاومة، مبنى 75، بجانب المدرسة، حي شرق المنصورة، دكرنس، الدقهلية,الدقهلية,دكرنس,حي شرق المنصورة
صيدلية د. محمود حسام,شارع الاستقلال، مبنى 127، بعد محطة المترو، حي المنزلة، نبروه، الدقهلية,الدقهلية,نبروه,حي المنزلة
صيدلية عبدالله فؤاد,شارع رمسيس، مبنى 139، بجانب المدرسة، حي المنزلة، شربين، الدقهلية,الدقهلية,شربين,حي المنزلة
صيدلية د. عبلة إبراهيم,شارع المدرسة، مبنى 26، عند النفق، حي شرق المنصورة، شربين، الدقهلية,الدقهلية,شربين,حي شرق المنصورة
صيدلية د. أماني سيد,شارع فيصل، مبنى 147، عند النفق، حي طلخا، نبروه، الدقهلية,الدقهلية,نبروه,حي طلخا
صيدلية د. خالد علي,شارع السادات، مبنى 14، بعد محطة المترو، حي أجا، طلخا، الدقهلية,الدقهلية,طلخا,حي أجا
صيدلية سمير,شارع النخيل، مبنى 120، عند النفق، حي بلقاس، أجا، الدقهلية,الدقهلية,أجا,حي بلقاس
صيدلية الفردوس,شارع 26 يوليو، مبنى 98، بجوار المسجد، حي طلخا، شربين، الدقهلية,الدقهلية,شربين,حي طلخا
صيدلية حورية عبدالجواد,شارع فلسطين، مبنى 53، بعد محطة المترو، حي المنزلة، بلقاس، الدقهلية,الدقهلية,بلقاس,حي المنزلة
صيدلية د. هايدي عبدالستار,شارع فلسطين، مبنى 50، عند النفق، حي السنبلاوين، المنزلة، الدقهلية,الدقهلية,المنزلة,حي السنبلاوين
صيدلية سوسن,شارع الهرم، مبنى 62، بجانب المدرسة، حي المنزلة، منية سمنود، الدقهلية,الدقهلية,منية سمنود,حي المنزلة
صيدلية الصحة,شارع الخزان، مبنى 13، أمام البنك، حي شرق المنصورة، ميت غمر، الدقهلية,الدقهلية,ميت غمر,حي شرق المنصورة
صيدلية عمر حسين,شارع الخزان، مبنى 81، بجوار المسجد، حي المنزلة، أجا، الدقهلية,الدقهلية,أجا,حي المنزلة
صيدلية سلوى منسي,شارع الطيران، مبنى 107، عند النفق، حي دكرنس، السنبلاوين، الدقهلية,الدقهلية,السنبلاوين,حي دكرنس
صيدلية د. كمال هاني,شارع النصر، مبنى 77، عند النفق، حي ميت غمر، جمصة، الدقهلية,الدقهلية,جمصة,حي ميت غمر
صيدلية عبير إبراهيم,شارع الثورة، مبنى 84، بجانب المدرسة، حي طلخا، تمي الأمديد، الدقهلية,الدقهلية,تمي الأمديد,حي طلخا
صيدلية د. أحمد إبراهيم,شارع فلسطين، مبنى 5، حي المنزلة، أجا، الدقهلية,الدقهلية,أجا,حي المنزلة
صيدلية محمود,شارع الجلاء، مبنى 112، عند النفق، حي أجا، المنزلة، الدقهلية,الدقهلية,المنزلة,حي أجا
صيدلية سعيد,شارع رمسيس، مبنى 141، حي ميت غمر، تمي الأمديد، الدقهلية,الدقهلية,تمي الأمديد,حي ميت غمر
صيدلية الصحة,شارع المسجد، مبنى 62، بجوار المسجد، حي أجا، طلخا، الدقهلية,الدقهلية,طلخا,حي أجا
صيدلية د. عبير ضياء,شارع الجلاء، مبنى 97، بجانب المدرسة، حي المنزلة، شربين، الدقهلية,الدقهلية,شربين,حي المنزلة
صيدلية أماني رمضان,شارع الوفاء، مبنى 54، حي غرب المنصورة، شربين، الدقهلية,الدقهلية,شربين,حي غرب المنصورة
صيدلية الصحة,شارع الاستقلال، مبنى 33، بجانب المدرسة، حي دكرنس، المنصورة، الدقهلية,الدقهلية,المنصورة,حي دكرنس
صيدلية د. سعيد مصطفى,شارع فيصل، مبنى 143، بعد محطة المترو، حي غرب المنصورة، جمصة، الدقهلية,الدقهلية,جمصة,حي غرب المنصورة
صيدلية الجمهورية,شارع الأزهر، مبنى 64، بعد محطة المترو، حي طلخا، السنبلاوين، الدقهلية,الدقهلية,السنبلاوين,حي طلخا
صيدلية د. خالد السيد,شارع الاستقلال، مبنى 93، بعد محطة المترو، حي أجا، نبروه، الدقهلية,الدقهلية,نبروه,حي أجا
صيدلية العافية,شارع القنال، مبنى 84، حي دكرنس، منية سمنود، الدقهلية,الدقهلية,منية سمنود,حي دكرنس
صيدلية د. حسن مصطفى,شارع البنك، مبنى 25، حي المنصورة، تمي الأمديد، الدقهلية,الدقهلية,تمي الأمديد,حي المنصورة
صيدلية د. حسام عزب,شارع الأمل، مبنى 104، عند النفق، حي شربين، منية النصر، الدقهلية,الدقهلية,منية النصر,حي شربين
صيدلية صبحي,شارع الهرم، مبنى 32، بجوار المسجد، حي ميت غمر، شربين، الدقهلية,الدقهلية,شربين,حي ميت غمر
صيدلية الأمل,شارع الجلاء، مبنى 38، بجوار المسجد، حي شربين، جمصة، الدقهلية,الدقهلية,جمصة,حي شربين
صيدلية عادل,شارع المعز، مبنى 150، بعد محطة المترو، حي غرب المنصورة، أجا، الدقهلية,الدقهلية,أجا,حي غرب المنصورة
صيدلية الفردوس,شارع محمد علي، مبنى 127، حي شربين، السنبلاوين، الدقهلية,الدقهلية,السنبلاوين,حي شربين
صيدلية د. غادة هشام,شارع الأمل، مبنى 129، بجانب المدرسة، حي السنبلاوين، أجا، الدقهلية,الدقهلية,أجا,حي السنبلاوين
صيدلية د. سيد طارق,شارع الجمهورية، مبنى 129، حي أجا، أجا، الدقهلية,الدقهلية,أجا,حي أجا
صيدلية د. يوسف أحمد,شارع الأهرام، مبنى 131، بجوار المسجد، حي أجا، منية سمنود، الدقهلية,الدقهلية,منية سمنود,حي أجا
صيدلية د. نهى طارق,شارع المدرسة، مبنى 102، عند النفق، حي أجا، جمصة، الدقهلية,الدقهلية,جمصة,حي أجا
صيدلية سوسن إبراهيم,شارع الخليفة، مبنى 43، بجوار المسجد، حي السنبلاوين، ميت غمر، الدقهلية,الدقهلية,ميت غمر,حي السنبلاوين
صيدلية د. حورية إبراهيم,شارع محمد علي، مبنى 16، بجانب المدرسة، حي شرق المنصورة، المنصورة، الدقهلية,الدقهلية,المنصورة,حي شرق المنصورة
صيدلية علي حجازي,شارع المدرسة، مبنى 103، أمام البنك، حي دكرنس، منية سمنود، الدقهلية,الدقهلية,منية سمنود,حي دكرنس
صيدلية د. أمل هشام,شارع الجامعة، مبنى 28، عند النفق، حي المنصورة، المطرية، الدقهلية,الدقهلية,المطرية,حي المنصورة
صيدلية عبدالعزيز,شارع محمد علي، مبنى 76، عند النفق، حي أجا، جمصة، الدقهلية,الدقهلية,جمصة,حي أجا
صيدلية عمر عبدالجواد,شارع الميناء، مبنى 15، حي شرق المنصورة، شربين، الدقهلية,الدقهلية,شربين,حي شرق المنصورة
صيدلية مجدي إبراهيم,شارع فلسطين، مبنى 28، حي بلقاس، طلخا، الدقهلية,الدقهلية,طلخا,حي بلقاس
صيدلية د. صبحي علي,شارع الجمهورية، مبنى 101، حي شربين، منية النصر، الدقهلية,الدقهلية,منية النصر,حي شربين
صيدلية د. إيناس سمير,شارع المحطة، مبنى 72، عند النفق، حي السنبلاوين، منية النصر، الدقهلية,الدقهلية,منية النصر,حي السنبلاوين
صيدلية مها,شارع الجمهورية، مبنى 10، عند النفق، حي دكرنس، المنصورة، الدقهلية,الدقهلية,المنصورة,حي دكرنس
صيدلية د. محمود خالد,شارع رمسيس، مبنى 116، بجوار المسجد، حي المنزلة، ميت غمر، الدقهلية,الدقهلية,ميت غمر,حي المنزلة
صيدلية سعيد,شارع الطيران، مبنى 63، بجوار المسجد، حي بلقاس، المطرية، الدقهلية,الدقهلية,المطرية,حي بلقاس
صيدلية الصحة,شارع الأهرام، مبنى 20، حي أجا، ميت غمر، الدقهلية,الدقهلية,ميت غمر,حي أجا
صيدلية وحيد أنور,شارع الطيران، مبنى 39، عند النفق، حي فاقوس، فاقوس، الشرقية,الشرقية,فاقوس,حي فاقوس
صيدلية د. إيمان حسونة,شارع المسجد، مبنى 88، حي الزقازيق، أبو كبير، الشرقية,الشرقية,أبو كبير,حي الزقازيق
صيدلية الجمهورية,شارع الوحدة، مبنى 94، بعد محطة المترو، حي أبو كبير، فاقوس، الشرقية,الشرقية,فاقوس,حي أبو كبير
صيدلية نبيل,شارع الوحدة، مبنى 74، أمام البنك، حي العاشر من رمضان، مشتول السوق، الشرقية,الشرقية,مشتول السوق,حي العاشر من رمضان
صيدلية سعيد عبدالجواد,شارع محمد علي، مبنى 75، أمام البنك، حي أبو كبير، أبو حماد، الشرقية,الشرقية,أبو حماد,حي أبو كبير
صيدلية النور,شارع كورنيش النيل، مبنى 135، بعد محطة المترو، حي العاشر من رمضان، القنايات، الشرقية,الشرقية,القنايات,حي العاشر من رمضان
صيدلية ليلى,شارع البحر، مبنى 55، أمام البنك، حي منيا القمح، الحسينية، الشرقية,الشرقية,الحسينية,حي منيا القمح
صيدلية العافية,شارع الأمل، مبنى 81، عند النفق، حي مشتول السوق، أبو حماد، الشرقية,الشرقية,أبو حماد,حي مشتول السوق
صيدلية عادل حسين,شارع النصر، مبنى 70، حي الصالحية، ديرب نجم، الشرقية,الشرقية,ديرب نجم,حي الصالحية
صيدلية فاتن,شارع بورسعيد، مبنى 34، عند النفق، حي الحسينية، العرب، الشرقية,الشرقية,العرب,حي الحسينية
صيدلية الصحة,شارع الاستقلال، مبنى 18، حي فاقوس، الحسينية، الشرقية,الشرقية,الحسينية,حي فاقوس
صيدلية عزة,شارع المقاومة، مبنى 146، عند النفق، حي مشتول السوق، العامرية، الشرقية,الشرقية,العامرية,حي مشتول السوق
صيدلية نعمت,شارع الجمهورية، مبنى 114، عند النفق، حي أبو حماد، كفر صقر، الشرقية,الشرقية,كفر صقر,حي أبو حماد
صيدلية د. فريدة أشرف,شارع المسجد، مبنى 144، حي الصالحية، الصالحية، الشرقية,الشرقية,الصالحية,حي الصالحية
صيدلية د. سوسن عاطف,شارع عباس العقاد، مبنى 87، أمام البنك، حي الحسينية، الحسينية، الشرقية,الشرقية,الحسينية,حي الحسينية
صيدلية د. سعيد منسي,شارع الجمهورية، مبنى 102، بجانب المدرسة، حي الحسينية، بلبيس، الشرقية,الشرقية,بلبيس,حي الحسينية
صيدلية رائد,شارع العشرين، مبنى 7، عند النفق، حي الحسينية، مشتول السوق، الشرقية,الشرقية,مشتول السوق,حي الحسينية
صيدلية د. عمرو منسي,شارع الخليفة، مبنى 3، بجانب المدرسة، حي منيا القمح، العاشر من رمضان، الشرقية,الشرقية,العاشر من رمضان,حي منيا القمح
صيدلية رمضان شريف,شارع الحرية، مبنى 36، بجانب المدرسة، حي أبو كبير، العامرية، الشرقية,الشرقية,العامرية,حي أبو كبير
صيدلية د. عبلة حجازي,شارع المقاومة، مبنى 53، عند النفق، حي مشتول السوق، ديرب نجم، الشرقية,الشرقية,ديرب نجم,حي مشتول السوق
صيدلية د. خالد وحيد,شارع التحرير، مبنى 97، بجوار المسجد، حي العاشر من رمضان، العامرية، الشرقية,الشرقية,العامرية,حي العاشر من رمضان
صيدلية د. فؤاد فؤاد,شارع بورسعيد، مبنى 147، عند النفق، حي فاقوس، أولاد صقر، الشرقية,الشرقية,أولاد صقر,حي فاقوس
صيدلية د. جلال جلال,شارع الهرم، مبنى 37، بجانب المدرسة، حي الصالحية، الزقازيق، الشرقية,الشرقية,الزقازيق,حي الصالحية
صيدلية فتحي,شارع التحرير، مبنى 85، بعد محطة المترو، حي الزقازيق، بلبيس، الشرقية,الشرقية,بلبيس,حي الزقازيق
صيدلية الأمل,شارع الحرية، مبنى 28، بجانب المدرسة، حي منيا القمح، العاشر من رمضان، الشرقية,الشرقية,العاشر من رمضان,حي منيا القمح
صيدلية العافية,شارع الاستقلال، مبنى 74، بعد محطة المترو، حي مشتول السوق، فاقوس، الشرقية,الشرقية,فاقوس,حي مشتول السوق
صيدلية د. عبدالعزيز غانم,شارع الثورة، مبنى 40، بجانب المدرسة، حي الصالحية، بلبيس، الشرقية,الشرقية,بلبيس,حي الصالحية
صيدلية د. أنور إبراهيم,شارع العشرين، مبنى 59، بجوار المسجد، حي أبو حماد، القرين، الشرقية,الشرقية,القرين,حي أبو حماد
صيدلية د. صبحي الشيخ,شارع بورسعيد، مبنى 6، حي الزقازيق، الحسينية، الشرقية,الشرقية,الحسينية,حي الزقازيق
صيدلية إيمان,شارع كورنيش النيل، مبنى 24، بعد محطة المترو، حي الزقازيق، العامرية، الشرقية,الشرقية,العامرية,حي الزقازيق
صيدلية عادل فؤاد,شارع الخليفة، مبنى 76، بعد محطة المترو، حي أبو حماد، ديرب نجم، الشرقية,الشرقية,ديرب نجم,حي أبو حماد
صيدلية فاتن,شارع المعز، مبنى 150، أمام البنك، حي مشتول السوق، العاشر من رمضان، الشرقية,الشرقية,العاشر من رمضان,حي مشتول السوق
صيدلية د. مها السيد,شارع الميناء، مبنى 146، بجوار المسجد، حي مشتول السوق، بلبيس، الشرقية,الشرقية,بلبيس,حي مشتول السوق
صيدلية الجمهورية,شارع المحطة، مبنى 77، عند النفق، حي مشتول السوق، مشتول السوق، الشرقية,الشرقية,مشتول السوق,حي مشتول السوق
صيدلية د. إبراهيم عمرو,شارع الزهراء، مبنى 135، حي الزقازيق، القرين، الشرقية,الشرقية,القرين,حي الزقازيق
صيدلية د. هدى شريف,شارع الوفاء، مبنى 75، أمام البنك، حي بلبيس، منيا القمح، الشرقية,الشرقية,منيا القمح,حي بلبيس
صيدلية وائل جلال,شارع المقاومة، مبنى 58، بجانب المدرسة، حي أبو حماد، الحسينية، الشرقية,الشرقية,الحسينية,حي أبو حماد
صيدلية وائل,شارع السادات، مبنى 136، حي مشتول السوق، أبو كبير، الشرقية,الشرقية,أبو كبير,حي مشتول السوق
صيدلية نادية يوسف,شارع المدرسة، مبنى 69، عند النفق، حي الزقازيق، العامرية، الشرقية,الشرقية,العامرية,حي الزقازيق
صيدلية رانيا عبدالعزيز,شارع فلسطين، مبنى 137، عند النفق، حي منيا القمح، القنايات، الشرقية,الشرقية,القنايات,حي منيا القمح
صيدلية د. جهاد عزب,شارع العشرين، مبنى 82، بجوار المسجد، حي بلبيس، كفر صقر، الشرقية,الشرقية,كفر صقر,حي بلبيس
صيدلية د. أنور عبدالرحمن,شارع السادات، مبنى 129، بعد محطة المترو، حي بلبيس، كفر صقر، الشرقية,الشرقية,كفر صقر,حي بلبيس
صيدلية عادل,شارع الأزهر، مبنى 102، حي مشتول السوق، أبو حماد، الشرقية,الشرقية,أبو حماد,حي مشتول السوق
صيدلية غادة,شارع الأمل، مبنى 129، حي الزقازيق، مشتول السوق، الشرقية,الشرقية,مشتول السوق,حي الزقازيق
صيدلية العافية,شارع السادات، مبنى 20، حي الحسينية، منيا القمح، الشرقية,الشرقية,منيا القمح,حي الحسينية
صيدلية د. خالد وليد,شارع الحرية، مبنى 121، بعد محطة المترو، حي أبو حماد، العامرية، الشرقية,الشرقية,العامرية,حي أبو حماد
صيدلية عاصم,شارع الروضة، مبنى 49، بجوار المسجد، حي أبو حماد، ديرب نجم، الشرقية,الشرقية,ديرب نجم,حي أبو حماد
صيدلية النور,شارع النصر، مبنى 136، بجانب المدرسة، حي فاقوس، كفر صقر، الشرقية,الشرقية,كفر صقر,حي فاقوس
صيدلية د. عبدالعزيز إبراهيم,شارع الجامعة، مبنى 8، حي الزقازيق، أولاد صقر، الشرقية,الشرقية,أولاد صقر,حي الزقازيق
صيدلية د. عاصم إبراهيم,شارع كورنيش النيل، مبنى 99، بعد محطة المترو، حي أبو كبير، أبو كبير، الشرقية,الشرقية,أبو كبير,حي أبو كبير
صيدلية عادل ضياء,شارع الخليفة، مبنى 93، حي العاشر من رمضان، العامرية، الشرقية,الشرقية,العامرية,حي العاشر من رمضان
صيدلية د. عزة محمد,شارع المقاومة، مبنى 106، عند النفق، حي العاشر من رمضان، أبو حماد، الشرقية,الشرقية,أبو حماد,حي العاشر من رمضان
صيدلية د. عادل ضياء,شارع فيصل، مبنى 48، عند النفق، حي أبو كبير، العرب، الشرقية,الشرقية,العرب,حي أبو كبير
صيدلية مها عبدالله,شارع الهرم، مبنى 98، عند النفق، حي مشتول السوق، أبو كبير، الشرقية,الشرقية,أبو كبير,حي مشتول السوق
صيدلية د. عاصم أحمد,شارع البحر، مبنى 75، حي الزقازيق، ديرب نجم، الشرقية,الشرقية,ديرب نجم,حي الزقازيق
صيدلية سعيد عمر,شارع فيصل، مبنى 15، بعد محطة المترو، حي الصالحية، العامرية، الشرقية,الشرقية,العامرية,حي الصالحية
صيدلية محمد,شارع رمسيس، مبنى 4، أمام البنك، حي الزقازيق، أبو حماد، الشرقية,الشرقية,أبو حماد,حي الزقازيق
صيدلية د. عبدالرحمن خالد,شارع السادات، مبنى 21، عند النفق، حي الحسينية، الزقازيق، الشرقية,الشرقية,الزقازيق,حي الحسينية
صيدلية مجدي أحمد,شارع الميناء، مبنى 50، أمام البنك، حي أبو كبير، ههيا، الشرقية,الشرقية,ههيا,حي أبو كبير
صيدلية أشرف إبراهيم,شارع النخيل، مبنى 39، أمام البنك، حي أبو كبير، العاشر من رمضان، الشرقية,الشرقية,العاشر من رمضان,حي أبو كبير
صيدلية الجمهورية,شارع مكرم عبيد، مبنى 48، بجوار المسجد، حي أبو كبير، الزقازيق، الشرقية,الشرقية,الزقازيق,حي أبو كبير
صيدلية الصحة,شارع طلعت حرب، مبنى 36، بجوار المسجد، حي مشتول السوق، العرب، الشرقية,الشرقية,العرب,حي مشتول السوق
صيدلية ناجح عزب,شارع السادات، مبنى 57، أمام البنك، حي منيا القمح، القرين، الشرقية,الشرقية,القرين,حي منيا القمح
صيدلية د. هدى ضياء,شارع المسجد، مبنى 101، بجوار المسجد، حي العاشر من رمضان، فاقوس، الشرقية,الشرقية,فاقوس,حي العاشر من رمضان
صيدلية جهاد,شارع عباس العقاد، مبنى 11، حي العاشر من رمضان، بلبيس، الشرقية,الشرقية,بلبيس,حي العاشر من رمضان
صيدلية د. إيناس أنور,شارع القنال، مبنى 117، حي فاقوس، الحسينية، الشرقية,الشرقية,الحسينية,حي فاقوس
صيدلية فتحي عوض,شارع العروبة، مبنى 136، بجوار المسجد، حي أبو كبير، أولاد صقر، الشرقية,الشرقية,أولاد صقر,حي أبو كبير
صيدلية منير السيد,شارع النخيل، مبنى 109، حي فاقوس، الحسينية، الشرقية,الشرقية,الحسينية,حي فاقوس
صيدلية الجمهورية,شارع النصر، مبنى 63، بجانب المدرسة، حي العاشر من رمضان، الصالحية، الشرقية,الشرقية,الصالحية,حي العاشر من رمضان
صيدلية د. طارق وحيد,شارع الوحدة، مبنى 92، عند النفق، حي الصالحية، القرين، الشرقية,الشرقية,القرين,حي الصالحية
صيدلية د. طارق حجازي,شارع الأمل، مبنى 143، عند النفق، حي العاشر من رمضان، بلبيس، الشرقية,الشرقية,بلبيس,حي العاشر من رمضان
صيدلية د. سحر محمود,شارع عباس العقاد، مبنى 112، بجانب المدرسة، حي مشتول السوق، الصالحية، الشرقية,الشرقية,الصالحية,حي مشتول السوق
صيدلية د. فؤاد فؤاد,شارع البحر، مبنى 27، عند النفق، حي مشتول السوق، العامرية، الشرقية,الشرقية,العامرية,حي مشتول السوق
صيدلية صبحي أحمد,شارع النصر، مبنى 106، عند النفق، حي الصالحية، أولاد صقر، الشرقية,الشرقية,أولاد صقر,حي الصالحية
صيدلية صبحي يوسف,شارع المدرسة، مبنى 89، أمام البنك، حي أبو كبير، مشتول السوق، الشرقية,الشرقية,مشتول السوق,حي أبو كبير
صيدلية حسن,شارع الأهرام، مبنى 148، حي فاقوس، بلبيس، الشرقية,الشرقية,بلبيس,حي فاقوس
صيدلية يوسف,شارع محمد علي، مبنى 118، أمام البنك، حي منيا القمح، بلبيس، الشرقية,الشرقية,بلبيس,حي منيا القمح
صيدلية العافية,شارع السوق، مبنى 141، بجوار المسجد، حي منيا القمح، منيا القمح، الشرقية,الشرقية,منيا القمح,حي منيا القمح
صيدلية رائد,شارع المسجد، مبنى 117، عند النفق، حي بلبيس، العرب، الشرقية,الشرقية,العرب,حي بلبيس
صيدلية د. نهى الفقي,شارع النخيل، مبنى 124، حي أبو حماد، منيا القمح، الشرقية,الشرقية,منيا القمح,حي أبو حماد
صيدلية د. أمل إبراهيم,شارع محمد علي، مبنى 89، عند النفق، حي العاشر من رمضان، صان الحجر، الشرقية,الشرقية,صان الحجر,حي العاشر من رمضان
صيدلية د. سوسن حسام,شارع عباس العقاد، مبنى 21، بعد محطة المترو، حي فاقوس، الحسينية، الشرقية,الشرقية,الحسينية,حي فاقوس
صيدلية الجمهورية,شارع طلعت حرب، مبنى 67، بجوار المسجد، حي مشتول السوق، فاقوس، الشرقية,الشرقية,فاقوس,حي مشتول السوق
صيدلية رانيا,شارع الاستقلال، مبنى 75، أمام البنك، حي منيا القمح، أبو كبير، الشرقية,الشرقية,أبو كبير,حي منيا القمح
صيدلية لواء,شارع القنال، مبنى 116، حي أبو كبير، أبو كبير، الشرقية,الشرقية,أبو كبير,حي أبو كبير
صيدلية نهى,شارع التحرير، مبنى 12، عند النفق، حي بلبيس، القنايات، الشرقية,الشرقية,القنايات,حي بلبيس
صيدلية الأمل,شارع طلعت حرب، مبنى 122، بعد محطة المترو، حي مشتول السوق، الزقازيق، الشرقية,الشرقية,الزقازيق,حي مشتول السوق
صيدلية د. عبلة عوض,شارع كورنيش النيل، مبنى 38، بجانب المدرسة، حي مشتول السوق، أبو حماد، الشرقية,الشرقية,أبو حماد,حي مشتول السوق
صيدلية د. سمير وحيد,شارع الميناء، مبنى 89، حي منيا القمح، العامرية، الشرقية,الشرقية,العامرية,حي منيا القمح
صيدلية ضياء,شارع الثورة، مبنى 32، أمام البنك، حي أبو حماد، فاقوس، الشرقية,الشرقية,فاقوس,حي أبو حماد
صيدلية عبدالرحمن عاطف,شارع فلسطين، مبنى 72، أمام البنك، حي الزقازيق، أبو كبير، الشرقية,الشرقية,أبو كبير,حي الزقازيق
صيدلية خالد,شارع الجمهورية، مبنى 33، حي فاقوس، أبو حماد، الشرقية,الشرقية,أبو حماد,حي فاقوس
صيدلية عادل,شارع الخزان، مبنى 121، أمام البنك، حي أبو حماد، منيا القمح، الشرقية,الشرقية,منيا القمح,حي أبو حماد
صيدلية رانيا إبراهيم,شارع الوفاء، مبنى 127، بجانب المدرسة، حي الصالحية، أبو كبير، الشرقية,الشرقية,أبو كبير,حي الصالحية
صيدلية صبحي,شارع الميناء، مبنى 14، بجانب المدرسة، حي الزقازيق، مشتول السوق، الشرقية,الشرقية,مشتول السوق,حي الزقازيق
صيدلية خالد,شارع الميناء، مبنى 58، عند النفق، حي الحسينية، القرين، الشرقية,الشرقية,القرين,حي الحسينية
صيدلية لواء,شارع المسجد، مبنى 140، بعد محطة المترو، حي بلبيس، مشتول السوق، الشرقية,الشرقية,مشتول السوق,حي بلبيس
صيدلية إيناس عزب,شارع السادات، مبنى 85، حي منيا القمح، مشتول السوق، الشرقية,الشرقية,مشتول السوق,حي منيا القمح
صيدلية ليلى,شارع عباس العقاد، مبنى 16، بجوار المسجد، حي منيا القمح، صان الحجر، الشرقية,الشرقية,صان الحجر,حي منيا القمح
صيدلية د. حسين إبراهيم,شارع الثورة، مبنى 37، بجوار المسجد، حي الحسينية، ههيا، الشرقية,الشرقية,ههيا,حي الحسينية
صيدلية د. فاتن عبدالله,شارع القنال، مبنى 82، بجانب المدرسة، حي منيا القمح، أبو حماد، الشرقية,الشرقية,أبو حماد,حي منيا القمح
صيدلية مدحت كمال,شارع عباس العقاد، مبنى 135، حي الزقازيق، الحسينية، الشرقية,الشرقية,الحسينية,حي الزقازيق
صيدلية هايدي,شارع رمسيس، مبنى 104، بجوار المسجد، حي الصالحية، الإبراهيمية، الشرقية,الشرقية,الإبراهيمية,حي الصالحية
صيدلية العافية,شارع بورسعيد، مبنى 6، حي أبو حماد، الصالحية، الشرقية,الشرقية,الصالحية,حي أبو حماد
صيدلية الجمهورية,شارع الروضة، مبنى 1، حي فاقوس، القنايات، الشرقية,الشرقية,القنايات,حي فاقوس
صيدلية د. شريف حسين,شارع المعز، مبنى 144، حي الزقازيق، الصالحية، الشرقية,الشرقية,الصالحية,حي الزقازيق
صيدلية د. رائد حسن,شارع البحر، مبنى 59، حي الصالحية، العاشر من رمضان، الشرقية,الشرقية,العاشر من رمضان,حي الصالحية
صيدلية د. عبدالله منسي,شارع البحر، مبنى 104، بجوار المسجد، حي مشتول السوق، ههيا، الشرقية,الشرقية,ههيا,حي مشتول السوق
صيدلية د. طارق سلامة,شارع البنك، مبنى 118، بعد محطة المترو، حي فاقوس، الصالحية، الشرقية,الشرقية,الصالحية,حي فاقوس
صيدلية د. أيمن محمد,شارع السادات، مبنى 9، بجوار المسجد، حي أبو حماد، العرب، الشرقية,الشرقية,العرب,حي أبو حماد
صيدلية د. ضياء وليد,شارع النصر، مبنى 9، بجانب المدرسة، حي الزقازيق، منيا القمح، الشرقية,الشرقية,منيا القمح,حي الزقازيق
صيدلية النور,شارع الاستقلال، مبنى 99، أمام البنك، حي الزقازيق، الصالحية، الشرقية,الشرقية,الصالحية,حي الزقازيق
صيدلية د. صبحي علي,شارع المقاومة، مبنى 70، بعد محطة المترو، حي فاقوس، العامرية، الشرقية,الشرقية,العامرية,حي فاقوس
صيدلية د. إيمان عوض,شارع البحر، مبنى 1، أمام البنك، حي الصالحية، أبو كبير، الشرقية,الشرقية,أبو كبير,حي الصالحية
صيدلية حورية عبدالعزيز,شارع الجامعة، مبنى 44، عند النفق، حي الحسينية، بلبيس، الشرقية,الشرقية,بلبيس,حي الحسينية
صيدلية مها,شارع الأمل، مبنى 83، أمام البنك، حي فاقوس، أولاد صقر، الشرقية,الشرقية,أولاد صقر,حي فاقوس
صيدلية عبدالعزيز,شارع محمد علي، مبنى 119، عند النفق، حي العاشر من رمضان، فاقوس، الشرقية,الشرقية,فاقوس,حي العاشر من رمضان
صيدلية د. نادية حسونة,شارع التحرير، مبنى 32، بعد محطة المترو، حي مشتول السوق، بلبيس، الشرقية,الشرقية,بلبيس,حي مشتول السوق
صيدلية د. حسن وليد,شارع الطيران، مبنى 79، بعد محطة المترو، حي الزقازيق، العرب، الشرقية,الشرقية,العرب,حي الزقازيق
صيدلية الصحة,شارع الاستقلال، مبنى 33، بجانب المدرسة، حي الصالحية، فاقوس، الشرقية,الشرقية,فاقوس,حي الصالحية
صيدلية الأمل,شارع العروبة، مبنى 62، عند النفق، حي الصالحية، العامرية، الشرقية,الشرقية,العامرية,حي الصالحية
صيدلية يوسف,شارع الهرم، مبنى 71، بجانب المدرسة، حي مشتول السوق، أبو حماد، الشرقية,الشرقية,أبو حماد,حي مشتول السوق
صيدلية مجدي,شارع عباس العقاد، مبنى 108، بجانب المدرسة، حي منيا القمح، الحسينية، الشرقية,الشرقية,الحسينية,حي منيا القمح
صيدلية د. وفاء عبدالرحمن,شارع المعز، مبنى 68، بجانب المدرسة، حي منيا القمح، الصالحية، الشرقية,الشرقية,الصالحية,حي منيا القمح
صيدلية محمد,شارع البحر، مبنى 60، عند النفق، حي منيا القمح، القنايات، الشرقية,الشرقية,القنايات,حي منيا القمح
صيدلية الصحة,شارع طلعت حرب، مبنى 132، بجوار المسجد، حي أبو كبير، العرب، الشرقية,الشرقية,العرب,حي أبو كبير
صيدلية الأمل,شارع السادات، مبنى 80، بجانب المدرسة، حي بلبيس، مشتول السوق، الشرقية,الشرقية,مشتول السوق,حي بلبيس
صيدلية د. هشام صبحي,شارع الوحدة، مبنى 68، بجانب المدرسة، حي منيا القمح، القنايات، الشرقية,الشرقية,القنايات,حي منيا القمح
صيدلية د. فؤاد أنور,شارع الجمهورية، مبنى 98، حي بلبيس، ههيا، الشرقية,الشرقية,ههيا,حي بلبيس
صيدلية جهاد أنور,شارع الخزان، مبنى 118، بجانب المدرسة، حي الحسينية، الزقازيق، الشرقية,الشرقية,الزقازيق,حي الحسينية
صيدلية د. علي هشام,شارع التحرير، مبنى 130، بعد محطة المترو، حي الحسينية، العامرية، الشرقية,الشرقية,العامرية,حي الحسينية
صيدلية د. عادل كمال,شارع الأقصى، مبنى 13، بجوار المسجد، حي العاشر من رمضان، العامرية، الشرقية,الشرقية,العامرية,حي العاشر من رمضان
صيدلية مجدي حامد,شارع السوق، مبنى 135، حي أبو حماد، القنايات، الشرقية,الشرقية,القنايات,حي أبو حماد
صيدلية د. ليلى كمال,شارع المعز، مبنى 26، بعد محطة المترو، حي فاقوس، أولاد صقر، الشرقية,الشرقية,أولاد صقر,حي فاقوس
صيدلية د. رمضان صبحي,شارع العروبة، مبنى 82، حي بلبيس، العرب، الشرقية,الشرقية,العرب,حي بلبيس
صيدلية د. رمضان عادل,شارع فلسطين، مبنى 13، حي فاقوس، أبو كبير، الشرقية,الشرقية,أبو كبير,حي فاقوس
صيدلية يوسف,شارع الثورة، مبنى 24، بعد محطة المترو، حي الحسينية، الصالحية، الشرقية,الشرقية,الصالحية,حي الحسينية
صيدلية الجمهورية,شارع البحر، مبنى 88، عند النفق، حي بلبيس، الصالحية، الشرقية,الشرقية,الصالحية,حي بلبيس
صيدلية د. رانيا عبدالرحمن,شارع بورسعيد، مبنى 113، بجوار المسجد، حي الزقازيق، الصالحية، الشرقية,الشرقية,الصالحية,حي الزقازيق
صيدلية د. فتحي عمرو,شارع الطيران، مبنى 115، عند النفق، حي الزقازيق، الإبراهيمية، الشرقية,الشرقية,الإبراهيمية,حي الزقازيق
صيدلية منال خالد,شارع المسجد، مبنى 71، بجوار المسجد، حي بلبيس، كفر صقر، الشرقية,الشرقية,كفر صقر,حي بلبيس
صيدلية هايدي,شارع كورنيش النيل، مبنى 63، حي الزقازيق، القرين، الشرقية,الشرقية,القرين,حي الزقازيق
صيدلية علي علي,شارع مكرم عبيد، مبنى 46، بجوار المسجد، حي الصالحية، القرين، الشرقية,الشرقية,القرين,حي الصالحية
صيدلية منير حجازي,شارع الجمهورية، مبنى 119، بجوار المسجد، حي أبو كبير، العاشر من رمضان، الشرقية,الشرقية,العاشر من رمضان,حي أبو كبير
صيدلية الجمهورية,شارع الثورة، مبنى 57، عند النفق، حي فاقوس، القرين، الشرقية,الشرقية,القرين,حي فاقوس
صيدلية الجمهورية,شارع المدرسة، مبنى 56، حي الصالحية، العاشر من رمضان، الشرقية,الشرقية,العاشر من رمضان,حي الصالحية
صيدلية مها,شارع 26 يوليو، مبنى 67، عند النفق، حي مشتول السوق، الصالحية، الشرقية,الشرقية,الصالحية,حي مشتول السوق
صيدلية عزة عادل,شارع المقاومة، مبنى 106، بجوار المسجد، حي بلبيس، العامرية، الشرقية,الشرقية,العامرية,حي بلبيس
صيدلية الجمهورية,شارع فيصل، مبنى 67، أمام البنك، حي فاقوس، الإبراهيمية، الشرقية,الشرقية,الإبراهيمية,حي فاقوس
صيدلية د. سعيد عمر,شارع الطيران، مبنى 29، عند النفق، حي الحسينية، مشتول السوق، الشرقية,الشرقية,مشتول السوق,حي الحسينية
صيدلية الصحة,شارع القنال، مبنى 49، عند النفق، حي أبو حماد، مشتول السوق، الشرقية,الشرقية,مشتول السوق,حي أبو حماد
صيدلية د. لواء سلامة,شارع الخزان، مبنى 96، حي الزقازيق، القنايات، الشرقية,الشرقية,القنايات,حي الزقازيق
صيدلية د. ليلى حسام,شارع طلعت حرب، مبنى 118، بجانب المدرسة، حي الزقازيق، العاشر من رمضان، الشرقية,الشرقية,العاشر من رمضان,حي الزقازيق
صيدلية فؤاد,شارع الوفاء، مبنى 68، بعد محطة المترو، حي الصالحية، أبو كبير، الشرقية,الشرقية,أبو كبير,حي الصالحية
صيدلية فاتن أيمن,شارع بورسعيد، مبنى 31، عند النفق، حي أبو حماد، ههيا، الشرقية,الشرقية,ههيا,حي أبو حماد
صيدلية الجمهورية,شارع بورسعيد، مبنى 145، بعد محطة المترو، حي مشتول السوق، الصالحية، الشرقية,الشرقية,الصالحية,حي مشتول السوق
صيدلية د. حسين عوض,شارع الجلاء، مبنى 114، عند النفق، حي الصالحية، صان الحجر، الشرقية,الشرقية,صان الحجر,حي الصالحية
صيدلية أشرف هاني,شارع الخليفة، مبنى 10، حي فاقوس، أبو كبير، الشرقية,الشرقية,أبو كبير,حي فاقوس
صيدلية الفردوس,شارع الوحدة، مبنى 29، بجانب المدرسة، حي منيا القمح، العاشر من رمضان، الشرقية,الشرقية,العاشر من رمضان,حي منيا القمح
صيدلية د. أنور سلامة,شارع النخيل، مبنى 109، بجانب المدرسة، حي منيا القمح، الصالحية، الشرقية,الشرقية,الصالحية,حي منيا القمح
صيدلية د. إيهاب مدحت,شارع البحر، مبنى 4، عند النفق، حي بلبيس، منيا القمح، الشرقية,الشرقية,منيا القمح,حي بلبيس
صيدلية محمد حامد,شارع الميناء، مبنى 105، بجانب المدرسة، حي أبو كبير، العامرية، الشرقية,الشرقية,العامرية,حي أبو كبير
صيدلية د. مها السيد,شارع الميناء، مبنى 90، بجوار المسجد، حي العاشر من رمضان، القرين، الشرقية,الشرقية,القرين,حي العاشر من رمضان
صيدلية عبدالرحمن سلامة,شارع العروبة، مبنى 35، حي العاشر من رمضان، الحسينية، الشرقية,الشرقية,الحسينية,حي العاشر من رمضان
صيدلية د. صبحي فؤاد,شارع الأمل، مبنى 135، بجانب المدرسة، حي منيا القمح، أبو كبير، الشرقية,الشرقية,أبو كبير,حي منيا القمح
صيدلية عبدالعزيز,شارع الروضة، مبنى 150، بعد محطة المترو، حي منيا القمح، القرين، الشرقية,الشرقية,القرين,حي منيا القمح
صيدلية العافية,شارع الوفاء، مبنى 110، حي منيا القمح، منيا القمح، الشرقية,الشرقية,منيا القمح,حي منيا القمح
صيدلية د. وليد أشرف,شارع بورسعيد، مبنى 9، بجوار المسجد، حي الصالحية، القنايات، الشرقية,الشرقية,القنايات,حي الصالحية
صيدلية د. أنور علي,شارع المدرسة، مبنى 138، بعد محطة المترو، حي الصالحية، بلبيس، الشرقية,الشرقية,بلبيس,حي الصالحية
صيدلية الفردوس,شارع الثورة، مبنى 14، أمام البنك، حي منيا القمح، منيا القمح، الشرقية,الشرقية,منيا القمح,حي منيا القمح
صيدلية محمود أشرف,شارع فلسطين، مبنى 19، بعد محطة المترو، حي أبو حماد، صان الحجر، الشرقية,الشرقية,صان الحجر,حي أبو حماد
صيدلية الجمهورية,شارع المسجد، مبنى 29، أمام البنك، حي مشتول السوق، أبو كبير، الشرقية,الشرقية,أبو كبير,حي مشتول السوق
صيدلية د. حورية خالد,شارع الروضة، مبنى 89، بجوار المسجد، حي أبو حماد، صان الحجر، الشرقية,الشرقية,صان الحجر,حي أبو حماد
صيدلية د. إبراهيم رمضان,شارع الطيران، مبنى 138، بجانب المدرسة، حي فاقوس، الزقازيق، الشرقية,الشرقية,الزقازيق,حي فاقوس
صيدلية الجمهورية,شارع السادات، مبنى 25، عند النفق، حي بلبيس، كفر صقر، الشرقية,الشرقية,كفر صقر,حي بلبيس
صيدلية د. جهاد حسن,شارع الخزان، مبنى 3، عند النفق، حي منيا القمح، منيا القمح، الشرقية,الشرقية,منيا القمح,حي منيا القمح
صيدلية د. ليلى عوض,شارع الأهرام، مبنى 130، عند النفق، حي منيا القمح، الزقازيق، الشرقية,الشرقية,الزقازيق,حي منيا القمح
صيدلية د. فتحي حسين,شارع رمسيس، مبنى 91، أمام البنك، حي منيا القمح، العامرية، الشرقية,الشرقية,العامرية,حي منيا القمح
صيدلية أمل وحيد,شارع طلعت حرب، مبنى 49، حي العاشر من رمضان، العامرية، الشرقية,الشرقية,العامرية,حي العاشر من رمضان
صيدلية فاتن مجدي,شارع رمسيس، مبنى 72، بجانب المدرسة، حي مشتول السوق، ههيا، الشرقية,الشرقية,ههيا,حي مشتول السوق
صيدلية وحيد,شارع بورسعيد، مبنى 21، بعد محطة المترو، حي فاقوس، أبو كبير، الشرقية,الشرقية,أبو كبير,حي فاقوس
صيدلية الصحة,شارع 26 يوليو، مبنى 137، بجانب المدرسة، حي الحسينية، أبو كبير، الشرقية,الشرقية,أبو كبير,حي الحسينية
صيدلية عمر,شارع العشرين، مبنى 41، عند النفق، حي العاشر من رمضان، العاشر من رمضان، الشرقية,الشرقية,العاشر من رمضان,حي العاشر من رمضان
صيدلية د. عبلة حسين,شارع العشرين، مبنى 94، حي بلبيس، ديرب نجم، الشرقية,الشرقية,ديرب نجم,حي بلبيس
صيدلية د. علي عوض,شارع التحرير، مبنى 40، بعد محطة المترو، حي منيا القمح، ديرب نجم، الشرقية,الشرقية,ديرب نجم,حي منيا القمح
صيدلية د. رائد إيهاب,شارع المقاومة، مبنى 14، بعد محطة المترو، حي منيا القمح، أبو كبير، الشرقية,الشرقية,أبو كبير,حي منيا القمح
صيدلية د. مدحت إبراهيم,شارع بورسعيد، مبنى 99، بجوار المسجد، حي العاشر من رمضان، الزقازيق، الشرقية,الشرقية,الزقازيق,حي العاشر من رمضان
صيدلية د. أيمن الفقي,شارع البنك، مبنى 148، أمام البنك، حي العاشر من رمضان، فاقوس، الشرقية,الشرقية,فاقوس,حي العاشر من رمضان
صيدلية العافية,شارع فيصل، مبنى 120، عند النفق، حي الحسينية، القنايات، الشرقية,الشرقية,القنايات,حي الحسينية
صيدلية د. أيمن فathy,شارع الخزان، مبنى 51، أمام البنك، حي أبو كبير، الصالحية، الشرقية,الشرقية,الصالحية,حي أبو كبير
صيدلية طارق,شارع الجمهورية، مبنى 96، عند النفق، حي أبو حماد، العاشر من رمضان، الشرقية,الشرقية,العاشر من رمضان,حي أبو حماد
صيدلية نهى عوض,شارع رمسيس، مبنى 123، بجانب المدرسة، حي منيا القمح، القرين، الشرقية,الشرقية,القرين,حي منيا القمح
صيدلية عمر,شارع الوفاء، مبنى 11، بجانب المدرسة، حي أبو كبير، أبو كبير، الشرقية,الشرقية,أبو كبير,حي أبو كبير
صيدلية الجمهورية,شارع البحر، مبنى 14، حي الصالحية، الإبراهيمية، الشرقية,الشرقية,الإبراهيمية,حي الصالحية
صيدلية سعاد إبراهيم,شارع المقاومة، مبنى 21، بجوار المسجد، حي منيا القمح، ههيا، الشرقية,الشرقية,ههيا,حي منيا القمح
صيدلية رانيا,شارع محمد علي، مبنى 89، بجوار المسجد، حي العاشر من رمضان، الحسينية، الشرقية,الشرقية,الحسينية,حي العاشر من رمضان
صيدلية د. محمد عمر,شارع الهرم، مبنى 40، بجانب المدرسة، حي الزقازيق، الإبراهيمية، الشرقية,الشرقية,الإبراهيمية,حي الزقازيق
صيدلية د. أيمن عبدالعزيز,شارع الاستقلال، مبنى 118، بجانب المدرسة، حي الصالحية، ههيا، الشرقية,الشرقية,ههيا,حي الصالحية
صيدلية د. أحمد مصطفى,شارع الأمل، مبنى 125، أمام البنك، حي العاشر من رمضان، الحسينية، الشرقية,الشرقية,الحسينية,حي العاشر من رمضان
صيدلية إيمان,شارع الأقصى، مبنى 110، أمام البنك، حي أبو حماد، كفر صقر، الشرقية,الشرقية,كفر صقر,حي أبو حماد
صيدلية الفردوس,شارع الثورة، مبنى 34، أمام البنك، حي الحسينية، مشتول السوق، الشرقية,الشرقية,مشتول السوق,حي الحسينية
صيدلية د. يوسف سلامة,شارع السادات، مبنى 107، بعد محطة المترو، حي الحسينية، مشتول السوق، الشرقية,الشرقية,مشتول السوق,حي الحسينية
صيدلية أنور,شارع النصر، مبنى 147، بجوار المسجد، حي أبو كبير، الحسينية، الشرقية,الشرقية,الحسينية,حي أبو كبير
صيدلية د. دينا إبراهيم,شارع الاستقلال، مبنى 1، عند النفق، حي منيا القمح، ههيا، الشرقية,الشرقية,ههيا,حي منيا القمح
صيدلية محمد شريف,شارع الأهرام، مبنى 133، بعد محطة المترو، حي بلبيس، القنايات، الشرقية,الشرقية,القنايات,حي بلبيس
صيدلية د. ضياء كمال,شارع السوق، مبنى 59، بجانب المدرسة، حي الزقازيق، العاشر من رمضان، الشرقية,الشرقية,العاشر من رمضان,حي الزقازيق
صيدلية الصحة,شارع 26 يوليو، مبنى 74، حي منيا القمح، ههيا، الشرقية,الشرقية,ههيا,حي منيا القمح
صيدلية الصحة,شارع الهرم، مبنى 70، أمام البنك، حي فاقوس، القرين، الشرقية,الشرقية,القرين,حي فاقوس
صيدلية عمرو حامد,شارع 26 يوليو، مبنى 82، بعد محطة المترو، حي بلبيس، القرين، الشرقية,الشرقية,القرين,حي بلبيس
صيدلية العافية,شارع محمد علي، مبنى 1، أمام البنك، حي بلبيس، ههيا، الشرقية,الشرقية,ههيا,حي بلبيس
صيدلية صبحي كمال,شارع المسجد، مبنى 48، حي العاشر من رمضان، منيا القمح، الشرقية,الشرقية,منيا القمح,حي العاشر من رمضان
صيدلية د. إبراهيم حامد,شارع طلعت حرب، مبنى 150، بجانب المدرسة، حي الحسينية، الصالحية، الشرقية,الشرقية,الصالحية,حي الحسينية
صيدلية الفردوس,شارع العروبة، مبنى 128، بجوار المسجد، حي الصالحية، العرب، الشرقية,الشرقية,العرب,حي الصالحية
صيدلية سلوى هشام,شارع الجامعة، مبنى 13، أمام البنك، حي الحسينية، كفر صقر، الشرقية,الشرقية,كفر صقر,حي الحسينية
صيدلية د. مجدي عبدالله,شارع الخليفة، مبنى 73، عند النفق، حي الحسينية، الزقازيق، الشرقية,الشرقية,الزقازيق,حي الحسينية
صيدلية أمل,شارع الهرم، مبنى 86، عند النفق، حي أبو كبير، كفر صقر، الشرقية,الشرقية,كفر صقر,حي أبو كبير
صيدلية أحمد فؤاد,شارع طلعت حرب، مبنى 13، أمام البنك، حي بلبيس، الحسينية، الشرقية,الشرقية,الحسينية,حي بلبيس
صيدلية الصحة,شارع فلسطين، مبنى 77، أمام البنك، حي الحسينية، الزقازيق، الشرقية,الشرقية,الزقازيق,حي الحسينية
صيدلية أحمد,شارع السادات، مبنى 82، بجانب المدرسة، حي بلبيس، مشتول السوق، الشرقية,الشرقية,مشتول السوق,حي بلبيس
صيدلية د. إيمان مدحت,شارع بورسعيد، مبنى 104، بعد محطة المترو، حي فاقوس، بلبيس، الشرقية,الشرقية,بلبيس,حي فاقوس
صيدلية أيمن,شارع المعز، مبنى 142، عند النفق، حي الزقازيق، الصالحية، الشرقية,الشرقية,الصالحية,حي الزقازيق
صيدلية عاطف كمال,شارع الجمهورية، مبنى 63، بجوار المسجد، حي مشتول السوق، أبو حماد، الشرقية,الشرقية,أبو حماد,حي مشتول السوق
صيدلية د. نعمت عبدالعزيز,شارع الخليفة، مبنى 35، حي الحسينية، ههيا، الشرقية,الشرقية,ههيا,حي الحسينية
صيدلية العافية,شارع المحطة، مبنى 121، أمام البنك، حي أبو حماد، منيا القمح، الشرقية,الشرقية,منيا القمح,حي أبو حماد
صيدلية د. محمد رمضان,شارع الأمل، مبنى 123، حي بلبيس، منيا القمح، الشرقية,الشرقية,منيا القمح,حي بلبيس
صيدلية نبيل,شارع بورسعيد، مبنى 55، بجوار المسجد، حي بلبيس، الحسينية، الشرقية,الشرقية,الحسينية,حي بلبيس
صيدلية حسام,شارع البحر، مبنى 41، بجانب المدرسة، حي أبو كبير، صان الحجر، الشرقية,الشرقية,صان الحجر,حي أبو كبير
صيدلية د. طارق الفقي,شارع السادات، مبنى 110، حي العاشر من رمضان، العاشر من رمضان، الشرقية,الشرقية,العاشر من رمضان,حي العاشر من رمضان
صيدلية عبلة,شارع الطيران، مبنى 39، بعد محطة المترو، حي الزقازيق، القنايات، الشرقية,الشرقية,القنايات,حي الزقازيق
صيدلية أمل أيمن,شارع الميناء، مبنى 62، أمام البنك، حي مشتول السوق، القنايات، الشرقية,الشرقية,القنايات,حي مشتول السوق
صيدلية د. ناجح مجدي,شارع الزهراء، مبنى 62، عند النفق، حي منيا القمح، الصالحية، الشرقية,الشرقية,الصالحية,حي منيا القمح
صيدلية د. وحيد خالد,شارع الأمل، مبنى 44، أمام البنك، حي الحسينية، كفر صقر، الشرقية,الشرقية,كفر صقر,حي الحسينية
صيدلية د. بهاء حامد,شارع الزهراء، مبنى 47، عند النفق، حي الصالحية، الزقازيق، الشرقية,الشرقية,الزقازيق,حي الصالحية
صيدلية د. وائل أنور,شارع طلعت حرب، مبنى 78، أمام البنك، حي الزقازيق، ديرب نجم، الشرقية,الشرقية,ديرب نجم,حي الزقازيق
صيدلية حسين,شارع التحرير، مبنى 29، بعد محطة المترو، حي الحسينية، منيا القمح، الشرقية,الشرقية,منيا القمح,حي الحسينية
صيدلية رانيا,شارع الحرية، مبنى 93، عند النفق، حي الصالحية، صان الحجر، الشرقية,الشرقية,صان الحجر,حي الصالحية
صيدلية الأمل,شارع القنال، مبنى 35، بجوار المسجد، حي الصالحية، أبو حماد، الشرقية,الشرقية,أبو حماد,حي الصالحية
صيدلية عزة جلال,شارع محمد علي، مبنى 51، بجوار المسجد، حي الزقازيق، فاقوس، الشرقية,الشرقية,فاقوس,حي الزقازيق
صيدلية د. إيناس محمد,شارع البنك، مبنى 129، حي الحسينية، مشتول السوق، الشرقية,الشرقية,مشتول السوق,حي الحسينية
صيدلية رانيا رمضان,شارع الأمل، مبنى 77، عند النفق، حي فاقوس، مشتول السوق، الشرقية,الشرقية,مشتول السوق,حي فاقوس
صيدلية د. أحمد فؤاد,شارع النصر، مبنى 62، بعد محطة المترو، حي الحسينية، أولاد صقر، الشرقية,الشرقية,أولاد صقر,حي الحسينية
صيدلية سيد عمرو,شارع العشرين، مبنى 109، أمام البنك، حي الزقازيق، صان الحجر، الشرقية,الشرقية,صان الحجر,حي الزقازيق
صيدلية د. حورية وليد,شارع الزهراء، مبنى 83، بجوار المسجد، حي الصالحية، الزقازيق، الشرقية,الشرقية,الزقازيق,حي الصالحية
صيدلية د. عبلة حجازي,شارع البنك، مبنى 71، حي الحسينية، مشتول السوق، الشرقية,الشرقية,مشتول السوق,حي الحسينية
صيدلية د. هاني الفقي,شارع السوق، مبنى 90، بعد محطة المترو، حي بلبيس، الزقازيق، الشرقية,الشرقية,الزقازيق,حي بلبيس
صيدلية أحمد,شارع الحرية، مبنى 36، حي أبو كبير، أولاد صقر، الشرقية,الشرقية,أولاد صقر,حي أبو كبير
صيدلية د. عاطف أحمد,شارع عباس العقاد، مبنى 116، عند النفق، حي فاقوس، الصالحية، الشرقية,الشرقية,الصالحية,حي فاقوس
صيدلية عمر وحيد,شارع العشرين، مبنى 117، بعد محطة المترو، حي منيا القمح، القنايات، الشرقية,الشرقية,القنايات,حي منيا القمح
صيدلية د. سمير حامد,شارع فلسطين، مبنى 43، بجوار المسجد، حي الحسينية، بلبيس، الشرقية,الشرقية,بلبيس,حي الحسينية
صيدلية د. يوسف سلامة,شارع التحرير، مبنى 53، بجانب المدرسة، حي أبو كبير، العاشر من رمضان، الشرقية,الشرقية,العاشر من رمضان,حي أبو كبير
صيدلية سمير وليد,شارع الأهرام، مبنى 56، عند النفق، حي العاشر من رمضان، الإبراهيمية، الشرقية,الشرقية,الإبراهيمية,حي العاشر من رمضان
صيدلية د. عبلة منسي,شارع بورسعيد، مبنى 18، بعد محطة المترو، حي بلبيس، أولاد صقر، الشرقية,الشرقية,أولاد صقر,حي بلبيس
صيدلية الصحة,شارع الأزهر، مبنى 16، أمام البنك، حي أبو كبير، صان الحجر، الشرقية,الشرقية,صان الحجر,حي أبو كبير
صيدلية كمال,شارع الأزهر، مبنى 65، عند النفق، حي العاشر من رمضان، القنايات، الشرقية,الشرقية,القنايات,حي العاشر من رمضان
صيدلية د. سامية سلامة,شارع الخزان، مبنى 107، حي العاشر من رمضان، كفر صقر، الشرقية,الشرقية,كفر صقر,حي العاشر من رمضان
صيدلية د. ناجح وحيد,شارع الوحدة، مبنى 77، عند النفق، حي مشتول السوق، الصالحية، الشرقية,الشرقية,الصالحية,حي مشتول السوق
صيدلية سامية,شارع السوق، مبنى 54، عند النفق، حي العاشر من رمضان، بلبيس، الشرقية,الشرقية,بلبيس,حي العاشر من رمضان
صيدلية هشام مصطفى,شارع الميناء، مبنى 141، حي فاقوس، منيا القمح، الشرقية,الشرقية,منيا القمح,حي فاقوس
صيدلية النور,شارع عباس العقاد، مبنى 88، بجانب المدرسة، حي الصالحية، منيا القمح، الشرقية,الشرقية,منيا القمح,حي الصالحية
صيدلية عبلة,شارع العروبة، مبنى 96، بجوار المسجد، حي فاقوس، أولاد صقر، الشرقية,الشرقية,أولاد صقر,حي فاقوس
صيدلية رانيا,شارع الجامعة، مبنى 4، بجانب المدرسة، حي أبو كبير، الصالحية، الشرقية,الشرقية,الصالحية,حي أبو كبير
صيدلية فتحي,شارع القنال، مبنى 147، بجوار المسجد، حي العاشر من رمضان، العامرية، الشرقية,الشرقية,العامرية,حي العاشر من رمضان
صيدلية يوسف جلال,شارع المحطة، مبنى 41، بجوار المسجد، حي أبو حماد، ههيا، الشرقية,الشرقية,ههيا,حي أبو حماد
صيدلية النور,شارع مكرم عبيد، مبنى 38، بجوار المسجد، حي مشتول السوق، ههيا، الشرقية,الشرقية,ههيا,حي مشتول السوق
صيدلية سمير أحمد,شارع بورسعيد، مبنى 95، بجانب المدرسة، حي فاقوس، القنايات، الشرقية,الشرقية,القنايات,حي فاقوس
صيدلية الصحة,شارع المعز، مبنى 84، بجوار المسجد، حي الصالحية، العاشر من رمضان، الشرقية,الشرقية,العاشر من رمضان,حي الصالحية
صيدلية د. جهاد إبراهيم,شارع العشرين، مبنى 53، أمام البنك، حي العاشر من رمضان، العرب، الشرقية,الشرقية,العرب,حي العاشر من رمضان
صيدلية د. صبحي أحمد,شارع الأهرام، مبنى 101، عند النفق، حي أبو حماد، القرين، الشرقية,الشرقية,القرين,حي أبو حماد
صيدلية د. وليد نبيل,شارع الحرية، مبنى 144، أمام البنك، حي العاشر من رمضان، العرب، الشرقية,الشرقية,العرب,حي العاشر من رمضان
صيدلية الفردوس,شارع رمسيس، مبنى 98، بجانب المدرسة، حي بلبيس، الصالحية، الشرقية,الشرقية,الصالحية,حي بلبيس
صيدلية أيمن محمد,شارع الأمل، مبنى 127، بجوار المسجد، حي منيا القمح، مشتول السوق، الشرقية,الشرقية,مشتول السوق,حي منيا القمح
صيدلية د. هاني الشيخ,شارع فيصل، مبنى 58، بعد محطة المترو، حي العاشر من رمضان، الزقازيق، الشرقية,الشرقية,الزقازيق,حي العاشر من رمضان
صيدلية د. ضياء الفقي,شارع الروضة، مبنى 116، بجانب المدرسة، حي فاقوس، صان الحجر، الشرقية,الشرقية,صان الحجر,حي فاقوس
صيدلية إبراهيم نبيل,شارع الاستقلال، مبنى 91، حي أبو حماد، أولاد صقر، الشرقية,الشرقية,أولاد صقر,حي أبو حماد
صيدلية عزة,شارع المحطة، مبنى 133، عند النفق، حي منيا القمح، بلبيس، الشرقية,الشرقية,بلبيس,حي منيا القمح
صيدلية الأمل,شارع فيصل، مبنى 130، أمام البنك، حي الحسينية، الحسينية، الشرقية,الشرقية,الحسينية,حي الحسينية
صيدلية د. عبدالرحمن عمرو,شارع المعز، مبنى 51، حي أبو كبير، القرين، الشرقية,الشرقية,القرين,حي أبو كبير
صيدلية د. أمل إبراهيم,شارع الميناء، مبنى 19، بجانب المدرسة، حي أبو حماد، الحسينية، الشرقية,الشرقية,الحسينية,حي أبو حماد
صيدلية د. أمل عادل,شارع الهرم، مبنى 114، بعد محطة المترو، حي أبو كبير، القرين، الشرقية,الشرقية,القرين,حي أبو كبير
صيدلية عاصم,شارع المدرسة، مبنى 131، بعد محطة المترو، حي فاقوس، القنايات، الشرقية,الشرقية,القنايات,حي فاقوس
صيدلية وليد كمال,شارع السادات، مبنى 26، بجوار المسجد، حي مشتول السوق، الصالحية، الشرقية,الشرقية,الصالحية,حي مشتول السوق
صيدلية الصحة,شارع الروضة، مبنى 49، حي أبو حماد، ههيا، الشرقية,الشرقية,ههيا,حي أبو حماد
صيدلية د. أنور هاني,شارع فيصل، مبنى 134، أمام البنك، حي مشتول السوق، الحسينية، الشرقية,الشرقية,الحسينية,حي مشتول السوق
صيدلية رانيا ضياء,شارع طلعت حرب، مبنى 77، حي العاشر من رمضان، القنايات، الشرقية,الشرقية,القنايات,حي العاشر من رمضان
صيدلية العافية,شارع الهرم، مبنى 61، بجوار المسجد، حي الزقازيق، العرب، الشرقية,الشرقية,العرب,حي الزقازيق
صيدلية سيد,شارع البنك، مبنى 143، بعد محطة المترو، حي فاقوس، القرين، الشرقية,الشرقية,القرين,حي فاقوس
صيدلية الأمل,شارع الاستقلال، مبنى 105، بجوار المسجد، حي الصالحية، منيا القمح، الشرقية,الشرقية,منيا القمح,حي الصالحية
صيدلية فاتن,شارع المدرسة، مبنى 85، عند النفق، حي العاشر من رمضان، أبو حماد، الشرقية,الشرقية,أبو حماد,حي العاشر من رمضان
صيدلية د. كمال حسام,شارع الجلاء، مبنى 24، حي الزقازيق، العامرية، الشرقية,الشرقية,العامرية,حي الزقازيق
صيدلية الأمل,شارع 26 يوليو، مبنى 18، بعد محطة المترو، حي مشتول السوق، القرين، الشرقية,الشرقية,القرين,حي مشتول السوق
صيدلية علي,شارع القنال، مبنى 22، عند النفق، حي فاقوس، العامرية، الشرقية,الشرقية,العامرية,حي فاقوس
صيدلية أيمن,شارع الجامعة، مبنى 117، بجانب المدرسة، حي فاقوس، أبو كبير، الشرقية,الشرقية,أبو كبير,حي فاقوس
صيدلية الفردوس,شارع الأزهر، مبنى 140، أمام البنك، حي أبو حماد، العاشر من رمضان، الشرقية,الشرقية,العاشر من رمضان,حي أبو حماد
صيدلية خالد,شارع كورنيش النيل، مبنى 6، بجوار المسجد، حي أبو كبير، مشتول السوق، الشرقية,الشرقية,مشتول السوق,حي أبو كبير
صيدلية د. أنور جلال,شارع الزهراء، مبنى 71، بجوار المسجد، حي الحسينية، ديرب نجم، الشرقية,الشرقية,ديرب نجم,حي الحسينية
صيدلية د. نبيل حامد,شارع فيصل، مبنى 137، بعد محطة المترو، حي الصالحية، العاشر من رمضان، الشرقية,الشرقية,العاشر من رمضان,حي الصالحية
صيدلية العافية,شارع الخزان، مبنى 40، بجوار المسجد، حي أبو كبير، القرين، الشرقية,الشرقية,القرين,حي أبو كبير
صيدلية أنور عبدالله,شارع عباس العقاد، مبنى 48، أمام البنك، حي منيا القمح، ههيا، الشرقية,الشرقية,ههيا,حي منيا القمح
صيدلية عاطف,شارع طلعت حرب، مبنى 51، أمام البنك، حي أبو كبير، منيا القمح، الشرقية,الشرقية,منيا القمح,حي أبو كبير
صيدلية د. فريدة هاني,شارع الجمهورية، مبنى 67، حي مشتول السوق، بلبيس، الشرقية,الشرقية,بلبيس,حي مشتول السوق
صيدلية وليد وحيد,شارع النصر، مبنى 18، بعد محطة المترو، حي الحسينية، ديرب نجم، الشرقية,الشرقية,ديرب نجم,حي الحسينية
صيدلية حسام,شارع الوحدة، مبنى 149، بجانب المدرسة، حي بلبيس، فاقوس، الشرقية,الشرقية,فاقوس,حي بلبيس
صيدلية د. رائد هاني,شارع الجمهورية، مبنى 40، أمام البنك، حي بلبيس، مشتول السوق، الشرقية,الشرقية,مشتول السوق,حي بلبيس
صيدلية د. رانيا فؤاد,شارع الميناء، مبنى 49، بعد محطة المترو، حي شبين الكوم، الشهداء، المنوفية,المنوفية,الشهداء,حي شبين الكوم
صيدلية عاطف عبدالستار,شارع بورسعيد، مبنى 84، بجانب المدرسة، حي السادات، تلا، المنوفية,المنوفية,تلا,حي السادات
صيدلية د. عزة سلامة,شارع الميناء، مبنى 137، حي قويسنا، بركة السبع، المنوفية,المنوفية,بركة السبع,حي قويسنا
صيدلية د. مجدي سيد,شارع الوفاء، مبنى 134، أمام البنك، حي تلا، شبين الكوم، المنوفية,المنوفية,شبين الكوم,حي تلا
صيدلية هشام فؤاد,شارع المسجد، مبنى 128، حي أشمون، السادات، المنوفية,المنوفية,السادات,حي أشمون
صيدلية فؤاد,شارع المعز، مبنى 115، أمام البنك، حي قويسنا، شبين الكوم، المنوفية,المنوفية,شبين الكوم,حي قويسنا
صيدلية النور,شارع العروبة، مبنى 75، عند النفق، حي قويسنا، قويسنا، المنوفية,المنوفية,قويسنا,حي قويسنا
صيدلية ناجح,شارع المحطة، مبنى 148، بعد محطة المترو، حي أشمون، بركة السبع، المنوفية,المنوفية,بركة السبع,حي أشمون
صيدلية د. ضياء وائل,شارع الحرية، مبنى 107، بجوار المسجد، حي بركة السبع، الشهداء، المنوفية,المنوفية,الشهداء,حي بركة السبع
صيدلية د. وائل وليد,شارع محمد علي، مبنى 6، بعد محطة المترو، حي الباجور، الباجور، المنوفية,المنوفية,الباجور,حي الباجور
صيدلية د. لواء سلامة,شارع عباس العقاد، مبنى 58، بجوار المسجد، حي منوف، منوف، المنوفية,المنوفية,منوف,حي منوف
صيدلية مها,شارع طلعت حرب، مبنى 68، حي شبين الكوم، تلا، المنوفية,المنوفية,تلا,حي شبين الكوم
صيدلية د. عاصم إيهاب,شارع الثورة، مبنى 20، بجوار المسجد، حي الباجور، أشمون، المنوفية,المنوفية,أشمون,حي الباجور
صيدلية الفردوس,شارع الجامعة، مبنى 63، بجوار المسجد، حي شبين الكوم، قويسنا، المنوفية,المنوفية,قويسنا,حي شبين الكوم
صيدلية د. طارق عادل,شارع المدرسة، مبنى 118، أمام البنك، حي تلا، سرس الليان، المنوفية,المنوفية,سرس الليان,حي تلا
صيدلية حسن عزب,شارع المعز، مبنى 3، بجانب المدرسة، حي تلا، تلا، المنوفية,المنوفية,تلا,حي تلا
صيدلية د. حسين حسونة,شارع السوق، مبنى 108، بعد محطة المترو، حي تلا، الباجور، المنوفية,المنوفية,الباجور,حي تلا
صيدلية د. صبحي سمير,شارع الحرية، مبنى 8، بجوار المسجد، حي شبين الكوم، شبين الكوم، المنوفية,المنوفية,شبين الكوم,حي شبين الكوم
صيدلية د. يوسف عبدالعزيز,شارع الزهراء، مبنى 147، أمام البنك، حي الباجور، أشمون، المنوفية,المنوفية,أشمون,حي الباجور
صيدلية د. منير منسي,شارع الأقصى، مبنى 106، بجانب المدرسة، حي السادات، شبين الكوم، المنوفية,المنوفية,شبين الكوم,حي السادات
صيدلية د. خالد حسن,شارع العروبة، مبنى 59، بجانب المدرسة، حي منوف، أشمون، المنوفية,المنوفية,أشمون,حي منوف
صيدلية د. عبدالرحمن مدحت,شارع المعز، مبنى 26، بجوار المسجد، حي قويسنا، تلا، المنوفية,المنوفية,تلا,حي قويسنا
صيدلية حورية,شارع الروضة، مبنى 15، أمام البنك، حي السادات، أشمون، المنوفية,المنوفية,أشمون,حي السادات
صيدلية د. طارق شريف,شارع النصر، مبنى 146، بعد محطة المترو، حي شبين الكوم، منوف، المنوفية,المنوفية,منوف,حي شبين الكوم
صيدلية د. عمر عمر,شارع الطيران، مبنى 6، بعد محطة المترو، حي الباجور، سرس الليان، المنوفية,المنوفية,سرس الليان,حي الباجور
صيدلية د. محمد منسي,شارع الهرم، مبنى 67، حي منوف، تلا، المنوفية,المنوفية,تلا,حي منوف
صيدلية أشرف مجدي,شارع الطيران، مبنى 35، عند النفق، حي بركة السبع، تلا، المنوفية,المنوفية,تلا,حي بركة السبع
صيدلية د. مها عوض,شارع النصر، مبنى 64، حي شبين الكوم، بركة السبع، المنوفية,المنوفية,بركة السبع,حي شبين الكوم
صيدلية د. خالد منسي,شارع البنك، مبنى 68، حي الباجور، سرس الليان، المنوفية,المنوفية,سرس الليان,حي الباجور
صيدلية الفردوس,شارع الطيران، مبنى 143، عند النفق، حي منوف، منوف، المنوفية,المنوفية,منوف,حي منوف
صيدلية د. وفاء هشام,شارع فلسطين، مبنى 74، عند النفق، حي قويسنا، الشهداء، المنوفية,المنوفية,الشهداء,حي قويسنا
صيدلية عبدالله,شارع الخزان، مبنى 24، بعد محطة المترو، حي شبين الكوم، شبين الكوم، المنوفية,المنوفية,شبين الكوم,حي شبين الكوم
صيدلية د. يوسف هشام,شارع مكرم عبيد، مبنى 137، عند النفق، حي تلا، منوف، المنوفية,المنوفية,منوف,حي تلا
صيدلية د. سوسن شريف,شارع مكرم عبيد، مبنى 51، أمام البنك، حي قويسنا، الباجور، المنوفية,المنوفية,الباجور,حي قويسنا
صيدلية د. أنور خالد,شارع الجمهورية، مبنى 114، أمام البنك، حي السادات، منوف، المنوفية,المنوفية,منوف,حي السادات
صيدلية عبلة,شارع الخزان، مبنى 100، بجوار المسجد، حي بركة السبع، قويسنا، المنوفية,المنوفية,قويسنا,حي بركة السبع
صيدلية د. يوسف مصطفى,شارع مكرم عبيد، مبنى 21، بجانب المدرسة، حي شبين الكوم، بركة السبع، المنوفية,المنوفية,بركة السبع,حي شبين الكوم
صيدلية منير,شارع الميناء، مبنى 9، بجانب المدرسة، حي منوف، الشهداء، المنوفية,المنوفية,الشهداء,حي منوف
صيدلية رانيا,شارع فيصل، مبنى 83، حي تلا، سرس الليان، المنوفية,المنوفية,سرس الليان,حي تلا
صيدلية العافية,شارع مكرم عبيد، مبنى 103، بعد محطة المترو، حي السادات، تلا، المنوفية,المنوفية,تلا,حي السادات
صيدلية د. أشرف رمضان,شارع النخيل، مبنى 26، بجوار المسجد، حي بركة السبع، قويسنا، المنوفية,المنوفية,قويسنا,حي بركة السبع
صيدلية د. فريدة شريف,شارع كورنيش النيل، مبنى 48، بجوار المسجد، حي قويسنا، السادات، المنوفية,المنوفية,السادات,حي قويسنا
صيدلية سمير,شارع الميناء، مبنى 10، أمام البنك، حي شبين الكوم، أشمون، المنوفية,المنوفية,أشمون,حي شبين الكوم
صيدلية د. كمال أنور,شارع الاستقلال، مبنى 29، بجانب المدرسة، حي بركة السبع، قويسنا، المنوفية,المنوفية,قويسنا,حي بركة السبع
صيدلية خالد الشيخ,شارع المسجد، مبنى 62، بعد محطة المترو، حي الباجور، منوف، المنوفية,المنوفية,منوف,حي الباجور
صيدلية سوسن أحمد,شارع النخيل، مبنى 99، عند النفق، حي تلا، تلا، المنوفية,المنوفية,تلا,حي تلا
صيدلية د. وليد كمال,شارع فلسطين، مبنى 135، حي أشمون، أشمون، المنوفية,المنوفية,أشمون,حي أشمون
صيدلية العافية,شارع طلعت حرب، مبنى 52، عند النفق، حي الباجور، منوف، المنوفية,المنوفية,منوف,حي الباجور
صيدلية عاصم,شارع الحرية، مبنى 45، بجوار المسجد، حي تلا، الشهداء، المنوفية,المنوفية,الشهداء,حي تلا
صيدلية د. إيناس علي,شارع الجلاء، مبنى 29، عند النفق، حي تلا، سرس الليان، المنوفية,المنوفية,سرس الليان,حي تلا
صيدلية د. عمر فathy,شارع المقاومة، مبنى 73، أمام البنك، حي أشمون، شبين الكوم، المنوفية,المنوفية,شبين الكوم,حي أشمون
صيدلية د. ليلى عادل,شارع البنك، مبنى 4، بعد محطة المترو، حي السادات، سرس الليان، المنوفية,المنوفية,سرس الليان,حي السادات
صيدلية د. سامية خالد,شارع فيصل، مبنى 51، حي الباجور، شبين الكوم، المنوفية,المنوفية,شبين الكوم,حي الباجور
صيدلية دينا,شارع النصر، مبنى 89، بجوار المسجد، حي بركة السبع، سرس الليان، المنوفية,المنوفية,سرس الليان,حي بركة السبع
صيدلية د. أماني حسام,شارع المحطة، مبنى 120، عند النفق، حي تلا، الشهداء، المنوفية,المنوفية,الشهداء,حي تلا
صيدلية النور,شارع الوفاء، مبنى 71، بعد محطة المترو، حي السادات، تلا، المنوفية,المنوفية,تلا,حي السادات
صيدلية علي ضياء,شارع الزهراء، مبنى 84، بعد محطة المترو، حي بركة السبع، تلا، المنوفية,المنوفية,تلا,حي بركة السبع
صيدلية عبلة عبدالعزيز,شارع النصر، مبنى 142، أمام البنك، حي الباجور، السادات، المنوفية,المنوفية,السادات,حي الباجور
صيدلية د. عادل عمر,شارع الطيران، مبنى 34، بجانب المدرسة، حي أشمون، شبين الكوم، المنوفية,المنوفية,شبين الكوم,حي أشمون
صيدلية خالد,شارع القنال، مبنى 100، عند النفق، حي بركة السبع، قويسنا، المنوفية,المنوفية,قويسنا,حي بركة السبع
صيدلية وليد عبدالعزيز,شارع طلعت حرب، مبنى 43، بجانب المدرسة، حي تلا، منوف، المنوفية,المنوفية,منوف,حي تلا
صيدلية د. سوسن نبيل,شارع الوفاء، مبنى 12، بجانب المدرسة، حي الباجور، تلا، المنوفية,المنوفية,تلا,حي الباجور
صيدلية د. شريف أيمن,شارع الجامعة، مبنى 33، عند النفق، حي السادات، تلا، المنوفية,المنوفية,تلا,حي السادات
صيدلية الجمهورية,شارع عباس العقاد، مبنى 34، بجوار المسجد، حي منوف، منوف، المنوفية,المنوفية,منوف,حي منوف
صيدلية د. حسن عبدالستار,شارع 26 يوليو، مبنى 72، حي الباجور، منوف، المنوفية,المنوفية,منوف,حي الباجور
صيدلية نبيل سمير,شارع الحرية، مبنى 84، عند النفق، حي قويسنا، السادات، المنوفية,المنوفية,السادات,حي قويسنا
صيدلية طارق إيهاب,شارع الجامعة، مبنى 72، بعد محطة المترو، حي شبين الكوم، الباجور، المنوفية,المنوفية,الباجور,حي شبين الكوم
صيدلية د. سعيد وائل,شارع الجامعة، مبنى 113، بعد محطة المترو، حي بركة السبع، سرس الليان، المنوفية,المنوفية,سرس الليان,حي بركة السبع
صيدلية سمير أيمن,شارع الطيران، مبنى 6، أمام البنك، حي السادات، بركة السبع، المنوفية,المنوفية,بركة السبع,حي السادات
صيدلية د. بهاء سمير,شارع رمسيس، مبنى 114، حي السادات، تلا، المنوفية,المنوفية,تلا,حي السادات
صيدلية إيناس عبدالستار,شارع المسجد، مبنى 86، بجانب المدرسة، حي منوف، شبين الكوم، المنوفية,المنوفية,شبين الكوم,حي منوف
صيدلية د. عمرو إبراهيم,شارع الوفاء، مبنى 124، حي أشمون، الشهداء، المنوفية,المنوفية,الشهداء,حي أشمون
صيدلية رانيا,شارع القنال، مبنى 122، حي أشمون، منوف، المنوفية,المنوفية,منوف,حي أشمون
صيدلية د. جلال حسونة,شارع البحر، مبنى 29، بعد محطة المترو، حي بركة السبع، بركة السبع، المنوفية,المنوفية,بركة السبع,حي بركة السبع
صيدلية مجدي وليد,شارع الهرم، مبنى 20، بجانب المدرسة، حي منوف، أشمون، المنوفية,المنوفية,أشمون,حي منوف
صيدلية فريدة,شارع مكرم عبيد، مبنى 46، عند النفق، حي أشمون، قويسنا، المنوفية,المنوفية,قويسنا,حي أشمون
صيدلية منير سلامة,شارع فلسطين، مبنى 43، أمام البنك، حي شبين الكوم، الشهداء، المنوفية,المنوفية,الشهداء,حي شبين الكوم
صيدلية الفردوس,شارع الميناء، مبنى 84، حي الباجور، الباجور، المنوفية,المنوفية,الباجور,حي الباجور
صيدلية عادل,شارع 26 يوليو، مبنى 16، عند النفق، حي قويسنا، الباجور، المنوفية,المنوفية,الباجور,حي قويسنا
صيدلية د. ليلى عاطف,شارع العشرين، مبنى 103، عند النفق، حي شبين الكوم، تلا، المنوفية,المنوفية,تلا,حي شبين الكوم
صيدلية د. أيمن وائل,شارع الروضة، مبنى 14، أمام البنك، حي بركة السبع، الشهداء، المنوفية,المنوفية,الشهداء,حي بركة السبع
صيدلية رائد,شارع الأزهر، مبنى 16، أمام البنك، حي السادات، سرس الليان، المنوفية,المنوفية,سرس الليان,حي السادات
صيدلية د. منير محمد,شارع الحرية، مبنى 79، بجانب المدرسة، حي بركة السبع، أشمون، المنوفية,المنوفية,أشمون,حي بركة السبع
صيدلية النور,شارع فيصل، مبنى 95، حي الباجور، أشمون، المنوفية,المنوفية,أشمون,حي الباجور
صيدلية د. عادل ضياء,شارع الجامعة، مبنى 56، بجانب المدرسة، حي بركة السبع، شبين الكوم، المنوفية,المنوفية,شبين الكوم,حي بركة السبع
صيدلية جهاد,شارع الميناء، مبنى 115، بجوار المسجد، حي شبين الكوم، شبين الكوم، المنوفية,المنوفية,شبين الكوم,حي شبين الكوم
صيدلية رائد,شارع المحطة، مبنى 18، بعد محطة المترو، حي بركة السبع، الشهداء، المنوفية,المنوفية,الشهداء,حي بركة السبع
صيدلية الفردوس,شارع محمد علي، مبنى 121، بجانب المدرسة، حي بركة السبع، تلا، المنوفية,المنوفية,تلا,حي بركة السبع
صيدلية د. سعاد مدحت,شارع البحر، مبنى 128، حي بركة السبع، بركة السبع، المنوفية,المنوفية,بركة السبع,حي بركة السبع
صيدلية مها السيد,شارع الزهراء، مبنى 13، عند النفق، حي الباجور، سرس الليان، المنوفية,المنوفية,سرس الليان,حي الباجور
صيدلية د. سحر عبدالستار,شارع النصر، مبنى 42، عند النفق، حي الباجور، الشهداء، المنوفية,المنوفية,الشهداء,حي الباجور
صيدلية د. وائل إبراهيم,شارع العشرين، مبنى 52، حي منوف، بركة السبع، المنوفية,المنوفية,بركة السبع,حي منوف
صيدلية د. خالد ضياء,شارع المحطة، مبنى 48، حي الباجور، شبين الكوم، المنوفية,المنوفية,شبين الكوم,حي الباجور
صيدلية منال,شارع مكرم عبيد، مبنى 54، أمام البنك، حي تلا، الشهداء، المنوفية,المنوفية,الشهداء,حي تلا
صيدلية أشرف حامد,شارع محمد علي، مبنى 8، بجوار المسجد، حي منوف، الشهداء، المنوفية,المنوفية,الشهداء,حي منوف
صيدلية عاصم,شارع الخزان، مبنى 32، أمام البنك، حي منوف، أشمون، المنوفية,المنوفية,أشمون,حي منوف
صيدلية د. عزة أشرف,شارع الهرم، مبنى 6، حي السادات، بركة السبع، المنوفية,المنوفية,بركة السبع,حي السادات
صيدلية عمرو يوسف,شارع الأزهر، مبنى 48، حي شبين الكوم، السادات، المنوفية,المنوفية,السادات,حي شبين الكوم
صيدلية الأمل,شارع الجامعة، مبنى 146، بجانب المدرسة، حي السادات، أشمون، المنوفية,المنوفية,أشمون,حي السادات
صيدلية د. عبدالعزيز طارق,شارع الزهراء، مبنى 10، بعد محطة المترو، حي تلا، السادات، المنوفية,المنوفية,السادات,حي تلا
صيدلية دينا عوض,شارع الهرم، مبنى 64، بجانب المدرسة، حي شبين الكوم، قويسنا، المنوفية,المنوفية,قويسنا,حي شبين الكوم
صيدلية ضياء صبحي,شارع السوق، مبنى 61، بجانب المدرسة، حي تلا، تلا، المنوفية,المنوفية,تلا,حي تلا
صيدلية د. فريدة أشرف,شارع الجلاء، مبنى 139، بجانب المدرسة، حي شبين الكوم، أشمون، المنوفية,المنوفية,أشمون,حي شبين الكوم
صيدلية علي,شارع عباس العقاد، مبنى 52، عند النفق، حي منوف، أشمون، المنوفية,المنوفية,أشمون,حي منوف
صيدلية د. إيناس إيهاب,شارع طلعت حرب، مبنى 67، بعد محطة المترو، حي الباجور، بركة السبع، المنوفية,المنوفية,بركة السبع,حي الباجور
صيدلية د. وفاء فؤاد,شارع الميناء، مبنى 149، عند النفق، حي منوف، قويسنا، المنوفية,المنوفية,قويسنا,حي منوف
صيدلية د. إيمان عمرو,شارع الأزهر، مبنى 104، بجانب المدرسة، حي أشمون، الباجور، المنوفية,المنوفية,الباجور,حي أشمون
صيدلية د. رائد السيد,شارع الحرية، مبنى 26، حي الباجور، سرس الليان، المنوفية,المنوفية,سرس الليان,حي الباجور
صيدلية نهى,شارع محمد علي، مبنى 57، بعد محطة المترو، حي منوف، السادات، المنوفية,المنوفية,السادات,حي منوف
صيدلية الفردوس,شارع الجلاء، مبنى 64، بجوار المسجد، حي السادات، الباجور، المنوفية,المنوفية,الباجور,حي السادات
صيدلية رمضان,شارع بورسعيد، مبنى 22، أمام البنك، حي تلا، السادات، المنوفية,المنوفية,السادات,حي تلا
صيدلية د. مها عبدالله,شارع بورسعيد، مبنى 79، عند النفق، حي أشمون، بركة السبع، المنوفية,المنوفية,بركة السبع,حي أشمون
صيدلية الصحة,شارع عباس العقاد، مبنى 23، بعد محطة المترو، حي منوف، السادات، المنوفية,المنوفية,السادات,حي منوف
صيدلية إيمان,شارع الأزهر، مبنى 25، عند النفق، حي قويسنا، سرس الليان، المنوفية,المنوفية,سرس الليان,حي قويسنا
صيدلية د. فريدة سمير,شارع الروضة، مبنى 92، بجانب المدرسة، حي الباجور، تلا، المنوفية,المنوفية,تلا,حي الباجور
صيدلية فاتن رمضان,شارع الخزان، مبنى 46، أمام البنك، حي شبين الكوم، شبين الكوم، المنوفية,المنوفية,شبين الكوم,حي شبين الكوم
صيدلية د. عبلة محمود,شارع الميناء، مبنى 94، حي أشمون، السادات، المنوفية,المنوفية,السادات,حي أشمون
صيدلية د. أحمد كمال,شارع العشرين، مبنى 54، أمام البنك، حي منوف، شبين الكوم، المنوفية,المنوفية,شبين الكوم,حي منوف
صيدلية الصحة,شارع الميناء، مبنى 29، حي أشمون، الباجور، المنوفية,المنوفية,الباجور,حي أشمون
صيدلية الصحة,شارع الخزان، مبنى 44، بعد محطة المترو، حي الباجور، الشهداء، المنوفية,المنوفية,الشهداء,حي الباجور
صيدلية د. مها نبيل,شارع السادات، مبنى 114، عند النفق، حي السادات، قويسنا، المنوفية,المنوفية,قويسنا,حي السادات
صيدلية د. عبلة صبحي,شارع محمد علي، مبنى 29، بجوار المسجد، حي تلا، السادات، المنوفية,المنوفية,السادات,حي تلا
صيدلية د. عاصم عبدالجواد,شارع مكرم عبيد، مبنى 12، عند النفق، حي تلا، تلا، المنوفية,المنوفية,تلا,حي تلا
صيدلية فؤاد,شارع الاستقلال، مبنى 69، بجوار المسجد، حي شبين الكوم، قويسنا، المنوفية,المنوفية,قويسنا,حي شبين الكوم
صيدلية د. فريدة محمد,شارع الحرية، مبنى 58، عند النفق، حي منوف، قويسنا، المنوفية,المنوفية,قويسنا,حي منوف
صيدلية عبدالعزيز,شارع الميناء، مبنى 49، بعد محطة المترو، حي الباجور، منوف، المنوفية,المنوفية,منوف,حي الباجور
صيدلية د. حسين فؤاد,شارع السادات، مبنى 75، حي بركة السبع، السادات، المنوفية,المنوفية,السادات,حي بركة السبع
صيدلية هشام إيهاب,شارع الميناء، مبنى 32، أمام البنك، حي بركة السبع، السادات، المنوفية,المنوفية,السادات,حي بركة السبع
صيدلية الصحة,شارع الخزان، مبنى 114، بجانب المدرسة، حي الباجور، منوف، المنوفية,المنوفية,منوف,حي الباجور
صيدلية هشام,شارع المقاومة، مبنى 82، بعد محطة المترو، حي أشمون، الباجور، المنوفية,المنوفية,الباجور,حي أشمون
صيدلية د. فريدة منسي,شارع رمسيس، مبنى 130، بجانب المدرسة، حي الباجور، الباجور، المنوفية,المنوفية,الباجور,حي الباجور
صيدلية د. أحمد حسام,شارع المعز، مبنى 127، بجانب المدرسة، حي أشمون، قويسنا، المنوفية,المنوفية,قويسنا,حي أشمون
صيدلية الجمهورية,شارع الميناء، مبنى 143، بجانب المدرسة، حي شبين الكوم، السادات، المنوفية,المنوفية,السادات,حي شبين الكوم
صيدلية د. جلال أشرف,شارع الزهراء، مبنى 52، بجوار المسجد، حي قويسنا، الشهداء، المنوفية,المنوفية,الشهداء,حي قويسنا
صيدلية د. نادية إيهاب,شارع التحرير، مبنى 74، بعد محطة المترو، حي الباجور، الباجور، المنوفية,المنوفية,الباجور,حي الباجور
صيدلية وحيد,شارع الميناء، مبنى 136، بجانب المدرسة، حي بركة السبع، قويسنا، المنوفية,المنوفية,قويسنا,حي بركة السبع
صيدلية د. وائل سيد,شارع الهرم، مبنى 63، بجوار المسجد، حي قويسنا، بركة السبع، المنوفية,المنوفية,بركة السبع,حي قويسنا
صيدلية يوسف فؤاد,شارع الأمل، مبنى 38، حي تلا، تلا، المنوفية,المنوفية,تلا,حي تلا
صيدلية د. صبحي شريف,شارع الخزان، مبنى 94، عند النفق، حي بركة السبع، الباجور، المنوفية,المنوفية,الباجور,حي بركة السبع
صيدلية النور,شارع مكرم عبيد، مبنى 88، بجوار المسجد، حي الباجور، الباجور، المنوفية,المنوفية,الباجور,حي الباجور
صيدلية د. عبلة سمير,شارع الجلاء، مبنى 68، بجوار المسجد، حي قويسنا، تلا، المنوفية,المنوفية,تلا,حي قويسنا
صيدلية الجمهورية,شارع الحرية، مبنى 38، بجوار المسجد، حي السادات، أشمون، المنوفية,المنوفية,أشمون,حي السادات
صيدلية د. حسام عاطف,شارع البحر، مبنى 100، عند النفق، حي بركة السبع، السادات، المنوفية,المنوفية,السادات,حي بركة السبع
صيدلية عمرو عبدالعزيز,شارع العشرين، مبنى 115، بجانب المدرسة، حي قويسنا، الشهداء، المنوفية,المنوفية,الشهداء,حي قويسنا
صيدلية الجمهورية,شارع الميناء، مبنى 94، عند النفق، حي قويسنا، أشمون، المنوفية,المنوفية,أشمون,حي قويسنا
صيدلية د. رانيا الفقي,شارع الخزان، مبنى 35، أمام البنك، حي بركة السبع، أشمون، المنوفية,المنوفية,أشمون,حي بركة السبع
صيدلية سمير فathy,شارع فيصل، مبنى 26، بجوار المسجد، حي السادات، سرس الليان، المنوفية,المنوفية,سرس الليان,حي السادات
صيدلية الجمهورية,شارع النخيل، مبنى 59، بجانب المدرسة، حي الباجور، السادات، المنوفية,المنوفية,السادات,حي الباجور
صيدلية د. شريف أنور,شارع البنك، مبنى 134، بعد محطة المترو، حي الباجور، قويسنا، المنوفية,المنوفية,قويسنا,حي الباجور
صيدلية منال سيد,شارع التحرير، مبنى 145، بجوار المسجد، حي الباجور، السادات، المنوفية,المنوفية,السادات,حي الباجور
صيدلية الفردوس,شارع رمسيس، مبنى 83، بعد محطة المترو، حي تلا، قويسنا، المنوفية,المنوفية,قويسنا,حي تلا
صيدلية عمرو مدحت,شارع 26 يوليو، مبنى 85، أمام البنك، حي الباجور، أشمون، المنوفية,المنوفية,أشمون,حي الباجور
صيدلية د. سامية حسام,شارع النصر، مبنى 149، أمام البنك، حي شبين الكوم، الشهداء، المنوفية,المنوفية,الشهداء,حي شبين الكوم
صيدلية د. سمير شريف,شارع البنك، مبنى 131، بجانب المدرسة، حي شبين الكوم، السادات، المنوفية,المنوفية,السادات,حي شبين الكوم
صيدلية سمير رمضان,شارع محمد علي، مبنى 141، بعد محطة المترو، حي الباجور، أشمون، المنوفية,المنوفية,أشمون,حي الباجور
صيدلية د. فؤاد أحمد,شارع محمد علي، مبنى 85، عند النفق، حي أشمون، الشهداء، المنوفية,المنوفية,الشهداء,حي أشمون
صيدلية إيمان وحيد,شارع الأهرام، مبنى 126، بجوار المسجد، حي منوف، شبين الكوم، المنوفية,المنوفية,شبين الكوم,حي منوف
صيدلية وليد,شارع بورسعيد، مبنى 20، بعد محطة المترو، حي السادات، الشهداء، المنوفية,المنوفية,الشهداء,حي السادات
صيدلية مدحت صبحي,شارع السوق، مبنى 148، بعد محطة المترو، حي تلا، منوف، المنوفية,المنوفية,منوف,حي تلا
صيدلية د. هاني حسن,شارع طلعت حرب، مبنى 97، بجوار المسجد، حي السادات، سرس الليان، المنوفية,المنوفية,سرس الليان,حي السادات
صيدلية د. سمير مدحت,شارع الروضة، مبنى 105، أمام البنك، حي منوف، تلا، المنوفية,المنوفية,تلا,حي منوف
صيدلية علي سمير,شارع المسجد، مبنى 100، حي أشمون، الشهداء، المنوفية,المنوفية,الشهداء,حي أشمون
صيدلية إيهاب,شارع المعز، مبنى 75، بجوار المسجد، حي قويسنا، تلا، المنوفية,المنوفية,تلا,حي قويسنا
صيدلية مجدي,شارع البحر، مبنى 99، عند النفق، حي شبين الكوم، السادات، المنوفية,المنوفية,السادات,حي شبين الكوم
صيدلية رانيا,شارع الأقصى، مبنى 13، حي أشمون، شبين الكوم، المنوفية,المنوفية,شبين الكوم,حي أشمون
صيدلية فريدة أشرف,شارع الميناء، مبنى 135، بعد محطة المترو، حي أشمون، بركة السبع، المنوفية,المنوفية,بركة السبع,حي أشمون
صيدلية فاتن,شارع الروضة، مبنى 10، بعد محطة المترو، حي السادات، قويسنا، المنوفية,المنوفية,قويسنا,حي السادات
صيدلية سلوى فؤاد,شارع الخزان، مبنى 142، عند النفق، حي الباجور، بركة السبع، المنوفية,المنوفية,بركة السبع,حي الباجور
صيدلية د. محمد هاني,شارع الخزان، مبنى 24، عند النفق، حي تلا، بركة السبع، المنوفية,المنوفية,بركة السبع,حي تلا
صيدلية طارق حجازي,شارع المقاومة، مبنى 37، حي بركة السبع، بركة السبع، المنوفية,المنوفية,بركة السبع,حي بركة السبع
صيدلية د. وليد أشرف,شارع الجلاء، مبنى 127، عند النفق، حي الباجور، تلا، المنوفية,المنوفية,تلا,حي الباجور
صيدلية د. عمرو منسي,شارع محمد علي، مبنى 124، عند النفق، حي أشمون، قويسنا، المنوفية,المنوفية,قويسنا,حي أشمون
صيدلية الأمل,شارع الجلاء، مبنى 126، أمام البنك، حي الباجور، السادات، المنوفية,المنوفية,السادات,حي الباجور
صيدلية وفاء,شارع العروبة، مبنى 7، حي بركة السبع، السادات، المنوفية,المنوفية,السادات,حي بركة السبع
صيدلية سامية مجدي,شارع الميناء، مبنى 137، عند النفق، حي السادات، السادات، المنوفية,المنوفية,السادات,حي السادات
صيدلية الفردوس,شارع السوق، مبنى 26، بعد محطة المترو، حي الباجور، شبين الكوم، المنوفية,المنوفية,شبين الكوم,حي الباجور
صيدلية سلوى عمر,شارع مكرم عبيد، مبنى 108، أمام البنك، حي بركة السبع، تلا، المنوفية,المنوفية,تلا,حي بركة السبع
صيدلية د. صبحي سيد,شارع التحرير، مبنى 144، عند النفق، حي تلا، منوف، المنوفية,المنوفية,منوف,حي تلا
صيدلية د. مجدي خالد,شارع بورسعيد، مبنى 52، عند النفق، حي بركة السبع، السادات، المنوفية,المنوفية,السادات,حي بركة السبع
صيدلية الصحة,شارع الوفاء، مبنى 118، بجوار المسجد، حي شبين الكوم، الباجور، المنوفية,المنوفية,الباجور,حي شبين الكوم
صيدلية العافية,شارع بورسعيد، مبنى 74، عند النفق، حي تلا، بركة السبع، المنوفية,المنوفية,بركة السبع,حي تلا
صيدلية د. إبراهيم أشرف,شارع محمد علي، مبنى 2، عند النفق، حي تلا، شبين الكوم، المنوفية,المنوفية,شبين الكوم,حي تلا
صيدلية الفردوس,شارع الأقصى، مبنى 19، أمام البنك، حي شبين الكوم، الباجور، المنوفية,المنوفية,الباجور,حي شبين الكوم
صيدلية د. محمد وائل,شارع مكرم عبيد، مبنى 43، بجوار المسجد، حي شبين الكوم، السادات، المنوفية,المنوفية,السادات,حي شبين الكوم
صيدلية د. مدحت وحيد,شارع الجلاء، مبنى 95، بعد محطة المترو، حي أشمون، قويسنا، المنوفية,المنوفية,قويسنا,حي أشمون
صيدلية غادة غانم,شارع الجامعة، مبنى 13، بجوار المسجد، حي الباجور، قويسنا، المنوفية,المنوفية,قويسنا,حي الباجور
صيدلية د. علي محمد,شارع النصر، مبنى 30، عند النفق، حي بركة السبع، الشهداء، المنوفية,المنوفية,الشهداء,حي بركة السبع
صيدلية د. نهى شريف,شارع الأقصى، مبنى 59، عند النفق، حي السادات، تلا، المنوفية,المنوفية,تلا,حي السادات
صيدلية د. سلوى إبراهيم,شارع السادات، مبنى 45، بجوار المسجد، حي منوف، بركة السبع، المنوفية,المنوفية,بركة السبع,حي منوف
صيدلية د. وائل أنور,شارع الاستقلال، مبنى 12، حي شبين الكوم، سرس الليان، المنوفية,المنوفية,سرس الليان,حي شبين الكوم
صيدلية د. محمود مدحت,شارع الأمل، مبنى 108، بجانب المدرسة، حي الباجور، أشمون، المنوفية,المنوفية,أشمون,حي الباجور
صيدلية د. رمضان السيد,شارع العروبة، مبنى 7، بجانب المدرسة، حي السادات، سرس الليان، المنوفية,المنوفية,سرس الليان,حي السادات
صيدلية الفردوس,شارع الزهراء، مبنى 126، عند النفق، حي منوف، الشهداء، المنوفية,المنوفية,الشهداء,حي منوف
صيدلية د. علي خالد,شارع طلعت حرب، مبنى 112، بجوار المسجد، حي السادات، شبين الكوم، المنوفية,المنوفية,شبين الكوم,حي السادات
صيدلية د. سعاد حجازي,شارع القنال، مبنى 86، بعد محطة المترو، حي منوف، شبين الكوم، المنوفية,المنوفية,شبين الكوم,حي منوف
صيدلية د. بهاء الشيخ,شارع السادات، مبنى 41، أمام البنك، حي تلا، أشمون، المنوفية,المنوفية,أشمون,حي تلا
صيدلية د. يوسف الشيخ,شارع 26 يوليو، مبنى 144، بجوار المسجد، حي شبين الكوم، قويسنا، المنوفية,المنوفية,قويسنا,حي شبين الكوم
صيدلية د. وحيد محمود,شارع الطيران، مبنى 31، بجوار المسجد، حي شبين الكوم، الشهداء، المنوفية,المنوفية,الشهداء,حي شبين الكوم
صيدلية د. ضياء هاني,شارع الحرية، مبنى 24، بجانب المدرسة، حي بركة السبع، السادات، المنوفية,المنوفية,السادات,حي بركة السبع
صيدلية العافية,شارع العروبة، مبنى 61، أمام البنك، حي قويسنا، شبين الكوم، المنوفية,المنوفية,شبين الكوم,حي قويسنا
صيدلية دينا عوض,شارع فلسطين، مبنى 131، بجوار المسجد، حي أشمون، شبين الكوم، المنوفية,المنوفية,شبين الكوم,حي أشمون
صيدلية د. منير وحيد,شارع العروبة، مبنى 126، بجانب المدرسة، حي قويسنا، سرس الليان، المنوفية,المنوفية,سرس الليان,حي قويسنا
صيدلية حسام عبدالرحمن,شارع العروبة، مبنى 109، بجوار المسجد، حي السادات، قويسنا، المنوفية,المنوفية,قويسنا,حي السادات
صيدلية د. عمرو إبراهيم,شارع العشرين، مبنى 27، حي الباجور، شبين الكوم، المنوفية,المنوفية,شبين الكوم,حي الباجور
صيدلية د. أمل كمال,شارع الجامعة، مبنى 3، بجانب المدرسة، حي منوف، قويسنا، المنوفية,المنوفية,قويسنا,حي منوف
صيدلية وحيد,شارع الأزهر، مبنى 72، بجانب المدرسة، حي شبين الكوم، قويسنا، المنوفية,المنوفية,قويسنا,حي شبين الكوم
صيدلية د. نهى مصطفى,شارع الأقصى، مبنى 96، حي السادات، سرس الليان، المنوفية,المنوفية,سرس الليان,حي السادات
صيدلية عبدالرحمن أحمد,شارع الجامعة، مبنى 38، بعد محطة المترو، حي الباجور، الباجور، المنوفية,المنوفية,الباجور,حي الباجور
صيدلية سوسن,شارع الميناء، مبنى 88، حي السادات، بركة السبع، المنوفية,المنوفية,بركة السبع,حي السادات
صيدلية د. ليلى عبدالله,شارع الوحدة، مبنى 79، بجانب المدرسة، حي قويسنا، السادات، المنوفية,المنوفية,السادات,حي قويسنا
صيدلية د. إبراهيم حسونة,شارع المسجد، مبنى 121، بجوار المسجد، حي السادات، الشهداء، المنوفية,المنوفية,الشهداء,حي السادات
صيدلية د. سعاد طارق,شارع الأقصى، مبنى 7، بجانب المدرسة، حي قويسنا، أشمون، المنوفية,المنوفية,أشمون,حي قويسنا
صيدلية د. عبير وحيد,شارع الوحدة، مبنى 139، بجوار المسجد، حي السادات، الشهداء، المنوفية,المنوفية,الشهداء,حي السادات
صيدلية د. عبلة هشام,شارع الوحدة، مبنى 42، بجوار المسجد، حي السادات، الشهداء، المنوفية,المنوفية,الشهداء,حي السادات
صيدلية سحر,شارع الوفاء، مبنى 75، بجانب المدرسة، حي بركة السبع، الباجور، المنوفية,المنوفية,الباجور,حي بركة السبع
صيدلية د. مها عادل,شارع العشرين، مبنى 116، بعد محطة المترو، حي شبين الكوم، تلا، المنوفية,المنوفية,تلا,حي شبين الكوم
صيدلية د. هايدي إبراهيم,شارع كورنيش النيل، مبنى 23، بعد محطة المترو، حي بركة السبع، الشهداء، المنوفية,المنوفية,الشهداء,حي بركة السبع
صيدلية الأمل,شارع الخزان، مبنى 111، عند النفق، حي منوف، بركة السبع، المنوفية,المنوفية,بركة السبع,حي منوف
صيدلية مجدي خالد,شارع البنك، مبنى 8، عند النفق، حي السادات، بركة السبع، المنوفية,المنوفية,بركة السبع,حي السادات
صيدلية رمضان عمر,شارع فلسطين، مبنى 119، بجوار المسجد، حي تلا، أشمون، المنوفية,المنوفية,أشمون,حي تلا
صيدلية نادية,شارع الثورة، مبنى 89، حي شبين الكوم، الشهداء، المنوفية,المنوفية,الشهداء,حي شبين الكوم
صيدلية د. فريدة طارق,شارع طلعت حرب، مبنى 61، أمام البنك، حي السادات، منوف، المنوفية,المنوفية,منوف,حي السادات
صيدلية د. سوسن فؤاد,شارع 26 يوليو، مبنى 48، بعد محطة المترو، حي السادات، أشمون، المنوفية,المنوفية,أشمون,حي السادات
صيدلية د. سلوى السيد,شارع البنك، مبنى 71، بجوار المسجد، حي الباجور، تلا، المنوفية,المنوفية,تلا,حي الباجور
صيدلية د. سحر كمال,شارع الجمهورية، مبنى 16، بعد محطة المترو، حي شبين الكوم، تلا، المنوفية,المنوفية,تلا,حي شبين الكوم
صيدلية العافية,شارع فيصل، مبنى 63، بجوار المسجد، حي بركة السبع، أشمون، المنوفية,المنوفية,أشمون,حي بركة السبع
صيدلية د. سوسن كمال,شارع رمسيس، مبنى 141، عند النفق، حي تلا، قويسنا، المنوفية,المنوفية,قويسنا,حي تلا
صيدلية أيمن مجدي,شارع المعز، مبنى 98، بجانب المدرسة، حي قويسنا، أشمون، المنوفية,المنوفية,أشمون,حي قويسنا
صيدلية د. أيمن حسين,شارع الميناء، مبنى 132، أمام البنك، حي بركة السبع، بركة السبع، المنوفية,المنوفية,بركة السبع,حي بركة السبع
صيدلية أمل,شارع الحرية، مبنى 19، بعد محطة المترو، حي أشمون، شبين الكوم، المنوفية,المنوفية,شبين الكوم,حي أشمون
صيدلية د. أيمن شريف,شارع 26 يوليو، مبنى 4، بجوار المسجد، حي منوف، الباجور، المنوفية,المنوفية,الباجور,حي منوف
صيدلية إبراهيم عطية,شارع الخزان، مبنى 115، بجانب المدرسة، حي منوف، أشمون، المنوفية,المنوفية,أشمون,حي منوف
صيدلية هايدي هاني,شارع الهرم، مبنى 150، حي أشمون، الشهداء، المنوفية,المنوفية,الشهداء,حي أشمون
صيدلية د. إيمان عبدالعزيز,شارع القنال، مبنى 6، أمام البنك، حي أشمون، سرس الليان، المنوفية,المنوفية,سرس الليان,حي أشمون
صيدلية د. سلوى رمضان,شارع الجلاء، مبنى 144، بعد محطة المترو، حي شبين الكوم، الشهداء، المنوفية,المنوفية,الشهداء,حي شبين الكوم
صيدلية عبدالرحمن,شارع الروضة، مبنى 36، بعد محطة المترو، حي الباجور، شبين الكوم، المنوفية,المنوفية,شبين الكوم,حي الباجور
صيدلية هشام حسونة,شارع فلسطين، مبنى 71، بجوار المسجد، حي بركة السبع، سرس الليان، المنوفية,المنوفية,سرس الليان,حي بركة السبع
صيدلية د. عاطف وحيد,شارع القنال، مبنى 104، بعد محطة المترو، حي الباجور، شبين الكوم، المنوفية,المنوفية,شبين الكوم,حي الباجور
صيدلية حورية,شارع المحطة، مبنى 76، بجانب المدرسة، حي السادات، قويسنا، المنوفية,المنوفية,قويسنا,حي السادات
صيدلية د. خالد حسين,شارع الميناء، مبنى 146، بجانب المدرسة، حي الباجور، أشمون، المنوفية,المنوفية,أشمون,حي الباجور
صيدلية وليد,شارع الجامعة، مبنى 68، أمام البنك، حي منوف، الباجور، المنوفية,المنوفية,الباجور,حي منوف
صيدلية د. وائل حجازي,شارع الجمهورية، مبنى 21، بعد محطة المترو، حي شبين الكوم، الشهداء، المنوفية,المنوفية,الشهداء,حي شبين الكوم
صيدلية رمضان عبدالله,شارع الميناء، مبنى 81، بجوار المسجد، حي قويسنا، أشمون، المنوفية,المنوفية,أشمون,حي قويسنا
صيدلية عبدالعزيز,شارع الهرم، مبنى 15، حي الباجور، أشمون، المنوفية,المنوفية,أشمون,حي الباجور
صيدلية عزة,شارع الخليفة، مبنى 127، بعد محطة المترو، حي السادات، شبين الكوم، المنوفية,المنوفية,شبين الكوم,حي السادات
صيدلية عبدالله أنور,شارع العشرين، مبنى 20، بعد محطة المترو، حي تلا، قويسنا، المنوفية,المنوفية,قويسنا,حي تلا
صيدلية الأمل,شارع الميناء، مبنى 136، أمام البنك، حي الباجور، منوف، المنوفية,المنوفية,منوف,حي الباجور
صيدلية الأمل,شارع الميناء، مبنى 128، أمام البنك، حي شبين الكوم، بركة السبع، المنوفية,المنوفية,بركة السبع,حي شبين الكوم
صيدلية د. سامية وائل,شارع الحرية، مبنى 36، حي أشمون، أشمون، المنوفية,المنوفية,أشمون,حي أشمون
صيدلية نهى عوض,شارع المحطة، مبنى 146، بعد محطة المترو، حي السادات، بركة السبع، المنوفية,المنوفية,بركة السبع,حي السادات
صيدلية د. سحر محمد,شارع النصر، مبنى 50، عند النفق، حي الباجور، قويسنا، المنوفية,المنوفية,قويسنا,حي الباجور
صيدلية حورية عبدالله,شارع المعز، مبنى 46، بعد محطة المترو، حي منوف، بركة السبع، المنوفية,المنوفية,بركة السبع,حي منوف
صيدلية لواء,شارع الوفاء، مبنى 76، بعد محطة المترو، حي منوف، الشهداء، المنوفية,المنوفية,الشهداء,حي منوف
صيدلية د. خالد عزب,شارع الجامعة، مبنى 109، حي بركة السبع، الشهداء، المنوفية,المنوفية,الشهداء,حي بركة السبع
صيدلية د. خالد مجدي,شارع العروبة، مبنى 31، بجانب المدرسة، حي أشمون، السادات، المنوفية,المنوفية,السادات,حي أشمون
صيدلية د. خالد محمود,شارع الطيران، مبنى 134، بجانب المدرسة، حي قويسنا، الشهداء، المنوفية,المنوفية,الشهداء,حي قويسنا
صيدلية د. حسن أيمن,شارع السوق، مبنى 133، بجوار المسجد، حي منوف، أشمون، المنوفية,المنوفية,أشمون,حي منوف
صيدلية سمير,شارع العشرين، مبنى 106، بعد محطة المترو، حي شبين الكوم، شبين الكوم، المنوفية,المنوفية,شبين الكوم,حي شبين الكوم
صيدلية أنور,شارع البحر، مبنى 133، بعد محطة المترو، حي تلا، سرس الليان، المنوفية,المنوفية,سرس الليان,حي تلا
صيدلية مدحت حامد,شارع الأمل، مبنى 132، بجوار المسجد، حي شبين الكوم، الباجور، المنوفية,المنوفية,الباجور,حي شبين الكوم
صيدلية د. عبير شريف,شارع القنال، مبنى 134، بجوار المسجد، حي بركة السبع، تلا، المنوفية,المنوفية,تلا,حي بركة السبع
صيدلية سلوى,شارع الزهراء، مبنى 40، عند النفق، حي تلا، الباجور، المنوفية,المنوفية,الباجور,حي تلا
صيدلية د. ليلى أشرف,شارع طلعت حرب، مبنى 32، أمام البنك، حي تلا، أشمون، المنوفية,المنوفية,أشمون,حي تلا
صيدلية د. ضياء منسي,شارع البنك، مبنى 120، بعد محطة المترو، حي السادات، بركة السبع، المنوفية,المنوفية,بركة السبع,حي السادات
صيدلية أيمن,شارع مكرم عبيد، مبنى 124، عند النفق، حي الباجور، الباجور، المنوفية,المنوفية,الباجور,حي الباجور
صيدلية النور,شارع فيصل، مبنى 74، أمام البنك، حي السادات، شبين الكوم، المنوفية,المنوفية,شبين الكوم,حي السادات
صيدلية منير,شارع النصر، مبنى 56، أمام البنك، حي قطور، كفر الزيات، الغربية,الغربية,كفر الزيات,حي قطور
صيدلية يوسف حسين,شارع الميناء، مبنى 43، أمام البنك، حي المحلة الكبرى، السنطة، الغربية,الغربية,السنطة,حي المحلة الكبرى
صيدلية د. وحيد وائل,شارع كورنيش النيل، مبنى 12، أمام البنك، حي كفر الزيات، بسيون، الغربية,الغربية,بسيون,حي كفر الزيات
صيدلية عبدالرحمن,شارع الوفاء، مبنى 130، بعد محطة المترو، حي قطور، السنطة، الغربية,الغربية,السنطة,حي قطور
صيدلية الصحة,شارع عباس العقاد، مبنى 10، بجوار المسجد، حي زفتى، زفتى، الغربية,الغربية,زفتى,حي زفتى
صيدلية رانيا,شارع رمسيس، مبنى 40، حي المحلة الكبرى، السنطة، الغربية,الغربية,السنطة,حي المحلة الكبرى
صيدلية الفردوس,شارع كورنيش النيل، مبنى 34، حي زفتى، كفر الزيات، الغربية,الغربية,كفر الزيات,حي زفتى
صيدلية إيناس,شارع 26 يوليو، مبنى 92، بعد محطة المترو، حي طنطا، المحلة الكبرى، الغربية,الغربية,المحلة الكبرى,حي طنطا
صيدلية د. حورية حسن,شارع الجامعة، مبنى 63، بجوار المسجد، حي المحلة الكبرى، بسيون، الغربية,الغربية,بسيون,حي المحلة الكبرى
صيدلية د. أماني عبدالستار,شارع فلسطين، مبنى 63، بعد محطة المترو، حي السنطة، سمنود، الغربية,الغربية,سمنود,حي السنطة
صيدلية عبدالرحمن حسام,شارع الروضة، مبنى 49، بجانب المدرسة، حي قطور، سمنود، الغربية,الغربية,سمنود,حي قطور
صيدلية العافية,شارع المحطة، مبنى 6، عند النفق، حي طنطا، السنطة، الغربية,الغربية,السنطة,حي طنطا
صيدلية أمل الفقي,شارع الزهراء، مبنى 70، بجانب المدرسة، حي السنطة، المحلة الكبرى، الغربية,الغربية,المحلة الكبرى,حي السنطة
صيدلية صبحي,شارع عباس العقاد، مبنى 118، أمام البنك، حي زفتى، طنطا، الغربية,الغربية,طنطا,حي زفتى
صيدلية د. سلوى هاني,شارع المعز، مبنى 14، بجانب المدرسة، حي قطور، كفر الزيات، الغربية,الغربية,كفر الزيات,حي قطور
صيدلية د. سعيد شريف,شارع المدرسة، مبنى 146، بجانب المدرسة، حي زفتى، سمنود، الغربية,الغربية,سمنود,حي زفتى
صيدلية د. سعاد أنور,شارع الاستقلال، مبنى 136، بجوار المسجد، حي السنطة، بسيون، الغربية,الغربية,بسيون,حي السنطة
صيدلية د. سحر نبيل,شارع السوق، مبنى 2، عند النفق، حي المحلة الكبرى، كفر الزيات، الغربية,الغربية,كفر الزيات,حي المحلة الكبرى
صيدلية د. عبدالله صبحي,شارع البنك، مبنى 9، بعد محطة المترو، حي كفر الزيات، قطور، الغربية,الغربية,قطور,حي كفر الزيات
صيدلية نعمت خالد,شارع الميناء، مبنى 145، أمام البنك، حي قطور، بسيون، الغربية,الغربية,بسيون,حي قطور
صيدلية جهاد حسن,شارع الثورة، مبنى 18، عند النفق، حي زفتى، زفتى، الغربية,الغربية,زفتى,حي زفتى
صيدلية حسن عبدالرحمن,شارع الخزان، مبنى 74، بجانب المدرسة، حي طنطا، كفر الزيات، الغربية,الغربية,كفر الزيات,حي طنطا
صيدلية لواء وليد,شارع المحطة، مبنى 133، بجانب المدرسة، حي زفتى، طنطا، الغربية,الغربية,طنطا,حي زفتى
صيدلية ناجح,شارع فلسطين، مبنى 92، بجانب المدرسة، حي السنطة، كفر الزيات، الغربية,الغربية,كفر الزيات,حي السنطة
صيدلية أنور خالد,شارع كورنيش النيل، مبنى 69، أمام البنك، حي زفتى، السنطة، الغربية,الغربية,السنطة,حي زفتى
صيدلية الصحة,شارع رمسيس، مبنى 103، عند النفق، حي كفر الزيات، كفر الزيات، الغربية,الغربية,كفر الزيات,حي كفر الزيات
صيدلية د. ضياء محمد,شارع مكرم عبيد، مبنى 89، عند النفق، حي كفر الزيات، سمنود، الغربية,الغربية,سمنود,حي كفر الزيات
صيدلية د. وليد إيهاب,شارع النخيل، مبنى 66، عند النفق، حي المحلة الكبرى، قطور، الغربية,الغربية,قطور,حي المحلة الكبرى
صيدلية إيمان,شارع التحرير، مبنى 42، بجوار المسجد، حي المحلة الكبرى، كفر الزيات، الغربية,الغربية,كفر الزيات,حي المحلة الكبرى
صيدلية مها,شارع فلسطين، مبنى 33، أمام البنك، حي طنطا، قطور، الغربية,الغربية,قطور,حي طنطا
صيدلية د. سحر رمضان,شارع المحطة، مبنى 118، بعد محطة المترو، حي السنطة، طنطا، الغربية,الغربية,طنطا,حي السنطة
صيدلية د. محمد عزب,شارع المعز، مبنى 85، بجوار المسجد، حي زفتى، قطور، الغربية,الغربية,قطور,حي زفتى
صيدلية د. أشرف إبراهيم,شارع الخزان، مبنى 75، أمام البنك، حي المحلة الكبرى، كفر الزيات، الغربية,الغربية,كفر الزيات,حي المحلة الكبرى
صيدلية د. ناجح عاطف,شارع الزهراء، مبنى 20، بجوار المسجد، حي طنطا، طنطا، الغربية,الغربية,طنطا,حي طنطا
صيدلية د. رانيا فؤاد,شارع الوفاء، مبنى 144، بجوار المسجد، حي السنطة، طنطا، الغربية,الغربية,طنطا,حي السنطة
صيدلية الأمل,شارع الاستقلال، مبنى 123، بجانب المدرسة، حي المحلة الكبرى، سمنود، الغربية,الغربية,سمنود,حي المحلة الكبرى
صيدلية العافية,شارع مكرم عبيد، مبنى 148، عند النفق، حي السنطة، كفر الزيات، الغربية,الغربية,كفر الزيات,حي السنطة
صيدلية د. يوسف عبدالله,شارع الثورة، مبنى 134، حي المحلة الكبرى، كفر الزيات، الغربية,الغربية,كفر الزيات,حي المحلة الكبرى
صيدلية الفردوس,شارع الزهراء، مبنى 2، عند النفق، حي طنطا، قطور، الغربية,الغربية,قطور,حي طنطا
صيدلية أماني,شارع العروبة، مبنى 27، بعد محطة المترو، حي السنطة، طنطا، الغربية,الغربية,طنطا,حي السنطة
صيدلية الفردوس,شارع النصر، مبنى 23، حي طنطا، بسيون، الغربية,الغربية,بسيون,حي طنطا
صيدلية سمير,شارع النخيل، مبنى 94، بعد محطة المترو، حي كفر الزيات، كفر الزيات، الغربية,الغربية,كفر الزيات,حي كفر الزيات
صيدلية العافية,شارع عباس العقاد، مبنى 146، أمام البنك، حي السنطة، سمنود، الغربية,الغربية,سمنود,حي السنطة
صيدلية د. سعيد عوض,شارع المعز، مبنى 49، بجوار المسجد، حي قطور، السنطة، الغربية,الغربية,السنطة,حي قطور
صيدلية العافية,شارع الوحدة، مبنى 131، بعد محطة المترو، حي المحلة الكبرى، السنطة، الغربية,الغربية,السنطة,حي المحلة الكبرى
صيدلية د. أنور طارق,شارع النصر، مبنى 38، عند النفق، حي زفتى، المحلة الكبرى، الغربية,الغربية,المحلة الكبرى,حي زفتى
صيدلية نهى محمود,شارع الحرية، مبنى 79، أمام البنك، حي قطور، السنطة، الغربية,الغربية,السنطة,حي قطور
صيدلية هدى,شارع كورنيش النيل، مبنى 80، بعد محطة المترو، حي طنطا، قطور، الغربية,الغربية,قطور,حي طنطا
صيدلية أيمن عبدالستار,شارع الطيران، مبنى 24، حي كفر الزيات، طنطا، الغربية,الغربية,طنطا,حي كفر الزيات
صيدلية د. سعاد جلال,شارع الجامعة، مبنى 124، بجانب المدرسة، حي كفر الزيات، السنطة، الغربية,الغربية,السنطة,حي كفر الزيات
صيدلية فريدة,شارع البحر، مبنى 74، عند النفق، حي المحلة الكبرى، زفتى، الغربية,الغربية,زفتى,حي المحلة الكبرى
صيدلية ضياء حسن,شارع بورسعيد، مبنى 50، بجانب المدرسة، حي المحلة الكبرى، سمنود، الغربية,الغربية,سمنود,حي المحلة الكبرى
صيدلية الفردوس,شارع النصر، مبنى 10، بجانب المدرسة، حي كفر الزيات، طنطا، الغربية,الغربية,طنطا,حي كفر الزيات
صيدلية د. فؤاد وائل,شارع السادات، مبنى 116، عند النفق، حي قطور، السنطة، الغربية,الغربية,السنطة,حي قطور
صيدلية رانيا,شارع محمد علي، مبنى 74، أمام البنك، حي المحلة الكبرى، بسيون، الغربية,الغربية,بسيون,حي المحلة الكبرى
صيدلية سعيد,شارع رمسيس، مبنى 69، أمام البنك، حي السنطة، سمنود، الغربية,الغربية,سمنود,حي السنطة
صيدلية د. بهاء فؤاد,شارع النصر، مبنى 45، أمام البنك، حي المحلة الكبرى، كفر الزيات، الغربية,الغربية,كفر الزيات,حي المحلة الكبرى
صيدلية الفردوس,شارع الميناء، مبنى 120، أمام البنك، حي السنطة، طنطا، الغربية,الغربية,طنطا,حي السنطة
صيدلية العافية,شارع الأهرام، مبنى 148، بجوار المسجد، حي زفتى، زفتى، الغربية,الغربية,زفتى,حي زفتى
صيدلية شريف,شارع الأزهر، مبنى 129، بجانب المدرسة، حي السنطة، طنطا، الغربية,الغربية,طنطا,حي السنطة
صيدلية د. حسام عمر,شارع 26 يوليو، مبنى 53، أمام البنك، حي طنطا، السنطة، الغربية,الغربية,السنطة,حي طنطا
صيدلية د. لواء هشام,شارع التحرير، مبنى 78، حي المحلة الكبرى، قطور، الغربية,الغربية,قطور,حي المحلة الكبرى
صيدلية مدحت عادل,شارع السادات، مبنى 38، أمام البنك، حي كفر الزيات، بسيون، الغربية,الغربية,بسيون,حي كفر الزيات
صيدلية الجمهورية,شارع 26 يوليو، مبنى 50، عند النفق، حي قطور، كفر الزيات، الغربية,الغربية,كفر الزيات,حي قطور
صيدلية الأمل,شارع النصر، مبنى 121، بجوار المسجد، حي طنطا، المحلة الكبرى، الغربية,الغربية,المحلة الكبرى,حي طنطا
صيدلية د. إيمان محمد,شارع الأقصى، مبنى 26، أمام البنك، حي طنطا، طنطا، الغربية,الغربية,طنطا,حي طنطا
صيدلية النور,شارع الخزان، مبنى 110، بعد محطة المترو، حي قطور، سمنود، الغربية,الغربية,سمنود,حي قطور
صيدلية د. حورية السيد,شارع الوحدة، مبنى 140، بجوار المسجد، حي قطور، طنطا، الغربية,الغربية,طنطا,حي قطور
صيدلية الأمل,شارع محمد علي، مبنى 76، بجوار المسجد، حي زفتى، بسيون، الغربية,الغربية,بسيون,حي زفتى
صيدلية د. هشام محمد,شارع الأقصى، مبنى 28، بجوار المسجد، حي المحلة الكبرى، قطور، الغربية,الغربية,قطور,حي المحلة الكبرى
صيدلية هدى عبدالجواد,شارع الميناء، مبنى 99، بجانب المدرسة، حي كفر الزيات، سمنود، الغربية,الغربية,سمنود,حي كفر الزيات
صيدلية د. رائد مصطفى,شارع الجمهورية، مبنى 24، عند النفق، حي كفر الزيات، السنطة، الغربية,الغربية,السنطة,حي كفر الزيات
صيدلية إيمان,شارع الأمل، مبنى 50، عند النفق، حي كفر الزيات، زفتى، الغربية,الغربية,زفتى,حي كفر الزيات
صيدلية حسن,شارع الجامعة، مبنى 105، حي زفتى، بسيون، الغربية,الغربية,بسيون,حي زفتى
صيدلية محمود,شارع البحر، مبنى 99، عند النفق، حي المحلة الكبرى، السنطة، الغربية,الغربية,السنطة,حي المحلة الكبرى
صيدلية ضياء,شارع طلعت حرب، مبنى 99، بجانب المدرسة، حي قطور، زفتى، الغربية,الغربية,زفتى,حي قطور
صيدلية عبدالرحمن عبدالجواد,شارع كورنيش النيل، مبنى 119، عند النفق، حي قطور، كفر الزيات، الغربية,الغربية,كفر الزيات,حي قطور
صيدلية علي,شارع البنك، مبنى 78، عند النفق، حي السنطة، سمنود، الغربية,الغربية,سمنود,حي السنطة
صيدلية عبلة إبراهيم,شارع مكرم عبيد، مبنى 33، حي قطور، السنطة، الغربية,الغربية,السنطة,حي قطور
صيدلية د. عادل أشرف,شارع مكرم عبيد، مبنى 7، بعد محطة المترو، حي قطور، المحلة الكبرى، الغربية,الغربية,المحلة الكبرى,حي قطور
صيدلية الجمهورية,شارع المسجد، مبنى 141، أمام البنك، حي السنطة، المحلة الكبرى، الغربية,الغربية,المحلة الكبرى,حي السنطة
صيدلية وحيد ضياء,شارع فلسطين، مبنى 146، بعد محطة المترو، حي السنطة، المحلة الكبرى، الغربية,الغربية,المحلة الكبرى,حي السنطة
صيدلية د. فؤاد فathy,شارع الثورة، مبنى 115، أمام البنك، حي السنطة، المحلة الكبرى، الغربية,الغربية,المحلة الكبرى,حي السنطة
صيدلية الصحة,شارع النصر، مبنى 79، بجانب المدرسة، حي طنطا، المحلة الكبرى، الغربية,الغربية,المحلة الكبرى,حي طنطا
صيدلية عبدالله الشيخ,شارع عباس العقاد، مبنى 64، بعد محطة المترو، حي طنطا، طنطا، الغربية,الغربية,طنطا,حي طنطا
صيدلية د. جهاد مصطفى,شارع البحر، مبنى 105، حي السنطة، بسيون، الغربية,الغربية,بسيون,حي السنطة
صيدلية د. حورية أيمن,شارع الأقصى، مبنى 60، عند النفق، حي زفتى، بسيون، الغربية,الغربية,بسيون,حي زفتى
صيدلية هاني,شارع المعز، مبنى 121، بجوار المسجد، حي زفتى، كفر الزيات، الغربية,الغربية,كفر الزيات,حي زفتى
صيدلية د. عاطف جلال,شارع السوق، مبنى 34، بعد محطة المترو، حي المحلة الكبرى، سمنود، الغربية,الغربية,سمنود,حي المحلة الكبرى
صيدلية د. سمير حامد,شارع 26 يوليو، مبنى 121، بجوار المسجد، حي المحلة الكبرى، قطور، الغربية,الغربية,قطور,حي المحلة الكبرى
صيدلية هاني أيمن,شارع الأمل، مبنى 138، عند النفق، حي كفر الزيات، قطور، الغربية,الغربية,قطور,حي كفر الزيات
صيدلية رمضان مدحت,شارع الأمل، مبنى 30، بعد محطة المترو، حي السنطة، طنطا، الغربية,الغربية,طنطا,حي السنطة
صيدلية د. سوسن عبدالعزيز,شارع المحطة، مبنى 74، بجانب المدرسة، حي زفتى، زفتى، الغربية,الغربية,زفتى,حي زفتى
صيدلية الأمل,شارع كورنيش النيل، مبنى 66، عند النفق، حي السنطة، السنطة، الغربية,الغربية,السنطة,حي السنطة
صيدلية سعاد هاني,شارع 26 يوليو، مبنى 47، أمام البنك، حي كفر الزيات، زفتى، الغربية,الغربية,زفتى,حي كفر الزيات
صيدلية الجمهورية,شارع الروضة، مبنى 142، بجانب المدرسة، حي طنطا، السنطة، الغربية,الغربية,السنطة,حي طنطا
صيدلية د. عبدالعزيز عاطف,شارع الجمهورية، مبنى 45، بعد محطة المترو، حي كفر الزيات، بسيون، الغربية,الغربية,بسيون,حي كفر الزيات
صيدلية د. إيناس عمر,شارع الأقصى، مبنى 109، حي السنطة، كفر الزيات، الغربية,الغربية,كفر الزيات,حي السنطة
صيدلية عبدالعزيز,شارع التحرير، مبنى 90، حي طنطا، بسيون، الغربية,الغربية,بسيون,حي طنطا
صيدلية وائل عادل,شارع القنال، مبنى 50، حي السنطة، زفتى، الغربية,الغربية,زفتى,حي السنطة
صيدلية فريدة إبراهيم,شارع الطيران، مبنى 68، حي السنطة، كفر الزيات، الغربية,الغربية,كفر الزيات,حي السنطة
صيدلية إبراهيم حجازي,شارع المقاومة، مبنى 36، بعد محطة المترو، حي طنطا، قطور، الغربية,الغربية,قطور,حي طنطا
صيدلية د. حسين عزب,شارع كورنيش النيل، مبنى 103، عند النفق، حي طنطا، السنطة، الغربية,الغربية,السنطة,حي طنطا
صيدلية الجمهورية,شارع البنك، مبنى 11، عند النفق، حي المحلة الكبرى، زفتى، الغربية,الغربية,زفتى,حي المحلة الكبرى
صيدلية د. عبير فؤاد,شارع الأزهر، مبنى 129، بعد محطة المترو، حي السنطة، بسيون، الغربية,الغربية,بسيون,حي السنطة
صيدلية عزة,شارع التحرير، مبنى 29، بجوار المسجد، حي كفر الزيات، سمنود، الغربية,الغربية,سمنود,حي كفر الزيات
صيدلية د. سعاد فؤاد,شارع القنال، مبنى 116، بجانب المدرسة، حي زفتى، سمنود، الغربية,الغربية,سمنود,حي زفتى
صيدلية سعاد أنور,شارع التحرير، مبنى 28، بجوار المسجد، حي قطور، بسيون، الغربية,الغربية,بسيون,حي قطور
صيدلية د. دينا عمرو,شارع البنك، مبنى 94، بجوار المسجد، حي زفتى، قطور، الغربية,الغربية,قطور,حي زفتى
صيدلية د. بهاء محمد,شارع الهرم، مبنى 87، أمام البنك، حي السنطة، طنطا، الغربية,الغربية,طنطا,حي السنطة
صيدلية هاني منسي,شارع الجامعة، مبنى 139، عند النفق، حي السنطة، السنطة، الغربية,الغربية,السنطة,حي السنطة
صيدلية الجمهورية,شارع السوق، مبنى 39، بجوار المسجد، حي المحلة الكبرى، السنطة، الغربية,الغربية,السنطة,حي المحلة الكبرى
صيدلية الفردوس,شارع الزهراء، مبنى 73، بعد محطة المترو، حي طنطا، السنطة، الغربية,الغربية,السنطة,حي طنطا
صيدلية محمد عاطف,شارع كورنيش النيل، مبنى 115، حي السنطة، طنطا، الغربية,الغربية,طنطا,حي السنطة
صيدلية د. سعيد حسونة,شارع فيصل، مبنى 34، بجانب المدرسة، حي طنطا، قطور، الغربية,الغربية,قطور,حي طنطا
صيدلية د. عاطف مصطفى,شارع القنال، مبنى 83، بجانب المدرسة، حي زفتى، سمنود، الغربية,الغربية,سمنود,حي زفتى
صيدلية د. إبراهيم عطية,شارع المسجد، مبنى 22، عند النفق، حي طنطا، السنطة، الغربية,الغربية,السنطة,حي طنطا
صيدلية الفردوس,شارع فيصل، مبنى 129، بجوار المسجد، حي المحلة الكبرى، السنطة، الغربية,الغربية,السنطة,حي المحلة الكبرى
صيدلية عبدالعزيز هاني,شارع الهرم، مبنى 29، عند النفق، حي كفر الزيات، المحلة الكبرى، الغربية,الغربية,المحلة الكبرى,حي كفر الزيات
صيدلية د. حسام حسام,شارع الروضة، مبنى 119، بعد محطة المترو، حي زفتى، زفتى، الغربية,الغربية,زفتى,حي زفتى
صيدلية د. سعاد مدحت,شارع البنك، مبنى 130، أمام البنك، حي طنطا، سمنود، الغربية,الغربية,سمنود,حي طنطا
صيدلية د. عبدالرحمن حسن,شارع الميناء، مبنى 23، بعد محطة المترو، حي المحلة الكبرى، سمنود، الغربية,الغربية,سمنود,حي المحلة الكبرى
صيدلية د. يوسف وحيد,شارع عباس العقاد، مبنى 112، عند النفق، حي المحلة الكبرى، السنطة، الغربية,الغربية,السنطة,حي المحلة الكبرى
صيدلية دينا,شارع الميناء، مبنى 40، أمام البنك، حي قطور، سمنود، الغربية,الغربية,سمنود,حي قطور
صيدلية خالد,شارع المدرسة، مبنى 125، بعد محطة المترو، حي كفر الزيات، سمنود، الغربية,الغربية,سمنود,حي كفر الزيات
صيدلية عادل أشرف,شارع مكرم عبيد، مبنى 49، حي كفر الزيات، السنطة، الغربية,الغربية,السنطة,حي كفر الزيات
صيدلية د. نعمت مجدي,شارع كورنيش النيل، مبنى 102، بجانب المدرسة، حي السنطة، بسيون، الغربية,الغربية,بسيون,حي السنطة
صيدلية إيناس,شارع الاستقلال، مبنى 17، بعد محطة المترو، حي طنطا، طنطا، الغربية,الغربية,طنطا,حي طنطا
صيدلية د. مدحت عمرو,شارع الهرم، مبنى 17، حي قطور، كفر الزيات، الغربية,الغربية,كفر الزيات,حي قطور
صيدلية أيمن,شارع الأمل، مبنى 150، بعد محطة المترو، حي السنطة، قطور، الغربية,الغربية,قطور,حي السنطة
صيدلية د. حسن وحيد,شارع الأقصى، مبنى 14، عند النفق، حي المحلة الكبرى، طنطا، الغربية,الغربية,طنطا,حي المحلة الكبرى
صيدلية د. أحمد عبدالجواد,شارع الخزان، مبنى 39، أمام البنك، حي زفتى، بسيون، الغربية,الغربية,بسيون,حي زفتى
صيدلية حسين,شارع الأهرام، مبنى 102، بعد محطة المترو، حي طنطا، سمنود، الغربية,الغربية,سمنود,حي طنطا
صيدلية فريدة عمرو,شارع الوفاء، مبنى 89، حي كفر الزيات، زفتى، الغربية,الغربية,زفتى,حي كفر الزيات
صيدلية د. مها نبيل,شارع الوفاء، مبنى 38، بعد محطة المترو، حي المحلة الكبرى، سمنود، الغربية,الغربية,سمنود,حي المحلة الكبرى
صيدلية إيمان,شارع الوفاء، مبنى 64، بجانب المدرسة، حي قطور، السنطة، الغربية,الغربية,السنطة,حي قطور
صيدلية الجمهورية,شارع البنك، مبنى 9، أمام البنك، حي زفتى، زفتى، الغربية,الغربية,زفتى,حي زفتى
صيدلية د. عبلة خالد,شارع النخيل، مبنى 88، أمام البنك، حي المحلة الكبرى، سمنود، الغربية,الغربية,سمنود,حي المحلة الكبرى
صيدلية سعيد عمر,شارع الهرم، مبنى 85، عند النفق، حي السنطة، طنطا، الغربية,الغربية,طنطا,حي السنطة
صيدلية رائد,شارع النخيل، مبنى 23، أمام البنك، حي قطور، كفر الزيات، الغربية,الغربية,كفر الزيات,حي قطور
صيدلية د. جلال وليد,شارع الخزان، مبنى 73، حي كفر الزيات، كفر الزيات، الغربية,الغربية,كفر الزيات,حي كفر الزيات
صيدلية الجمهورية,شارع النصر، مبنى 130، أمام البنك، حي المحلة الكبرى، السنطة، الغربية,الغربية,السنطة,حي المحلة الكبرى
صيدلية د. علي وحيد,شارع المحطة، مبنى 67، عند النفق، حي كفر الزيات، السنطة، الغربية,الغربية,السنطة,حي كفر الزيات
صيدلية وحيد,شارع الأزهر، مبنى 42، حي المحلة الكبرى، قطور، الغربية,الغربية,قطور,حي المحلة الكبرى
صيدلية الفردوس,شارع الميناء، مبنى 109، بعد محطة المترو، حي قطور، سمنود، الغربية,الغربية,سمنود,حي قطور
صيدلية د. جلال هشام,شارع بورسعيد، مبنى 129، عند النفق، حي طنطا، زفتى، الغربية,الغربية,زفتى,حي طنطا
صيدلية د. سلوى عزب,شارع الثورة، مبنى 134، بعد محطة المترو، حي قطور، زفتى، الغربية,الغربية,زفتى,حي قطور
صيدلية د. أيمن محمد,شارع البحر، مبنى 17، عند النفق، حي قطور، سمنود، الغربية,الغربية,سمنود,حي قطور
صيدلية عمر السيد,شارع الوحدة، مبنى 72، عند النفق، حي السنطة، السنطة، الغربية,الغربية,السنطة,حي السنطة
صيدلية العافية,شارع العروبة، مبنى 59، بجوار المسجد، حي زفتى، سمنود، الغربية,الغربية,سمنود,حي زفتى
صيدلية رائد حسين,شارع الأهرام، مبنى 150، بعد محطة المترو، حي طنطا، السنطة، الغربية,الغربية,السنطة,حي طنطا
صيدلية د. خالد حامد,شارع العشرين، مبنى 50، أمام البنك، حي قطور، سمنود، الغربية,الغربية,سمنود,حي قطور
صيدلية رانيا خالد,شارع المعز، مبنى 22، بعد محطة المترو، حي كفر الزيات، قطور، الغربية,الغربية,قطور,حي كفر الزيات
صيدلية د. علي جلال,شارع الوفاء، مبنى 108، حي زفتى، قطور، الغربية,الغربية,قطور,حي زفتى
صيدلية د. وليد حسام,شارع الجامعة، مبنى 109، بجوار المسجد، حي طنطا، السنطة، الغربية,الغربية,السنطة,حي طنطا
صيدلية منال,شارع البنك، مبنى 115، بجانب المدرسة، حي طنطا، المحلة الكبرى، الغربية,الغربية,المحلة الكبرى,حي طنطا
صيدلية سلوى,شارع الميناء، مبنى 103، أمام البنك، حي المحلة الكبرى، زفتى، الغربية,الغربية,زفتى,حي المحلة الكبرى
صيدلية د. سلوى عبدالستار,شارع الاستقلال، مبنى 135، عند النفق، حي المحلة الكبرى، طنطا، الغربية,الغربية,طنطا,حي المحلة الكبرى
صيدلية فتحي,شارع المحطة، مبنى 29، عند النفق، حي طنطا، قطور، الغربية,الغربية,قطور,حي طنطا
صيدلية د. طارق كمال,شارع النصر، مبنى 50، حي السنطة، المحلة الكبرى، الغربية,الغربية,المحلة الكبرى,حي السنطة
صيدلية رانيا خالد,شارع الخليفة، مبنى 122، عند النفق، حي السنطة، المحلة الكبرى، الغربية,الغربية,المحلة الكبرى,حي السنطة
صيدلية د. عمر ضياء,شارع 26 يوليو، مبنى 26، بجوار المسجد، حي زفتى، السنطة، الغربية,الغربية,السنطة,حي زفتى
صيدلية الصحة,شارع الزهراء، مبنى 51، عند النفق، حي زفتى، السنطة، الغربية,الغربية,السنطة,حي زفتى
صيدلية د. عبدالرحمن عبدالعزيز,شارع كورنيش النيل، مبنى 116، حي زفتى، المحلة الكبرى، الغربية,الغربية,المحلة الكبرى,حي زفتى
صيدلية أحمد,شارع الوحدة، مبنى 12، حي طنطا، بسيون، الغربية,الغربية,بسيون,حي طنطا
صيدلية النور,شارع الهرم، مبنى 89، بجانب المدرسة، حي كفر الزيات، سمنود، الغربية,الغربية,سمنود,حي كفر الزيات
صيدلية الصحة,شارع طلعت حرب، مبنى 93، بجانب المدرسة، حي السنطة، قطور، الغربية,الغربية,قطور,حي السنطة
صيدلية د. خالد الفقي,شارع الحرية، مبنى 139، بجوار المسجد، حي طنطا، زفتى، الغربية,الغربية,زفتى,حي طنطا
صيدلية طارق سيد,شارع الاستقلال، مبنى 87، أمام البنك، حي قطور، بسيون، الغربية,الغربية,بسيون,حي قطور
صيدلية حسن عادل,شارع الهرم، مبنى 55، بعد محطة المترو، حي المحلة الكبرى، المحلة الكبرى، الغربية,الغربية,المحلة الكبرى,حي المحلة الكبرى
صيدلية د. غادة حامد,شارع محمد علي، مبنى 17، بعد محطة المترو، حي المحلة الكبرى، زفتى، الغربية,الغربية,زفتى,حي المحلة الكبرى
صيدلية الفردوس,شارع الأقصى، مبنى 124، بجانب المدرسة، حي قطور، المحلة الكبرى، الغربية,الغربية,المحلة الكبرى,حي قطور
صيدلية د. حسام رمضان,شارع عباس العقاد، مبنى 50، بجوار المسجد، حي طنطا، زفتى، الغربية,الغربية,زفتى,حي طنطا
صيدلية د. عاطف علي,شارع الجامعة، مبنى 64، بجوار المسجد، حي كفر الزيات، بسيون، الغربية,الغربية,بسيون,حي كفر الزيات
صيدلية الفردوس,شارع الجمهورية، مبنى 63، بجوار المسجد، حي كفر الزيات، قطور، الغربية,الغربية,قطور,حي كفر الزيات
صيدلية د. حسين فathy,شارع الطيران، مبنى 140، عند النفق، حي المحلة الكبرى، السنطة، الغربية,الغربية,السنطة,حي المحلة الكبرى
صيدلية الأمل,شارع الأهرام، مبنى 142، عند النفق، حي طنطا، بسيون، الغربية,الغربية,بسيون,حي طنطا
صيدلية د. يوسف هشام,شارع الزهراء، مبنى 87، عند النفق، حي طنطا، زفتى، الغربية,الغربية,زفتى,حي طنطا
صيدلية فريدة هاني,شارع فيصل، مبنى 24، بعد محطة المترو، حي قطور، كفر الزيات، الغربية,الغربية,كفر الزيات,حي قطور
صيدلية د. يوسف غانم,شارع فلسطين، مبنى 72، بعد محطة المترو، حي قطور، كفر الزيات، الغربية,الغربية,كفر الزيات,حي قطور
صيدلية مجدي,شارع النصر، مبنى 32، عند النفق، حي زفتى، قطور، الغربية,الغربية,قطور,حي زفتى
صيدلية د. سعاد عطية,شارع الطيران، مبنى 123، عند النفق، حي المحلة الكبرى، قطور، الغربية,الغربية,قطور,حي المحلة الكبرى
صيدلية د. فاتن هشام,شارع المسجد، مبنى 39، بجانب المدرسة، حي السنطة، المحلة الكبرى، الغربية,الغربية,المحلة الكبرى,حي السنطة
صيدلية د. منير أيمن,شارع الجلاء، مبنى 50، عند النفق، حي المحلة الكبرى، المحلة الكبرى، الغربية,الغربية,المحلة الكبرى,حي المحلة الكبرى
صيدلية د. وفاء سيد,شارع السوق، مبنى 122، أمام البنك، حي زفتى، المحلة الكبرى، الغربية,الغربية,المحلة الكبرى,حي زفتى
صيدلية د. أحمد أشرف,شارع عباس العقاد، مبنى 2، بجانب المدرسة، حي السنطة، قطور، الغربية,الغربية,قطور,حي السنطة
صيدلية دينا,شارع الوحدة، مبنى 77، بعد محطة المترو، حي كفر الزيات، السنطة، الغربية,الغربية,السنطة,حي كفر الزيات
صيدلية غادة سمير,شارع النصر، مبنى 69، عند النفق، حي كفر الزيات، بسيون، الغربية,الغربية,بسيون,حي كفر الزيات
صيدلية رانيا,شارع السوق، مبنى 22، بجانب المدرسة، حي زفتى، طنطا، الغربية,الغربية,طنطا,حي زفتى
صيدلية د. فؤاد فathy,شارع السوق، مبنى 94، أمام البنك، حي السنطة، السنطة، الغربية,الغربية,السنطة,حي السنطة
صيدلية د. حسام عبدالعزيز,شارع المدرسة، مبنى 134، عند النفق، حي قطور، المحلة الكبرى، الغربية,الغربية,المحلة الكبرى,حي قطور
صيدلية د. مدحت حامد,شارع السوق، مبنى 93، بعد محطة المترو، حي قطور، كفر الزيات، الغربية,الغربية,كفر الزيات,حي قطور
صيدلية د. جلال حسن,شارع المسجد، مبنى 130، عند النفق، حي المحلة الكبرى، بسيون، الغربية,الغربية,بسيون,حي المحلة الكبرى
صيدلية د. ضياء أحمد,شارع المحطة، مبنى 137، حي طنطا، سمنود، الغربية,الغربية,سمنود,حي طنطا
صيدلية شريف أيمن,شارع الأقصى، مبنى 114، بجوار المسجد، حي المحلة الكبرى، سمنود، الغربية,الغربية,سمنود,حي المحلة الكبرى
صيدلية د. رانيا حسن,شارع الزهراء، مبنى 112، بجوار المسجد، حي المحلة الكبرى، زفتى، الغربية,الغربية,زفتى,حي المحلة الكبرى
صيدلية سعيد,شارع الميناء، مبنى 105، بجوار المسجد، حي قطور، زفتى، الغربية,الغربية,زفتى,حي قطور
صيدلية حسام حسن,شارع العشرين، مبنى 14، أمام البنك، حي قطور، زفتى، الغربية,الغربية,زفتى,حي قطور
صيدلية النور,شارع الوفاء، مبنى 112، بجانب المدرسة، حي طنطا، زفتى، الغربية,الغربية,زفتى,حي طنطا
صيدلية د. حسين علي,شارع المقاومة، مبنى 20، بجانب المدرسة، حي قطور، المحلة الكبرى، الغربية,الغربية,المحلة الكبرى,حي قطور
صيدلية الفردوس,شارع الطيران، مبنى 68، حي السنطة، زفتى، الغربية,الغربية,زفتى,حي السنطة
صيدلية أيمن عادل,شارع العشرين، مبنى 49، بجانب المدرسة، حي قطور، المحلة الكبرى، الغربية,الغربية,المحلة الكبرى,حي قطور
صيدلية سعاد,شارع الأمل، مبنى 91، عند النفق، حي السنطة، بسيون، الغربية,الغربية,بسيون,حي السنطة
صيدلية د. إيمان الشيخ,شارع التحرير، مبنى 73، بجانب المدرسة، حي كفر الزيات، بسيون، الغربية,الغربية,بسيون,حي كفر الزيات
صيدلية د. عبلة سمير,شارع 26 يوليو، مبنى 143، أمام البنك، حي طنطا، طنطا، الغربية,الغربية,طنطا,حي طنطا
صيدلية د. سعاد إبراهيم,شارع محمد علي، مبنى 137، بجوار المسجد، حي السنطة، المحلة الكبرى، الغربية,الغربية,المحلة الكبرى,حي السنطة
صيدلية د. علي يوسف,شارع الروضة، مبنى 139، بجوار المسجد، حي زفتى، طنطا، الغربية,الغربية,طنطا,حي زفتى
صيدلية شريف,شارع الروضة، مبنى 119، عند النفق، حي طنطا، سمنود، الغربية,الغربية,سمنود,حي طنطا
صيدلية د. علي عمرو,شارع النصر، مبنى 60، بجوار المسجد، حي قطور، زفتى، الغربية,الغربية,زفتى,حي قطور
صيدلية د. حسن سمير,شارع النصر، مبنى 87، بعد محطة المترو، حي كفر الزيات، زفتى، الغربية,الغربية,زفتى,حي كفر الزيات
صيدلية صبحي,شارع الروضة، مبنى 63، بعد محطة المترو، حي قطور، بسيون، الغربية,الغربية,بسيون,حي قطور
صيدلية الفردوس,شارع الزهراء، مبنى 5، بجوار المسجد، حي زفتى، المحلة الكبرى، الغربية,الغربية,المحلة الكبرى,حي زفتى
صيدلية إيناس نبيل,شارع الجمهورية، مبنى 74، عند النفق، حي زفتى، سمنود، الغربية,الغربية,سمنود,حي زفتى
صيدلية الأمل,شارع الزهراء، مبنى 42، حي كفر الزيات، السنطة، الغربية,الغربية,السنطة,حي كفر الزيات
صيدلية أنور,شارع كورنيش النيل، مبنى 31، حي السنطة، قطور، الغربية,الغربية,قطور,حي السنطة
صيدلية د. نعمت سلامة,شارع بورسعيد، مبنى 100، أمام البنك، حي السنطة، كفر الزيات، الغربية,الغربية,كفر الزيات,حي السنطة
صيدلية د. وليد إيهاب,شارع الجمهورية، مبنى 44، بعد محطة المترو، حي زفتى، طنطا، الغربية,الغربية,طنطا,حي زفتى
صيدلية حورية,شارع الجامعة، مبنى 125، عند النفق، حي السنطة، المحلة الكبرى، الغربية,الغربية,المحلة الكبرى,حي السنطة
صيدلية عبدالرحمن عادل,شارع الخزان، مبنى 37، بجوار المسجد، حي طنطا، كفر الزيات، الغربية,الغربية,كفر الزيات,حي طنطا
صيدلية الصحة,شارع الخزان، مبنى 57، أمام البنك، حي كفر الزيات، طنطا، الغربية,الغربية,طنطا,حي كفر الزيات
صيدلية نادية حسام,شارع محمد علي، مبنى 22، بعد محطة المترو، حي طنطا، السنطة، الغربية,الغربية,السنطة,حي طنطا
صيدلية إيمان سلامة,شارع الزهراء، مبنى 98، بجانب المدرسة، حي طنطا، المحلة الكبرى، الغربية,الغربية,المحلة الكبرى,حي طنطا
صيدلية محمود هاني,شارع كورنيش النيل، مبنى 125، أمام البنك، حي زفتى، قطور، الغربية,الغربية,قطور,حي زفتى
صيدلية د. دينا أحمد,شارع الأهرام، مبنى 95، بجانب المدرسة، حي قطور، قطور، الغربية,الغربية,قطور,حي قطور
صيدلية أنور,شارع فلسطين، مبنى 71، حي زفتى، سمنود، الغربية,الغربية,سمنود,حي زفتى
صيدلية الصحة,شارع النصر، مبنى 109، أمام البنك، حي قطور، طنطا، الغربية,الغربية,طنطا,حي قطور
صيدلية صبحي,شارع الهرم، مبنى 74، بجوار المسجد، حي زفتى، المحلة الكبرى، الغربية,الغربية,المحلة الكبرى,حي زفتى
صيدلية أيمن,شارع المحطة، مبنى 66، بجوار المسجد، حي زفتى، كفر الزيات، الغربية,الغربية,كفر الزيات,حي زفتى
صيدلية عبدالعزيز,شارع رمسيس، مبنى 3، عند النفق، حي طنطا، طنطا، الغربية,الغربية,طنطا,حي طنطا
صيدلية د. عادل إيهاب,شارع الأقصى، مبنى 21، عند النفق، حي كفر الزيات، زفتى، الغربية,الغربية,زفتى,حي كفر الزيات
صيدلية عمرو أيمن,شارع بورسعيد، مبنى 148، بجوار المسجد، حي السنطة، زفتى، الغربية,الغربية,زفتى,حي السنطة
صيدلية الجمهورية,شارع الثورة، مبنى 149، حي السنطة، بسيون، الغربية,الغربية,بسيون,حي السنطة
صيدلية د. عبلة السيد,شارع بورسعيد، مبنى 136، بعد محطة المترو، حي السنطة، كفر الزيات، الغربية,الغربية,كفر الزيات,حي السنطة
صيدلية د. إيهاب حسام,شارع النصر، مبنى 126، أمام البنك، حي طنطا، كفر الزيات، الغربية,الغربية,كفر الزيات,حي طنطا
صيدلية أنور مدحت,شارع العشرين، مبنى 118، حي طنطا، السنطة، الغربية,الغربية,السنطة,حي طنطا
صيدلية الأمل,شارع الوفاء، مبنى 102، بعد محطة المترو، حي السنطة، كفر الزيات، الغربية,الغربية,كفر الزيات,حي السنطة
صيدلية د. سوسن عطية,شارع المدرسة، مبنى 85، بعد محطة المترو، حي طنطا، بسيون، الغربية,الغربية,بسيون,حي طنطا
صيدلية د. عبدالله حسونة,شارع عباس العقاد، مبنى 119، عند النفق، حي المحلة الكبرى، السنطة، الغربية,الغربية,السنطة,حي المحلة الكبرى
صيدلية سلوى,شارع الجلاء، مبنى 123، بجانب المدرسة، حي طنطا، قطور، الغربية,الغربية,قطور,حي طنطا
صيدلية د. لواء حسين,شارع النخيل، مبنى 58، أمام البنك، حي المحلة الكبرى، قطور، الغربية,الغربية,قطور,حي المحلة الكبرى
صيدلية د. وحيد عمر,شارع طلعت حرب، مبنى 110، أمام البنك، حي زفتى، المحلة الكبرى، الغربية,الغربية,المحلة الكبرى,حي زفتى
صيدلية العافية,شارع بورسعيد، مبنى 33، بعد محطة المترو، حي المحلة الكبرى، قطور، الغربية,الغربية,قطور,حي المحلة الكبرى
صيدلية خالد شريف,شارع الوفاء، مبنى 85، بجوار المسجد، حي قطور، السنطة، الغربية,الغربية,السنطة,حي قطور
صيدلية د. عبدالرحمن عمرو,شارع فيصل، مبنى 36، عند النفق، حي السنطة، السنطة، الغربية,الغربية,السنطة,حي السنطة
صيدلية عاطف عبدالرحمن,شارع السادات، مبنى 130، حي المحلة الكبرى، كفر الزيات، الغربية,الغربية,كفر الزيات,حي المحلة الكبرى
صيدلية سحر عطية,شارع الخليفة، مبنى 131، حي طنطا، طنطا، الغربية,الغربية,طنطا,حي طنطا
صيدلية رانيا,شارع الجلاء، مبنى 54، بعد محطة المترو، حي زفتى، قطور، الغربية,الغربية,قطور,حي زفتى
صيدلية د. كمال طارق,شارع مكرم عبيد، مبنى 58، بجوار المسجد، حي السنطة، قطور، الغربية,الغربية,قطور,حي السنطة
صيدلية عبدالعزيز إبراهيم,شارع السادات، مبنى 80، بعد محطة المترو، حي دمنهور، دمنهور، البحيرة,البحيرة,دمنهور,حي دمنهور
صيدلية د. إيناس فؤاد,شارع المعز، مبنى 1، حي رشيد، كفر الدوار، البحيرة,البحيرة,كفر الدوار,حي رشيد
صيدلية د. سوسن طارق,شارع الجلاء، مبنى 110، بجوار المسجد، حي كفر الدوار، إدكو، البحيرة,البحيرة,إدكو,حي كفر الدوار
صيدلية ضياء,شارع الطيران، مبنى 64، بعد محطة المترو، حي رشيد، الرحمانية، البحيرة,البحيرة,الرحمانية,حي رشيد
صيدلية الصحة,شارع الروضة، مبنى 29، حي شبراخيت، إدكو، البحيرة,البحيرة,إدكو,حي شبراخيت
صيدلية سيد,شارع طلعت حرب، مبنى 135، بجانب المدرسة، حي كوم حمادة، إيتاي البارود، البحيرة,البحيرة,إيتاي البارود,حي كوم حمادة
صيدلية العافية,شارع الثورة، مبنى 51، بعد محطة المترو، حي شبراخيت، إدكو، البحيرة,البحيرة,إدكو,حي شبراخيت
صيدلية مجدي مجدي,شارع الثورة، مبنى 126، حي إدكو، كوم حمادة، البحيرة,البحيرة,كوم حمادة,حي إدكو
صيدلية د. محمود عاطف,شارع السوق، مبنى 117، عند النفق، حي كفر الدوار، وادي النطرون، البحيرة,البحيرة,وادي النطرون,حي كفر الدوار
صيدلية لواء صبحي,شارع السوق، مبنى 77، حي إدكو، أبو المطامير، البحيرة,البحيرة,أبو المطامير,حي إدكو
صيدلية د. رائد حامد,شارع المعز، مبنى 27، بجوار المسجد، حي كوم حمادة، كفر الدوار، البحيرة,البحيرة,كفر الدوار,حي كوم حمادة
صيدلية د. نادية محمود,شارع المقاومة، مبنى 131، بعد محطة المترو، حي الدلنجات، وادي النطرون، البحيرة,البحيرة,وادي النطرون,حي الدلنجات
صيدلية العافية,شارع الجمهورية، مبنى 69، أمام البنك، حي دمنهور، إدكو، البحيرة,البحيرة,إدكو,حي دمنهور
صيدلية د. إبراهيم أشرف,شارع الأمل، مبنى 37، بجانب المدرسة، حي الدلنجات، دمنهور، البحيرة,البحيرة,دمنهور,حي الدلنجات
صيدلية د. عمرو علي,شارع كورنيش النيل، مبنى 148، أمام البنك، حي المحمودية، أبو حمص، البحيرة,البحيرة,أبو حمص,حي المحمودية
صيدلية د. حسام أشرف,شارع التحرير، مبنى 105، بجانب المدرسة، حي أبو حمص، كوم حمادة، البحيرة,البحيرة,كوم حمادة,حي أبو حمص
صيدلية ليلى أنور,شارع الروضة، مبنى 1، حي دمنهور، وادي النطرون، البحيرة,البحيرة,وادي النطرون,حي دمنهور
صيدلية د. فتحي عوض,شارع الوفاء، مبنى 15، بعد محطة المترو، حي الدلنجات، شبراخيت، البحيرة,البحيرة,شبراخيت,حي الدلنجات
صيدلية العافية,شارع العروبة، مبنى 132، عند النفق، حي إدكو، كوم حمادة، البحيرة,البحيرة,كوم حمادة,حي إدكو
صيدلية خالد عبدالرحمن,شارع الاستقلال، مبنى 106، حي الدلنجات، دمنهور، البحيرة,البحيرة,دمنهور,حي الدلنجات
صيدلية أمل,شارع الخزان، مبنى 97، بجوار المسجد، حي المحمودية، إدكو، البحيرة,البحيرة,إدكو,حي المحمودية
صيدلية محمود,شارع الأهرام، مبنى 24، بعد محطة المترو، حي إدكو، إدكو، البحيرة,البحيرة,إدكو,حي إدكو
صيدلية د. سامية وحيد,شارع مكرم عبيد، مبنى 7، بعد محطة المترو، حي شبراخيت، أبو المطامير، البحيرة,البحيرة,أبو المطامير,حي شبراخيت
صيدلية الصحة,شارع محمد علي، مبنى 22، بجانب المدرسة، حي المحمودية، كفر الدوار، البحيرة,البحيرة,كفر الدوار,حي المحمودية
صيدلية د. وائل سمير,شارع الأزهر، مبنى 27، بعد محطة المترو، حي إدكو، كفر الدوار، البحيرة,البحيرة,كفر الدوار,حي إدكو
صيدلية د. علي سلامة,شارع الأقصى، مبنى 66، بعد محطة المترو، حي كوم حمادة، إدكو، البحيرة,البحيرة,إدكو,حي كوم حمادة
صيدلية حسين عادل,شارع التحرير، مبنى 94، عند النفق، حي شبراخيت، إدكو، البحيرة,البحيرة,إدكو,حي شبراخيت
صيدلية الجمهورية,شارع المحطة، مبنى 132، بجوار المسجد، حي رشيد، دمنهور، البحيرة,البحيرة,دمنهور,حي رشيد
صيدلية الفردوس,شارع السادات، مبنى 102، بعد محطة المترو، حي رشيد، أبو حمص، البحيرة,البحيرة,أبو حمص,حي رشيد
صيدلية العافية,شارع السادات، مبنى 15، بجوار المسجد، حي الدلنجات، شبراخيت، البحيرة,البحيرة,شبراخيت,حي الدلنجات
صيدلية وفاء سلامة,شارع المدرسة، مبنى 3، بجوار المسجد، حي شبراخيت، كوم حمادة، البحيرة,البحيرة,كوم حمادة,حي شبراخيت
صيدلية أيمن وائل,شارع القنال، مبنى 130، حي المحمودية، كفر الدوار، البحيرة,البحيرة,كفر الدوار,حي المحمودية
صيدلية د. أشرف رمضان,شارع النصر، مبنى 53، حي أبو حمص، إدكو، البحيرة,البحيرة,إدكو,حي أبو حمص
صيدلية فريدة,شارع الوفاء، مبنى 5، أمام البنك، حي أبو حمص، المحمودية، البحيرة,البحيرة,المحمودية,حي أبو حمص
صيدلية د. مدحت عمر,شارع الوفاء، مبنى 79، حي إدكو، الدلنجات، البحيرة,البحيرة,الدلنجات,حي إدكو
صيدلية العافية,شارع الخزان، مبنى 46، بجوار المسجد، حي كوم حمادة، دمنهور، البحيرة,البحيرة,دمنهور,حي كوم حمادة
صيدلية إيناس,شارع النصر، مبنى 134، عند النفق، حي رشيد، حوش عيسى، البحيرة,البحيرة,حوش عيسى,حي رشيد
صيدلية د. عبدالله مدحت,شارع الزهراء، مبنى 52، أمام البنك، حي المحمودية، أبو المطامير، البحيرة,البحيرة,أبو المطامير,حي المحمودية
صيدلية خالد,شارع السادات، مبنى 4، بجوار المسجد، حي إيتاي البارود، كوم حمادة، البحيرة,البحيرة,كوم حمادة,حي إيتاي البارود
صيدلية ناجح عبدالعزيز,شارع محمد علي، مبنى 94، بجوار المسجد، حي إيتاي البارود، إيتاي البارود، البحيرة,البحيرة,إيتاي البارود,حي إيتاي البارود
صيدلية سعيد,شارع 26 يوليو، مبنى 41، أمام البنك، حي كفر الدوار، إيتاي البارود، البحيرة,البحيرة,إيتاي البارود,حي كفر الدوار
صيدلية النور,شارع الميناء، مبنى 38، بجوار المسجد، حي كوم حمادة، أبو حمص، البحيرة,البحيرة,أبو حمص,حي كوم حمادة
صيدلية عمرو,شارع التحرير، مبنى 137، عند النفق، حي رشيد، كوم حمادة، البحيرة,البحيرة,كوم حمادة,حي رشيد
صيدلية د. إبراهيم السيد,شارع الأزهر، مبنى 91، بجوار المسجد، حي شبراخيت، شبراخيت، البحيرة,البحيرة,شبراخيت,حي شبراخيت
صيدلية د. جهاد عبدالرحمن,شارع مكرم عبيد، مبنى 13، بعد محطة المترو، حي دمنهور، الرحمانية، البحيرة,البحيرة,الرحمانية,حي دمنهور
صيدلية الصحة,شارع الأهرام، مبنى 73، حي الدلنجات، أبو المطامير، البحيرة,البحيرة,أبو المطامير,حي الدلنجات
صيدلية بهاء,شارع الهرم، مبنى 55، عند النفق، حي رشيد، إدكو، البحيرة,البحيرة,إدكو,حي رشيد
صيدلية د. علي حسن,شارع المدرسة، مبنى 13، بعد محطة المترو، حي المحمودية، شبراخيت، البحيرة,البحيرة,شبراخيت,حي المحمودية
صيدلية ضياء محمد,شارع الخزان، مبنى 18، بعد محطة المترو، حي المحمودية، أبو المطامير، البحيرة,البحيرة,أبو المطامير,حي المحمودية
صيدلية د. إيناس نبيل,شارع المدرسة، مبنى 105، بعد محطة المترو، حي كوم حمادة، أبو حمص، البحيرة,البحيرة,أبو حمص,حي كوم حمادة
صيدلية نبيل,شارع التحرير، مبنى 26، بجوار المسجد، حي أبو حمص، إدكو، البحيرة,البحيرة,إدكو,حي أبو حمص
صيدلية علي عبدالعزيز,شارع طلعت حرب، مبنى 37، حي رشيد، المحمودية، البحيرة,البحيرة,المحمودية,حي رشيد
صيدلية د. رانيا حامد,شارع العشرين، مبنى 61، أمام البنك، حي كفر الدوار، كوم حمادة، البحيرة,البحيرة,كوم حمادة,حي كفر الدوار
صيدلية د. ليلى عزب,شارع الجامعة، مبنى 149، عند النفق، حي أبو حمص، الدلنجات، البحيرة,البحيرة,الدلنجات,حي أبو حمص
صيدلية د. جلال عمرو,شارع الأقصى، مبنى 28، بجانب المدرسة، حي الدلنجات، إدكو، البحيرة,البحيرة,إدكو,حي الدلنجات
صيدلية د. جلال حسام,شارع العروبة، مبنى 124، حي كفر الدوار، كوم حمادة، البحيرة,البحيرة,كوم حمادة,حي كفر الدوار
صيدلية فاتن علي,شارع الوحدة، مبنى 123، بجوار المسجد، حي دمنهور، المحمودية، البحيرة,البحيرة,المحمودية,حي دمنهور
صيدلية د. مدحت مجدي,شارع المعز، مبنى 118، بعد محطة المترو، حي إيتاي البارود، إيتاي البارود، البحيرة,البحيرة,إيتاي البارود,حي إيتاي البارود
صيدلية د. فاتن محمود,شارع الجمهورية، مبنى 8، حي المحمودية، إيتاي البارود، البحيرة,البحيرة,إيتاي البارود,حي المحمودية
صيدلية د. أماني منسي,شارع الثورة، مبنى 16، حي أبو حمص، الدلنجات، البحيرة,البحيرة,الدلنجات,حي أبو حمص
صيدلية د. فتحي إيهاب,شارع الزهراء، مبنى 41، بعد محطة المترو، حي إدكو، شبراخيت، البحيرة,البحيرة,شبراخيت,حي إدكو
صيدلية رانيا,شارع الأزهر، مبنى 85، أمام البنك، حي كفر الدوار، شبراخيت، البحيرة,البحيرة,شبراخيت,حي كفر الدوار
صيدلية حسين محمد,شارع الجمهورية، مبنى 75، بعد محطة المترو، حي أبو حمص، المحمودية، البحيرة,البحيرة,المحمودية,حي أبو حمص
صيدلية د. جلال عطية,شارع الزهراء، مبنى 113، عند النفق، حي الدلنجات، الرحمانية، البحيرة,البحيرة,الرحمانية,حي الدلنجات
صيدلية هاني عمرو,شارع الميناء، مبنى 86، عند النفق، حي شبراخيت، كوم حمادة، البحيرة,البحيرة,كوم حمادة,حي شبراخيت
صيدلية د. وائل وائل,شارع مكرم عبيد، مبنى 104، حي كفر الدوار، رشيد، البحيرة,البحيرة,رشيد,حي كفر الدوار
صيدلية الصحة,شارع فلسطين، مبنى 13، بجوار المسجد، حي رشيد، إيتاي البارود، البحيرة,البحيرة,إيتاي البارود,حي رشيد
صيدلية حسين,شارع المعز، مبنى 24، بعد محطة المترو، حي أبو حمص، الرحمانية، البحيرة,البحيرة,الرحمانية,حي أبو حمص
صيدلية د. مدحت الشيخ,شارع البحر، مبنى 123، بجوار المسجد، حي شبراخيت، أبو المطامير، البحيرة,البحيرة,أبو المطامير,حي شبراخيت
صيدلية د. محمد شريف,شارع المقاومة، مبنى 30، عند النفق، حي إيتاي البارود، أبو حمص، البحيرة,البحيرة,أبو حمص,حي إيتاي البارود
صيدلية د. عمرو نبيل,شارع الخزان، مبنى 128، بعد محطة المترو، حي دمنهور، كوم حمادة، البحيرة,البحيرة,كوم حمادة,حي دمنهور
صيدلية د. صبحي إيهاب,شارع الخليفة، مبنى 127، بجوار المسجد، حي إدكو، كفر الدوار، البحيرة,البحيرة,كفر الدوار,حي إدكو
صيدلية د. ليلى إبراهيم,شارع الجمهورية، مبنى 121، بجوار المسجد، حي كوم حمادة، حوش عيسى، البحيرة,البحيرة,حوش عيسى,حي كوم حمادة
صيدلية د. هدى أشرف,شارع القنال، مبنى 99، أمام البنك، حي رشيد، شبراخيت، البحيرة,البحيرة,شبراخيت,حي رشيد
صيدلية الأمل,شارع الأقصى، مبنى 150، بجانب المدرسة، حي إدكو، أبو حمص، البحيرة,البحيرة,أبو حمص,حي إدكو
صيدلية د. وليد فؤاد,شارع النصر، مبنى 68، بجوار المسجد، حي كفر الدوار، رشيد، البحيرة,البحيرة,رشيد,حي كفر الدوار
صيدلية د. أيمن أحمد,شارع الجلاء، مبنى 129، بجانب المدرسة، حي كفر الدوار، حوش عيسى، البحيرة,البحيرة,حوش عيسى,حي كفر الدوار
صيدلية الجمهورية,شارع الاستقلال، مبنى 135، أمام البنك، حي إدكو، رشيد، البحيرة,البحيرة,رشيد,حي إدكو
صيدلية الأمل,شارع السوق، مبنى 131، بعد محطة المترو، حي رشيد، إيتاي البارود، البحيرة,البحيرة,إيتاي البارود,حي رشيد
صيدلية أشرف,شارع النخيل، مبنى 21، بجوار المسجد، حي إدكو، المحمودية، البحيرة,البحيرة,المحمودية,حي إدكو
صيدلية عبدالعزيز,شارع رمسيس، مبنى 141، حي دمنهور، أبو حمص، البحيرة,البحيرة,أبو حمص,حي دمنهور
صيدلية النور,شارع طلعت حرب، مبنى 92، بعد محطة المترو، حي دمنهور، أبو المطامير، البحيرة,البحيرة,أبو المطامير,حي دمنهور
صيدلية د. نبيل حسين,شارع الميناء، مبنى 74، حي شبراخيت، دمنهور، البحيرة,البحيرة,دمنهور,حي شبراخيت
صيدلية د. عبير عطية,شارع الميناء، مبنى 36، بعد محطة المترو، حي أبو حمص، كفر الدوار، البحيرة,البحيرة,كفر الدوار,حي أبو حمص
صيدلية عبلة,شارع الجامعة، مبنى 96، بجانب المدرسة، حي دمنهور، أبو حمص، البحيرة,البحيرة,أبو حمص,حي دمنهور
صيدلية مجدي,شارع الخليفة، مبنى 123، أمام البنك، حي المحمودية، دمنهور، البحيرة,البحيرة,دمنهور,حي المحمودية
صيدلية عادل فathy,شارع الهرم، مبنى 74، عند النفق، حي إدكو، إدكو، البحيرة,البحيرة,إدكو,حي إدكو
صيدلية الصحة,شارع طلعت حرب، مبنى 137، أمام البنك، حي كوم حمادة، دمنهور، البحيرة,البحيرة,دمنهور,حي كوم حمادة
صيدلية د. طارق عبدالله,شارع المحطة، مبنى 66، أمام البنك، حي إيتاي البارود، حوش عيسى، البحيرة,البحيرة,حوش عيسى,حي إيتاي البارود
صيدلية د. سحر الفقي,شارع فيصل، مبنى 83، عند النفق، حي أبو حمص، وادي النطرون، البحيرة,البحيرة,وادي النطرون,حي أبو حمص
صيدلية د. عادل أيمن,شارع الخزان، مبنى 75، بجانب المدرسة، حي إدكو، إيتاي البارود، البحيرة,البحيرة,إيتاي البارود,حي إدكو
صيدلية الفردوس,شارع الحرية، مبنى 108، بجانب المدرسة، حي المحمودية، رشيد، البحيرة,البحيرة,رشيد,حي المحمودية
صيدلية عبير,شارع الوفاء، مبنى 74، بجوار المسجد، حي شبراخيت، كفر الدوار، البحيرة,البحيرة,كفر الدوار,حي شبراخيت
صيدلية إيمان,شارع الجمهورية، مبنى 122، عند النفق، حي إيتاي البارود، كوم حمادة، البحيرة,البحيرة,كوم حمادة,حي إيتاي البارود
صيدلية د. سعاد محمود,شارع الجامعة، مبنى 60، أمام البنك، حي إدكو، أبو المطامير، البحيرة,البحيرة,أبو المطامير,حي إدكو
صيدلية أحمد الفقي,شارع الطيران، مبنى 54، حي كوم حمادة، شبراخيت، البحيرة,البحيرة,شبراخيت,حي كوم حمادة
صيدلية د. رائد حجازي,شارع مكرم عبيد، مبنى 129، حي المحمودية، دمنهور، البحيرة,البحيرة,دمنهور,حي المحمودية
صيدلية د. أمل عبدالرحمن,شارع كورنيش النيل، مبنى 62، عند النفق، حي رشيد، شبراخيت، البحيرة,البحيرة,شبراخيت,حي رشيد
صيدلية كمال,شارع الأمل، مبنى 68، عند النفق، حي أبو حمص، رشيد، البحيرة,البحيرة,رشيد,حي أبو حمص
صيدلية خالد,شارع الهرم، مبنى 53، بجوار المسجد، حي رشيد، شبراخيت، البحيرة,البحيرة,شبراخيت,حي رشيد
صيدلية د. سمير عمر,شارع الأهرام، مبنى 136، بعد محطة المترو، حي الدلنجات، الرحمانية، البحيرة,البحيرة,الرحمانية,حي الدلنجات
صيدلية د. حسين عوض,شارع مكرم عبيد، مبنى 5، عند النفق، حي رشيد، رشيد، البحيرة,البحيرة,رشيد,حي رشيد
صيدلية د. صبحي حسين,شارع الوحدة، مبنى 126، عند النفق، حي كفر الدوار، المحمودية، البحيرة,البحيرة,المحمودية,حي كفر الدوار
صيدلية النور,شارع الطيران، مبنى 107، أمام البنك، حي دمنهور، كوم حمادة، البحيرة,البحيرة,كوم حمادة,حي دمنهور
صيدلية د. سمير أيمن,شارع البحر، مبنى 55، بعد محطة المترو، حي دمنهور، الرحمانية، البحيرة,البحيرة,الرحمانية,حي دمنهور
صيدلية العافية,شارع العشرين، مبنى 119، عند النفق، حي المحمودية، حوش عيسى، البحيرة,البحيرة,حوش عيسى,حي المحمودية
صيدلية العافية,شارع الاستقلال، مبنى 85، عند النفق، حي المحمودية، المحمودية، البحيرة,البحيرة,المحمودية,حي المحمودية
صيدلية يوسف,شارع الأزهر، مبنى 36، بعد محطة المترو، حي رشيد، أبو حمص، البحيرة,البحيرة,أبو حمص,حي رشيد
صيدلية الصحة,شارع الخزان، مبنى 10، بجانب المدرسة، حي دمنهور، دمنهور، البحيرة,البحيرة,دمنهور,حي دمنهور
صيدلية د. جلال يوسف,شارع السوق، مبنى 149، بعد محطة المترو، حي رشيد، المحمودية، البحيرة,البحيرة,المحمودية,حي رشيد
صيدلية د. سامية عادل,شارع 26 يوليو، مبنى 74، بجوار المسجد، حي كفر الدوار، إدكو، البحيرة,البحيرة,إدكو,حي كفر الدوار
صيدلية د. سحر خالد,شارع الزهراء، مبنى 3، بعد محطة المترو، حي شبراخيت، حوش عيسى، البحيرة,البحيرة,حوش عيسى,حي شبراخيت
صيدلية هدى,شارع الخليفة، مبنى 129، حي إيتاي البارود، كفر الدوار، البحيرة,البحيرة,كفر الدوار,حي إيتاي البارود
صيدلية الأمل,شارع الزهراء، مبنى 6، بجانب المدرسة، حي إدكو، كوم حمادة، البحيرة,البحيرة,كوم حمادة,حي إدكو
صيدلية د. محمود طارق,شارع الجلاء، مبنى 21، بجوار المسجد، حي أبو حمص، شبراخيت، البحيرة,البحيرة,شبراخيت,حي أبو حمص
صيدلية سامية أشرف,شارع الطيران، مبنى 97، بجانب المدرسة، حي كفر الدوار، وادي النطرون، البحيرة,البحيرة,وادي النطرون,حي كفر الدوار
صيدلية د. فريدة فathy,شارع التحرير، مبنى 121، أمام البنك، حي دمنهور، كفر الدوار، البحيرة,البحيرة,كفر الدوار,حي دمنهور
صيدلية د. يوسف الشيخ,شارع عباس العقاد، مبنى 117، بجانب المدرسة، حي الدلنجات، إدكو، البحيرة,البحيرة,إدكو,حي الدلنجات
صيدلية الجمهورية,شارع القنال، مبنى 80، حي شبراخيت، أبو حمص، البحيرة,البحيرة,أبو حمص,حي شبراخيت
صيدلية عبلة طارق,شارع الحرية، مبنى 105، أمام البنك، حي إدكو، شبراخيت، البحيرة,البحيرة,شبراخيت,حي إدكو
صيدلية سيد,شارع طلعت حرب، مبنى 5، بجانب المدرسة، حي المحمودية، شبراخيت، البحيرة,البحيرة,شبراخيت,حي المحمودية
صيدلية بهاء وحيد,شارع رمسيس، مبنى 64، أمام البنك، حي إيتاي البارود، الرحمانية، البحيرة,البحيرة,الرحمانية,حي إيتاي البارود
صيدلية د. صبحي جلال,شارع الأهرام، مبنى 88، بجوار المسجد، حي إدكو، وادي النطرون، البحيرة,البحيرة,وادي النطرون,حي إدكو
صيدلية د. حسن إيهاب,شارع عباس العقاد، مبنى 16، بعد محطة المترو، حي المحمودية، وادي النطرون، البحيرة,البحيرة,وادي النطرون,حي المحمودية
صيدلية د. منير إبراهيم,شارع الجلاء، مبنى 144، بعد محطة المترو، حي إيتاي البارود، الرحمانية، البحيرة,البحيرة,الرحمانية,حي إيتاي البارود
صيدلية شريف,شارع الطيران، مبنى 35، بجوار المسجد، حي دمنهور، الدلنجات، البحيرة,البحيرة,الدلنجات,حي دمنهور
صيدلية د. طارق عبدالعزيز,شارع الوحدة، مبنى 82، بجانب المدرسة، حي كوم حمادة، وادي النطرون، البحيرة,البحيرة,وادي النطرون,حي كوم حمادة
صيدلية د. أحمد جلال,شارع المدرسة، مبنى 101، بجوار المسجد، حي إيتاي البارود، رشيد، البحيرة,البحيرة,رشيد,حي إيتاي البارود
صيدلية د. محمود حسونة,شارع الطيران، مبنى 71، عند النفق، حي أبو حمص، دمنهور، البحيرة,البحيرة,دمنهور,حي أبو حمص
صيدلية د. فتحي علي,شارع الوحدة، مبنى 133، حي إيتاي البارود، حوش عيسى، البحيرة,البحيرة,حوش عيسى,حي إيتاي البارود
صيدلية د. إيناس نبيل,شارع الثورة، مبنى 11، بجانب المدرسة، حي رشيد، أبو حمص، البحيرة,البحيرة,أبو حمص,حي رشيد
صيدلية سامية,شارع كورنيش النيل، مبنى 116، بجانب المدرسة، حي دمنهور، إيتاي البارود، البحيرة,البحيرة,إيتاي البارود,حي دمنهور
صيدلية عبلة,شارع العروبة، مبنى 137، بجانب المدرسة، حي رشيد، أبو حمص، البحيرة,البحيرة,أبو حمص,حي رشيد
صيدلية د. هشام حسن,شارع التحرير، مبنى 45، بعد محطة المترو، حي المحمودية، أبو حمص، البحيرة,البحيرة,أبو حمص,حي المحمودية
صيدلية وائل علي,شارع التحرير، مبنى 15، بجانب المدرسة، حي إدكو، كوم حمادة، البحيرة,البحيرة,كوم حمادة,حي إدكو
صيدلية عاطف,شارع التحرير، مبنى 143، حي دمنهور، إدكو، البحيرة,البحيرة,إدكو,حي دمنهور
صيدلية د. سوسن عبدالجواد,شارع النخيل، مبنى 48، أمام البنك، حي إدكو، كوم حمادة، البحيرة,البحيرة,كوم حمادة,حي إدكو
صيدلية علي عمر,شارع الجمهورية، مبنى 15، عند النفق، حي دمنهور، أبو المطامير، البحيرة,البحيرة,أبو المطامير,حي دمنهور
صيدلية النور,شارع مكرم عبيد، مبنى 85، بعد محطة المترو، حي المحمودية، أبو المطامير، البحيرة,البحيرة,أبو المطامير,حي المحمودية
صيدلية يوسف,شارع الميناء، مبنى 89، بجوار المسجد، حي المحمودية، الدلنجات، البحيرة,البحيرة,الدلنجات,حي المحمودية
صيدلية إيمان مصطفى,شارع الثورة، مبنى 27، بجانب المدرسة، حي شبراخيت، الدلنجات، البحيرة,البحيرة,الدلنجات,حي شبراخيت
صيدلية الأمل,شارع الميناء، مبنى 116، حي إدكو، دمنهور، البحيرة,البحيرة,دمنهور,حي إدكو
صيدلية أحمد عبدالجواد,شارع الأهرام، مبنى 5، بعد محطة المترو، حي إدكو، رشيد، البحيرة,البحيرة,رشيد,حي إدكو
صيدلية الصحة,شارع الأقصى، مبنى 81، بجانب المدرسة، حي الدلنجات، المحمودية، البحيرة,البحيرة,المحمودية,حي الدلنجات
صيدلية ناجح,شارع الوفاء، مبنى 135، أمام البنك، حي كوم حمادة، شبراخيت، البحيرة,البحيرة,شبراخيت,حي كوم حمادة
صيدلية يوسف الشيخ,شارع المعز، مبنى 101، بعد محطة المترو، حي المحمودية، حوش عيسى، البحيرة,البحيرة,حوش عيسى,حي المحمودية
صيدلية د. أيمن مدحت,شارع الأزهر، مبنى 98، حي إدكو، المحمودية، البحيرة,البحيرة,المحمودية,حي إدكو
صيدلية سلوى منسي,شارع السوق، مبنى 84، أمام البنك، حي دمنهور، أبو حمص، البحيرة,البحيرة,أبو حمص,حي دمنهور
صيدلية د. أحمد أحمد,شارع الوفاء، مبنى 1، بجوار المسجد، حي كوم حمادة، إيتاي البارود، البحيرة,البحيرة,إيتاي البارود,حي كوم حمادة
صيدلية الفردوس,شارع الجامعة، مبنى 35، بجوار المسجد، حي المحمودية، كوم حمادة، البحيرة,البحيرة,كوم حمادة,حي المحمودية
صيدلية د. عبلة طارق,شارع المدرسة، مبنى 129، بجانب المدرسة، حي الدلنجات، كوم حمادة، البحيرة,البحيرة,كوم حمادة,حي الدلنجات
صيدلية ليلى فؤاد,شارع 26 يوليو، مبنى 118، أمام البنك، حي شبراخيت، حوش عيسى، البحيرة,البحيرة,حوش عيسى,حي شبراخيت
صيدلية د. سحر مجدي,شارع الجمهورية، مبنى 19، عند النفق، حي كفر الدوار، كوم حمادة، البحيرة,البحيرة,كوم حمادة,حي كفر الدوار
صيدلية د. إبراهيم محمد,شارع فلسطين، مبنى 127، بجانب المدرسة، حي المحمودية، دمنهور، البحيرة,البحيرة,دمنهور,حي المحمودية
صيدلية أحمد عزب,شارع القنال، مبنى 104، بجانب المدرسة، حي كفر الدوار، أبو حمص، البحيرة,البحيرة,أبو حمص,حي كفر الدوار
صيدلية عبدالرحمن,شارع الطيران، مبنى 119، بجوار المسجد، حي كوم حمادة، أبو المطامير، البحيرة,البحيرة,أبو المطامير,حي كوم حمادة
صيدلية مجدي عبدالستار,شارع الهرم، مبنى 88، حي شبراخيت، أبو حمص، البحيرة,البحيرة,أبو حمص,حي شبراخيت
صيدلية د. كمال أيمن,شارع المقاومة، مبنى 26، حي رشيد، كوم حمادة، البحيرة,البحيرة,كوم حمادة,حي رشيد
صيدلية د. ليلى حسين,شارع الجامعة، مبنى 46، أمام البنك، حي الدلنجات، دمنهور، البحيرة,البحيرة,دمنهور,حي الدلنجات
صيدلية الصحة,شارع الجلاء، مبنى 73، بجوار المسجد، حي المحمودية، أبو المطامير، البحيرة,البحيرة,أبو المطامير,حي المحمودية
صيدلية د. عمر أيمن,شارع الجلاء، مبنى 57، حي إدكو، رشيد، البحيرة,البحيرة,رشيد,حي إدكو
صيدلية د. هدى عاطف,شارع الأقصى، مبنى 27، بجانب المدرسة، حي إدكو، وادي النطرون، البحيرة,البحيرة,وادي النطرون,حي إدكو
صيدلية مجدي مدحت,شارع المقاومة، مبنى 134، أمام البنك، حي دمنهور، المحمودية، البحيرة,البحيرة,المحمودية,حي دمنهور
صيدلية رانيا,شارع النخيل، مبنى 32، بجوار المسجد، حي شبراخيت، المحمودية، البحيرة,البحيرة,المحمودية,حي شبراخيت
صيدلية وفاء,شارع البنك، مبنى 29، عند النفق، حي رشيد، كفر الدوار، البحيرة,البحيرة,كفر الدوار,حي رشيد
صيدلية د. غادة السيد,شارع الأقصى، مبنى 146، أمام البنك، حي دمنهور، أبو حمص، البحيرة,البحيرة,أبو حمص,حي دمنهور
صيدلية جلال أنور,شارع مكرم عبيد، مبنى 53، بعد محطة المترو، حي شبراخيت، كفر الدوار، البحيرة,البحيرة,كفر الدوار,حي شبراخيت
صيدلية محمود عبدالعزيز,شارع الروضة، مبنى 121، بجوار المسجد، حي الدلنجات، أبو حمص، البحيرة,البحيرة,أبو حمص,حي الدلنجات
صيدلية وائل,شارع الخزان، مبنى 9، أمام البنك، حي رشيد، وادي النطرون، البحيرة,البحيرة,وادي النطرون,حي رشيد
صيدلية د. عبدالله مجدي,شارع العروبة، مبنى 42، بجوار المسجد، حي أبو حمص، كوم حمادة، البحيرة,البحيرة,كوم حمادة,حي أبو حمص
صيدلية الأمل,شارع محمد علي، مبنى 41، بجانب المدرسة، حي كفر الدوار، أبو المطامير، البحيرة,البحيرة,أبو المطامير,حي كفر الدوار
صيدلية نادية,شارع المدرسة، مبنى 144، بعد محطة المترو، حي كوم حمادة، المحمودية، البحيرة,البحيرة,المحمودية,حي كوم حمادة
صيدلية د. عزة ضياء,شارع الأهرام، مبنى 67، أمام البنك، حي رشيد، كوم حمادة، البحيرة,البحيرة,كوم حمادة,حي رشيد
صيدلية الفردوس,شارع الوفاء، مبنى 104، عند النفق، حي دمنهور، إدكو، البحيرة,البحيرة,إدكو,حي دمنهور
صيدلية النور,شارع الوحدة، مبنى 105، بجانب المدرسة، حي شبراخيت، كوم حمادة، البحيرة,البحيرة,كوم حمادة,حي شبراخيت
صيدلية د. خالد عبدالعزيز,شارع فيصل، مبنى 138، بعد محطة المترو، حي رشيد، رشيد، البحيرة,البحيرة,رشيد,حي رشيد
صيدلية عاطف,شارع العشرين، مبنى 40، أمام البنك، حي كفر الدوار، الرحمانية، البحيرة,البحيرة,الرحمانية,حي كفر الدوار
صيدلية إبراهيم,شارع المعز، مبنى 21، بجانب المدرسة، حي دمنهور، كوم حمادة، البحيرة,البحيرة,كوم حمادة,حي دمنهور
صيدلية منال عاطف,شارع الوحدة، مبنى 2، أمام البنك، حي المحمودية، الرحمانية، البحيرة,البحيرة,الرحمانية,حي المحمودية
صيدلية د. أنور رمضان,شارع الميناء، مبنى 32، حي أبو حمص، المحمودية، البحيرة,البحيرة,المحمودية,حي أبو حمص
صيدلية هشام الفقي,شارع كورنيش النيل، مبنى 113، أمام البنك، حي شبراخيت، أبو المطامير، البحيرة,البحيرة,أبو المطامير,حي شبراخيت
صيدلية شريف غانم,شارع مكرم عبيد، مبنى 14، بجوار المسجد، حي رشيد، وادي النطرون، البحيرة,البحيرة,وادي النطرون,حي رشيد
صيدلية فريدة,شارع الخليفة، مبنى 61، بعد محطة المترو، حي رشيد، أبو حمص، البحيرة,البحيرة,أبو حمص,حي رشيد
صيدلية حسين,شارع طلعت حرب، مبنى 30، حي كوم حمادة، الرحمانية، البحيرة,البحيرة,الرحمانية,حي كوم حمادة
صيدلية النور,شارع رمسيس، مبنى 127، بجوار المسجد، حي كوم حمادة، الرحمانية، البحيرة,البحيرة,الرحمانية,حي كوم حمادة
صيدلية د. ناجح وليد,شارع عباس العقاد، مبنى 115، بجانب المدرسة، حي كفر الدوار، الرحمانية، البحيرة,البحيرة,الرحمانية,حي كفر الدوار
صيدلية سعيد حسين,شارع القنال، مبنى 44، حي كوم حمادة، حوش عيسى، البحيرة,البحيرة,حوش عيسى,حي كوم حمادة
صيدلية د. يوسف حسونة,شارع كورنيش النيل، مبنى 82، عند النفق، حي دمنهور، كفر الدوار، البحيرة,البحيرة,كفر الدوار,حي دمنهور
صيدلية نادية خالد,شارع الأهرام، مبنى 137، أمام البنك، حي شبراخيت، إدكو، البحيرة,البحيرة,إدكو,حي شبراخيت
صيدلية علي حسين,شارع فيصل، مبنى 28، بعد محطة المترو، حي كفر الدوار، المحمودية، البحيرة,البحيرة,المحمودية,حي كفر الدوار
صيدلية د. أحمد نبيل,شارع الخزان، مبنى 4، حي كفر الدوار، وادي النطرون، البحيرة,البحيرة,وادي النطرون,حي كفر الدوار
صيدلية د. وائل حجازي,شارع الاستقلال، مبنى 132، بجانب المدرسة، حي إدكو، إيتاي البارود، البحيرة,البحيرة,إيتاي البارود,حي إدكو
صيدلية عبير رمضان,شارع النصر، مبنى 24، بجانب المدرسة، حي كوم حمادة، إيتاي البارود، البحيرة,البحيرة,إيتاي البارود,حي كوم حمادة
صيدلية د. عبلة حسين,شارع طلعت حرب، مبنى 27، حي الدلنجات، رشيد، البحيرة,البحيرة,رشيد,حي الدلنجات
صيدلية الفردوس,شارع الوفاء، مبنى 12، أمام البنك، حي إيتاي البارود، المحمودية، البحيرة,البحيرة,المحمودية,حي إيتاي البارود
صيدلية العافية,شارع مكرم عبيد، مبنى 60، بعد محطة المترو، حي رشيد، إيتاي البارود، البحيرة,البحيرة,إيتاي البارود,حي رشيد
صيدلية د. جلال أيمن,شارع النخيل، مبنى 51، حي شبراخيت، أبو حمص، البحيرة,البحيرة,أبو حمص,حي شبراخيت
صيدلية أمل,شارع النخيل، مبنى 140، بعد محطة المترو، حي رشيد، كوم حمادة، البحيرة,البحيرة,كوم حمادة,حي رشيد
صيدلية وفاء علي,شارع القنال، مبنى 141، بجوار المسجد، حي كوم حمادة، أبو حمص، البحيرة,البحيرة,أبو حمص,حي كوم حمادة
صيدلية د. سوسن سلامة,شارع مكرم عبيد، مبنى 98، حي دمنهور، رشيد، البحيرة,البحيرة,رشيد,حي دمنهور
صيدلية د. سعاد فathy,شارع القنال، مبنى 4، بجانب المدرسة، حي شبراخيت، شبراخيت، البحيرة,البحيرة,شبراخيت,حي شبراخيت
صيدلية العافية,شارع فيصل، مبنى 34، أمام البنك، حي دمنهور، إيتاي البارود، البحيرة,البحيرة,إيتاي البارود,حي دمنهور
صيدلية غادة,شارع العشرين، مبنى 111، بجانب المدرسة، حي إيتاي البارود، وادي النطرون، البحيرة,البحيرة,وادي النطرون,حي إيتاي البارود
صيدلية فتحي أشرف,شارع الثورة، مبنى 85، بعد محطة المترو، حي كوم حمادة، شبراخيت، البحيرة,البحيرة,شبراخيت,حي كوم حمادة
صيدلية د. خالد أنور,شارع العروبة، مبنى 144، بجانب المدرسة، حي الدلنجات، أبو المطامير، البحيرة,البحيرة,أبو المطامير,حي الدلنجات
صيدلية مها,شارع الخليفة، مبنى 73، عند النفق، حي رشيد، رشيد، البحيرة,البحيرة,رشيد,حي رشيد
صيدلية إيهاب,شارع الأمل، مبنى 104، عند النفق، حي رشيد، كفر الدوار، البحيرة,البحيرة,كفر الدوار,حي رشيد
صيدلية إيمان,شارع المقاومة، مبنى 99، حي كوم حمادة، رشيد، البحيرة,البحيرة,رشيد,حي كوم حمادة
صيدلية نعمت,شارع المعز، مبنى 54، بجوار المسجد، حي كفر الدوار، أبو حمص، البحيرة,البحيرة,أبو حمص,حي كفر الدوار
صيدلية الأمل,شارع النخيل، مبنى 9، بجوار المسجد، حي شبراخيت، الرحمانية، البحيرة,البحيرة,الرحمانية,حي شبراخيت
صيدلية د. عمر حسن,شارع العروبة، مبنى 113، بجوار المسجد، حي المحمودية، رشيد، البحيرة,البحيرة,رشيد,حي المحمودية
صيدلية عبلة,شارع العروبة، مبنى 149، بعد محطة المترو، حي شبراخيت، الدلنجات، البحيرة,البحيرة,الدلنجات,حي شبراخيت
صيدلية د. أحمد عاطف,شارع الخزان، مبنى 54، حي رشيد، كوم حمادة، البحيرة,البحيرة,كوم حمادة,حي رشيد
صيدلية حسين,شارع الهرم، مبنى 92، أمام البنك، حي أبو حمص، إدكو، البحيرة,البحيرة,إدكو,حي أبو حمص
صيدلية حسن عبدالرحمن,شارع السادات، مبنى 110، بعد محطة المترو، حي شبراخيت، إيتاي البارود، البحيرة,البحيرة,إيتاي البارود,حي شبراخيت
صيدلية هشام فؤاد,شارع الأقصى، مبنى 144، بجوار المسجد، حي شبراخيت، شبراخيت، البحيرة,البحيرة,شبراخيت,حي شبراخيت
صيدلية د. علي إبراهيم,شارع الخليفة، مبنى 88، بجوار المسجد، حي المحمودية، الرحمانية، البحيرة,البحيرة,الرحمانية,حي المحمودية
صيدلية لواء,شارع الخليفة، مبنى 13، حي أبو حمص، أبو حمص، البحيرة,البحيرة,أبو حمص,حي أبو حمص
صيدلية د. غادة مصطفى,شارع الوفاء، مبنى 67، بعد محطة المترو، حي إيتاي البارود، كفر الدوار، البحيرة,البحيرة,كفر الدوار,حي إيتاي البارود
صيدلية الفردوس,شارع رمسيس، مبنى 124، حي إيتاي البارود، الرحمانية، البحيرة,البحيرة,الرحمانية,حي إيتاي البارود
صيدلية عبلة,شارع رمسيس، مبنى 1، أمام البنك، حي إدكو، كفر الدوار، البحيرة,البحيرة,كفر الدوار,حي إدكو
صيدلية الصحة,شارع محمد علي، مبنى 93، بجوار المسجد، حي المحمودية، أبو حمص، البحيرة,البحيرة,أبو حمص,حي المحمودية
صيدلية حسام,شارع الأمل، مبنى 30، بجوار المسجد، حي دمنهور، كوم حمادة، البحيرة,البحيرة,كوم حمادة,حي دمنهور
صيدلية العافية,شارع الميناء، مبنى 20، بعد محطة المترو، حي كفر الدوار، دمنهور، البحيرة,البحيرة,دمنهور,حي كفر الدوار
صيدلية د. ناجح حامد,شارع 26 يوليو، مبنى 77، بعد محطة المترو، حي الدلنجات، إدكو، البحيرة,البحيرة,إدكو,حي الدلنجات
صيدلية د. أمل فؤاد,شارع الطيران، مبنى 39، أمام البنك، حي الدلنجات، إدكو، البحيرة,البحيرة,إدكو,حي الدلنجات
صيدلية وائل,شارع الأمل، مبنى 12، بجانب المدرسة، حي إدكو، الدلنجات، البحيرة,البحيرة,الدلنجات,حي إدكو
صيدلية عبلة صبحي,شارع المحطة، مبنى 41، عند النفق، حي شبراخيت، الرحمانية، البحيرة,البحيرة,الرحمانية,حي شبراخيت
صيدلية د. سمير إبراهيم,شارع الخزان، مبنى 13، بعد محطة المترو، حي فوة، مصيف بلطيم، كفر الشيخ,كفر الشيخ,مصيف بلطيم,حي فوة
صيدلية د. منير عمر,شارع الاستقلال، مبنى 124، بعد محطة المترو، حي البرلس، بيلا، كفر الشيخ,كفر الشيخ,بيلا,حي البرلس
صيدلية نعمت,شارع الجلاء، مبنى 103، أمام البنك، حي سيدي سالم، الحامول، كفر الشيخ,كفر الشيخ,الحامول,حي سيدي سالم
صيدلية د. سعاد مصطفى,شارع الوفاء، مبنى 131، بجانب المدرسة، حي سيدي سالم، سيدي سالم، كفر الشيخ,كفر الشيخ,سيدي سالم,حي سيدي سالم
صيدلية د. حسام حامد,شارع الزهراء، مبنى 9، حي سيدي سالم، الرياض، كفر الشيخ,كفر الشيخ,الرياض,حي سيدي سالم
صيدلية وحيد,شارع النخيل، مبنى 111، بجوار المسجد، حي مطوبس، سيدي سالم، كفر الشيخ,كفر الشيخ,سيدي سالم,حي مطوبس
صيدلية سمير,شارع مكرم عبيد، مبنى 37، حي سيدي سالم، الحامول، كفر الشيخ,كفر الشيخ,الحامول,حي سيدي سالم
صيدلية فاتن,شارع الأقصى، مبنى 25، بعد محطة المترو، حي دسوق، قلين، كفر الشيخ,كفر الشيخ,قلين,حي دسوق
صيدلية عبلة عبدالرحمن,شارع الاستقلال، مبنى 99، بجانب المدرسة، حي مطوبس، مصيف بلطيم، كفر الشيخ,كفر الشيخ,مصيف بلطيم,حي مطوبس
صيدلية ليلى عبدالرحمن,شارع المسجد، مبنى 77، أمام البنك، حي فوة، مصيف بلطيم، كفر الشيخ,كفر الشيخ,مصيف بلطيم,حي فوة
صيدلية د. عاطف عادل,شارع البحر، مبنى 103، أمام البنك، حي سيدي سالم، البرلس، كفر الشيخ,كفر الشيخ,البرلس,حي سيدي سالم
صيدلية رانيا,شارع الحرية، مبنى 126، عند النفق، حي البرلس، الرياض، كفر الشيخ,كفر الشيخ,الرياض,حي البرلس
صيدلية الجمهورية,شارع مكرم عبيد، مبنى 4، بجوار المسجد، حي بيلا، البرلس، كفر الشيخ,كفر الشيخ,البرلس,حي بيلا
صيدلية فتحي مدحت,شارع البنك، مبنى 84، عند النفق، حي مطوبس، الحامول، كفر الشيخ,كفر الشيخ,الحامول,حي مطوبس
صيدلية الصحة,شارع البحر، مبنى 31، عند النفق، حي بيلا، الرياض، كفر الشيخ,كفر الشيخ,الرياض,حي بيلا
صيدلية رائد,شارع المدرسة، مبنى 77، حي سيدي سالم، البرلس، كفر الشيخ,كفر الشيخ,البرلس,حي سيدي سالم
صيدلية رائد,شارع الميناء، مبنى 47، عند النفق، حي كفر الشيخ، الرياض، كفر الشيخ,كفر الشيخ,الرياض,حي كفر الشيخ
صيدلية عبلة,شارع الميناء، مبنى 149، عند النفق، حي الحامول، بيلا، كفر الشيخ,كفر الشيخ,بيلا,حي الحامول
صيدلية إيمان عبدالله,شارع الأقصى، مبنى 118، بعد محطة المترو، حي دسوق، الرياض، كفر الشيخ,كفر الشيخ,الرياض,حي دسوق
صيدلية د. طارق فathy,شارع الطيران، مبنى 139، عند النفق، حي مطوبس، سيدي سالم، كفر الشيخ,كفر الشيخ,سيدي سالم,حي مطوبس
صيدلية لواء,شارع العشرين، مبنى 16، بجانب المدرسة، حي البرلس، سيدي سالم، كفر الشيخ,كفر الشيخ,سيدي سالم,حي البرلس
صيدلية د. هايدي إبراهيم,شارع النخيل، مبنى 16، حي كفر الشيخ، الرياض، كفر الشيخ,كفر الشيخ,الرياض,حي كفر الشيخ
صيدلية سمير وائل,شارع محمد علي، مبنى 17، أمام البنك، حي مطوبس، سيدي سالم، كفر الشيخ,كفر الشيخ,سيدي سالم,حي مطوبس
صيدلية د. ليلى مجدي,شارع الميناء، مبنى 148، بجوار المسجد، حي بيلا، بيلا، كفر الشيخ,كفر الشيخ,بيلا,حي بيلا
صيدلية العافية,شارع كورنيش النيل، مبنى 32، عند النفق، حي مطوبس، فوة، كفر الشيخ,كفر الشيخ,فوة,حي مطوبس
صيدلية وحيد إيهاب,شارع الثورة، مبنى 61، بعد محطة المترو، حي البرلس، كفر الشيخ، كفر الشيخ,كفر الشيخ,كفر الشيخ,حي البرلس
صيدلية د. عزة هاني,شارع الأمل، مبنى 24، بجانب المدرسة، حي كفر الشيخ، الإبراهيمية، كفر الشيخ,كفر الشيخ,الإبراهيمية,حي كفر الشيخ
صيدلية جلال أيمن,شارع الميناء، مبنى 36، حي فوة، مصيف بلطيم، كفر الشيخ,كفر الشيخ,مصيف بلطيم,حي فوة
صيدلية د. سيد ضياء,شارع كورنيش النيل، مبنى 142، بجانب المدرسة، حي بيلا، الإبراهيمية، كفر الشيخ,كفر الشيخ,الإبراهيمية,حي بيلا
صيدلية الصحة,شارع الجمهورية، مبنى 107، عند النفق، حي كفر الشيخ، الحامول، كفر الشيخ,كفر الشيخ,الحامول,حي كفر الشيخ
صيدلية د. سحر عطية,شارع الهرم، مبنى 126، أمام البنك، حي دسوق، بيلا، كفر الشيخ,كفر الشيخ,بيلا,حي دسوق
صيدلية د. سلوى ضياء,شارع السادات، مبنى 7، بجانب المدرسة، حي البرلس، الحامول، كفر الشيخ,كفر الشيخ,الحامول,حي البرلس
صيدلية د. سيد عبدالجواد,شارع طلعت حرب، مبنى 120، بجوار المسجد، حي مطوبس، دسوق، كفر الشيخ,كفر الشيخ,دسوق,حي مطوبس
صيدلية د. عادل أنور,شارع الأقصى، مبنى 65، أمام البنك، حي فوة، البرلس، كفر الشيخ,كفر الشيخ,البرلس,حي فوة
صيدلية د. حسام علي,شارع 26 يوليو، مبنى 38، بجوار المسجد، حي دسوق، الرياض، كفر الشيخ,كفر الشيخ,الرياض,حي دسوق
صيدلية د. عزة علي,شارع المعز، مبنى 85، عند النفق، حي سيدي سالم، بيلا، كفر الشيخ,كفر الشيخ,بيلا,حي سيدي سالم
صيدلية منال صبحي,شارع محمد علي، مبنى 87، عند النفق، حي فوة، سيدي سالم، كفر الشيخ,كفر الشيخ,سيدي سالم,حي فوة
صيدلية عبلة,شارع الجمهورية، مبنى 102، بجانب المدرسة، حي فوة، قلين، كفر الشيخ,كفر الشيخ,قلين,حي فوة
صيدلية د. مجدي شريف,شارع الطيران، مبنى 133، عند النفق، حي مطوبس، دسوق، كفر الشيخ,كفر الشيخ,دسوق,حي مطوبس
صيدلية د. وحيد عادل,شارع الروضة، مبنى 69، حي سيدي سالم، مطوبس، كفر الشيخ,كفر الشيخ,مطوبس,حي سيدي سالم
صيدلية د. سلوى خالد,شارع بورسعيد، مبنى 93، بجوار المسجد، حي الحامول، مطوبس، كفر الشيخ,كفر الشيخ,مطوبس,حي الحامول
صيدلية سامية,شارع النخيل، مبنى 112، أمام البنك، حي بيلا، الإبراهيمية، كفر الشيخ,كفر الشيخ,الإبراهيمية,حي بيلا
صيدلية د. مها شريف,شارع المدرسة، مبنى 4، حي مطوبس، سيدي سالم، كفر الشيخ,كفر الشيخ,سيدي سالم,حي مطوبس
صيدلية خالد,شارع المعز، مبنى 98، حي الحامول، دسوق، كفر الشيخ,كفر الشيخ,دسوق,حي الحامول
صيدلية د. سعاد عبدالرحمن,شارع الزهراء، مبنى 86، بجوار المسجد، حي بيلا، قلين، كفر الشيخ,كفر الشيخ,قلين,حي بيلا
صيدلية سمير حسين,شارع الروضة، مبنى 104، حي البرلس، سيدي سالم، كفر الشيخ,كفر الشيخ,سيدي سالم,حي البرلس
صيدلية أيمن,شارع الخزان، مبنى 150، عند النفق، حي مطوبس، مصيف بلطيم، كفر الشيخ,كفر الشيخ,مصيف بلطيم,حي مطوبس
صيدلية وفاء,شارع الهرم، مبنى 94، بجانب المدرسة، حي البرلس، مصيف بلطيم، كفر الشيخ,كفر الشيخ,مصيف بلطيم,حي البرلس
صيدلية د. فاتن يوسف,شارع الأزهر، مبنى 19، بعد محطة المترو، حي كفر الشيخ، بيلا، كفر الشيخ,كفر الشيخ,بيلا,حي كفر الشيخ
صيدلية د. هشام فathy,شارع عباس العقاد، مبنى 97، حي الحامول، البرلس، كفر الشيخ,كفر الشيخ,البرلس,حي الحامول
صيدلية د. وفاء سمير,شارع مكرم عبيد، مبنى 36، بجانب المدرسة، حي البرلس، بيلا، كفر الشيخ,كفر الشيخ,بيلا,حي البرلس
صيدلية أماني حسام,شارع الحرية، مبنى 116، حي بيلا، مصيف بلطيم، كفر الشيخ,كفر الشيخ,مصيف بلطيم,حي بيلا
صيدلية العافية,شارع الاستقلال، مبنى 96، أمام البنك، حي سيدي سالم، الرياض، كفر الشيخ,كفر الشيخ,الرياض,حي سيدي سالم
صيدلية د. هايدي غانم,شارع الجمهورية، مبنى 87، أمام البنك، حي دسوق، بيلا، كفر الشيخ,كفر الشيخ,بيلا,حي دسوق
صيدلية د. أمل السيد,شارع العشرين، مبنى 91، حي بيلا، مصيف بلطيم، كفر الشيخ,كفر الشيخ,مصيف بلطيم,حي بيلا
صيدلية د. هشام صبحي,شارع الجمهورية، مبنى 107، بجوار المسجد، حي دسوق، الإبراهيمية، كفر الشيخ,كفر الشيخ,الإبراهيمية,حي دسوق
صيدلية د. عاصم خالد,شارع القنال، مبنى 12، حي الحامول، الحامول، كفر الشيخ,كفر الشيخ,الحامول,حي الحامول
صيدلية هدى حسام,شارع الاستقلال، مبنى 41، عند النفق، حي البرلس، سيدي سالم، كفر الشيخ,كفر الشيخ,سيدي سالم,حي البرلس
صيدلية د. سعيد أيمن,شارع 26 يوليو، مبنى 111، عند النفق، حي كفر الشيخ، كفر الشيخ، كفر الشيخ,كفر الشيخ,كفر الشيخ,حي كفر الشيخ
صيدلية رائد,شارع فيصل، مبنى 111، بجوار المسجد، حي كفر الشيخ، الإبراهيمية، كفر الشيخ,كفر الشيخ,الإبراهيمية,حي كفر الشيخ
صيدلية د. منال هشام,شارع عباس العقاد، مبنى 35، بجانب المدرسة، حي الحامول، مصيف بلطيم، كفر الشيخ,كفر الشيخ,مصيف بلطيم,حي الحامول
صيدلية نعمت,شارع رمسيس، مبنى 21، حي فوة، كفر الشيخ، كفر الشيخ,كفر الشيخ,كفر الشيخ,حي فوة
صيدلية رانيا,شارع القنال، مبنى 121، بجوار المسجد، حي دسوق، الرياض، كفر الشيخ,كفر الشيخ,الرياض,حي دسوق
صيدلية هشام,شارع المسجد، مبنى 106، بعد محطة المترو، حي البرلس، بيلا، كفر الشيخ,كفر الشيخ,بيلا,حي البرلس
صيدلية د. إبراهيم سلامة,شارع الوحدة، مبنى 41، أمام البنك، حي سيدي سالم، البرلس، كفر الشيخ,كفر الشيخ,البرلس,حي سيدي سالم
صيدلية د. نبيل إبراهيم,شارع الأهرام، مبنى 47، بعد محطة المترو، حي الحامول، الرياض، كفر الشيخ,كفر الشيخ,الرياض,حي الحامول
صيدلية إيناس,شارع الروضة، مبنى 98، عند النفق، حي دسوق، قلين، كفر الشيخ,كفر الشيخ,قلين,حي دسوق
صيدلية أشرف عبدالرحمن,شارع الخزان، مبنى 77، بعد محطة المترو، حي سيدي سالم، مطوبس، كفر الشيخ,كفر الشيخ,مطوبس,حي سيدي سالم
صيدلية الصحة,شارع مكرم عبيد، مبنى 16، بجانب المدرسة، حي الحامول، كفر الشيخ، كفر الشيخ,كفر الشيخ,كفر الشيخ,حي الحامول
صيدلية د. محمود هاني,شارع طلعت حرب، مبنى 66، عند النفق، حي دسوق، كفر الشيخ، كفر الشيخ,كفر الشيخ,كفر الشيخ,حي دسوق
صيدلية د. أيمن صبحي,شارع النصر، مبنى 48، حي دسوق، مطوبس، كفر الشيخ,كفر الشيخ,مطوبس,حي دسوق
صيدلية أماني أنور,شارع الاستقلال، مبنى 63، حي سيدي سالم، بيلا، كفر الشيخ,كفر الشيخ,بيلا,حي سيدي سالم
صيدلية فتحي,شارع الأزهر، مبنى 63، أمام البنك، حي الحامول، دسوق، كفر الشيخ,كفر الشيخ,دسوق,حي الحامول
صيدلية د. عمر سلامة,شارع الميناء، مبنى 144، بجانب المدرسة، حي كفر الشيخ، مطوبس، كفر الشيخ,كفر الشيخ,مطوبس,حي كفر الشيخ
صيدلية يوسف,شارع البنك، مبنى 132، بعد محطة المترو، حي فوة، الرياض، كفر الشيخ,كفر الشيخ,الرياض,حي فوة
صيدلية د. عاطف فؤاد,شارع البنك، مبنى 115، أمام البنك، حي كفر الشيخ، الحامول، كفر الشيخ,كفر الشيخ,الحامول,حي كفر الشيخ
صيدلية منير,شارع البنك، مبنى 150، بعد محطة المترو، حي كفر الشيخ، قلين، كفر الشيخ,كفر الشيخ,قلين,حي كفر الشيخ
صيدلية د. خالد حامد,شارع الاستقلال، مبنى 16، عند النفق، حي الحامول، دسوق، كفر الشيخ,كفر الشيخ,دسوق,حي الحامول
صيدلية الأمل,شارع بورسعيد، مبنى 143، بعد محطة المترو، حي بيلا، مصيف بلطيم، كفر الشيخ,كفر الشيخ,مصيف بلطيم,حي بيلا
صيدلية الصحة,شارع الأهرام، مبنى 25، بجوار المسجد، حي البرلس، سيدي سالم، كفر الشيخ,كفر الشيخ,سيدي سالم,حي البرلس
صيدلية العافية,شارع الحرية، مبنى 134، أمام البنك، حي البرلس، بيلا، كفر الشيخ,كفر الشيخ,بيلا,حي البرلس
صيدلية د. غادة هشام,شارع الخزان، مبنى 102، حي الحامول، دسوق، كفر الشيخ,كفر الشيخ,دسوق,حي الحامول
صيدلية إيهاب,شارع المقاومة، مبنى 10، بعد محطة المترو، حي دسوق، مصيف بلطيم، كفر الشيخ,كفر الشيخ,مصيف بلطيم,حي دسوق
صيدلية أمل,شارع الثورة، مبنى 94، بعد محطة المترو، حي فوة، كفر الشيخ، كفر الشيخ,كفر الشيخ,كفر الشيخ,حي فوة
صيدلية سمير عبدالستار,شارع القنال، مبنى 24، أمام البنك، حي الحامول، مطوبس، كفر الشيخ,كفر الشيخ,مطوبس,حي الحامول
صيدلية بهاء حسونة,شارع النصر، مبنى 137، بجانب المدرسة، حي فوة، الإبراهيمية، كفر الشيخ,كفر الشيخ,الإبراهيمية,حي فوة
صيدلية د. رانيا مصطفى,شارع الأمل، مبنى 55، أمام البنك، حي فوة، البرلس، كفر الشيخ,كفر الشيخ,البرلس,حي فوة
صيدلية أشرف,شارع الوحدة، مبنى 102، أمام البنك، حي مطوبس، الحامول، كفر الشيخ,كفر الشيخ,الحامول,حي مطوبس
صيدلية رانيا فؤاد,شارع البحر، مبنى 45، أمام البنك، حي الحامول، مصيف بلطيم، كفر الشيخ,كفر الشيخ,مصيف بلطيم,حي الحامول
صيدلية د. نادية يوسف,شارع الطيران، مبنى 50، عند النفق، حي دسوق، بيلا، كفر الشيخ,كفر الشيخ,بيلا,حي دسوق
صيدلية محمود حسام,شارع العشرين، مبنى 138، عند النفق، حي الحامول، البرلس، كفر الشيخ,كفر الشيخ,البرلس,حي الحامول
صيدلية جهاد وائل,شارع البنك، مبنى 111، عند النفق، حي مطوبس، دسوق، كفر الشيخ,كفر الشيخ,دسوق,حي مطوبس
صيدلية ضياء عادل,شارع الخزان، مبنى 73، حي البرلس، دسوق، كفر الشيخ,كفر الشيخ,دسوق,حي البرلس
صيدلية سوسن عادل,شارع الاستقلال، مبنى 40، حي بيلا، الرياض، كفر الشيخ,كفر الشيخ,الرياض,حي بيلا
صيدلية إبراهيم,شارع الأزهر، مبنى 90، بجوار المسجد، حي بيلا، البرلس، كفر الشيخ,كفر الشيخ,البرلس,حي بيلا
صيدلية العافية,شارع الأزهر، مبنى 4، عند النفق، حي الحامول، مصيف بلطيم، كفر الشيخ,كفر الشيخ,مصيف بلطيم,حي الحامول
صيدلية د. رائد شريف,شارع بورسعيد، مبنى 20، بجانب المدرسة، حي بيلا، سيدي سالم، كفر الشيخ,كفر الشيخ,سيدي سالم,حي بيلا
صيدلية د. حسين هشام,شارع 26 يوليو، مبنى 107، أمام البنك، حي فوة، الإبراهيمية، كفر الشيخ,كفر الشيخ,الإبراهيمية,حي فوة
صيدلية العافية,شارع فيصل، مبنى 79، بعد محطة المترو، حي البرلس، دسوق، كفر الشيخ,كفر الشيخ,دسوق,حي البرلس
صيدلية مجدي شريف,شارع الأقصى، مبنى 55، أمام البنك، حي الحامول، الرياض، كفر الشيخ,كفر الشيخ,الرياض,حي الحامول
صيدلية فريدة,شارع التحرير، مبنى 118، بجانب المدرسة، حي سيدي سالم، قلين، كفر الشيخ,كفر الشيخ,قلين,حي سيدي سالم
صيدلية عبير عادل,شارع الأهرام، مبنى 122، بجوار المسجد، حي الحامول، البرلس، كفر الشيخ,كفر الشيخ,البرلس,حي الحامول
صيدلية سمير هشام,شارع المقاومة، مبنى 88، بعد محطة المترو، حي فوة، مصيف بلطيم، كفر الشيخ,كفر الشيخ,مصيف بلطيم,حي فوة
صيدلية د. نهى جلال,شارع المدرسة، مبنى 30، عند النفق، حي دسوق، الرياض، كفر الشيخ,كفر الشيخ,الرياض,حي دسوق
صيدلية منال,شارع الطيران، مبنى 61، بعد محطة المترو، حي البرلس، البرلس، كفر الشيخ,كفر الشيخ,البرلس,حي البرلس
صيدلية د. عمر عاطف,شارع الحرية، مبنى 101، عند النفق، حي بيلا، البرلس، كفر الشيخ,كفر الشيخ,البرلس,حي بيلا
صيدلية وائل,شارع السوق، مبنى 68، بجانب المدرسة، حي فوة، دسوق، كفر الشيخ,كفر الشيخ,دسوق,حي فوة
صيدلية النور,شارع المدرسة، مبنى 70، بعد محطة المترو، حي البرلس، بيلا، كفر الشيخ,كفر الشيخ,بيلا,حي البرلس
صيدلية د. غادة أشرف,شارع السوق، مبنى 62، بجوار المسجد، حي البرلس، البرلس، كفر الشيخ,كفر الشيخ,البرلس,حي البرلس
صيدلية بهاء,شارع الطيران، مبنى 95، أمام البنك، حي بيلا، الرياض، كفر الشيخ,كفر الشيخ,الرياض,حي بيلا
صيدلية سحر أنور,شارع طلعت حرب، مبنى 137، بجانب المدرسة، حي كفر الشيخ، سيدي سالم، كفر الشيخ,كفر الشيخ,سيدي سالم,حي كفر الشيخ
صيدلية ليلى نبيل,شارع محمد علي، مبنى 124، حي البرلس، سيدي سالم، كفر الشيخ,كفر الشيخ,سيدي سالم,حي البرلس
صيدلية شريف,شارع السادات، مبنى 80، أمام البنك، حي فوة، مصيف بلطيم، كفر الشيخ,كفر الشيخ,مصيف بلطيم,حي فوة
صيدلية الأمل,شارع محمد علي، مبنى 14، حي الحامول، الرياض، كفر الشيخ,كفر الشيخ,الرياض,حي الحامول
صيدلية د. إبراهيم الشيخ,شارع الخليفة، مبنى 65، بجوار المسجد، حي دسوق، فوة، كفر الشيخ,كفر الشيخ,فوة,حي دسوق
صيدلية العافية,شارع بورسعيد، مبنى 66، بجوار المسجد، حي البرلس، فوة، كفر الشيخ,كفر الشيخ,فوة,حي البرلس
صيدلية د. فؤاد محمد,شارع 26 يوليو، مبنى 103، عند النفق، حي سيدي سالم، دسوق، كفر الشيخ,كفر الشيخ,دسوق,حي سيدي سالم
صيدلية الجمهورية,شارع النصر، مبنى 109، حي مطوبس، مطوبس، كفر الشيخ,كفر الشيخ,مطوبس,حي مطوبس
صيدلية يوسف عزب,شارع فيصل، مبنى 79، بجوار المسجد، حي مطوبس، مطوبس، كفر الشيخ,كفر الشيخ,مطوبس,حي مطوبس
صيدلية سلوى سمير,شارع رمسيس، مبنى 120، بجانب المدرسة، حي كفر الشيخ، دسوق، كفر الشيخ,كفر الشيخ,دسوق,حي كفر الشيخ
صيدلية د. عبدالله حسين,شارع الجلاء، مبنى 13، بجوار المسجد، حي البرلس، البرلس، كفر الشيخ,كفر الشيخ,البرلس,حي البرلس
صيدلية د. عبلة عزب,شارع الروضة، مبنى 33، حي فوة، الحامول، كفر الشيخ,كفر الشيخ,الحامول,حي فوة
صيدلية د. نعمت عبدالرحمن,شارع الأزهر، مبنى 64، حي فوة، الحامول، كفر الشيخ,كفر الشيخ,الحامول,حي فوة
صيدلية د. نهى فathy,شارع المدرسة، مبنى 26، بجوار المسجد، حي دسوق، الإبراهيمية، كفر الشيخ,كفر الشيخ,الإبراهيمية,حي دسوق
صيدلية د. نبيل رمضان,شارع كورنيش النيل، مبنى 116، حي البرلس، مطوبس، كفر الشيخ,كفر الشيخ,مطوبس,حي البرلس
صيدلية النور,شارع العروبة، مبنى 72، بجانب المدرسة، حي فوة، مصيف بلطيم، كفر الشيخ,كفر الشيخ,مصيف بلطيم,حي فوة
صيدلية د. نهى عبدالله,شارع المدرسة، مبنى 3، بجوار المسجد، حي الحامول، فوة، كفر الشيخ,كفر الشيخ,فوة,حي الحامول
صيدلية الجمهورية,شارع الطيران، مبنى 67، أمام البنك، حي مطوبس، الحامول، كفر الشيخ,كفر الشيخ,الحامول,حي مطوبس
صيدلية فاتن,شارع العروبة، مبنى 7، عند النفق، حي البرلس، سيدي سالم، كفر الشيخ,كفر الشيخ,سيدي سالم,حي البرلس
صيدلية د. نبيل طارق,شارع السادات، مبنى 120، بجوار المسجد، حي سيدي سالم، قلين، كفر الشيخ,كفر الشيخ,قلين,حي سيدي سالم
صيدلية بهاء,شارع الخزان، مبنى 12، بجوار المسجد، حي الحامول، دسوق، كفر الشيخ,كفر الشيخ,دسوق,حي الحامول
صيدلية د. صبحي حامد,شارع النخيل، مبنى 39، بجانب المدرسة، حي البرلس، مطوبس، كفر الشيخ,كفر الشيخ,مطوبس,حي البرلس
صيدلية د. وائل كمال,شارع الميناء، مبنى 41، حي بيلا، دسوق، كفر الشيخ,كفر الشيخ,دسوق,حي بيلا
صيدلية د. هايدي فؤاد,شارع الثورة، مبنى 57، بجوار المسجد، حي بيلا، الحامول، كفر الشيخ,كفر الشيخ,الحامول,حي بيلا
صيدلية د. هايدي الشيخ,شارع الثورة، مبنى 2، أمام البنك، حي سيدي سالم، قلين، كفر الشيخ,كفر الشيخ,قلين,حي سيدي سالم
صيدلية د. أمل يوسف,شارع فلسطين، مبنى 79، بعد محطة المترو، حي فوة، الرياض، كفر الشيخ,كفر الشيخ,الرياض,حي فوة
صيدلية العافية,شارع الهرم، مبنى 125، بجوار المسجد، حي البرلس، بيلا، كفر الشيخ,كفر الشيخ,بيلا,حي البرلس
صيدلية د. عزة أنور,شارع الاستقلال، مبنى 122، بجانب المدرسة، حي سيدي سالم، بيلا، كفر الشيخ,كفر الشيخ,بيلا,حي سيدي سالم
صيدلية د. طارق فؤاد,شارع الزهراء، مبنى 24، بعد محطة المترو، حي كفر الشيخ، مصيف بلطيم، كفر الشيخ,كفر الشيخ,مصيف بلطيم,حي كفر الشيخ
صيدلية د. أماني سمير,شارع النخيل، مبنى 110، أمام البنك، حي كفر الشيخ، بيلا، كفر الشيخ,كفر الشيخ,بيلا,حي كفر الشيخ
صيدلية إيمان,شارع العروبة، مبنى 107، أمام البنك، حي مطوبس، الحامول، كفر الشيخ,كفر الشيخ,الحامول,حي مطوبس
صيدلية سعاد,شارع البنك، مبنى 129، بجوار المسجد، حي البرلس، سيدي سالم، كفر الشيخ,كفر الشيخ,سيدي سالم,حي البرلس
صيدلية وائل,شارع بورسعيد، مبنى 127، عند النفق، حي البرلس، قلين، كفر الشيخ,كفر الشيخ,قلين,حي البرلس
صيدلية الأمل,شارع 26 يوليو، مبنى 46، بعد محطة المترو، حي مطوبس، مطوبس، كفر الشيخ,كفر الشيخ,مطوبس,حي مطوبس
صيدلية خالد,شارع الميناء، مبنى 6، بعد محطة المترو، حي كفر الشيخ، الحامول، كفر الشيخ,كفر الشيخ,الحامول,حي كفر الشيخ
صيدلية بهاء,شارع المحطة، مبنى 74، بجانب المدرسة، حي سيدي سالم، الحامول، كفر الشيخ,كفر الشيخ,الحامول,حي سيدي سالم
صيدلية د. ناجح عاطف,شارع الثورة، مبنى 118، بعد محطة المترو، حي دسوق، دسوق، كفر الشيخ,كفر الشيخ,دسوق,حي دسوق
صيدلية د. هاني ضياء,شارع المعز، مبنى 97، أمام البنك، حي كفر الشيخ، البرلس، كفر الشيخ,كفر الشيخ,البرلس,حي كفر الشيخ
صيدلية د. هاني وحيد,شارع المحطة، مبنى 30، بجوار المسجد، حي كفر الشيخ، الإبراهيمية، كفر الشيخ,كفر الشيخ,الإبراهيمية,حي كفر الشيخ
صيدلية د. دينا مجدي,شارع الميناء، مبنى 125، بجوار المسجد، حي دسوق، قلين، كفر الشيخ,كفر الشيخ,قلين,حي دسوق
صيدلية د. جلال سيد,شارع رمسيس، مبنى 113، حي الحامول، قلين، كفر الشيخ,كفر الشيخ,قلين,حي الحامول
صيدلية عبلة رمضان,شارع بورسعيد، مبنى 88، بعد محطة المترو، حي الحامول، الرياض، كفر الشيخ,كفر الشيخ,الرياض,حي الحامول
صيدلية سحر الشيخ,شارع الميناء، مبنى 23، حي مطوبس، البرلس، كفر الشيخ,كفر الشيخ,البرلس,حي مطوبس
صيدلية النور,شارع النخيل، مبنى 7، عند النفق، حي بيلا، الرياض، كفر الشيخ,كفر الشيخ,الرياض,حي بيلا
صيدلية د. حسام رمضان,شارع فيصل، مبنى 41، أمام البنك، حي البرلس، الإبراهيمية، كفر الشيخ,كفر الشيخ,الإبراهيمية,حي البرلس
صيدلية الفردوس,شارع الأزهر، مبنى 3، بعد محطة المترو، حي البرلس، سيدي سالم، كفر الشيخ,كفر الشيخ,سيدي سالم,حي البرلس
صيدلية الأمل,شارع الهرم، مبنى 41، بجانب المدرسة، حي دسوق، قلين، كفر الشيخ,كفر الشيخ,قلين,حي دسوق
صيدلية د. سلوى رمضان,شارع الخزان، مبنى 103، بجانب المدرسة، حي فوة، الحامول، كفر الشيخ,كفر الشيخ,الحامول,حي فوة
صيدلية أيمن,شارع الجامعة، مبنى 65، بجانب المدرسة، حي فوة، دسوق، كفر الشيخ,كفر الشيخ,دسوق,حي فوة
صيدلية عبير السيد,شارع الجامعة، مبنى 81، بجانب المدرسة، حي دسوق، الإبراهيمية، كفر الشيخ,كفر الشيخ,الإبراهيمية,حي دسوق
صيدلية د. عبلة إيهاب,شارع البحر، مبنى 72، حي كفر الشيخ، بيلا، كفر الشيخ,كفر الشيخ,بيلا,حي كفر الشيخ
صيدلية الأمل,شارع 26 يوليو، مبنى 22، عند النفق، حي مطوبس، بيلا، كفر الشيخ,كفر الشيخ,بيلا,حي مطوبس
صيدلية لواء السيد,شارع طلعت حرب، مبنى 81، بجانب المدرسة، حي البرلس، فوة، كفر الشيخ,كفر الشيخ,فوة,حي البرلس
صيدلية فريدة عبدالعزيز,شارع البحر، مبنى 69، أمام البنك، حي سيدي سالم، فوة، كفر الشيخ,كفر الشيخ,فوة,حي سيدي سالم
صيدلية د. سحر سلامة,شارع المعز، مبنى 124، بجانب المدرسة، حي سيدي سالم، قلين، كفر الشيخ,كفر الشيخ,قلين,حي سيدي سالم
صيدلية د. رائد السيد,شارع الزهراء، مبنى 92، بجوار المسجد، حي مطوبس، سيدي سالم، كفر الشيخ,كفر الشيخ,سيدي سالم,حي مطوبس
صيدلية د. علي الشيخ,شارع العشرين، مبنى 58، حي دسوق، بيلا، كفر الشيخ,كفر الشيخ,بيلا,حي دسوق
صيدلية الجمهورية,شارع الطيران، مبنى 148، عند النفق، حي كفر الشيخ، الحامول، كفر الشيخ,كفر الشيخ,الحامول,حي كفر الشيخ
صيدلية رمضان,شارع الميناء، مبنى 17، بجانب المدرسة، حي الحامول، كفر الشيخ، كفر الشيخ,كفر الشيخ,كفر الشيخ,حي الحامول
صيدلية عمرو,شارع كورنيش النيل، مبنى 99، عند النفق، حي كفر الشيخ، الرياض، كفر الشيخ,كفر الشيخ,الرياض,حي كفر الشيخ
صيدلية د. سعيد رمضان,شارع العشرين، مبنى 96، بجانب المدرسة، حي الحامول، بيلا، كفر الشيخ,كفر الشيخ,بيلا,حي الحامول
صيدلية نعمت,شارع كورنيش النيل، مبنى 77، بجانب المدرسة، حي الحامول، كفر الشيخ، كفر الشيخ,كفر الشيخ,كفر الشيخ,حي الحامول
صيدلية د. سمير حامد,شارع النصر، مبنى 27، بجوار المسجد، حي سيدي سالم، الإبراهيمية، كفر الشيخ,كفر الشيخ,الإبراهيمية,حي سيدي سالم
صيدلية سلوى,شارع الحرية، مبنى 98، بعد محطة المترو، حي فارسكور، دمياط الجديدة، دمياط,دمياط,دمياط الجديدة,حي فارسكور
صيدلية د. إيناس حسين,شارع البحر، مبنى 3، أمام البنك، حي رأس البر، عزبة البرج، دمياط,دمياط,عزبة البرج,حي رأس البر
صيدلية الجمهورية,شارع كورنيش النيل، مبنى 121، بعد محطة المترو، حي دمياط، فارسكور، دمياط,دمياط,فارسكور,حي دمياط
صيدلية د. سوسن إيهاب,شارع مكرم عبيد، مبنى 122، بجوار المسجد، حي دمياط الجديدة، دمياط، دمياط,دمياط,دمياط,حي دمياط الجديدة
صيدلية د. أمل عزب,شارع الروضة، مبنى 140، أمام البنك، حي الزرقا، كفر سعد، دمياط,دمياط,كفر سعد,حي الزرقا
صيدلية د. إيناس محمد,شارع الهرم، مبنى 51، حي رأس البر، دمياط الجديدة، دمياط,دمياط,دمياط الجديدة,حي رأس البر
صيدلية فاتن,شارع النخيل، مبنى 53، عند النفق، حي رأس البر، الروضة، دمياط,دمياط,الروضة,حي رأس البر
صيدلية د. رائد إيهاب,شارع الطيران، مبنى 61، بجانب المدرسة، حي رأس البر، الروضة، دمياط,دمياط,الروضة,حي رأس البر
صيدلية د. ليلى وليد,شارع كورنيش النيل، مبنى 124، عند النفق، حي الزرقا، دمياط الجديدة، دمياط,دمياط,دمياط الجديدة,حي الزرقا
صيدلية د. هايدي عمرو,شارع الروضة، مبنى 48، بجانب المدرسة، حي الزرقا، السرو، دمياط,دمياط,السرو,حي الزرقا
صيدلية د. حسام عادل,شارع رمسيس، مبنى 53، بجانب المدرسة، حي الزرقا، الروضة، دمياط,دمياط,الروضة,حي الزرقا
صيدلية صبحي غانم,شارع طلعت حرب، مبنى 111، أمام البنك، حي الزرقا، عزبة البرج، دمياط,دمياط,عزبة البرج,حي الزرقا
صيدلية وليد إبراهيم,شارع المقاومة، مبنى 79، أمام البنك، حي الزرقا، كفر البطيخ، دمياط,دمياط,كفر البطيخ,حي الزرقا
صيدلية د. عادل خالد,شارع 26 يوليو، مبنى 105، عند النفق، حي فارسكور، ميت أبو غالب، دمياط,دمياط,ميت أبو غالب,حي فارسكور
صيدلية الصحة,شارع الطيران، مبنى 139، عند النفق، حي رأس البر، عزبة البرج، دمياط,دمياط,عزبة البرج,حي رأس البر
صيدلية محمود,شارع محمد علي، مبنى 19، حي كفر سعد، الروضة، دمياط,دمياط,الروضة,حي كفر سعد
صيدلية د. شريف طارق,شارع الأمل، مبنى 78، أمام البنك، حي كفر البطيخ، رأس البر، دمياط,دمياط,رأس البر,حي كفر البطيخ
صيدلية د. إيناس حسن,شارع العروبة، مبنى 139، عند النفق، حي كفر البطيخ، الروضة، دمياط,دمياط,الروضة,حي كفر البطيخ
صيدلية د. حسن سمير,شارع السوق، مبنى 9، بجوار المسجد، حي كفر البطيخ، الروضة، دمياط,دمياط,الروضة,حي كفر البطيخ
صيدلية عبدالعزيز,شارع الأمل، مبنى 43، بعد محطة المترو، حي رأس البر، كفر البطيخ، دمياط,دمياط,كفر البطيخ,حي رأس البر
صيدلية د. غادة نبيل,شارع الروضة، مبنى 37، أمام البنك، حي الزرقا، رأس البر، دمياط,دمياط,رأس البر,حي الزرقا
صيدلية د. منال سلامة,شارع الجمهورية، مبنى 130، بجانب المدرسة، حي كفر البطيخ، عزبة البرج، دمياط,دمياط,عزبة البرج,حي كفر البطيخ
صيدلية الصحة,شارع الجلاء، مبنى 128، بعد محطة المترو، حي فارسكور، عزبة البرج، دمياط,دمياط,عزبة البرج,حي فارسكور
صيدلية د. عبدالله وائل,شارع الوحدة، مبنى 29، حي كفر البطيخ، رأس البر، دمياط,دمياط,رأس البر,حي كفر البطيخ
صيدلية الفردوس,شارع الجمهورية، مبنى 73، أمام البنك، حي الزرقا، كفر سعد، دمياط,دمياط,كفر سعد,حي الزرقا
صيدلية د. سمير حجازي,شارع المحطة، مبنى 55، بجانب المدرسة، حي دمياط، الزرقا، دمياط,دمياط,الزرقا,حي دمياط
صيدلية الأمل,شارع العشرين، مبنى 117، أمام البنك، حي كفر سعد، كفر سعد، دمياط,دمياط,كفر سعد,حي كفر سعد
صيدلية د. عمر الشيخ,شارع التحرير، مبنى 112، أمام البنك، حي الزرقا، رأس البر، دمياط,دمياط,رأس البر,حي الزرقا
صيدلية د. طارق صبحي,شارع المقاومة، مبنى 93، أمام البنك، حي رأس البر، السرو، دمياط,دمياط,السرو,حي رأس البر
صيدلية د. أماني الشيخ,شارع العشرين، مبنى 71، عند النفق، حي كفر سعد، الزرقا، دمياط,دمياط,الزرقا,حي كفر سعد
صيدلية فريدة منسي,شارع الجمهورية، مبنى 58، أمام البنك، حي كفر البطيخ، كفر البطيخ، دمياط,دمياط,كفر البطيخ,حي كفر البطيخ
صيدلية د. إيهاب عطية,شارع الميناء، مبنى 121، حي كفر سعد، السرو، دمياط,دمياط,السرو,حي كفر سعد
صيدلية أشرف,شارع الميناء، مبنى 6، عند النفق، حي رأس البر، كفر البطيخ، دمياط,دمياط,كفر البطيخ,حي رأس البر
صيدلية خالد,شارع الهرم، مبنى 139، بجوار المسجد، حي الزرقا، ميت أبو غالب، دمياط,دمياط,ميت أبو غالب,حي الزرقا
صيدلية د. منير عبدالله,شارع الأمل، مبنى 99، حي كفر سعد، رأس البر، دمياط,دمياط,رأس البر,حي كفر سعد
صيدلية د. فريدة جلال,شارع القنال، مبنى 38، أمام البنك، حي فارسكور، السرو، دمياط,دمياط,السرو,حي فارسكور
صيدلية د. سحر عمر,شارع الأهرام، مبنى 107، حي دمياط، عزبة البرج، دمياط,دمياط,عزبة البرج,حي دمياط
صيدلية د. عبدالعزيز عوض,شارع الثورة، مبنى 102، بجوار المسجد، حي الزرقا، رأس البر، دمياط,دمياط,رأس البر,حي الزرقا
صيدلية فاتن,شارع الوفاء، مبنى 121، بعد محطة المترو، حي دمياط، كفر البطيخ، دمياط,دمياط,كفر البطيخ,حي دمياط
صيدلية بهاء,شارع المعز، مبنى 76، أمام البنك، حي فارسكور، كفر سعد، دمياط,دمياط,كفر سعد,حي فارسكور
صيدلية الجمهورية,شارع الأزهر، مبنى 108، بعد محطة المترو، حي دمياط الجديدة، السرو، دمياط,دمياط,السرو,حي دمياط الجديدة
صيدلية العافية,شارع الزهراء، مبنى 62، بجانب المدرسة، حي دمياط الجديدة، الروضة، دمياط,دمياط,الروضة,حي دمياط الجديدة
صيدلية د. شريف وائل,شارع الخزان، مبنى 139، بعد محطة المترو، حي فارسكور، رأس البر، دمياط,دمياط,رأس البر,حي فارسكور
صيدلية د. سلوى إبراهيم,شارع مكرم عبيد، مبنى 118، أمام البنك، حي فارسكور، فارسكور، دمياط,دمياط,فارسكور,حي فارسكور
صيدلية رمضان عادل,شارع فلسطين، مبنى 112، أمام البنك، حي دمياط، كفر البطيخ، دمياط,دمياط,كفر البطيخ,حي دمياط
صيدلية عزة,شارع النصر، مبنى 33، عند النفق، حي فارسكور، رأس البر، دمياط,دمياط,رأس البر,حي فارسكور
صيدلية د. فؤاد مجدي,شارع بورسعيد، مبنى 7، عند النفق، حي دمياط الجديدة، الزرقا، دمياط,دمياط,الزرقا,حي دمياط الجديدة
صيدلية أمل,شارع مكرم عبيد، مبنى 87، أمام البنك، حي كفر البطيخ، عزبة البرج، دمياط,دمياط,عزبة البرج,حي كفر البطيخ
صيدلية حسن,شارع الجلاء، مبنى 105، بعد محطة المترو، حي دمياط الجديدة، فارسكور، دمياط,دمياط,فارسكور,حي دمياط الجديدة
صيدلية خالد,شارع محمد علي، مبنى 105، بجانب المدرسة، حي رأس البر، دمياط، دمياط,دمياط,دمياط,حي رأس البر
صيدلية د. نهى حامد,شارع مكرم عبيد، مبنى 62، بجانب المدرسة، حي كفر سعد، دمياط، دمياط,دمياط,دمياط,حي كفر سعد
صيدلية د. محمد ضياء,شارع الأمل، مبنى 56، أمام البنك، حي كفر سعد، فارسكور، دمياط,دمياط,فارسكور,حي كفر سعد
صيدلية سعاد,شارع الطيران، مبنى 111، بجانب المدرسة، حي كفر سعد، رأس البر، دمياط,دمياط,رأس البر,حي كفر سعد
صيدلية د. خالد حسن,شارع فلسطين، مبنى 68، بجانب المدرسة، حي دمياط الجديدة، ميت أبو غالب، دمياط,دمياط,ميت أبو غالب,حي دمياط الجديدة
صيدلية د. مها عوض,شارع الأمل، مبنى 139، بعد محطة المترو، حي رأس البر، عزبة البرج، دمياط,دمياط,عزبة البرج,حي رأس البر
صيدلية الجمهورية,شارع الأقصى، مبنى 147، أمام البنك، حي الزرقا، الزرقا، دمياط,دمياط,الزرقا,حي الزرقا
صيدلية د. وحيد منسي,شارع العروبة، مبنى 104، أمام البنك، حي فارسكور، السرو، دمياط,دمياط,السرو,حي فارسكور
صيدلية د. سحر عمر,شارع الوفاء، مبنى 16، بجوار المسجد، حي رأس البر، دمياط، دمياط,دمياط,دمياط,حي رأس البر
صيدلية هاني,شارع المحطة، مبنى 4، عند النفق، حي دمياط، الزرقا، دمياط,دمياط,الزرقا,حي دمياط
صيدلية الفردوس,شارع الثورة، مبنى 79، بجانب المدرسة، حي كفر سعد، دمياط، دمياط,دمياط,دمياط,حي كفر سعد
صيدلية د. عبلة خالد,شارع النصر، مبنى 101، حي فارسكور، السرو، دمياط,دمياط,السرو,حي فارسكور
صيدلية عاطف,شارع الأزهر، مبنى 24، حي دمياط، الروضة، دمياط,دمياط,الروضة,حي دمياط
صيدلية عادل حسونة,شارع التحرير، مبنى 123، أمام البنك، حي دمياط، فارسكور، دمياط,دمياط,فارسكور,حي دمياط
صيدلية وائل,شارع الأهرام، مبنى 88، بعد محطة المترو، حي كفر سعد، السرو، دمياط,دمياط,السرو,حي كفر سعد
صيدلية الأمل,شارع الأمل، مبنى 106، بجانب المدرسة، حي رأس البر، الزرقا، دمياط,دمياط,الزرقا,حي رأس البر
صيدلية الأمل,شارع الحرية، مبنى 56، أمام البنك، حي فارسكور، السرو، دمياط,دمياط,السرو,حي فارسكور
صيدلية وائل,شارع الهرم، مبنى 18، أمام البنك، حي دمياط، فارسكور، دمياط,دمياط,فارسكور,حي دمياط
صيدلية د. فاتن عبدالرحمن,شارع الوحدة، مبنى 43، بجانب المدرسة، حي دمياط الجديدة، الزرقا، دمياط,دمياط,الزرقا,حي دمياط الجديدة
صيدلية سعاد حسين,شارع الثورة، مبنى 131، بجانب المدرسة، حي كفر البطيخ، السرو، دمياط,دمياط,السرو,حي كفر البطيخ
صيدلية د. عبدالعزيز عبدالستار,شارع الأهرام، مبنى 41، بجوار المسجد، حي كفر البطيخ، السرو، دمياط,دمياط,السرو,حي كفر البطيخ
صيدلية عزة عبدالله,شارع المدرسة، مبنى 52، بجوار المسجد، حي فارسكور، ميت أبو غالب، دمياط,دمياط,ميت أبو غالب,حي فارسكور
صيدلية الفردوس,شارع الأزهر، مبنى 133، أمام البنك، حي كفر سعد، كفر البطيخ، دمياط,دمياط,كفر البطيخ,حي كفر سعد
صيدلية الأمل,شارع السادات، مبنى 127، حي دمياط، كفر سعد، دمياط,دمياط,كفر سعد,حي دمياط
صيدلية كمال,شارع محمد علي، مبنى 23، عند النفق، حي دمياط، كفر سعد، دمياط,دمياط,كفر سعد,حي دمياط
صيدلية د. طارق عمرو,شارع الحرية، مبنى 28، عند النفق، حي فارسكور، عزبة البرج، دمياط,دمياط,عزبة البرج,حي فارسكور
صيدلية الصحة,شارع العشرين، مبنى 26، أمام البنك، حي كفر البطيخ، السرو، دمياط,دمياط,السرو,حي كفر البطيخ
صيدلية الفردوس,شارع الهرم، مبنى 1، حي كفر سعد، دمياط الجديدة، دمياط,دمياط,دمياط الجديدة,حي كفر سعد
صيدلية د. خالد حجازي,شارع بورسعيد، مبنى 38، بجانب المدرسة، حي كفر البطيخ، فارسكور، دمياط,دمياط,فارسكور,حي كفر البطيخ
صيدلية د. عمرو عبدالجواد,شارع الروضة، مبنى 95، أمام البنك، حي دمياط الجديدة، الروضة، دمياط,دمياط,الروضة,حي دمياط الجديدة
صيدلية ضياء,شارع العروبة، مبنى 129، بجوار المسجد، حي فارسكور، دمياط، دمياط,دمياط,دمياط,حي فارسكور
صيدلية جلال أنور,شارع النصر، مبنى 43، بجوار المسجد، حي كفر البطيخ، عزبة البرج، دمياط,دمياط,عزبة البرج,حي كفر البطيخ
صيدلية د. أيمن أحمد,شارع محمد علي، مبنى 29، بجوار المسجد، حي الزرقا، ميت أبو غالب، دمياط,دمياط,ميت أبو غالب,حي الزرقا
صيدلية هايدي حامد,شارع الأزهر، مبنى 121، بعد محطة المترو، حي الزرقا، كفر البطيخ، دمياط,دمياط,كفر البطيخ,حي الزرقا
صيدلية د. إبراهيم وائل,شارع الجلاء، مبنى 47، بجانب المدرسة، حي دمياط، عزبة البرج، دمياط,دمياط,عزبة البرج,حي دمياط
صيدلية العافية,شارع الاستقلال، مبنى 1، عند النفق، حي دمياط، الروضة، دمياط,دمياط,الروضة,حي دمياط
صيدلية د. وفاء علي,شارع البنك، مبنى 73، أمام البنك، حي كفر البطيخ، دمياط الجديدة، دمياط,دمياط,دمياط الجديدة,حي كفر البطيخ
صيدلية كمال كمال,شارع الأمل، مبنى 78، بجوار المسجد، حي رأس البر، السرو، دمياط,دمياط,السرو,حي رأس البر
صيدلية العافية,شارع طلعت حرب، مبنى 24، بجوار المسجد، حي كفر سعد، ميت أبو غالب، دمياط,دمياط,ميت أبو غالب,حي كفر سعد
صيدلية د. مها صبحي,شارع البحر، مبنى 148، أمام البنك، حي دمياط، كفر سعد، دمياط,دمياط,كفر سعد,حي دمياط
صيدلية أماني هشام,شارع الزهراء، مبنى 146، بعد محطة المترو، حي فارسكور، رأس البر، دمياط,دمياط,رأس البر,حي فارسكور
صيدلية يوسف مجدي,شارع الزهراء، مبنى 117، بجوار المسجد، حي كفر البطيخ، كفر البطيخ، دمياط,دمياط,كفر البطيخ,حي كفر البطيخ
صيدلية سمير,شارع فلسطين، مبنى 95، بجوار المسجد، حي كفر سعد، فارسكور، دمياط,دمياط,فارسكور,حي كفر سعد
صيدلية د. مجدي جلال,شارع الوحدة، مبنى 55، عند النفق، حي رأس البر، السرو، دمياط,دمياط,السرو,حي رأس البر
صيدلية هشام,شارع كورنيش النيل، مبنى 40، أمام البنك، حي كفر سعد، كفر سعد، دمياط,دمياط,كفر سعد,حي كفر سعد
صيدلية د. نبيل علي,شارع الأمل، مبنى 1، عند النفق، حي دمياط الجديدة، دمياط، دمياط,دمياط,دمياط,حي دمياط الجديدة
صيدلية ضياء,شارع الأزهر، مبنى 12، حي دمياط الجديدة، فارسكور، دمياط,دمياط,فارسكور,حي دمياط الجديدة
صيدلية د. صبحي وليد,شارع المدرسة، مبنى 34، حي فارسكور، كفر البطيخ، دمياط,دمياط,كفر البطيخ,حي فارسكور
صيدلية عاطف إبراهيم,شارع الأمل، مبنى 32، عند النفق، حي رأس البر، ميت أبو غالب، دمياط,دمياط,ميت أبو غالب,حي رأس البر
صيدلية الجمهورية,شارع الهرم، مبنى 75، بعد محطة المترو، حي دمياط، السرو، دمياط,دمياط,السرو,حي دمياط
صيدلية العافية,شارع مكرم عبيد، مبنى 84، بعد محطة المترو، حي كفر البطيخ، دمياط، دمياط,دمياط,دمياط,حي كفر البطيخ
صيدلية عزة حسين,شارع الأهرام، مبنى 136، بعد محطة المترو، حي دمياط، دمياط، دمياط,دمياط,دمياط,حي دمياط
صيدلية د. منال وحيد,شارع الزهراء، مبنى 73، عند النفق، حي كفر البطيخ، الزرقا، دمياط,دمياط,الزرقا,حي كفر البطيخ
صيدلية النور,شارع النخيل، مبنى 130، بعد محطة المترو، حي كفر سعد، الروضة، دمياط,دمياط,الروضة,حي كفر سعد
صيدلية د. رائد نبيل,شارع النخيل، مبنى 76، بجانب المدرسة، حي دمياط الجديدة، السرو، دمياط,دمياط,السرو,حي دمياط الجديدة
صيدلية إيهاب,شارع العشرين، مبنى 136، بجوار المسجد، حي الزرقا، رأس البر، دمياط,دمياط,رأس البر,حي الزرقا
صيدلية النور,شارع الحرية، مبنى 117، حي دمياط الجديدة، السرو، دمياط,دمياط,السرو,حي دمياط الجديدة
صيدلية د. عبلة عبدالستار,شارع السادات، مبنى 1، بجانب المدرسة، حي دمياط الجديدة، كفر البطيخ، دمياط,دمياط,كفر البطيخ,حي دمياط الجديدة
صيدلية د. أمل حسام,شارع المقاومة، مبنى 43، أمام البنك، حي كفر البطيخ، الزرقا، دمياط,دمياط,الزرقا,حي كفر البطيخ
صيدلية د. كمال عبدالستار,شارع محمد علي، مبنى 121، بجانب المدرسة، حي فارسكور، الزرقا، دمياط,دمياط,الزرقا,حي فارسكور
صيدلية محمود,شارع الروضة، مبنى 132، أمام البنك، حي دمياط الجديدة، دمياط، دمياط,دمياط,دمياط,حي دمياط الجديدة
صيدلية أشرف وائل,شارع المحطة، مبنى 34، بعد محطة المترو، حي الزرقا، دمياط الجديدة، دمياط,دمياط,دمياط الجديدة,حي الزرقا
صيدلية أحمد عبدالرحمن,شارع الحرية، مبنى 78، حي فارسكور، رأس البر، دمياط,دمياط,رأس البر,حي فارسكور
صيدلية غادة,شارع الحرية، مبنى 109، حي دمياط الجديدة، الزرقا، دمياط,دمياط,الزرقا,حي دمياط الجديدة
صيدلية د. عمرو وائل,شارع الخزان، مبنى 79، بجانب المدرسة، حي رأس البر، فارسكور، دمياط,دمياط,فارسكور,حي رأس البر
صيدلية إيناس,شارع العروبة، مبنى 106، بجوار المسجد، حي كفر سعد، رأس البر، دمياط,دمياط,رأس البر,حي كفر سعد
صيدلية د. يوسف مدحت,شارع المدرسة، مبنى 30، عند النفق، حي فارسكور، ميت أبو غالب، دمياط,دمياط,ميت أبو غالب,حي فارسكور
صيدلية حسين,شارع الهرم، مبنى 134، أمام البنك، حي كفر البطيخ، ميت أبو غالب، دمياط,دمياط,ميت أبو غالب,حي كفر البطيخ
صيدلية د. مدحت حسن,شارع فلسطين، مبنى 118، أمام البنك، حي كفر سعد، عزبة البرج، دمياط,دمياط,عزبة البرج,حي كفر سعد
صيدلية د. يوسف علي,شارع الميناء، مبنى 107، عند النفق، حي الزرقا، الزرقا، دمياط,دمياط,الزرقا,حي الزرقا
صيدلية د. سامية حسن,شارع الأقصى، مبنى 26، بجوار المسجد، حي كفر البطيخ، كفر البطيخ، دمياط,دمياط,كفر البطيخ,حي كفر البطيخ
صيدلية رانيا,شارع الأمل، مبنى 119، عند النفق، حي كفر البطيخ، السرو، دمياط,دمياط,السرو,حي كفر البطيخ
صيدلية د. محمد السيد,شارع الجمهورية، مبنى 118، عند النفق، حي دمياط، رأس البر، دمياط,دمياط,رأس البر,حي دمياط
صيدلية سلوى خالد,شارع السادات، مبنى 83، عند النفق، حي الزرقا، دمياط، دمياط,دمياط,دمياط,حي الزرقا
صيدلية د. محمود صبحي,شارع البحر، مبنى 133، بعد محطة المترو، حي فارسكور، ميت أبو غالب، دمياط,دمياط,ميت أبو غالب,حي فارسكور
صيدلية طارق,شارع العشرين، مبنى 126، بعد محطة المترو، حي دمياط، ميت أبو غالب، دمياط,دمياط,ميت أبو غالب,حي دمياط
صيدلية حسين,شارع الوفاء، مبنى 43، بجانب المدرسة، حي كفر سعد، السرو، دمياط,دمياط,السرو,حي كفر سعد
صيدلية د. مدحت سيد,شارع فيصل، مبنى 135، بجانب المدرسة، حي كفر البطيخ، الزرقا، دمياط,دمياط,الزرقا,حي كفر البطيخ
صيدلية الجمهورية,شارع طلعت حرب، مبنى 69، أمام البنك، حي فارسكور، عزبة البرج، دمياط,دمياط,عزبة البرج,حي فارسكور
صيدلية د. عبدالله عبدالجواد,شارع التحرير، مبنى 126، حي الزرقا، الروضة، دمياط,دمياط,الروضة,حي الزرقا
صيدلية د. أمل جلال,شارع السادات، مبنى 76، حي كفر البطيخ، ميت أبو غالب، دمياط,دمياط,ميت أبو غالب,حي كفر البطيخ
صيدلية العافية,شارع التحرير، مبنى 64، بجوار المسجد، حي فارسكور، دمياط، دمياط,دمياط,دمياط,حي فارسكور
صيدلية د. ليلى صبحي,شارع الهرم، مبنى 38، بجوار المسجد، حي كفر سعد، السرو، دمياط,دمياط,السرو,حي كفر سعد
صيدلية د. سامية عبدالستار,شارع الوحدة، مبنى 17، حي الزرقا، دمياط، دمياط,دمياط,دمياط,حي الزرقا
صيدلية د. أيمن إيهاب,شارع الأهرام، مبنى 64، أمام البنك، حي رأس البر، رأس البر، دمياط,دمياط,رأس البر,حي رأس البر
صيدلية د. عاصم طارق,شارع الوفاء، مبنى 121، بجوار المسجد، حي كفر البطيخ، عزبة البرج، دمياط,دمياط,عزبة البرج,حي كفر البطيخ
صيدلية عاصم خالد,شارع الوحدة، مبنى 94، حي كفر سعد، الزرقا، دمياط,دمياط,الزرقا,حي كفر سعد
صيدلية الأمل,شارع الجلاء، مبنى 101، عند النفق، حي كفر البطيخ، دمياط الجديدة، دمياط,دمياط,دمياط الجديدة,حي كفر البطيخ
صيدلية أنور,شارع طلعت حرب، مبنى 90، عند النفق، حي فارسكور، دمياط، دمياط,دمياط,دمياط,حي فارسكور
صيدلية غادة,شارع الجلاء، مبنى 85، بعد محطة المترو، حي دمياط الجديدة، فارسكور، دمياط,دمياط,فارسكور,حي دمياط الجديدة
صيدلية عبدالعزيز فؤاد,شارع الجلاء، مبنى 10، بجوار المسجد، حي فارسكور، عزبة البرج، دمياط,دمياط,عزبة البرج,حي فارسكور
صيدلية أمل السيد,شارع فيصل، مبنى 87، عند النفق، حي الزرقا، دمياط، دمياط,دمياط,دمياط,حي الزرقا
صيدلية عاطف,شارع بورسعيد، مبنى 79، بعد محطة المترو، حي دمياط، كفر البطيخ، دمياط,دمياط,كفر البطيخ,حي دمياط
صيدلية حسام,شارع فيصل، مبنى 148، بعد محطة المترو، حي رأس البر، كفر البطيخ، دمياط,دمياط,كفر البطيخ,حي رأس البر
صيدلية د. إيناس عوض,شارع الأهرام، مبنى 118، بجانب المدرسة، حي كفر سعد، ميت أبو غالب، دمياط,دمياط,ميت أبو غالب,حي كفر سعد
صيدلية سوسن,شارع عباس العقاد، مبنى 58، عند النفق، حي فارسكور، دمياط، دمياط,دمياط,دمياط,حي فارسكور
صيدلية رمضان,شارع المقاومة، مبنى 14، عند النفق، حي المناخ، المناخ، بورسعيد,بورسعيد,المناخ,حي المناخ
صيدلية د. عاصم السيد,شارع المقاومة، مبنى 88، أمام البنك، حي الجنوب، العرب، بورسعيد,بورسعيد,العرب,حي الجنوب
صيدلية الصحة,شارع بورسعيد، مبنى 24، أمام البنك، حي الزهور، المناخ، بورسعيد,بورسعيد,المناخ,حي الزهور
صيدلية د. غادة أشرف,شارع الأقصى، مبنى 49، بعد محطة المترو، حي شرق بورسعيد، الحضارة، بورسعيد,بورسعيد,الحضارة,حي شرق بورسعيد
صيدلية العافية,شارع العروبة، مبنى 88، حي الجنوب، الشرق، بورسعيد,بورسعيد,الشرق,حي الجنوب
صيدلية د. غادة عمر,شارع الجامعة، مبنى 102، بعد محطة المترو، حي شرق بورسعيد، الضواحي، بورسعيد,بورسعيد,الضواحي,حي شرق بورسعيد
صيدلية د. عزة نبيل,شارع 26 يوليو، مبنى 70، عند النفق، حي المناخ، الضواحي، بورسعيد,بورسعيد,الضواحي,حي المناخ
صيدلية د. طارق مدحت,شارع الاستقلال، مبنى 94، بعد محطة المترو، حي الزهور، المناخ، بورسعيد,بورسعيد,المناخ,حي الزهور
صيدلية طارق,شارع الحرية، مبنى 123، بعد محطة المترو، حي الضواحي، الشرق، بورسعيد,بورسعيد,الشرق,حي الضواحي
صيدلية د. محمد عوض,شارع الثورة، مبنى 35، حي المناخ، العرب، بورسعيد,بورسعيد,العرب,حي المناخ
صيدلية أيمن حسين,شارع المقاومة، مبنى 34، أمام البنك، حي بور فؤاد، بور فؤاد، بورسعيد,بورسعيد,بور فؤاد,حي بور فؤاد
صيدلية د. دينا حسام,شارع الهرم، مبنى 11، عند النفق، حي الضواحي، العرب، بورسعيد,بورسعيد,العرب,حي الضواحي
صيدلية عبلة عبدالستار,شارع القنال، مبنى 26، حي شرق بورسعيد، الحضارة، بورسعيد,بورسعيد,الحضارة,حي شرق بورسعيد
صيدلية العافية,شارع المعز، مبنى 13، بجوار المسجد، حي غرب بورسعيد، العرب، بورسعيد,بورسعيد,العرب,حي غرب بورسعيد
صيدلية محمود,شارع المدرسة، مبنى 108، بجوار المسجد، حي شرق بورسعيد، الجنوب، بورسعيد,بورسعيد,الجنوب,حي شرق بورسعيد
صيدلية غادة,شارع 26 يوليو، مبنى 112، بعد محطة المترو، حي الزهور، الغرب، بورسعيد,بورسعيد,الغرب,حي الزهور
صيدلية د. أيمن وائل,شارع الوحدة، مبنى 35، أمام البنك، حي غرب بورسعيد، الزهور، بورسعيد,بورسعيد,الزهور,حي غرب بورسعيد
صيدلية د. نادية رمضان,شارع المقاومة، مبنى 42، بجانب المدرسة، حي شرق بورسعيد، الشرق، بورسعيد,بورسعيد,الشرق,حي شرق بورسعيد
صيدلية الصحة,شارع الأهرام، مبنى 80، عند النفق، حي المناخ، الجنوب، بورسعيد,بورسعيد,الجنوب,حي المناخ
صيدلية د. فاتن عبدالجواد,شارع الروضة، مبنى 150، بجانب المدرسة، حي الزهور، الضواحي، بورسعيد,بورسعيد,الضواحي,حي الزهور
صيدلية د. نعمت عوض,شارع الأزهر، مبنى 143، بجانب المدرسة، حي الزهور، الحضارة، بورسعيد,بورسعيد,الحضارة,حي الزهور
صيدلية النور,شارع الجامعة، مبنى 137، أمام البنك، حي غرب بورسعيد، بور فؤاد، بورسعيد,بورسعيد,بور فؤاد,حي غرب بورسعيد
صيدلية النور,شارع فلسطين، مبنى 10، بعد محطة المترو، حي المناخ، بور فؤاد، بورسعيد,بورسعيد,بور فؤاد,حي المناخ
صيدلية فريدة,شارع مكرم عبيد، مبنى 21، عند النفق، حي غرب بورسعيد، بور فؤاد، بورسعيد,بورسعيد,بور فؤاد,حي غرب بورسعيد
صيدلية العافية,شارع عباس العقاد، مبنى 32، عند النفق، حي الزهور، الغرب، بورسعيد,بورسعيد,الغرب,حي الزهور
صيدلية النور,شارع الأقصى، مبنى 97، حي الزهور، بور فؤاد، بورسعيد,بورسعيد,بور فؤاد,حي الزهور
صيدلية حسين,شارع الوحدة، مبنى 12، بعد محطة المترو، حي الجنوب، الضواحي، بورسعيد,بورسعيد,الضواحي,حي الجنوب
صيدلية الصحة,شارع الخزان، مبنى 106، عند النفق، حي بور فؤاد، الجنوب، بورسعيد,بورسعيد,الجنوب,حي بور فؤاد
صيدلية وائل,شارع السوق، مبنى 49، بجانب المدرسة، حي الزهور، الغرب، بورسعيد,بورسعيد,الغرب,حي الزهور
صيدلية أنور وليد,شارع الجمهورية، مبنى 143، بجانب المدرسة، حي شرق بورسعيد، الجنوب، بورسعيد,بورسعيد,الجنوب,حي شرق بورسعيد
صيدلية د. هاني ضياء,شارع الميناء، مبنى 2، حي الجنوب، بورسعيد، بورسعيد,بورسعيد,بورسعيد,حي الجنوب
صيدلية فؤاد,شارع الثورة، مبنى 92، أمام البنك، حي شرق بورسعيد، المناخ، بورسعيد,بورسعيد,المناخ,حي شرق بورسعيد
صيدلية صبحي عطية,شارع الميناء، مبنى 121، بجوار المسجد، حي شرق بورسعيد، الجنوب، بورسعيد,بورسعيد,الجنوب,حي شرق بورسعيد
صيدلية الجمهورية,شارع الزهراء، مبنى 70، بعد محطة المترو، حي الزهور، بورسعيد، بورسعيد,بورسعيد,بورسعيد,حي الزهور
صيدلية غادة سلامة,شارع رمسيس، مبنى 86، أمام البنك، حي الزهور، المناخ، بورسعيد,بورسعيد,المناخ,حي الزهور
صيدلية الفردوس,شارع العشرين، مبنى 125، حي الضواحي، المناخ، بورسعيد,بورسعيد,المناخ,حي الضواحي
صيدلية د. هايدي فؤاد,شارع المقاومة، مبنى 23، حي الضواحي، بورسعيد، بورسعيد,بورسعيد,بورسعيد,حي الضواحي
صيدلية د. سعاد هشام,شارع رمسيس، مبنى 39، أمام البنك، حي بور فؤاد، الغرب، بورسعيد,بورسعيد,الغرب,حي بور فؤاد
صيدلية د. إيناس شريف,شارع القنال، مبنى 106، بجانب المدرسة، حي الضواحي، بور فؤاد، بورسعيد,بورسعيد,بور فؤاد,حي الضواحي
صيدلية د. عبدالعزيز وائل,شارع الثورة، مبنى 71، أمام البنك، حي الضواحي، العرب، بورسعيد,بورسعيد,العرب,حي الضواحي
صيدلية النور,شارع الأمل، مبنى 40، حي المناخ، الغرب، بورسعيد,بورسعيد,الغرب,حي المناخ
صيدلية الفردوس,شارع الطيران، مبنى 21، أمام البنك، حي شرق بورسعيد، الجنوب، بورسعيد,بورسعيد,الجنوب,حي شرق بورسعيد
صيدلية د. نبيل شريف,شارع المقاومة، مبنى 24، بجانب المدرسة، حي شرق بورسعيد، الشرق، بورسعيد,بورسعيد,الشرق,حي شرق بورسعيد
صيدلية العافية,شارع 26 يوليو، مبنى 108، بجوار المسجد، حي الضواحي، الضواحي، بورسعيد,بورسعيد,الضواحي,حي الضواحي
صيدلية مجدي محمود,شارع الجلاء، مبنى 18، بجانب المدرسة، حي بور فؤاد، الزهور، بورسعيد,بورسعيد,الزهور,حي بور فؤاد
صيدلية لواء هاني,شارع الجلاء، مبنى 132، أمام البنك، حي المناخ، المناخ، بورسعيد,بورسعيد,المناخ,حي المناخ
صيدلية عبير سيد,شارع طلعت حرب، مبنى 126، بعد محطة المترو، حي شرق بورسعيد، الغرب، بورسعيد,بورسعيد,الغرب,حي شرق بورسعيد
صيدلية الصحة,شارع الخزان، مبنى 102، بعد محطة المترو، حي شرق بورسعيد، بورسعيد، بورسعيد,بورسعيد,بورسعيد,حي شرق بورسعيد
صيدلية الجمهورية,شارع المسجد، مبنى 93، أمام البنك، حي الجنوب، الحضارة، بورسعيد,بورسعيد,الحضارة,حي الجنوب
صيدلية سعاد,شارع الطيران، مبنى 92، أمام البنك، حي المناخ، الضواحي، بورسعيد,بورسعيد,الضواحي,حي المناخ
صيدلية هاني حسام,شارع المدرسة، مبنى 116، أمام البنك، حي المناخ، الضواحي، بورسعيد,بورسعيد,الضواحي,حي المناخ
صيدلية د. أحمد عبدالستار,شارع القنال، مبنى 145، بعد محطة المترو، حي المناخ، الزهور، بورسعيد,بورسعيد,الزهور,حي المناخ
صيدلية د. فؤاد مدحت,شارع الوحدة، مبنى 142، بجوار المسجد، حي بور فؤاد، الضواحي، بورسعيد,بورسعيد,الضواحي,حي بور فؤاد
صيدلية منير,شارع النصر، مبنى 67، بجوار المسجد، حي غرب بورسعيد، الشرق، بورسعيد,بورسعيد,الشرق,حي غرب بورسعيد
صيدلية د. عبلة عبدالرحمن,شارع الميناء، مبنى 82، بجوار المسجد، حي بور فؤاد، الشرق، بورسعيد,بورسعيد,الشرق,حي بور فؤاد
صيدلية د. حورية مصطفى,شارع الخزان، مبنى 135، عند النفق، حي غرب بورسعيد، المناخ، بورسعيد,بورسعيد,المناخ,حي غرب بورسعيد
صيدلية د. نبيل حسن,شارع فيصل، مبنى 102، عند النفق، حي غرب بورسعيد، الجنوب، بورسعيد,بورسعيد,الجنوب,حي غرب بورسعيد
صيدلية فريدة,شارع 26 يوليو، مبنى 78، بعد محطة المترو، حي المناخ، الجنوب، بورسعيد,بورسعيد,الجنوب,حي المناخ
صيدلية ليلى سلامة,شارع فلسطين، مبنى 59، أمام البنك، حي المناخ، الضواحي، بورسعيد,بورسعيد,الضواحي,حي المناخ
صيدلية الأمل,شارع الأهرام، مبنى 146، بعد محطة المترو، حي غرب بورسعيد، الضواحي، بورسعيد,بورسعيد,الضواحي,حي غرب بورسعيد
صيدلية د. عادل مدحت,شارع الجامعة، مبنى 135، بعد محطة المترو، حي بور فؤاد، المناخ، بورسعيد,بورسعيد,المناخ,حي بور فؤاد
صيدلية جهاد محمد,شارع الوفاء، مبنى 55، بجوار المسجد، حي الضواحي، الشرق، بورسعيد,بورسعيد,الشرق,حي الضواحي
صيدلية فؤاد محمود,شارع الجامعة، مبنى 48، أمام البنك، حي غرب بورسعيد، الضواحي، بورسعيد,بورسعيد,الضواحي,حي غرب بورسعيد
صيدلية د. أيمن الفقي,شارع فلسطين، مبنى 94، عند النفق، حي شرق بورسعيد، الضواحي، بورسعيد,بورسعيد,الضواحي,حي شرق بورسعيد
صيدلية مجدي الفقي,شارع الأقصى، مبنى 73، عند النفق، حي الجنوب، الغرب، بورسعيد,بورسعيد,الغرب,حي الجنوب
صيدلية د. حسن حسين,شارع طلعت حرب، مبنى 101، بجانب المدرسة، حي الضواحي، بور فؤاد، بورسعيد,بورسعيد,بور فؤاد,حي الضواحي
صيدلية د. ضياء عبدالرحمن,شارع المعز، مبنى 10، أمام البنك، حي غرب بورسعيد، الزهور، بورسعيد,بورسعيد,الزهور,حي غرب بورسعيد
صيدلية د. محمد سيد,شارع محمد علي، مبنى 113، حي المناخ، الشرق، بورسعيد,بورسعيد,الشرق,حي المناخ
صيدلية منال وحيد,شارع الأمل، مبنى 104، بجانب المدرسة، حي المناخ، الجنوب، بورسعيد,بورسعيد,الجنوب,حي المناخ
صيدلية د. طارق عبدالعزيز,شارع الميناء، مبنى 109، أمام البنك، حي المناخ، الجنوب، بورسعيد,بورسعيد,الجنوب,حي المناخ
صيدلية الصحة,شارع النصر، مبنى 72، بجوار المسجد، حي غرب بورسعيد، العرب، بورسعيد,بورسعيد,العرب,حي غرب بورسعيد
صيدلية عاطف,شارع الطيران، مبنى 87، بجوار المسجد، حي الضواحي، الغرب، بورسعيد,بورسعيد,الغرب,حي الضواحي
صيدلية الجمهورية,شارع المقاومة، مبنى 78، بجوار المسجد، حي شرق بورسعيد، الزهور، بورسعيد,بورسعيد,الزهور,حي شرق بورسعيد
صيدلية د. مها السيد,شارع الروضة، مبنى 110، بجانب المدرسة، حي الضواحي، الجنوب، بورسعيد,بورسعيد,الجنوب,حي الضواحي
صيدلية سلوى إبراهيم,شارع طلعت حرب، مبنى 68، بجانب المدرسة، حي الجنوب، الضواحي، بورسعيد,بورسعيد,الضواحي,حي الجنوب
صيدلية نهى,شارع البنك، مبنى 19، أمام البنك، حي المناخ، الجنوب، بورسعيد,بورسعيد,الجنوب,حي المناخ
صيدلية النور,شارع المسجد، مبنى 101، عند النفق، حي شرق بورسعيد، الغرب، بورسعيد,بورسعيد,الغرب,حي شرق بورسعيد
صيدلية د. دينا إبراهيم,شارع العروبة، مبنى 117، عند النفق، حي الضواحي، الشرق، بورسعيد,بورسعيد,الشرق,حي الضواحي
صيدلية الأمل,شارع الأزهر، مبنى 20، حي الجنوب، الزهور، بورسعيد,بورسعيد,الزهور,حي الجنوب
صيدلية د. عبدالله عبدالستار,شارع الخزان، مبنى 148، أمام البنك، حي الزهور، بورسعيد، بورسعيد,بورسعيد,بورسعيد,حي الزهور
صيدلية د. أيمن وليد,شارع رمسيس، مبنى 72، بجوار المسجد، حي شرق بورسعيد، الحضارة، بورسعيد,بورسعيد,الحضارة,حي شرق بورسعيد
صيدلية د. فؤاد الفقي,شارع البحر، مبنى 139، عند النفق، حي الضواحي، الغرب، بورسعيد,بورسعيد,الغرب,حي الضواحي
صيدلية إيهاب,شارع الروضة، مبنى 92، حي بور فؤاد، العرب، بورسعيد,بورسعيد,العرب,حي بور فؤاد
صيدلية الجمهورية,شارع السوق، مبنى 135، بعد محطة المترو، حي غرب بورسعيد، الغرب، بورسعيد,بورسعيد,الغرب,حي غرب بورسعيد
صيدلية علي,شارع فيصل، مبنى 105، بعد محطة المترو، حي المناخ، الجنوب، بورسعيد,بورسعيد,الجنوب,حي المناخ
صيدلية د. ناجح سيد,شارع الحرية، مبنى 148، أمام البنك، حي الزهور، المناخ، بورسعيد,بورسعيد,المناخ,حي الزهور
صيدلية رانيا,شارع طلعت حرب، مبنى 134، بعد محطة المترو، حي الزهور، الضواحي، بورسعيد,بورسعيد,الضواحي,حي الزهور
صيدلية الجمهورية,شارع 26 يوليو، مبنى 98، بجانب المدرسة، حي المناخ، بورسعيد، بورسعيد,بورسعيد,بورسعيد,حي المناخ
صيدلية عمر عبدالعزيز,شارع المدرسة، مبنى 48، أمام البنك، حي الجنوب، الحضارة، بورسعيد,بورسعيد,الحضارة,حي الجنوب
صيدلية كمال أشرف,شارع السادات، مبنى 43، بجانب المدرسة، حي غرب بورسعيد، الحضارة، بورسعيد,بورسعيد,الحضارة,حي غرب بورسعيد
صيدلية فؤاد,شارع الهرم، مبنى 51، بجانب المدرسة، حي المناخ، العرب، بورسعيد,بورسعيد,العرب,حي المناخ
صيدلية يوسف,شارع الهرم، مبنى 94، بعد محطة المترو، حي الزهور، الغرب، بورسعيد,بورسعيد,الغرب,حي الزهور
صيدلية د. فؤاد حامد,شارع الخزان، مبنى 53، بجوار المسجد، حي شرق بورسعيد، بور فؤاد، بورسعيد,بورسعيد,بور فؤاد,حي شرق بورسعيد
صيدلية د. جهاد أيمن,شارع العروبة، مبنى 108، بعد محطة المترو، حي الضواحي، المناخ، بورسعيد,بورسعيد,المناخ,حي الضواحي
صيدلية الأمل,شارع عباس العقاد، مبنى 86، بجانب المدرسة، حي الجنوب، الحضارة، بورسعيد,بورسعيد,الحضارة,حي الجنوب
صيدلية د. عادل حامد,شارع الميناء، مبنى 32، أمام البنك، حي الضواحي، الشرق، بورسعيد,بورسعيد,الشرق,حي الضواحي
صيدلية فتحي,شارع الوفاء، مبنى 131، أمام البنك، حي المناخ، الجنوب، بورسعيد,بورسعيد,الجنوب,حي المناخ
صيدلية أماني,شارع الجامعة، مبنى 16، بعد محطة المترو، حي الزهور، بورسعيد، بورسعيد,بورسعيد,بورسعيد,حي الزهور
صيدلية د. خالد عادل,شارع النخيل، مبنى 140، حي شرق بورسعيد، بورسعيد، بورسعيد,بورسعيد,بورسعيد,حي شرق بورسعيد
صيدلية إيناس,شارع الثورة، مبنى 123، بعد محطة المترو، حي شرق بورسعيد، بورسعيد، بورسعيد,بورسعيد,بورسعيد,حي شرق بورسعيد
صيدلية مدحت سيد,شارع بورسعيد، مبنى 27، عند النفق، حي الضواحي، الزهور، بورسعيد,بورسعيد,الزهور,حي الضواحي
صيدلية د. محمود علي,شارع طلعت حرب، مبنى 72، بجانب المدرسة، حي الضواحي، بورسعيد، بورسعيد,بورسعيد,بورسعيد,حي الضواحي
صيدلية د. بهاء سمير,شارع فيصل، مبنى 51، عند النفق، حي شرق بورسعيد، الحضارة، بورسعيد,بورسعيد,الحضارة,حي شرق بورسعيد
صيدلية سيد أنور,شارع فيصل، مبنى 93، حي الجنوب، العرب، بورسعيد,بورسعيد,العرب,حي الجنوب
صيدلية الفردوس,شارع الوحدة، مبنى 65، بجوار المسجد، حي بور فؤاد، الزهور، بورسعيد,بورسعيد,الزهور,حي بور فؤاد
صيدلية ناجح غانم,شارع محمد علي، مبنى 95، أمام البنك، حي بور فؤاد، الغرب، بورسعيد,بورسعيد,الغرب,حي بور فؤاد
صيدلية د. وائل مجدي,شارع الجامعة، مبنى 89، بجوار المسجد، حي بور فؤاد، الجنوب، بورسعيد,بورسعيد,الجنوب,حي بور فؤاد
صيدلية د. فاتن سيد,شارع الهرم، مبنى 103، عند النفق، حي بور فؤاد، العرب، بورسعيد,بورسعيد,العرب,حي بور فؤاد
صيدلية وليد مدحت,شارع عباس العقاد، مبنى 128، حي شرق بورسعيد، الضواحي، بورسعيد,بورسعيد,الضواحي,حي شرق بورسعيد
صيدلية سوسن حسين,شارع الجامعة، مبنى 127، بجانب المدرسة، حي الزهور، بورسعيد، بورسعيد,بورسعيد,بورسعيد,حي الزهور
صيدلية رمضان أنور,شارع الهرم، مبنى 36، بجانب المدرسة، حي الضواحي، بور فؤاد، بورسعيد,بورسعيد,بور فؤاد,حي الضواحي
صيدلية د. إيناس عمر,شارع كورنيش النيل، مبنى 49، حي المناخ، الحضارة، بورسعيد,بورسعيد,الحضارة,حي المناخ
صيدلية يوسف,شارع الأمل، مبنى 43، أمام البنك، حي الزهور، الضواحي، بورسعيد,بورسعيد,الضواحي,حي الزهور
صيدلية نادية,شارع البنك، مبنى 79، بجوار المسجد، حي الجنوب، الشرق، بورسعيد,بورسعيد,الشرق,حي الجنوب
صيدلية د. وليد سمير,شارع المسجد، مبنى 9، أمام البنك، حي الجنوب، الحضارة، بورسعيد,بورسعيد,الحضارة,حي الجنوب
صيدلية العافية,شارع كورنيش النيل، مبنى 138، بجوار المسجد، حي الجنوب، الحضارة، بورسعيد,بورسعيد,الحضارة,حي الجنوب
صيدلية النور,شارع الثورة، مبنى 132، بجوار المسجد، حي الضواحي، الشرق، بورسعيد,بورسعيد,الشرق,حي الضواحي
صيدلية د. أيمن سلامة,شارع الأزهر، مبنى 100، بجانب المدرسة، حي بور فؤاد، الشرق، بورسعيد,بورسعيد,الشرق,حي بور فؤاد
صيدلية حورية هاني,شارع المقاومة، مبنى 78، عند النفق، حي فايد، القنطرة غرب، الإسماعيلية,الإسماعيلية,القنطرة غرب,حي فايد
صيدلية النور,شارع القنال، مبنى 116، أمام البنك، حي فايد، فايد، الإسماعيلية,الإسماعيلية,فايد,حي فايد
صيدلية الصحة,شارع الأمل، مبنى 104، عند النفق، حي الإسماعيلية، القنطرة غرب، الإسماعيلية,الإسماعيلية,القنطرة غرب,حي الإسماعيلية
صيدلية سعاد,شارع السوق، مبنى 108، بجوار المسجد، حي الإسماعيلية، القنطرة غرب، الإسماعيلية,الإسماعيلية,القنطرة غرب,حي الإسماعيلية
صيدلية د. هايدي عزب,شارع الأهرام، مبنى 107، بعد محطة المترو، حي القنطرة، فايد، الإسماعيلية,الإسماعيلية,فايد,حي القنطرة
صيدلية نعمت سلامة,شارع الجمهورية، مبنى 69، حي التل الكبير، أبو صوير، الإسماعيلية,الإسماعيلية,أبو صوير,حي التل الكبير
صيدلية د. إبراهيم عبدالستار,شارع الخليفة، مبنى 72، أمام البنك، حي التل الكبير، التل الكبير، الإسماعيلية,الإسماعيلية,التل الكبير,حي التل الكبير
صيدلية دينا عزب,شارع الوفاء، مبنى 120، أمام البنك، حي التل الكبير، القنطرة شرق، الإسماعيلية,الإسماعيلية,القنطرة شرق,حي التل الكبير
صيدلية سحر,شارع رمسيس، مبنى 8، بجوار المسجد، حي أبو صوير، أبو صوير، الإسماعيلية,الإسماعيلية,أبو صوير,حي أبو صوير
صيدلية د. هدى السيد,شارع مكرم عبيد، مبنى 87، عند النفق، حي التل الكبير، القصاصين، الإسماعيلية,الإسماعيلية,القصاصين,حي التل الكبير
صيدلية غادة سلامة,شارع الاستقلال، مبنى 88، بجانب المدرسة، حي التل الكبير، الإسماعيلية، الإسماعيلية,الإسماعيلية,الإسماعيلية,حي التل الكبير
صيدلية د. سامية حسام,شارع 26 يوليو، مبنى 79، أمام البنك، حي التل الكبير، القنطرة شرق، الإسماعيلية,الإسماعيلية,القنطرة شرق,حي التل الكبير
صيدلية الفردوس,شارع الأمل، مبنى 10، بجوار المسجد، حي القنطرة، أبو صوير، الإسماعيلية,الإسماعيلية,أبو صوير,حي القنطرة
صيدلية د. فتحي إيهاب,شارع الزهراء، مبنى 36، بجوار المسجد، حي أبو صوير، التل الكبير، الإسماعيلية,الإسماعيلية,التل الكبير,حي أبو صوير
صيدلية د. نهى أحمد,شارع الروضة، مبنى 98، أمام البنك، حي الإسماعيلية، القنطرة شرق، الإسماعيلية,الإسماعيلية,القنطرة شرق,حي الإسماعيلية
صيدلية د. حورية حسن,شارع الروضة، مبنى 18، حي فايد، التل الكبير، الإسماعيلية,الإسماعيلية,التل الكبير,حي فايد
صيدلية بهاء,شارع الأقصى، مبنى 141، بعد محطة المترو، حي أبو صوير، القنطرة شرق، الإسماعيلية,الإسماعيلية,القنطرة شرق,حي أبو صوير
صيدلية عبدالعزيز,شارع البنك، مبنى 26، بجانب المدرسة، حي التل الكبير، فايد، الإسماعيلية,الإسماعيلية,فايد,حي التل الكبير
صيدلية د. عبلة عاطف,شارع المقاومة، مبنى 90، بعد محطة المترو، حي الإسماعيلية، القنطرة شرق، الإسماعيلية,الإسماعيلية,القنطرة شرق,حي الإسماعيلية
صيدلية نهى,شارع الأزهر، مبنى 18، بجانب المدرسة، حي الإسماعيلية، الإسماعيلية، الإسماعيلية,الإسماعيلية,الإسماعيلية,حي الإسماعيلية
صيدلية الأمل,شارع الميناء، مبنى 77، بجانب المدرسة، حي التل الكبير، الإسماعيلية، الإسماعيلية,الإسماعيلية,الإسماعيلية,حي التل الكبير
صيدلية العافية,شارع عباس العقاد، مبنى 4، أمام البنك، حي فايد، التل الكبير، الإسماعيلية,الإسماعيلية,التل الكبير,حي فايد
صيدلية وليد أحمد,شارع الخزان، مبنى 121، حي فايد، أبو صوير، الإسماعيلية,الإسماعيلية,أبو صوير,حي فايد
صيدلية الجمهورية,شارع المعز، مبنى 135، بجوار المسجد، حي أبو صوير، فايد، الإسماعيلية,الإسماعيلية,فايد,حي أبو صوير
صيدلية د. طارق حامد,شارع الأمل، مبنى 90، بعد محطة المترو، حي فايد، التل الكبير، الإسماعيلية,الإسماعيلية,التل الكبير,حي فايد
صيدلية د. سحر مجدي,شارع المدرسة، مبنى 81، بعد محطة المترو، حي أبو صوير، القنطرة غرب، الإسماعيلية,الإسماعيلية,القنطرة غرب,حي أبو صوير
صيدلية د. هشام عبدالستار,شارع المدرسة، مبنى 55، بجوار المسجد، حي أبو صوير، القنطرة غرب، الإسماعيلية,الإسماعيلية,القنطرة غرب,حي أبو صوير
صيدلية د. علي صبحي,شارع التحرير، مبنى 77، عند النفق، حي التل الكبير، القصاصين، الإسماعيلية,الإسماعيلية,القصاصين,حي التل الكبير
صيدلية د. عبير رمضان,شارع الجامعة، مبنى 110، عند النفق، حي الإسماعيلية، القنطرة غرب، الإسماعيلية,الإسماعيلية,القنطرة غرب,حي الإسماعيلية
صيدلية عادل,شارع العروبة، مبنى 48، عند النفق، حي التل الكبير، القنطرة غرب، الإسماعيلية,الإسماعيلية,القنطرة غرب,حي التل الكبير
صيدلية د. حورية حسن,شارع السادات، مبنى 51، أمام البنك، حي التل الكبير، فايد، الإسماعيلية,الإسماعيلية,فايد,حي التل الكبير
صيدلية د. حسن عوض,شارع رمسيس، مبنى 115، بجوار المسجد، حي القنطرة، أبو صوير، الإسماعيلية,الإسماعيلية,أبو صوير,حي القنطرة
صيدلية الصحة,شارع الجلاء، مبنى 30، عند النفق، حي التل الكبير، القنطرة غرب، الإسماعيلية,الإسماعيلية,القنطرة غرب,حي التل الكبير
صيدلية د. هايدي عوض,شارع عباس العقاد، مبنى 143، بعد محطة المترو، حي القنطرة، أبو صوير، الإسماعيلية,الإسماعيلية,أبو صوير,حي القنطرة
صيدلية د. وفاء سلامة,شارع الروضة، مبنى 150، عند النفق، حي التل الكبير، التل الكبير، الإسماعيلية,الإسماعيلية,التل الكبير,حي التل الكبير
صيدلية ضياء,شارع الميناء، مبنى 46، بجوار المسجد، حي الإسماعيلية، القنطرة غرب، الإسماعيلية,الإسماعيلية,القنطرة غرب,حي الإسماعيلية
صيدلية د. علي فؤاد,شارع الخليفة، مبنى 140، بعد محطة المترو، حي الإسماعيلية، القنطرة غرب، الإسماعيلية,الإسماعيلية,القنطرة غرب,حي الإسماعيلية
صيدلية د. مجدي نبيل,شارع الأهرام، مبنى 1، عند النفق، حي التل الكبير، القنطرة غرب، الإسماعيلية,الإسماعيلية,القنطرة غرب,حي التل الكبير
صيدلية الفردوس,شارع الجلاء، مبنى 129، بجانب المدرسة، حي القنطرة، أبو صوير، الإسماعيلية,الإسماعيلية,أبو صوير,حي القنطرة
صيدلية د. حورية سمير,شارع بورسعيد، مبنى 108، بجانب المدرسة، حي القنطرة، أبو صوير، الإسماعيلية,الإسماعيلية,أبو صوير,حي القنطرة
صيدلية د. هايدي حسين,شارع 26 يوليو، مبنى 140، أمام البنك، حي فايد، أبو صوير، الإسماعيلية,الإسماعيلية,أبو صوير,حي فايد
صيدلية سمير جلال,شارع القنال، مبنى 2، عند النفق، حي التل الكبير، القنطرة غرب، الإسماعيلية,الإسماعيلية,القنطرة غرب,حي التل الكبير
صيدلية لواء مدحت,شارع الأقصى، مبنى 29، عند النفق، حي القنطرة، القنطرة غرب، الإسماعيلية,الإسماعيلية,القنطرة غرب,حي القنطرة
صيدلية الأمل,شارع الأمل، مبنى 45، حي فايد، الإسماعيلية، الإسماعيلية,الإسماعيلية,الإسماعيلية,حي فايد
صيدلية د. سعيد وحيد,شارع رمسيس، مبنى 48، بجانب المدرسة، حي أبو صوير، أبو صوير، الإسماعيلية,الإسماعيلية,أبو صوير,حي أبو صوير
صيدلية د. صبحي أنور,شارع الروضة، مبنى 125، حي القنطرة، فايد، الإسماعيلية,الإسماعيلية,فايد,حي القنطرة
صيدلية ليلى الفقي,شارع المسجد، مبنى 108، بعد محطة المترو، حي التل الكبير، التل الكبير، الإسماعيلية,الإسماعيلية,التل الكبير,حي التل الكبير
صيدلية د. وفاء فؤاد,شارع التحرير، مبنى 141، بجانب المدرسة، حي أبو صوير، القنطرة غرب، الإسماعيلية,الإسماعيلية,القنطرة غرب,حي أبو صوير
صيدلية د. محمد سيد,شارع المقاومة، مبنى 106، حي القنطرة، القنطرة شرق، الإسماعيلية,الإسماعيلية,القنطرة شرق,حي القنطرة
صيدلية جلال مصطفى,شارع العروبة، مبنى 69، بعد محطة المترو، حي القنطرة، الإسماعيلية، الإسماعيلية,الإسماعيلية,الإسماعيلية,حي القنطرة
صيدلية محمود نبيل,شارع المعز، مبنى 129، بعد محطة المترو، حي القنطرة، القنطرة غرب، الإسماعيلية,الإسماعيلية,القنطرة غرب,حي القنطرة
صيدلية رانيا حسام,شارع فيصل، مبنى 79، عند النفق، حي أبو صوير، القنطرة غرب، الإسماعيلية,الإسماعيلية,القنطرة غرب,حي أبو صوير
صيدلية د. أماني صبحي,شارع الروضة، مبنى 29، عند النفق، حي القنطرة، الإسماعيلية، الإسماعيلية,الإسماعيلية,الإسماعيلية,حي القنطرة
صيدلية الأمل,شارع الحرية، مبنى 72، بعد محطة المترو، حي أبو صوير، فايد، الإسماعيلية,الإسماعيلية,فايد,حي أبو صوير
صيدلية د. مجدي منسي,شارع النخيل، مبنى 21، بجانب المدرسة، حي أبو صوير، التل الكبير، الإسماعيلية,الإسماعيلية,التل الكبير,حي أبو صوير
صيدلية د. عزة وائل,شارع الميناء، مبنى 56، بجانب المدرسة، حي فايد، القنطرة غرب، الإسماعيلية,الإسماعيلية,القنطرة غرب,حي فايد
صيدلية الجمهورية,شارع العروبة، مبنى 30، بجانب المدرسة، حي القنطرة، التل الكبير، الإسماعيلية,الإسماعيلية,التل الكبير,حي القنطرة
صيدلية د. فؤاد عبدالعزيز,شارع بورسعيد، مبنى 102، بجوار المسجد، حي فايد، القنطرة شرق، الإسماعيلية,الإسماعيلية,القنطرة شرق,حي فايد
صيدلية نادية,شارع النخيل، مبنى 24، عند النفق، حي الإسماعيلية، القنطرة شرق، الإسماعيلية,الإسماعيلية,القنطرة شرق,حي الإسماعيلية
صيدلية خالد,شارع الثورة، مبنى 49، بجوار المسجد، حي أبو صوير، القصاصين، الإسماعيلية,الإسماعيلية,القصاصين,حي أبو صوير
صيدلية حسن,شارع الأهرام، مبنى 37، عند النفق، حي أبو صوير، فايد، الإسماعيلية,الإسماعيلية,فايد,حي أبو صوير
صيدلية أمل حسين,شارع الثورة، مبنى 110، أمام البنك، حي القنطرة، الإسماعيلية، الإسماعيلية,الإسماعيلية,الإسماعيلية,حي القنطرة
صيدلية د. جهاد مدحت,شارع الخليفة، مبنى 57، حي القنطرة، القصاصين، الإسماعيلية,الإسماعيلية,القصاصين,حي القنطرة
صيدلية د. حورية حسين,شارع الخزان، مبنى 116، بجانب المدرسة، حي فايد، الإسماعيلية، الإسماعيلية,الإسماعيلية,الإسماعيلية,حي فايد
صيدلية د. رائد رمضان,شارع الجلاء، مبنى 29، حي فايد، القنطرة غرب، الإسماعيلية,الإسماعيلية,القنطرة غرب,حي فايد
صيدلية د. سمير حامد,شارع الميناء، مبنى 122، بعد محطة المترو، حي القنطرة، الإسماعيلية، الإسماعيلية,الإسماعيلية,الإسماعيلية,حي القنطرة
صيدلية د. مجدي عزب,شارع الوفاء، مبنى 127، بجانب المدرسة، حي القنطرة، القنطرة غرب، الإسماعيلية,الإسماعيلية,القنطرة غرب,حي القنطرة
صيدلية العافية,شارع المحطة، مبنى 106، حي فايد، القنطرة شرق، الإسماعيلية,الإسماعيلية,القنطرة شرق,حي فايد
صيدلية د. هدى كمال,شارع الجامعة، مبنى 5، أمام البنك، حي فايد، القنطرة شرق، الإسماعيلية,الإسماعيلية,القنطرة شرق,حي فايد
صيدلية علي السيد,شارع رمسيس، مبنى 63، عند النفق، حي الإسماعيلية، التل الكبير، الإسماعيلية,الإسماعيلية,التل الكبير,حي الإسماعيلية
صيدلية الجمهورية,شارع الأمل، مبنى 148، عند النفق، حي التل الكبير، أبو صوير، الإسماعيلية,الإسماعيلية,أبو صوير,حي التل الكبير
صيدلية د. عبير فathy,شارع كورنيش النيل، مبنى 116، بجوار المسجد، حي القنطرة، فايد، الإسماعيلية,الإسماعيلية,فايد,حي القنطرة
صيدلية حورية,شارع النخيل، مبنى 33، عند النفق، حي فايد، فايد، الإسماعيلية,الإسماعيلية,فايد,حي فايد
صيدلية عادل سلامة,شارع البنك، مبنى 88، بجانب المدرسة، حي أبو صوير، التل الكبير، الإسماعيلية,الإسماعيلية,التل الكبير,حي أبو صوير
صيدلية ناجح منسي,شارع رمسيس، مبنى 67، عند النفق، حي أبو صوير، الإسماعيلية، الإسماعيلية,الإسماعيلية,الإسماعيلية,حي أبو صوير
صيدلية حسن عطية,شارع الاستقلال، مبنى 83، أمام البنك، حي التل الكبير، القنطرة شرق، الإسماعيلية,الإسماعيلية,القنطرة شرق,حي التل الكبير
صيدلية وفاء,شارع التحرير، مبنى 17، أمام البنك، حي فايد، القنطرة غرب، الإسماعيلية,الإسماعيلية,القنطرة غرب,حي فايد
صيدلية د. إيمان أحمد,شارع التحرير، مبنى 26، أمام البنك، حي الإسماعيلية، القنطرة شرق، الإسماعيلية,الإسماعيلية,القنطرة شرق,حي الإسماعيلية
صيدلية د. فاتن الشيخ,شارع المقاومة، مبنى 141، حي أبو صوير، القصاصين، الإسماعيلية,الإسماعيلية,القصاصين,حي أبو صوير
صيدلية د. حسام رمضان,شارع السوق، مبنى 30، بجوار المسجد، حي الإسماعيلية، القصاصين، الإسماعيلية,الإسماعيلية,القصاصين,حي الإسماعيلية
صيدلية د. نبيل شريف,شارع الخزان، مبنى 102، بجانب المدرسة، حي الإسماعيلية، القصاصين، الإسماعيلية,الإسماعيلية,القصاصين,حي الإسماعيلية
صيدلية نادية,شارع التحرير، مبنى 68، عند النفق، حي القنطرة، التل الكبير، الإسماعيلية,الإسماعيلية,التل الكبير,حي القنطرة
صيدلية د. فتحي عوض,شارع مكرم عبيد، مبنى 55، حي القنطرة، التل الكبير، الإسماعيلية,الإسماعيلية,التل الكبير,حي القنطرة
صيدلية د. منال السيد,شارع محمد علي، مبنى 110، حي فايد، فايد، الإسماعيلية,الإسماعيلية,فايد,حي فايد
صيدلية د. حورية عبدالله,شارع الروضة، مبنى 122، عند النفق، حي القنطرة، الإسماعيلية، الإسماعيلية,الإسماعيلية,الإسماعيلية,حي القنطرة
صيدلية عبدالرحمن غانم,شارع الأمل، مبنى 101، أمام البنك، حي القنطرة، الإسماعيلية، الإسماعيلية,الإسماعيلية,الإسماعيلية,حي القنطرة
صيدلية د. سحر غانم,شارع طلعت حرب، مبنى 45، أمام البنك، حي القنطرة، القنطرة شرق، الإسماعيلية,الإسماعيلية,القنطرة شرق,حي القنطرة
صيدلية أمل,شارع الهرم، مبنى 36، أمام البنك، حي الإسماعيلية، القصاصين، الإسماعيلية,الإسماعيلية,القصاصين,حي الإسماعيلية
صيدلية محمود السيد,شارع التحرير، مبنى 66، عند النفق، حي التل الكبير، أبو صوير، الإسماعيلية,الإسماعيلية,أبو صوير,حي التل الكبير
صيدلية وائل عاطف,شارع الوفاء، مبنى 21، بجانب المدرسة، حي الإسماعيلية، القنطرة غرب، الإسماعيلية,الإسماعيلية,القنطرة غرب,حي الإسماعيلية
صيدلية لواء,شارع الهرم، مبنى 32، عند النفق، حي التل الكبير، الإسماعيلية، الإسماعيلية,الإسماعيلية,الإسماعيلية,حي التل الكبير
صيدلية د. عبدالرحمن سمير,شارع الجلاء، مبنى 120، بجانب المدرسة، حي فايد، أبو صوير، الإسماعيلية,الإسماعيلية,أبو صوير,حي فايد
صيدلية الصحة,شارع الوحدة، مبنى 26، بجانب المدرسة، حي فايد، القصاصين، الإسماعيلية,الإسماعيلية,القصاصين,حي فايد
صيدلية د. إيناس هشام,شارع الميناء، مبنى 84، بجوار المسجد، حي أبو صوير، القصاصين، الإسماعيلية,الإسماعيلية,القصاصين,حي أبو صوير
صيدلية د. ليلى حسين,شارع التحرير، مبنى 12، بجانب المدرسة، حي الإسماعيلية، الإسماعيلية، الإسماعيلية,الإسماعيلية,الإسماعيلية,حي الإسماعيلية
صيدلية د. خالد شريف,شارع كورنيش النيل، مبنى 62، عند النفق، حي أبو صوير، القنطرة شرق، الإسماعيلية,الإسماعيلية,القنطرة شرق,حي أبو صوير
صيدلية د. أنور حسن,شارع الخليفة، مبنى 116، أمام البنك، حي التل الكبير، القنطرة غرب، الإسماعيلية,الإسماعيلية,القنطرة غرب,حي التل الكبير
صيدلية د. فؤاد وليد,شارع التحرير، مبنى 33، عند النفق، حي القنطرة، القصاصين، الإسماعيلية,الإسماعيلية,القصاصين,حي القنطرة
صيدلية الصحة,شارع العشرين، مبنى 72، بجوار المسجد، حي التل الكبير، أبو صوير، الإسماعيلية,الإسماعيلية,أبو صوير,حي التل الكبير
صيدلية د. حسام طارق,شارع الجلاء، مبنى 68، أمام البنك، حي فايد، القنطرة غرب، الإسماعيلية,الإسماعيلية,القنطرة غرب,حي فايد
صيدلية د. صبحي عبدالعزيز,شارع التحرير، مبنى 41، بجوار المسجد، حي أبو صوير، القنطرة غرب، الإسماعيلية,الإسماعيلية,القنطرة غرب,حي أبو صوير
صيدلية هايدي وليد,شارع العشرين، مبنى 9، بجوار المسجد، حي فايد، القصاصين، الإسماعيلية,الإسماعيلية,القصاصين,حي فايد
صيدلية د. وفاء حامد,شارع رمسيس، مبنى 150، بجوار المسجد، حي القنطرة، الإسماعيلية، الإسماعيلية,الإسماعيلية,الإسماعيلية,حي القنطرة
صيدلية د. منير صبحي,شارع النخيل، مبنى 15، حي فايد، الإسماعيلية، الإسماعيلية,الإسماعيلية,الإسماعيلية,حي فايد
صيدلية أحمد,شارع الميناء، مبنى 72، بجانب المدرسة، حي أبو صوير، القنطرة غرب، الإسماعيلية,الإسماعيلية,القنطرة غرب,حي أبو صوير
صيدلية د. فتحي كمال,شارع محمد علي، مبنى 116، بجانب المدرسة، حي التل الكبير، فايد، الإسماعيلية,الإسماعيلية,فايد,حي التل الكبير
صيدلية الجمهورية,شارع العروبة، مبنى 96، عند النفق، حي الإسماعيلية، أبو صوير، الإسماعيلية,الإسماعيلية,أبو صوير,حي الإسماعيلية
صيدلية د. عمرو منسي,شارع المعز، مبنى 41، بجوار المسجد، حي فايد، أبو صوير، الإسماعيلية,الإسماعيلية,أبو صوير,حي فايد
صيدلية النور,شارع الوفاء، مبنى 86، بجوار المسجد، حي فايد، القصاصين، الإسماعيلية,الإسماعيلية,القصاصين,حي فايد
صيدلية أشرف هشام,شارع مكرم عبيد، مبنى 116، بجانب المدرسة، حي التل الكبير، التل الكبير، الإسماعيلية,الإسماعيلية,التل الكبير,حي التل الكبير
صيدلية جهاد سلامة,شارع الحرية، مبنى 23، أمام البنك، حي فايد، القنطرة شرق، الإسماعيلية,الإسماعيلية,القنطرة شرق,حي فايد
صيدلية الفردوس,شارع العشرين، مبنى 15، حي فايد، فايد، الإسماعيلية,الإسماعيلية,فايد,حي فايد
صيدلية العافية,شارع العشرين، مبنى 96، بعد محطة المترو، حي الإسماعيلية، القصاصين، الإسماعيلية,الإسماعيلية,القصاصين,حي الإسماعيلية
صيدلية د. عاطف فؤاد,شارع العشرين، مبنى 51، بعد محطة المترو، حي التل الكبير، القنطرة شرق، الإسماعيلية,الإسماعيلية,القنطرة شرق,حي التل الكبير
صيدلية الفردوس,شارع فلسطين، مبنى 30، بجوار المسجد، حي فايد، فايد، الإسماعيلية,الإسماعيلية,فايد,حي فايد
صيدلية د. محمد حسين,شارع رمسيس، مبنى 78، أمام البنك، حي التل الكبير، فايد، الإسماعيلية,الإسماعيلية,فايد,حي التل الكبير
صيدلية الفردوس,شارع طلعت حرب، مبنى 98، بجانب المدرسة، حي فايد، القصاصين، الإسماعيلية,الإسماعيلية,القصاصين,حي فايد
صيدلية د. عبلة عمرو,شارع فيصل، مبنى 72، بجوار المسجد، حي فايد، أبو صوير، الإسماعيلية,الإسماعيلية,أبو صوير,حي فايد
صيدلية د. سيد حسام,شارع مكرم عبيد، مبنى 16، بعد محطة المترو، حي القنطرة، فايد، الإسماعيلية,الإسماعيلية,فايد,حي القنطرة
صيدلية د. عاطف أيمن,شارع السادات، مبنى 62، بجانب المدرسة، حي القنطرة، القنطرة شرق، الإسماعيلية,الإسماعيلية,القنطرة شرق,حي القنطرة
صيدلية د. عمر مجدي,شارع مكرم عبيد، مبنى 61، بجوار المسجد، حي الإسماعيلية، القنطرة شرق، الإسماعيلية,الإسماعيلية,القنطرة شرق,حي الإسماعيلية
صيدلية سمير عوض,شارع طلعت حرب، مبنى 1، بجانب المدرسة، حي التل الكبير، الإسماعيلية، الإسماعيلية,الإسماعيلية,الإسماعيلية,حي التل الكبير
صيدلية د. نادية حجازي,شارع المدرسة، مبنى 46، بجانب المدرسة، حي التل الكبير، القنطرة شرق، الإسماعيلية,الإسماعيلية,القنطرة شرق,حي التل الكبير
صيدلية عزة أيمن,شارع السوق، مبنى 94، بجوار المسجد، حي أبو صوير، الإسماعيلية، الإسماعيلية,الإسماعيلية,الإسماعيلية,حي أبو صوير
صيدلية الفردوس,شارع الأمل، مبنى 47، بجوار المسجد، حي عتاقة، السويس، السويس,السويس,السويس,حي عتاقة
صيدلية خالد,شارع الروضة، مبنى 45، أمام البنك، حي الجناين، فيصل، السويس,السويس,فيصل,حي الجناين
صيدلية رانيا محمد,شارع الجمهورية، مبنى 81، عند النفق، حي السويس، الصليبة، السويس,السويس,الصليبة,حي السويس
صيدلية د. نهى وليد,شارع الوحدة، مبنى 33، بجوار المسجد، حي الجناين، عتاقة، السويس,السويس,عتاقة,حي الجناين
صيدلية د. عادل كمال,شارع السادات، مبنى 7، أمام البنك، حي فيصل، الصليبة، السويس,السويس,الصليبة,حي فيصل
صيدلية د. سمير غانم,شارع الهرم، مبنى 55، أمام البنك، حي الأربعين، الصليبة، السويس,السويس,الصليبة,حي الأربعين
صيدلية فتحي حسونة,شارع الخليفة، مبنى 78، حي السويس، فيصل، السويس,السويس,فيصل,حي السويس
صيدلية د. محمد عمرو,شارع الهرم، مبنى 70، بجانب المدرسة، حي الأربعين، الأربعين، السويس,السويس,الأربعين,حي الأربعين
صيدلية د. عاصم طارق,شارع السوق، مبنى 105، بجوار المسجد، حي عتاقة، السويس، السويس,السويس,السويس,حي عتاقة
صيدلية فاتن,شارع فلسطين، مبنى 87، بجانب المدرسة، حي الجناين، عتاقة، السويس,السويس,عتاقة,حي الجناين
صيدلية الصحة,شارع فيصل، مبنى 76، حي الأربعين، الصليبة، السويس,السويس,الصليبة,حي الأربعين
صيدلية الأمل,شارع الأهرام، مبنى 64، بجانب المدرسة، حي فيصل، الصليبة، السويس,السويس,الصليبة,حي فيصل
صيدلية د. سحر عمرو,شارع العروبة، مبنى 23، بجانب المدرسة، حي الجناين، الجناين، السويس,السويس,الجناين,حي الجناين
صيدلية عاطف,شارع الأمل، مبنى 110، أمام البنك، حي عتاقة، السويس، السويس,السويس,السويس,حي عتاقة
صيدلية مها حسين,شارع الخزان، مبنى 76، بجوار المسجد، حي عتاقة، الصليبة، السويس,السويس,الصليبة,حي عتاقة
صيدلية وليد,شارع مكرم عبيد، مبنى 16، بعد محطة المترو، حي عتاقة، الأربعين، السويس,السويس,الأربعين,حي عتاقة
صيدلية ليلى,شارع المسجد، مبنى 104، عند النفق، حي عتاقة، عتاقة، السويس,السويس,عتاقة,حي عتاقة
صيدلية د. جلال نبيل,شارع النصر، مبنى 16، حي فيصل، فيصل، السويس,السويس,فيصل,حي فيصل
صيدلية د. كمال عمرو,شارع كورنيش النيل، مبنى 100، أمام البنك، حي السويس، الصليبة، السويس,السويس,الصليبة,حي السويس
صيدلية ناجح صبحي,شارع طلعت حرب، مبنى 111، عند النفق، حي الجناين، السويس، السويس,السويس,السويس,حي الجناين
صيدلية د. نهى السيد,شارع الجلاء، مبنى 77، بجوار المسجد، حي السويس، فيصل، السويس,السويس,فيصل,حي السويس
صيدلية الأمل,شارع التحرير، مبنى 19، بجوار المسجد، حي الأربعين، الصليبة، السويس,السويس,الصليبة,حي الأربعين
صيدلية الفردوس,شارع الميناء، مبنى 77، بجوار المسجد، حي الجناين، فيصل، السويس,السويس,فيصل,حي الجناين
صيدلية حورية,شارع الهرم، مبنى 7، بجوار المسجد، حي السويس، الجناين، السويس,السويس,الجناين,حي السويس
صيدلية مدحت حسام,شارع العشرين، مبنى 81، بعد محطة المترو، حي فيصل، الصليبة، السويس,السويس,الصليبة,حي فيصل
صيدلية الصحة,شارع القنال، مبنى 15، أمام البنك، حي الجناين، الجناين، السويس,السويس,الجناين,حي الجناين
صيدلية عزة,شارع الأهرام، مبنى 22، بعد محطة المترو، حي عتاقة، السويس، السويس,السويس,السويس,حي عتاقة
صيدلية علي عزب,شارع الثورة، مبنى 66، بجوار المسجد، حي الجناين، الصليبة، السويس,السويس,الصليبة,حي الجناين
صيدلية حسين الشيخ,شارع القنال، مبنى 26، أمام البنك، حي الجناين، الجناين، السويس,السويس,الجناين,حي الجناين
صيدلية النور,شارع البنك، مبنى 58، بجانب المدرسة، حي الأربعين، عتاقة، السويس,السويس,عتاقة,حي الأربعين
صيدلية د. إيهاب أنور,شارع الروضة، مبنى 83، بجوار المسجد، حي السويس، السويس، السويس,السويس,السويس,حي السويس
صيدلية فريدة أنور,شارع المقاومة، مبنى 50، حي الأربعين، السويس، السويس,السويس,السويس,حي الأربعين
صيدلية حسين هاني,شارع الأقصى، مبنى 32، بجوار المسجد، حي عتاقة، الجناين، السويس,السويس,الجناين,حي عتاقة
صيدلية د. نبيل حسن,شارع الأمل، مبنى 15، حي فيصل، الصليبة، السويس,السويس,الصليبة,حي فيصل
صيدلية د. إيهاب هاني,شارع طلعت حرب، مبنى 50، بعد محطة المترو، حي عتاقة، الأربعين، السويس,السويس,الأربعين,حي عتاقة
صيدلية الفردوس,شارع التحرير، مبنى 4، بجوار المسجد، حي السويس، السويس، السويس,السويس,السويس,حي السويس
صيدلية د. إيمان أحمد,شارع الخليفة، مبنى 104، بعد محطة المترو، حي الأربعين، عتاقة، السويس,السويس,عتاقة,حي الأربعين
صيدلية د. سعيد أشرف,شارع المقاومة، مبنى 12، بعد محطة المترو، حي السويس، السويس، السويس,السويس,السويس,حي السويس
صيدلية د. سعاد طارق,شارع عباس العقاد، مبنى 128، أمام البنك، حي الجناين، الصليبة، السويس,السويس,الصليبة,حي الجناين
صيدلية حسام,شارع المقاومة، مبنى 39، حي عتاقة، فيصل، السويس,السويس,فيصل,حي عتاقة
صيدلية د. أشرف محمد,شارع كورنيش النيل، مبنى 38، بعد محطة المترو، حي الأربعين، الجناين، السويس,السويس,الجناين,حي الأربعين
صيدلية د. محمد أنور,شارع العشرين، مبنى 64، بجوار المسجد، حي عتاقة، الأربعين، السويس,السويس,الأربعين,حي عتاقة
صيدلية رائد فؤاد,شارع الاستقلال، مبنى 49، عند النفق، حي الجناين، فيصل، السويس,السويس,فيصل,حي الجناين
صيدلية النور,شارع الأهرام، مبنى 80، حي السويس، الأربعين، السويس,السويس,الأربعين,حي السويس
صيدلية الفردوس,شارع الخزان، مبنى 63، بعد محطة المترو، حي السويس، الأربعين، السويس,السويس,الأربعين,حي السويس
صيدلية د. أيمن وائل,شارع 26 يوليو، مبنى 79، عند النفق، حي الأربعين، السويس، السويس,السويس,السويس,حي الأربعين
صيدلية عمر,شارع طلعت حرب، مبنى 97، حي الجناين، عتاقة، السويس,السويس,عتاقة,حي الجناين
صيدلية طارق,شارع المعز، مبنى 9، بجوار المسجد، حي عتاقة، عتاقة، السويس,السويس,عتاقة,حي عتاقة
صيدلية بهاء,شارع الميناء، مبنى 24، بجانب المدرسة، حي عتاقة، فيصل، السويس,السويس,فيصل,حي عتاقة
صيدلية د. غادة الشيخ,شارع عباس العقاد، مبنى 123، عند النفق، حي الجناين، الجناين، السويس,السويس,الجناين,حي الجناين
صيدلية د. بهاء محمد,شارع بورسعيد، مبنى 63، حي فيصل، الصليبة، السويس,السويس,الصليبة,حي فيصل
صيدلية الصحة,شارع فيصل، مبنى 113، بعد محطة المترو، حي فيصل، عتاقة، السويس,السويس,عتاقة,حي فيصل
صيدلية مدحت عمرو,شارع كورنيش النيل، مبنى 66، بعد محطة المترو، حي الجناين، فيصل، السويس,السويس,فيصل,حي الجناين
صيدلية أنور,شارع المقاومة، مبنى 82، بجانب المدرسة، حي عتاقة، عتاقة، السويس,السويس,عتاقة,حي عتاقة
صيدلية د. عادل عبدالجواد,شارع الجامعة، مبنى 145، بجوار المسجد، حي الجناين، فيصل، السويس,السويس,فيصل,حي الجناين
صيدلية عاصم,شارع الخزان، مبنى 120، عند النفق، حي عتاقة، الجناين، السويس,السويس,الجناين,حي عتاقة
صيدلية أحمد,شارع الخليفة، مبنى 87، عند النفق، حي الجناين، السويس، السويس,السويس,السويس,حي الجناين
صيدلية هايدي عبدالستار,شارع الجمهورية، مبنى 70، أمام البنك، حي عتاقة، فيصل، السويس,السويس,فيصل,حي عتاقة
صيدلية أماني,شارع الميناء، مبنى 94، بعد محطة المترو، حي فيصل، عتاقة، السويس,السويس,عتاقة,حي فيصل
صيدلية خالد,شارع التحرير، مبنى 45، بجوار المسجد، حي الأربعين، السويس، السويس,السويس,السويس,حي الأربعين
صيدلية فتحي مدحت,شارع الأقصى، مبنى 7، بعد محطة المترو، حي الأربعين، الأربعين، السويس,السويس,الأربعين,حي الأربعين
صيدلية د. سمير حسين,شارع طلعت حرب، مبنى 94، بعد محطة المترو، حي فيصل، الأربعين، السويس,السويس,الأربعين,حي فيصل
صيدلية فاتن عبدالرحمن,شارع المعز، مبنى 108، حي فيصل، الصليبة، السويس,السويس,الصليبة,حي فيصل
صيدلية د. عبلة عبدالستار,شارع العشرين، مبنى 11، عند النفق، حي السويس، فيصل، السويس,السويس,فيصل,حي السويس
صيدلية عبلة إيهاب,شارع النخيل، مبنى 98، عند النفق، حي السويس، الجناين، السويس,السويس,الجناين,حي السويس
صيدلية د. عاصم شريف,شارع الأزهر، مبنى 84، أمام البنك، حي السويس، فيصل، السويس,السويس,فيصل,حي السويس
صيدلية د. أيمن شريف,شارع الطيران، مبنى 116، بجانب المدرسة، حي الجناين، الجناين، السويس,السويس,الجناين,حي الجناين
صيدلية د. سلوى عبدالجواد,شارع السادات، مبنى 54، بجانب المدرسة، حي الأربعين، الجناين، السويس,السويس,الجناين,حي الأربعين
صيدلية عبدالعزيز,شارع المحطة، مبنى 14، أمام البنك، حي الجناين، الأربعين، السويس,السويس,الأربعين,حي الجناين
صيدلية د. عاصم مجدي,شارع التحرير، مبنى 89، أمام البنك، حي فيصل، الأربعين، السويس,السويس,الأربعين,حي فيصل
صيدلية الأمل,شارع الطيران، مبنى 2، حي فيصل، فيصل، السويس,السويس,فيصل,حي فيصل
صيدلية إيناس مجدي,شارع طلعت حرب، مبنى 127، أمام البنك، حي فيصل، الأربعين، السويس,السويس,الأربعين,حي فيصل
صيدلية د. حسن أيمن,شارع التحرير، مبنى 44، عند النفق، حي السويس، فيصل، السويس,السويس,فيصل,حي السويس
صيدلية د. سعاد جلال,شارع محمد علي، مبنى 118، بعد محطة المترو، حي عتاقة، عتاقة، السويس,السويس,عتاقة,حي عتاقة
صيدلية عمر حسونة,شارع العروبة، مبنى 85، عند النفق، حي الجناين، الصليبة، السويس,السويس,الصليبة,حي الجناين
صيدلية د. عادل عبدالرحمن,شارع الميناء، مبنى 119، بعد محطة المترو، حي الجناين، الجناين، السويس,السويس,الجناين,حي الجناين
صيدلية د. وليد حسين,شارع السوق، مبنى 41، أمام البنك، حي عتاقة، السويس، السويس,السويس,السويس,حي عتاقة
صيدلية د. رمضان عبدالرحمن,شارع رمسيس، مبنى 34، أمام البنك، حي السويس، عتاقة، السويس,السويس,عتاقة,حي السويس
صيدلية د. حسن عمرو,شارع فلسطين، مبنى 49، عند النفق، حي فيصل، الأربعين، السويس,السويس,الأربعين,حي فيصل
صيدلية أمل,شارع التحرير، مبنى 94، عند النفق، حي السويس، فيصل، السويس,السويس,فيصل,حي السويس
صيدلية فاتن رمضان,شارع القنال، مبنى 31، بجوار المسجد، حي الأربعين، الأربعين، السويس,السويس,الأربعين,حي الأربعين
صيدلية أشرف جلال,شارع الأهرام، مبنى 55، عند النفق، حي السويس، الأربعين، السويس,السويس,الأربعين,حي السويس
صيدلية د. عادل سيد,شارع عباس العقاد، مبنى 137، بجانب المدرسة، حي السويس، فيصل، السويس,السويس,فيصل,حي السويس
صيدلية فاتن عمرو,شارع المسجد، مبنى 144، بعد محطة المترو، حي عتاقة، السويس، السويس,السويس,السويس,حي عتاقة
صيدلية د. وليد حسونة,شارع النصر، مبنى 9، بعد محطة المترو، حي السويس، السويس، السويس,السويس,السويس,حي السويس
صيدلية د. محمود شريف,شارع الحرية، مبنى 50، بجوار المسجد، حي الجناين، عتاقة، السويس,السويس,عتاقة,حي الجناين
صيدلية الأمل,شارع الوحدة، مبنى 92، بجانب المدرسة، حي السويس، عتاقة، السويس,السويس,عتاقة,حي السويس
صيدلية د. نبيل عبدالعزيز,شارع المدرسة، مبنى 147، بعد محطة المترو، حي عتاقة، فيصل، السويس,السويس,فيصل,حي عتاقة
صيدلية د. حسن علي,شارع الخليفة، مبنى 148، حي الجناين، عتاقة، السويس,السويس,عتاقة,حي الجناين
صيدلية غادة,شارع فلسطين، مبنى 80، بعد محطة المترو، حي الجناين، الأربعين، السويس,السويس,الأربعين,حي الجناين
صيدلية الفردوس,شارع الخليفة، مبنى 71، أمام البنك، حي عتاقة، الجناين، السويس,السويس,الجناين,حي عتاقة
صيدلية مدحت,شارع الحرية، مبنى 83، أمام البنك، حي السويس، السويس، السويس,السويس,السويس,حي السويس
صيدلية فتحي,شارع فيصل، مبنى 147، أمام البنك، حي عتاقة، الأربعين، السويس,السويس,الأربعين,حي عتاقة
صيدلية د. سمير فؤاد,شارع الأمل، مبنى 92، أمام البنك، حي أبشواي، يوسف الصديق، الفيوم,الفيوم,يوسف الصديق,حي أبشواي
صيدلية د. طارق حسام,شارع الميناء، مبنى 120، بجانب المدرسة، حي أبشواي، مدينة الفيوم، الفيوم,الفيوم,مدينة الفيوم,حي أبشواي
صيدلية الجمهورية,شارع المدرسة، مبنى 14، بعد محطة المترو، حي طامية، أبشواي، الفيوم,الفيوم,أبشواي,حي طامية
صيدلية إيناس فؤاد,شارع الطيران، مبنى 113، عند النفق، حي أبشواي، سنورس، الفيوم,الفيوم,سنورس,حي أبشواي
صيدلية العافية,شارع الجلاء، مبنى 87، بجانب المدرسة، حي أبشواي، إطسا، الفيوم,الفيوم,إطسا,حي أبشواي
صيدلية عمر عبدالرحمن,شارع الميناء، مبنى 104، بجوار المسجد، حي الفيوم، الفيوم، الفيوم,الفيوم,الفيوم,حي الفيوم
صيدلية د. جهاد وحيد,شارع العشرين، مبنى 124، بعد محطة المترو، حي سنورس، إطسا، الفيوم,الفيوم,إطسا,حي سنورس
صيدلية د. محمود حسونة,شارع الوفاء، مبنى 7، بجوار المسجد، حي إطسا، طامية، الفيوم,الفيوم,طامية,حي إطسا
صيدلية سمير,شارع المدرسة، مبنى 129، حي أبشواي، الفيوم، الفيوم,الفيوم,الفيوم,حي أبشواي
صيدلية د. بهاء عوض,شارع العشرين، مبنى 87، أمام البنك، حي طامية، طامية، الفيوم,الفيوم,طامية,حي طامية
صيدلية د. إيمان وائل,شارع البنك، مبنى 79، بجانب المدرسة، حي الفيوم، مدينة الفيوم، الفيوم,الفيوم,مدينة الفيوم,حي الفيوم
صيدلية نهى,شارع السادات، مبنى 45، عند النفق، حي الفيوم، مدينة الفيوم، الفيوم,الفيوم,مدينة الفيوم,حي الفيوم
صيدلية خالد,شارع الخليفة، مبنى 3، بعد محطة المترو، حي سنورس، أبشواي، الفيوم,الفيوم,أبشواي,حي سنورس
صيدلية د. خالد منسي,شارع عباس العقاد، مبنى 29، حي الفيوم، يوسف الصديق، الفيوم,الفيوم,يوسف الصديق,حي الفيوم
صيدلية د. رانيا أنور,شارع الأزهر، مبنى 107، بجانب المدرسة، حي أبشواي، أبشواي، الفيوم,الفيوم,أبشواي,حي أبشواي
صيدلية عاطف سمير,شارع بورسعيد، مبنى 84، عند النفق، حي إطسا، يوسف الصديق، الفيوم,الفيوم,يوسف الصديق,حي إطسا
صيدلية د. مدحت هاني,شارع الثورة، مبنى 108، بجانب المدرسة، حي أبشواي، مدينة الفيوم، الفيوم,الفيوم,مدينة الفيوم,حي أبشواي
صيدلية سحر,شارع الجامعة، مبنى 51، حي طامية، مدينة الفيوم، الفيوم,الفيوم,مدينة الفيوم,حي طامية
صيدلية الجمهورية,شارع كورنيش النيل، مبنى 105، بجانب المدرسة، حي الفيوم، سنورس، الفيوم,الفيوم,سنورس,حي الفيوم
صيدلية د. نعمت وائل,شارع المدرسة، مبنى 103، بجوار المسجد، حي الفيوم، سنورس، الفيوم,الفيوم,سنورس,حي الفيوم
صيدلية د. ناجح أشرف,شارع المعز، مبنى 65، بجوار المسجد، حي طامية، سنورس، الفيوم,الفيوم,سنورس,حي طامية
صيدلية علي محمد,شارع النصر، مبنى 93، بجانب المدرسة، حي أبشواي، سنورس، الفيوم,الفيوم,سنورس,حي أبشواي
صيدلية خالد,شارع الوفاء، مبنى 59، بعد محطة المترو، حي أبشواي، أبشواي، الفيوم,الفيوم,أبشواي,حي أبشواي
صيدلية نهى وليد,شارع الأمل، مبنى 48، بجانب المدرسة، حي طامية، سنورس، الفيوم,الفيوم,سنورس,حي طامية
صيدلية فريدة,شارع الهرم، مبنى 114، بعد محطة المترو، حي الفيوم، الفيوم، الفيوم,الفيوم,الفيوم,حي الفيوم
صيدلية الأمل,شارع المدرسة، مبنى 135، عند النفق، حي الفيوم، الفيوم، الفيوم,الفيوم,الفيوم,حي الفيوم
صيدلية د. إيهاب عبدالرحمن,شارع الخليفة، مبنى 93، حي إطسا، مدينة الفيوم، الفيوم,الفيوم,مدينة الفيوم,حي إطسا
صيدلية الجمهورية,شارع الأهرام، مبنى 114، بجوار المسجد، حي سنورس، أبشواي، الفيوم,الفيوم,أبشواي,حي سنورس
صيدلية الفردوس,شارع العشرين، مبنى 128، عند النفق، حي أبشواي، مدينة الفيوم، الفيوم,الفيوم,مدينة الفيوم,حي أبشواي
صيدلية رائد الفقي,شارع فيصل، مبنى 89، عند النفق، حي الفيوم، الفيوم، الفيوم,الفيوم,الفيوم,حي الفيوم
صيدلية وائل,شارع النخيل، مبنى 146، بجوار المسجد، حي أبشواي، يوسف الصديق، الفيوم,الفيوم,يوسف الصديق,حي أبشواي
صيدلية وفاء,شارع الوحدة، مبنى 148، أمام البنك، حي طامية، إطسا، الفيوم,الفيوم,إطسا,حي طامية
صيدلية بهاء عبدالله,شارع مكرم عبيد، مبنى 48، بجوار المسجد، حي الفيوم، إطسا، الفيوم,الفيوم,إطسا,حي الفيوم
صيدلية عاصم وائل,شارع السوق، مبنى 37، حي أبشواي، سنورس، الفيوم,الفيوم,سنورس,حي أبشواي
صيدلية نادية فؤاد,شارع الهرم، مبنى 38، عند النفق، حي أبشواي، يوسف الصديق، الفيوم,الفيوم,يوسف الصديق,حي أبشواي
صيدلية د. منال حسونة,شارع الوفاء، مبنى 91، حي الفيوم، طامية، الفيوم,الفيوم,طامية,حي الفيوم
صيدلية د. غادة عادل,شارع طلعت حرب، مبنى 96، بجوار المسجد، حي أبشواي، طامية، الفيوم,الفيوم,طامية,حي أبشواي
صيدلية د. أشرف مدحت,شارع الخليفة، مبنى 46، بجوار المسجد، حي أبشواي، سنورس، الفيوم,الفيوم,سنورس,حي أبشواي
صيدلية أيمن أشرف,شارع الثورة، مبنى 96، بجانب المدرسة، حي إطسا، مدينة الفيوم، الفيوم,الفيوم,مدينة الفيوم,حي إطسا
صيدلية عبلة الشيخ,شارع الحرية، مبنى 38، بجوار المسجد، حي أبشواي، أبشواي، الفيوم,الفيوم,أبشواي,حي أبشواي
صيدلية محمود شريف,شارع الجمهورية، مبنى 77، عند النفق، حي سنورس، مدينة الفيوم، الفيوم,الفيوم,مدينة الفيوم,حي سنورس
صيدلية د. سوسن حسن,شارع الميناء، مبنى 42، عند النفق، حي سنورس، مدينة الفيوم، الفيوم,الفيوم,مدينة الفيوم,حي سنورس
صيدلية سلوى عبدالله,شارع الوحدة، مبنى 24، أمام البنك، حي الفيوم، إطسا، الفيوم,الفيوم,إطسا,حي الفيوم
صيدلية عبلة,شارع محمد علي، مبنى 90، أمام البنك، حي الفيوم، الفيوم، الفيوم,الفيوم,الفيوم,حي الفيوم
صيدلية د. عبير حسونة,شارع النخيل، مبنى 148، بجوار المسجد، حي الفيوم، أبشواي، الفيوم,الفيوم,أبشواي,حي الفيوم
صيدلية د. نهى فؤاد,شارع الاستقلال، مبنى 54، بجانب المدرسة، حي سنورس، يوسف الصديق، الفيوم,الفيوم,يوسف الصديق,حي سنورس
صيدلية الفردوس,شارع المدرسة، مبنى 16، أمام البنك، حي الفيوم، إطسا، الفيوم,الفيوم,إطسا,حي الفيوم
صيدلية عبدالرحمن محمد,شارع النخيل، مبنى 60، بعد محطة المترو، حي سنورس، يوسف الصديق، الفيوم,الفيوم,يوسف الصديق,حي سنورس
صيدلية النور,شارع الروضة، مبنى 42، حي أبشواي، طامية، الفيوم,الفيوم,طامية,حي أبشواي
صيدلية رائد,شارع عباس العقاد، مبنى 68، بجوار المسجد، حي سنورس، مدينة الفيوم، الفيوم,الفيوم,مدينة الفيوم,حي سنورس
صيدلية سعيد فathy,شارع البحر، مبنى 79، بجوار المسجد، حي أبشواي، إطسا، الفيوم,الفيوم,إطسا,حي أبشواي
صيدلية عبدالله فؤاد,شارع الميناء، مبنى 130، بعد محطة المترو، حي سنورس، أبشواي، الفيوم,الفيوم,أبشواي,حي سنورس
صيدلية الصحة,شارع البنك، مبنى 77، بجوار المسجد، حي سنورس، سنورس، الفيوم,الفيوم,سنورس,حي سنورس
صيدلية الجمهورية,شارع الوحدة، مبنى 79، بجانب المدرسة، حي إطسا، الفيوم، الفيوم,الفيوم,الفيوم,حي إطسا
صيدلية أشرف,شارع الأقصى، مبنى 49، عند النفق، حي سنورس، طامية، الفيوم,الفيوم,طامية,حي سنورس
صيدلية د. سوسن عبدالستار,شارع النصر، مبنى 139، بجوار المسجد، حي الفيوم، سنورس، الفيوم,الفيوم,سنورس,حي الفيوم
صيدلية د. سلوى إيهاب,شارع طلعت حرب، مبنى 7، بجانب المدرسة، حي أبشواي، طامية، الفيوم,الفيوم,طامية,حي أبشواي
صيدلية د. عبدالعزيز وائل,شارع الأهرام، مبنى 142، حي طامية، طامية، الفيوم,الفيوم,طامية,حي طامية
صيدلية د. إبراهيم فathy,شارع المقاومة، مبنى 102، بعد محطة المترو، حي أبشواي، سنورس، الفيوم,الفيوم,سنورس,حي أبشواي
صيدلية د. خالد حسن,شارع البحر، مبنى 21، بعد محطة المترو، حي سنورس، إطسا، الفيوم,الفيوم,إطسا,حي سنورس
صيدلية جهاد,شارع السادات، مبنى 43، حي سنورس، يوسف الصديق، الفيوم,الفيوم,يوسف الصديق,حي سنورس
صيدلية د. عمرو صبحي,شارع مكرم عبيد، مبنى 67، حي أبشواي، الفيوم، الفيوم,الفيوم,الفيوم,حي أبشواي
صيدلية د. ضياء علي,شارع الهرم، مبنى 86، أمام البنك، حي سنورس، طامية، الفيوم,الفيوم,طامية,حي سنورس
صيدلية رائد جلال,شارع المسجد، مبنى 36، أمام البنك، حي إطسا، مدينة الفيوم، الفيوم,الفيوم,مدينة الفيوم,حي إطسا
صيدلية سامية جلال,شارع السادات، مبنى 14، حي الفيوم، الفيوم، الفيوم,الفيوم,الفيوم,حي الفيوم
صيدلية د. حسام هاني,شارع الزهراء، مبنى 9، بجوار المسجد، حي طامية، أبشواي، الفيوم,الفيوم,أبشواي,حي طامية
صيدلية د. منير نبيل,شارع الاستقلال، مبنى 38، حي إطسا، سنورس، الفيوم,الفيوم,سنورس,حي إطسا
صيدلية رائد,شارع طلعت حرب، مبنى 33، بجوار المسجد، حي الفيوم، طامية، الفيوم,الفيوم,طامية,حي الفيوم
صيدلية د. محمود سمير,شارع الجلاء، مبنى 7، أمام البنك، حي إطسا، مدينة الفيوم، الفيوم,الفيوم,مدينة الفيوم,حي إطسا
صيدلية د. هايدي حسين,شارع الأمل، مبنى 117، بجوار المسجد، حي إطسا، إطسا، الفيوم,الفيوم,إطسا,حي إطسا
صيدلية النور,شارع الاستقلال، مبنى 85، بجانب المدرسة، حي سنورس، طامية، الفيوم,الفيوم,طامية,حي سنورس
صيدلية شريف أيمن,شارع الخزان، مبنى 23، بجوار المسجد، حي الفيوم، مدينة الفيوم، الفيوم,الفيوم,مدينة الفيوم,حي الفيوم
صيدلية فؤاد شريف,شارع السادات، مبنى 33، بجوار المسجد، حي الفيوم، مدينة الفيوم، الفيوم,الفيوم,مدينة الفيوم,حي الفيوم
صيدلية عبلة أنور,شارع عباس العقاد، مبنى 142، أمام البنك، حي أبشواي، أبشواي، الفيوم,الفيوم,أبشواي,حي أبشواي
صيدلية أيمن إيهاب,شارع الحرية، مبنى 140، بعد محطة المترو، حي طامية، إطسا، الفيوم,الفيوم,إطسا,حي طامية
صيدلية د. جلال السيد,شارع الحرية، مبنى 100، عند النفق، حي سنورس، أبشواي، الفيوم,الفيوم,أبشواي,حي سنورس
صيدلية د. هدى وحيد,شارع فلسطين، مبنى 112، بجوار المسجد، حي أبشواي، يوسف الصديق، الفيوم,الفيوم,يوسف الصديق,حي أبشواي
صيدلية د. هدى إبراهيم,شارع الثورة، مبنى 97، بجانب المدرسة، حي سنورس، يوسف الصديق، الفيوم,الفيوم,يوسف الصديق,حي سنورس
صيدلية أحمد,شارع السادات، مبنى 124، أمام البنك، حي طامية، طامية، الفيوم,الفيوم,طامية,حي طامية
صيدلية د. منير محمد,شارع الخليفة، مبنى 113، بعد محطة المترو، حي طامية، أبشواي، الفيوم,الفيوم,أبشواي,حي طامية
صيدلية د. عبدالعزيز أيمن,شارع العروبة، مبنى 101، عند النفق، حي سنورس، مدينة الفيوم، الفيوم,الفيوم,مدينة الفيوم,حي سنورس
صيدلية النور,شارع السوق، مبنى 131، بجوار المسجد، حي سنورس، إطسا، الفيوم,الفيوم,إطسا,حي سنورس
صيدلية د. كمال عاطف,شارع طلعت حرب، مبنى 21، بعد محطة المترو، حي سنورس، يوسف الصديق، الفيوم,الفيوم,يوسف الصديق,حي سنورس
صيدلية د. منال هشام,شارع محمد علي، مبنى 53، بعد محطة المترو، حي سنورس، طامية، الفيوم,الفيوم,طامية,حي سنورس
صيدلية الصحة,شارع القنال، مبنى 133، بجانب المدرسة، حي إطسا، إطسا، الفيوم,الفيوم,إطسا,حي إطسا
صيدلية شريف,شارع النصر، مبنى 124، حي سنورس، سنورس، الفيوم,الفيوم,سنورس,حي سنورس
صيدلية د. مجدي أشرف,شارع السادات، مبنى 62، بعد محطة المترو، حي إطسا، طامية، الفيوم,الفيوم,طامية,حي إطسا
صيدلية د. سيد السيد,شارع المقاومة، مبنى 73، بجوار المسجد، حي إطسا، الفيوم، الفيوم,الفيوم,الفيوم,حي إطسا
صيدلية علي عزب,شارع الخليفة، مبنى 141، أمام البنك، حي الفيوم، مدينة الفيوم، الفيوم,الفيوم,مدينة الفيوم,حي الفيوم
صيدلية كمال,شارع الخزان، مبنى 83، بعد محطة المترو، حي أبشواي، أبشواي، الفيوم,الفيوم,أبشواي,حي أبشواي
صيدلية د. خالد وحيد,شارع العشرين، مبنى 83، بعد محطة المترو، حي سنورس، أبشواي، الفيوم,الفيوم,أبشواي,حي سنورس
صيدلية ليلى وليد,شارع الروضة، مبنى 36، عند النفق، حي إطسا، سنورس، الفيوم,الفيوم,سنورس,حي إطسا
صيدلية د. منال محمد,شارع الهرم، مبنى 54، بعد محطة المترو، حي إطسا، طامية، الفيوم,الفيوم,طامية,حي إطسا
صيدلية رانيا نبيل,شارع 26 يوليو، مبنى 132، حي الفيوم، يوسف الصديق، الفيوم,الفيوم,يوسف الصديق,حي الفيوم
صيدلية د. فريدة حامد,شارع كورنيش النيل، مبنى 150، أمام البنك، حي سنورس، إطسا، الفيوم,الفيوم,إطسا,حي سنورس
صيدلية د. وحيد حجازي,شارع الأمل، مبنى 119، بعد محطة المترو، حي سنورس، إطسا، الفيوم,الفيوم,إطسا,حي سنورس
صيدلية الأمل,شارع مكرم عبيد، مبنى 25، عند النفق، حي سنورس، مدينة الفيوم، الفيوم,الفيوم,مدينة الفيوم,حي سنورس
صيدلية د. ضياء ضياء,شارع كورنيش النيل، مبنى 120، بجوار المسجد، حي الفيوم، أبشواي، الفيوم,الفيوم,أبشواي,حي الفيوم
صيدلية طارق كمال,شارع 26 يوليو، مبنى 8، أمام البنك، حي سنورس، يوسف الصديق، الفيوم,الفيوم,يوسف الصديق,حي سنورس
صيدلية د. نعمت فؤاد,شارع كورنيش النيل، مبنى 11، أمام البنك، حي أبشواي، طامية، الفيوم,الفيوم,طامية,حي أبشواي
صيدلية رائد,شارع الجامعة، مبنى 100، بعد محطة المترو، حي الفيوم، مدينة الفيوم، الفيوم,الفيوم,مدينة الفيوم,حي الفيوم
صيدلية عبدالعزيز,شارع المعز، مبنى 62، بعد محطة المترو، حي أبشواي، أبشواي، الفيوم,الفيوم,أبشواي,حي أبشواي
صيدلية الفردوس,شارع فلسطين، مبنى 86، عند النفق، حي الفيوم، الفيوم، الفيوم,الفيوم,الفيوم,حي الفيوم
صيدلية د. فاتن عمرو,شارع الأقصى، مبنى 91، أمام البنك، حي طامية، أبشواي، الفيوم,الفيوم,أبشواي,حي طامية
صيدلية جهاد أحمد,شارع المسجد، مبنى 31، حي سنورس، إطسا، الفيوم,الفيوم,إطسا,حي سنورس
صيدلية د. أيمن طارق,شارع البحر، مبنى 70، بجوار المسجد، حي طامية، يوسف الصديق، الفيوم,الفيوم,يوسف الصديق,حي طامية
صيدلية ليلى,شارع فلسطين، مبنى 86، بجوار المسجد، حي إطسا، طامية، الفيوم,الفيوم,طامية,حي إطسا
صيدلية د. أحمد هاني,شارع المدرسة، مبنى 39، بجوار المسجد، حي إطسا، مدينة الفيوم، الفيوم,الفيوم,مدينة الفيوم,حي إطسا
صيدلية الصحة,شارع الجمهورية، مبنى 71، بجانب المدرسة، حي أبشواي، يوسف الصديق، الفيوم,الفيوم,يوسف الصديق,حي أبشواي
صيدلية د. شريف شريف,شارع الميناء، مبنى 91، بجوار المسجد، حي أبشواي، الفيوم، الفيوم,الفيوم,الفيوم,حي أبشواي
صيدلية د. ضياء صبحي,شارع مكرم عبيد، مبنى 130، حي أبشواي، الفيوم، الفيوم,الفيوم,الفيوم,حي أبشواي
صيدلية حسام مصطفى,شارع المقاومة، مبنى 11، بجوار المسجد، حي الفيوم، الفيوم، الفيوم,الفيوم,الفيوم,حي الفيوم
صيدلية د. فريدة يوسف,شارع الزهراء، مبنى 35، عند النفق، حي إطسا، أبشواي، الفيوم,الفيوم,أبشواي,حي إطسا
صيدلية د. سلوى محمود,شارع التحرير، مبنى 48، حي سنورس، الفيوم، الفيوم,الفيوم,الفيوم,حي سنورس
صيدلية فؤاد فؤاد,شارع الخليفة، مبنى 38، بجوار المسجد، حي طامية، إطسا، الفيوم,الفيوم,إطسا,حي طامية
صيدلية الصحة,شارع المحطة، مبنى 5، بجانب المدرسة، حي أبشواي، الفيوم، الفيوم,الفيوم,الفيوم,حي أبشواي
صيدلية د. مجدي عوض,شارع البحر، مبنى 87، بعد محطة المترو، حي الفيوم، أبشواي، الفيوم,الفيوم,أبشواي,حي الفيوم
صيدلية د. مدحت الشيخ,شارع الثورة، مبنى 30، أمام البنك، حي سنورس، أبشواي، الفيوم,الفيوم,أبشواي,حي سنورس
صيدلية كمال وحيد,شارع الجامعة، مبنى 1، بعد محطة المترو، حي سنورس، سنورس، الفيوم,الفيوم,سنورس,حي سنورس
صيدلية د. حسام شريف,شارع الوحدة، مبنى 109، بجوار المسجد، حي طامية، أبشواي، الفيوم,الفيوم,أبشواي,حي طامية
صيدلية عبدالله سيد,شارع السوق، مبنى 60، حي طامية، أبشواي، الفيوم,الفيوم,أبشواي,حي طامية
صيدلية د. عبير طارق,شارع الجمهورية، مبنى 70، بعد محطة المترو، حي إطسا، مدينة الفيوم، الفيوم,الفيوم,مدينة الفيوم,حي إطسا
صيدلية حسن عبدالله,شارع البنك، مبنى 86، عند النفق، حي إطسا، سنورس، الفيوم,الفيوم,سنورس,حي إطسا
صيدلية منال,شارع العروبة، مبنى 47، حي إطسا، يوسف الصديق، الفيوم,الفيوم,يوسف الصديق,حي إطسا
صيدلية الأمل,شارع الحرية، مبنى 32، بجانب المدرسة، حي إطسا، الفيوم، الفيوم,الفيوم,الفيوم,حي إطسا
صيدلية د. أمل عبدالعزيز,شارع التحرير، مبنى 62، حي إطسا، مدينة الفيوم، الفيوم,الفيوم,مدينة الفيوم,حي إطسا
صيدلية د. وليد رمضان,شارع القنال، مبنى 119، عند النفق، حي سنورس، مدينة الفيوم، الفيوم,الفيوم,مدينة الفيوم,حي سنورس
صيدلية د. عبير إبراهيم,شارع المقاومة، مبنى 137، عند النفق، حي الفيوم، الفيوم، الفيوم,الفيوم,الفيوم,حي الفيوم
صيدلية عاصم,شارع المحطة، مبنى 62، أمام البنك، حي أبشواي، أبشواي، الفيوم,الفيوم,أبشواي,حي أبشواي
صيدلية د. سعيد الشيخ,شارع بورسعيد، مبنى 26، عند النفق، حي أبشواي، مدينة الفيوم، الفيوم,الفيوم,مدينة الفيوم,حي أبشواي
صيدلية الأمل,شارع الجمهورية، مبنى 82، بعد محطة المترو، حي طامية، أبشواي، الفيوم,الفيوم,أبشواي,حي طامية
صيدلية د. عبدالله أنور,شارع الجلاء، مبنى 13، حي طامية، أبشواي، الفيوم,الفيوم,أبشواي,حي طامية
صيدلية الجمهورية,شارع الوحدة، مبنى 135، أمام البنك، حي الفيوم، مدينة الفيوم، الفيوم,الفيوم,مدينة الفيوم,حي الفيوم
صيدلية د. حورية صبحي,شارع الميناء، مبنى 111، بجوار المسجد، حي إطسا، يوسف الصديق، الفيوم,الفيوم,يوسف الصديق,حي إطسا
صيدلية وحيد حسين,شارع الميناء، مبنى 39، حي سنورس، الفيوم، الفيوم,الفيوم,الفيوم,حي سنورس
صيدلية د. بهاء عمرو,شارع الاستقلال، مبنى 28، بجوار المسجد، حي أبشواي، الفيوم، الفيوم,الفيوم,الفيوم,حي أبشواي
صيدلية منال,شارع الأقصى، مبنى 1، بجانب المدرسة، حي أبشواي، أبشواي، الفيوم,الفيوم,أبشواي,حي أبشواي
صيدلية د. حورية كمال,شارع المقاومة، مبنى 52، بجوار المسجد، حي إطسا، إطسا، الفيوم,الفيوم,إطسا,حي إطسا
صيدلية العافية,شارع العشرين، مبنى 57، بجوار المسجد، حي الواسطى، سمسطا، بني سويف,بني سويف,سمسطا,حي الواسطى
صيدلية د. هدى عبدالجواد,شارع الوفاء، مبنى 6، أمام البنك، حي الواسطى، الواسطى، بني سويف,بني سويف,الواسطى,حي الواسطى
صيدلية فاتن,شارع الأزهر، مبنى 4، حي ببا، مدينة بني سويف، بني سويف,بني سويف,مدينة بني سويف,حي ببا
صيدلية بهاء صبحي,شارع البنك، مبنى 90، حي إهناسيا، الفشن، بني سويف,بني سويف,الفشن,حي إهناسيا
صيدلية إيهاب,شارع البنك، مبنى 7، حي الواسطى، القرين، بني سويف,بني سويف,القرين,حي الواسطى
صيدلية عاصم,شارع النخيل، مبنى 112، بجانب المدرسة، حي ببا، إهناسيا، بني سويف,بني سويف,إهناسيا,حي ببا
صيدلية الأمل,شارع كورنيش النيل، مبنى 103، عند النفق، حي ناصر، بني سويف، بني سويف,بني سويف,بني سويف,حي ناصر
صيدلية د. وائل إيهاب,شارع القنال، مبنى 11، بجوار المسجد، حي الواسطى، سمسطا، بني سويف,بني سويف,سمسطا,حي الواسطى
صيدلية الفردوس,شارع النخيل، مبنى 19، بجوار المسجد، حي إهناسيا، الواسطى، بني سويف,بني سويف,الواسطى,حي إهناسيا
صيدلية د. عبدالرحمن إبراهيم,شارع الطيران، مبنى 70، أمام البنك، حي إهناسيا، سمسطا، بني سويف,بني سويف,سمسطا,حي إهناسيا
صيدلية عزة,شارع البحر، مبنى 134، عند النفق، حي ناصر، إهناسيا، بني سويف,بني سويف,إهناسيا,حي ناصر
صيدلية د. جلال وليد,شارع فيصل، مبنى 63، أمام البنك، حي إهناسيا، القرين، بني سويف,بني سويف,القرين,حي إهناسيا
صيدلية عزة,شارع طلعت حرب، مبنى 16، أمام البنك، حي ببا، ناصر، بني سويف,بني سويف,ناصر,حي ببا
صيدلية أنور حسين,شارع فيصل، مبنى 84، عند النفق، حي ببا، الفشن، بني سويف,بني سويف,الفشن,حي ببا
صيدلية د. عبدالرحمن يوسف,شارع الخزان، مبنى 46، بجانب المدرسة، حي ناصر، سمسطا، بني سويف,بني سويف,سمسطا,حي ناصر
صيدلية د. وفاء رمضان,شارع عباس العقاد، مبنى 131، بجوار المسجد، حي بني سويف، ناصر، بني سويف,بني سويف,ناصر,حي بني سويف
صيدلية د. خالد خالد,شارع الهرم، مبنى 88، بعد محطة المترو، حي إهناسيا، الفشن، بني سويف,بني سويف,الفشن,حي إهناسيا
صيدلية د. عبدالرحمن وحيد,شارع الجلاء، مبنى 114، بجانب المدرسة، حي الفشن، الواسطى، بني سويف,بني سويف,الواسطى,حي الفشن
صيدلية العافية,شارع بورسعيد، مبنى 113، بجوار المسجد، حي بني سويف، سمسطا، بني سويف,بني سويف,سمسطا,حي بني سويف
صيدلية رمضان خالد,شارع الحرية، مبنى 102، أمام البنك، حي الواسطى، إهناسيا، بني سويف,بني سويف,إهناسيا,حي الواسطى
صيدلية النور,شارع العشرين، مبنى 132، بعد محطة المترو، حي الفشن، القرين، بني سويف,بني سويف,القرين,حي الفشن
صيدلية هاني حسين,شارع السادات، مبنى 83، بجوار المسجد، حي ناصر، الفشن، بني سويف,بني سويف,الفشن,حي ناصر
صيدلية منال,شارع السوق، مبنى 92، بعد محطة المترو، حي الفشن، ببا، بني سويف,بني سويف,ببا,حي الفشن
صيدلية د. أشرف مجدي,شارع الأمل، مبنى 75، بعد محطة المترو، حي بني سويف، القرين، بني سويف,بني سويف,القرين,حي بني سويف
صيدلية الصحة,شارع التحرير، مبنى 56، عند النفق، حي ناصر، القرين، بني سويف,بني سويف,القرين,حي ناصر
صيدلية د. إيهاب حسن,شارع النصر، مبنى 91، عند النفق، حي ببا، ناصر، بني سويف,بني سويف,ناصر,حي ببا
صيدلية د. عاطف نبيل,شارع العشرين، مبنى 11، حي بني سويف، إهناسيا، بني سويف,بني سويف,إهناسيا,حي بني سويف
صيدلية العافية,شارع فلسطين، مبنى 139، أمام البنك، حي بني سويف، بني سويف، بني سويف,بني سويف,بني سويف,حي بني سويف
صيدلية أنور,شارع النخيل، مبنى 80، عند النفق، حي الفشن، بني سويف، بني سويف,بني سويف,بني سويف,حي الفشن
صيدلية مدحت,شارع النصر، مبنى 22، حي إهناسيا، سمسطا، بني سويف,بني سويف,سمسطا,حي إهناسيا
صيدلية د. عمرو إبراهيم,شارع الخليفة، مبنى 131، بجوار المسجد، حي بني سويف، ناصر، بني سويف,بني سويف,ناصر,حي بني سويف
صيدلية د. سامية صبحي,شارع العروبة، مبنى 27، بعد محطة المترو، حي ناصر، الفشن، بني سويف,بني سويف,الفشن,حي ناصر
صيدلية هاني,شارع الخليفة، مبنى 29، بجانب المدرسة، حي بني سويف، مدينة بني سويف، بني سويف,بني سويف,مدينة بني سويف,حي بني سويف
صيدلية د. ليلى سيد,شارع الأقصى، مبنى 143، بجانب المدرسة، حي الفشن، الفشن، بني سويف,بني سويف,الفشن,حي الفشن
صيدلية منال وائل,شارع الوحدة، مبنى 124، بجوار المسجد، حي الفشن، بني سويف، بني سويف,بني سويف,بني سويف,حي الفشن
صيدلية د. وفاء أنور,شارع 26 يوليو، مبنى 32، حي بني سويف، الفشن، بني سويف,بني سويف,الفشن,حي بني سويف
صيدلية صبحي,شارع النصر، مبنى 76، بعد محطة المترو، حي ناصر، ناصر، بني سويف,بني سويف,ناصر,حي ناصر
صيدلية هاني,شارع رمسيس، مبنى 134، حي بني سويف، القرين، بني سويف,بني سويف,القرين,حي بني سويف
صيدلية د. يوسف حسن,شارع الزهراء، مبنى 20، حي الفشن، ناصر، بني سويف,بني سويف,ناصر,حي الفشن
صيدلية د. أماني حامد,شارع النصر، مبنى 47، بجانب المدرسة، حي ببا، الفشن، بني سويف,بني سويف,الفشن,حي ببا
صيدلية النور,شارع بورسعيد، مبنى 99، بعد محطة المترو، حي ناصر، ناصر، بني سويف,بني سويف,ناصر,حي ناصر
صيدلية نبيل ضياء,شارع الزهراء، مبنى 32، بجوار المسجد، حي ناصر، مدينة بني سويف، بني سويف,بني سويف,مدينة بني سويف,حي ناصر
صيدلية د. صبحي ضياء,شارع الوحدة، مبنى 90، عند النفق، حي بني سويف، مدينة بني سويف، بني سويف,بني سويف,مدينة بني سويف,حي بني سويف
صيدلية عبير نبيل,شارع الأمل، مبنى 64، عند النفق، حي الواسطى، الواسطى، بني سويف,بني سويف,الواسطى,حي الواسطى
صيدلية د. ناجح سلامة,شارع الميناء، مبنى 146، بجانب المدرسة، حي ناصر، ناصر، بني سويف,بني سويف,ناصر,حي ناصر
صيدلية د. منال إيهاب,شارع الميناء، مبنى 62، بعد محطة المترو، حي بني سويف، سمسطا، بني سويف,بني سويف,سمسطا,حي بني سويف
صيدلية الفردوس,شارع المعز، مبنى 29، عند النفق، حي إهناسيا، مدينة بني سويف، بني سويف,بني سويف,مدينة بني سويف,حي إهناسيا
صيدلية أيمن حجازي,شارع الجلاء، مبنى 98، بعد محطة المترو، حي الواسطى، بني سويف، بني سويف,بني سويف,بني سويف,حي الواسطى
صيدلية عمرو عادل,شارع المعز، مبنى 41، حي الواسطى، إهناسيا، بني سويف,بني سويف,إهناسيا,حي الواسطى
صيدلية سعيد,شارع النصر، مبنى 85، حي إهناسيا، إهناسيا، بني سويف,بني سويف,إهناسيا,حي إهناسيا
صيدلية يوسف,شارع المسجد، مبنى 143، عند النفق، حي الفشن، إهناسيا، بني سويف,بني سويف,إهناسيا,حي الفشن
صيدلية نادية حسام,شارع الجمهورية، مبنى 4، عند النفق، حي الواسطى، ناصر، بني سويف,بني سويف,ناصر,حي الواسطى
صيدلية رائد,شارع الجمهورية، مبنى 130، بجانب المدرسة، حي ناصر، إهناسيا، بني سويف,بني سويف,إهناسيا,حي ناصر
صيدلية د. عادل غانم,شارع الزهراء، مبنى 50، بجانب المدرسة، حي إهناسيا، إهناسيا، بني سويف,بني سويف,إهناسيا,حي إهناسيا
صيدلية د. كمال هشام,شارع الجلاء، مبنى 117، حي الواسطى، سمسطا، بني سويف,بني سويف,سمسطا,حي الواسطى
صيدلية الفردوس,شارع كورنيش النيل، مبنى 41، حي ناصر، مدينة بني سويف، بني سويف,بني سويف,مدينة بني سويف,حي ناصر
صيدلية د. أيمن سيد,شارع العروبة، مبنى 106، بجوار المسجد، حي بني سويف، ببا، بني سويف,بني سويف,ببا,حي بني سويف
صيدلية وائل,شارع الوفاء، مبنى 9، بجانب المدرسة، حي بني سويف، بني سويف، بني سويف,بني سويف,بني سويف,حي بني سويف
صيدلية ضياء,شارع بورسعيد، مبنى 48، بعد محطة المترو، حي الواسطى، الواسطى، بني سويف,بني سويف,الواسطى,حي الواسطى
صيدلية أيمن مجدي,شارع الروضة، مبنى 4، بجوار المسجد، حي ببا، الفشن، بني سويف,بني سويف,الفشن,حي ببا
صيدلية د. رمضان عاطف,شارع السوق، مبنى 95، بعد محطة المترو، حي ببا، إهناسيا، بني سويف,بني سويف,إهناسيا,حي ببا
صيدلية شريف السيد,شارع رمسيس، مبنى 7، أمام البنك، حي ناصر، إهناسيا، بني سويف,بني سويف,إهناسيا,حي ناصر
صيدلية د. غادة عادل,شارع الميناء، مبنى 16، بعد محطة المترو، حي إهناسيا، بني سويف، بني سويف,بني سويف,بني سويف,حي إهناسيا
صيدلية عبير حجازي,شارع الجمهورية، مبنى 30، أمام البنك، حي بني سويف، القرين، بني سويف,بني سويف,القرين,حي بني سويف
صيدلية د. حورية هاني,شارع بورسعيد، مبنى 103، حي الواسطى، ببا، بني سويف,بني سويف,ببا,حي الواسطى
صيدلية د. فاتن حسونة,شارع الهرم، مبنى 56، عند النفق، حي الفشن، ناصر، بني سويف,بني سويف,ناصر,حي الفشن
صيدلية سلوى غانم,شارع البنك، مبنى 85، أمام البنك، حي إهناسيا، مدينة بني سويف، بني سويف,بني سويف,مدينة بني سويف,حي إهناسيا
صيدلية مجدي الفقي,شارع الميناء، مبنى 102، بجوار المسجد، حي بني سويف، مدينة بني سويف، بني سويف,بني سويف,مدينة بني سويف,حي بني سويف
صيدلية أيمن,شارع المحطة، مبنى 124، حي ببا، القرين، بني سويف,بني سويف,القرين,حي ببا
صيدلية دينا حسين,شارع رمسيس، مبنى 145، أمام البنك، حي الفشن، سمسطا، بني سويف,بني سويف,سمسطا,حي الفشن
صيدلية النور,شارع الميناء، مبنى 73، بجوار المسجد، حي الواسطى، القرين، بني سويف,بني سويف,القرين,حي الواسطى
صيدلية الفردوس,شارع الثورة، مبنى 69، أمام البنك، حي بني سويف، الفشن، بني سويف,بني سويف,الفشن,حي بني سويف
صيدلية مها سلامة,شارع الميناء، مبنى 121، حي الفشن، بني سويف، بني سويف,بني سويف,بني سويف,حي الفشن
صيدلية د. وائل غانم,شارع 26 يوليو، مبنى 95، أمام البنك، حي ببا، إهناسيا، بني سويف,بني سويف,إهناسيا,حي ببا
صيدلية يوسف,شارع محمد علي، مبنى 142، حي ناصر، إهناسيا، بني سويف,بني سويف,إهناسيا,حي ناصر
صيدلية محمود حسين,شارع الميناء، مبنى 53، حي ناصر، إهناسيا، بني سويف,بني سويف,إهناسيا,حي ناصر
صيدلية د. عبير محمود,شارع الهرم، مبنى 125، بجانب المدرسة، حي الفشن، بني سويف، بني سويف,بني سويف,بني سويف,حي الفشن
صيدلية الصحة,شارع الأمل، مبنى 13، بعد محطة المترو، حي إهناسيا، الفشن، بني سويف,بني سويف,الفشن,حي إهناسيا
صيدلية الفردوس,شارع البنك، مبنى 146، بجانب المدرسة، حي ناصر، القرين، بني سويف,بني سويف,القرين,حي ناصر
صيدلية عزة كمال,شارع محمد علي، مبنى 107، بجانب المدرسة، حي إهناسيا، ناصر، بني سويف,بني سويف,ناصر,حي إهناسيا
صيدلية الصحة,شارع الوفاء، مبنى 18، حي بني سويف، إهناسيا، بني سويف,بني سويف,إهناسيا,حي بني سويف
صيدلية هشام عبدالله,شارع الجلاء، مبنى 42، حي بني سويف، ببا، بني سويف,بني سويف,ببا,حي بني سويف
صيدلية د. رمضان مدحت,شارع الثورة، مبنى 97، بعد محطة المترو، حي ناصر، ببا، بني سويف,بني سويف,ببا,حي ناصر
صيدلية عبدالعزيز عبدالعزيز,شارع رمسيس، مبنى 47، بجانب المدرسة، حي الواسطى، إهناسيا، بني سويف,بني سويف,إهناسيا,حي الواسطى
صيدلية أنور,شارع العشرين، مبنى 56، أمام البنك، حي الفشن، مدينة بني سويف، بني سويف,بني سويف,مدينة بني سويف,حي الفشن
صيدلية د. رائد سيد,شارع الميناء، مبنى 107، بعد محطة المترو، حي الفشن، بني سويف، بني سويف,بني سويف,بني سويف,حي الفشن
صيدلية أيمن,شارع الهرم، مبنى 57، بجانب المدرسة، حي بني سويف، ناصر، بني سويف,بني سويف,ناصر,حي بني سويف
صيدلية عاصم حسين,شارع البنك، مبنى 121، بجوار المسجد، حي بني سويف، بني سويف، بني سويف,بني سويف,بني سويف,حي بني سويف
صيدلية د. حسام حسين,شارع الروضة، مبنى 83، أمام البنك، حي بني سويف، بني سويف، بني سويف,بني سويف,بني سويف,حي بني سويف
صيدلية د. أمل أنور,شارع عباس العقاد، مبنى 150، بجانب المدرسة، حي ببا، ناصر، بني سويف,بني سويف,ناصر,حي ببا
صيدلية فريدة هاني,شارع الميناء، مبنى 133، عند النفق، حي ببا، ببا، بني سويف,بني سويف,ببا,حي ببا
صيدلية عزة,شارع 26 يوليو، مبنى 51، حي بني سويف، ببا، بني سويف,بني سويف,ببا,حي بني سويف
صيدلية د. سيد سلامة,شارع كورنيش النيل، مبنى 20، أمام البنك، حي الفشن، الواسطى، بني سويف,بني سويف,الواسطى,حي الفشن
صيدلية الصحة,شارع الثورة، مبنى 4، عند النفق، حي إهناسيا، سمسطا، بني سويف,بني سويف,سمسطا,حي إهناسيا
صيدلية عبير,شارع محمد علي، مبنى 110، أمام البنك، حي ناصر، سمسطا، بني سويف,بني سويف,سمسطا,حي ناصر
صيدلية الصحة,شارع المدرسة، مبنى 37، حي ببا، الواسطى، بني سويف,بني سويف,الواسطى,حي ببا
صيدلية د. سيد علي,شارع المسجد، مبنى 128، عند النفق، حي إهناسيا، القرين، بني سويف,بني سويف,القرين,حي إهناسيا
صيدلية د. فريدة الشيخ,شارع النخيل، مبنى 136، بجانب المدرسة، حي الفشن، سمسطا، بني سويف,بني سويف,سمسطا,حي الفشن
صيدلية د. هايدي طارق,شارع الأمل، مبنى 115، أمام البنك، حي الواسطى، ببا، بني سويف,بني سويف,ببا,حي الواسطى
صيدلية سعيد عزب,شارع الوحدة، مبنى 141، بعد محطة المترو، حي الفشن، بني سويف، بني سويف,بني سويف,بني سويف,حي الفشن
صيدلية وحيد عاطف,شارع القنال، مبنى 115، بجانب المدرسة، حي إهناسيا، سمسطا، بني سويف,بني سويف,سمسطا,حي إهناسيا
صيدلية أحمد خالد,شارع عباس العقاد، مبنى 20، بجانب المدرسة، حي بني سويف، القرين، بني سويف,بني سويف,القرين,حي بني سويف
صيدلية د. إبراهيم حسام,شارع طلعت حرب، مبنى 8، بجوار المسجد، حي إهناسيا، الواسطى، بني سويف,بني سويف,الواسطى,حي إهناسيا
صيدلية د. حورية وحيد,شارع محمد علي، مبنى 100، بجوار المسجد، حي الفشن، مدينة بني سويف، بني سويف,بني سويف,مدينة بني سويف,حي الفشن
صيدلية سحر,شارع السوق، مبنى 42، حي الواسطى، مدينة بني سويف، بني سويف,بني سويف,مدينة بني سويف,حي الواسطى
صيدلية د. عبدالله الشيخ,شارع الزهراء، مبنى 113، بجوار المسجد، حي ببا، إهناسيا، بني سويف,بني سويف,إهناسيا,حي ببا
صيدلية رانيا,شارع فيصل، مبنى 125، بجوار المسجد، حي إهناسيا، الواسطى، بني سويف,بني سويف,الواسطى,حي إهناسيا
صيدلية الفردوس,شارع الميناء، مبنى 20، عند النفق، حي ناصر، إهناسيا، بني سويف,بني سويف,إهناسيا,حي ناصر
صيدلية الجمهورية,شارع الخزان، مبنى 58، بجوار المسجد، حي الفشن، ناصر، بني سويف,بني سويف,ناصر,حي الفشن
صيدلية لواء,شارع الأمل، مبنى 91، بجانب المدرسة، حي ناصر، الفشن، بني سويف,بني سويف,الفشن,حي ناصر
صيدلية لواء,شارع بورسعيد، مبنى 144، بجانب المدرسة، حي ببا، بني سويف، بني سويف,بني سويف,بني سويف,حي ببا
صيدلية شريف,شارع الروضة، مبنى 148، حي الفشن، القرين، بني سويف,بني سويف,القرين,حي الفشن
صيدلية العافية,شارع رمسيس، مبنى 48، بعد محطة المترو، حي ناصر، مدينة بني سويف، بني سويف,بني سويف,مدينة بني سويف,حي ناصر
صيدلية دينا محمود,شارع فلسطين، مبنى 21، بجانب المدرسة، حي ببا، إهناسيا، بني سويف,بني سويف,إهناسيا,حي ببا
صيدلية النور,شارع رمسيس، مبنى 4، عند النفق، حي الواسطى، الفشن، بني سويف,بني سويف,الفشن,حي الواسطى
صيدلية أحمد إبراهيم,شارع الجمهورية، مبنى 147، أمام البنك، حي الواسطى، سمسطا، بني سويف,بني سويف,سمسطا,حي الواسطى
صيدلية الفردوس,شارع فلسطين، مبنى 115، حي بني سويف، القرين، بني سويف,بني سويف,القرين,حي بني سويف
صيدلية رانيا عطية,شارع كورنيش النيل، مبنى 48، بعد محطة المترو، حي ببا، مدينة بني سويف، بني سويف,بني سويف,مدينة بني سويف,حي ببا
صيدلية فؤاد عمرو,شارع الأمل، مبنى 20، عند النفق، حي الفشن، بني سويف، بني سويف,بني سويف,بني سويف,حي الفشن
صيدلية العافية,شارع الروضة، مبنى 25، حي الفشن، الواسطى، بني سويف,بني سويف,الواسطى,حي الفشن
صيدلية هاني حسين,شارع السوق، مبنى 96، بجانب المدرسة، حي الفشن، إهناسيا، بني سويف,بني سويف,إهناسيا,حي الفشن
صيدلية د. هايدي وليد,شارع طلعت حرب، مبنى 82، بعد محطة المترو، حي الفشن، الواسطى، بني سويف,بني سويف,الواسطى,حي الفشن
صيدلية د. سعيد منسي,شارع النخيل، مبنى 133، حي بني سويف، بني سويف، بني سويف,بني سويف,بني سويف,حي بني سويف
صيدلية سحر إيهاب,شارع الميناء، مبنى 63، بجانب المدرسة، حي ببا، سمسطا، بني سويف,بني سويف,سمسطا,حي ببا
صيدلية د. بهاء رمضان,شارع النخيل، مبنى 64، بعد محطة المترو، حي إهناسيا، بني سويف، بني سويف,بني سويف,بني سويف,حي إهناسيا
صيدلية د. حسام عاطف,شارع النخيل، مبنى 76، بجانب المدرسة، حي إهناسيا، القرين، بني سويف,بني سويف,القرين,حي إهناسيا
صيدلية الجمهورية,شارع السوق، مبنى 47، عند النفق، حي بني سويف، سمسطا، بني سويف,بني سويف,سمسطا,حي بني سويف
صيدلية د. حسين عمرو,شارع 26 يوليو، مبنى 28، حي بني سويف، إهناسيا، بني سويف,بني سويف,إهناسيا,حي بني سويف
صيدلية د. رمضان غانم,شارع الأمل، مبنى 66، حي بني سويف، ببا، بني سويف,بني سويف,ببا,حي بني سويف
صيدلية أنور حسين,شارع رمسيس، مبنى 12، بعد محطة المترو، حي الواسطى، الواسطى، بني سويف,بني سويف,الواسطى,حي الواسطى
صيدلية رائد,شارع عباس العقاد، مبنى 62، عند النفق، حي ناصر، سمسطا، بني سويف,بني سويف,سمسطا,حي ناصر
صيدلية العافية,شارع الوفاء، مبنى 144، حي الفشن، بني سويف، بني سويف,بني سويف,بني سويف,حي الفشن
صيدلية د. خالد الشيخ,شارع الزهراء، مبنى 26، بجانب المدرسة، حي الفشن، إهناسيا، بني سويف,بني سويف,إهناسيا,حي الفشن
صيدلية د. نهى حسام,شارع الوحدة، مبنى 78، بجوار المسجد، حي بني سويف، إهناسيا، بني سويف,بني سويف,إهناسيا,حي بني سويف
صيدلية د. سعيد شريف,شارع بورسعيد، مبنى 138، حي الفشن، بني سويف، بني سويف,بني سويف,بني سويف,حي الفشن
صيدلية د. خالد عادل,شارع الحرية، مبنى 38، بجوار المسجد، حي إهناسيا، سمسطا، بني سويف,بني سويف,سمسطا,حي إهناسيا
صيدلية الصحة,شارع النصر، مبنى 96، بعد محطة المترو، حي الواسطى، الواسطى، بني سويف,بني سويف,الواسطى,حي الواسطى
صيدلية حسين,شارع محمد علي، مبنى 25، أمام البنك، حي ببا، القرين، بني سويف,بني سويف,القرين,حي ببا
صيدلية د. شريف إبراهيم,شارع الطيران، مبنى 32، أمام البنك، حي بني سويف، ناصر، بني سويف,بني سويف,ناصر,حي بني سويف
صيدلية د. عبلة أيمن,شارع المدرسة، مبنى 122، عند النفق، حي الواسطى، سمسطا، بني سويف,بني سويف,سمسطا,حي الواسطى
صيدلية د. إيهاب نبيل,شارع البنك، مبنى 128، حي ببا، مدينة بني سويف، بني سويف,بني سويف,مدينة بني سويف,حي ببا
صيدلية د. يوسف أشرف,شارع الميناء، مبنى 101، أمام البنك، حي الفشن، الواسطى، بني سويف,بني سويف,الواسطى,حي الفشن
صيدلية د. ضياء مصطفى,شارع المعز، مبنى 61، بجوار المسجد، حي الفشن، القرين، بني سويف,بني سويف,القرين,حي الفشن
صيدلية د. أيمن عطية,شارع الجمهورية، مبنى 24، بجوار المسجد، حي الواسطى، الواسطى، بني سويف,بني سويف,الواسطى,حي الواسطى
صيدلية د. لواء محمد,شارع الروضة، مبنى 116، بجوار المسجد، حي الفشن، الواسطى، بني سويف,بني سويف,الواسطى,حي الفشن
صيدلية هشام,شارع الأقصى، مبنى 113، بعد محطة المترو، حي بني سويف، مدينة بني سويف، بني سويف,بني سويف,مدينة بني سويف,حي بني سويف
صيدلية د. هاني مدحت,شارع الطيران، مبنى 49، أمام البنك، حي ناصر، مدينة بني سويف، بني سويف,بني سويف,مدينة بني سويف,حي ناصر
صيدلية د. سلوى رمضان,شارع المدرسة، مبنى 60، عند النفق، حي إهناسيا، إهناسيا، بني سويف,بني سويف,إهناسيا,حي إهناسيا
صيدلية د. سلوى حسن,شارع الحرية، مبنى 21، بعد محطة المترو، حي ببا، ببا، بني سويف,بني سويف,ببا,حي ببا
صيدلية عبدالرحمن,شارع الخليفة، مبنى 6، أمام البنك، حي ببا، القرين، بني سويف,بني سويف,القرين,حي ببا
صيدلية محمود غانم,شارع محمد علي، مبنى 120، أمام البنك، حي سمالوط، بني مزار، المنيا,المنيا,بني مزار,حي سمالوط
صيدلية د. منير الشيخ,شارع البنك، مبنى 74، أمام البنك، حي سمالوط، ملوي، المنيا,المنيا,ملوي,حي سمالوط
صيدلية د. إيمان هشام,شارع العشرين، مبنى 104، بعد محطة المترو، حي أبو قرقاص، بني مزار، المنيا,المنيا,بني مزار,حي أبو قرقاص
صيدلية الأمل,شارع رمسيس، مبنى 90، بجوار المسجد، حي أبو قرقاص، بني مزار، المنيا,المنيا,بني مزار,حي أبو قرقاص
صيدلية د. سحر حامد,شارع الأزهر، مبنى 28، عند النفق، حي المنيا، سمالوط، المنيا,المنيا,سمالوط,حي المنيا
صيدلية الجمهورية,شارع رمسيس، مبنى 97، أمام البنك، حي ملوي، بني مزار، المنيا,المنيا,بني مزار,حي ملوي
صيدلية د. سعاد عبدالعزيز,شارع الجمهورية، مبنى 24، بجانب المدرسة، حي سمالوط، سمالوط، المنيا,المنيا,سمالوط,حي سمالوط
صيدلية الجمهورية,شارع فيصل، مبنى 80، بعد محطة المترو، حي ملوي، مدينة المنيا، المنيا,المنيا,مدينة المنيا,حي ملوي
صيدلية نادية,شارع محمد علي، مبنى 37، بعد محطة المترو، حي المنيا، العدوة، المنيا,المنيا,العدوة,حي المنيا
صيدلية عبلة منسي,شارع رمسيس، مبنى 8، بعد محطة المترو، حي سمالوط، العدوة، المنيا,المنيا,العدوة,حي سمالوط
صيدلية د. عمر أشرف,شارع الطيران، مبنى 59، بعد محطة المترو، حي بني مزار، بني مزار، المنيا,المنيا,بني مزار,حي بني مزار
صيدلية ناجح,شارع النصر، مبنى 124، عند النفق، حي مطاي، بني مزار، المنيا,المنيا,بني مزار,حي مطاي
صيدلية د. كمال أشرف,شارع 26 يوليو، مبنى 15، بعد محطة المترو، حي مطاي، سمالوط، المنيا,المنيا,سمالوط,حي مطاي
صيدلية د. أحمد طارق,شارع البحر، مبنى 12، أمام البنك، حي سمالوط، أبو قرقاص، المنيا,المنيا,أبو قرقاص,حي سمالوط
صيدلية عادل فathy,شارع النصر، مبنى 1، بجوار المسجد، حي مطاي، أبو قرقاص، المنيا,المنيا,أبو قرقاص,حي مطاي
صيدلية د. عمر عوض,شارع البحر، مبنى 44، حي سمالوط، بني مزار، المنيا,المنيا,بني مزار,حي سمالوط
صيدلية فؤاد,شارع الجامعة، مبنى 1، حي المنيا، المنيا، المنيا,المنيا,المنيا,حي المنيا
صيدلية د. سيد عادل,شارع القنال، مبنى 24، أمام البنك، حي أبو قرقاص، المنيا، المنيا,المنيا,المنيا,حي أبو قرقاص
صيدلية الفردوس,شارع طلعت حرب، مبنى 1، عند النفق، حي ملوي، أبو قرقاص، المنيا,المنيا,أبو قرقاص,حي ملوي
صيدلية د. رانيا هاني,شارع الميناء، مبنى 20، بجوار المسجد، حي أبو قرقاص، دير مواس، المنيا,المنيا,دير مواس,حي أبو قرقاص
صيدلية د. خالد منسي,شارع الميناء، مبنى 66، أمام البنك، حي أبو قرقاص، بني مزار، المنيا,المنيا,بني مزار,حي أبو قرقاص
صيدلية د. أنور علي,شارع عباس العقاد، مبنى 91، بجوار المسجد، حي أبو قرقاص، أبو قرقاص، المنيا,المنيا,أبو قرقاص,حي أبو قرقاص
صيدلية د. حسن خالد,شارع الخليفة، مبنى 40، بجوار المسجد، حي سمالوط، بني مزار، المنيا,المنيا,بني مزار,حي سمالوط
صيدلية هدى حسن,شارع طلعت حرب، مبنى 123، أمام البنك، حي مطاي، مدينة المنيا، المنيا,المنيا,مدينة المنيا,حي مطاي
صيدلية العافية,شارع بورسعيد، مبنى 9، حي سمالوط، المنيا، المنيا,المنيا,المنيا,حي سمالوط
صيدلية يوسف عاطف,شارع الطيران، مبنى 112، بجوار المسجد، حي المنيا، مطاي، المنيا,المنيا,مطاي,حي المنيا
صيدلية منال,شارع الجامعة، مبنى 73، بجوار المسجد، حي المنيا، بني مزار، المنيا,المنيا,بني مزار,حي المنيا
صيدلية د. حسام عبدالرحمن,شارع السادات، مبنى 142، بعد محطة المترو، حي مطاي، مدينة المنيا، المنيا,المنيا,مدينة المنيا,حي مطاي
صيدلية عبدالعزيز فؤاد,شارع البحر، مبنى 12، عند النفق، حي بني مزار، مغاغة، المنيا,المنيا,مغاغة,حي بني مزار
صيدلية د. أمل مجدي,شارع المدرسة، مبنى 5، عند النفق، حي ملوي، المنيا، المنيا,المنيا,المنيا,حي ملوي
صيدلية د. حورية عبدالعزيز,شارع البحر، مبنى 118، عند النفق، حي مطاي، العدوة، المنيا,المنيا,العدوة,حي مطاي
صيدلية د. رانيا مصطفى,شارع الثورة، مبنى 1، بجانب المدرسة، حي بني مزار، سمالوط، المنيا,المنيا,سمالوط,حي بني مزار
صيدلية وفاء,شارع الثورة، مبنى 12، بجوار المسجد، حي بني مزار، العدوة، المنيا,المنيا,العدوة,حي بني مزار
صيدلية د. أيمن شريف,شارع المحطة، مبنى 74، بجوار المسجد، حي أبو قرقاص، المنيا الجديدة، المنيا,المنيا,المنيا الجديدة,حي أبو قرقاص
صيدلية هدى أحمد,شارع فيصل، مبنى 63، حي بني مزار، سمالوط، المنيا,المنيا,سمالوط,حي بني مزار
صيدلية فريدة,شارع الزهراء، مبنى 21، عند النفق، حي أبو قرقاص، دير مواس، المنيا,المنيا,دير مواس,حي أبو قرقاص
صيدلية حسام,شارع كورنيش النيل، مبنى 18، بعد محطة المترو، حي ملوي، مطاي، المنيا,المنيا,مطاي,حي ملوي
صيدلية العافية,شارع الميناء، مبنى 117، بجوار المسجد، حي أبو قرقاص، دير مواس، المنيا,المنيا,دير مواس,حي أبو قرقاص
صيدلية رانيا,شارع السوق، مبنى 40، بعد محطة المترو، حي ملوي، ملوي، المنيا,المنيا,ملوي,حي ملوي
صيدلية إبراهيم,شارع القنال، مبنى 49، بجانب المدرسة، حي أبو قرقاص، ملوي، المنيا,المنيا,ملوي,حي أبو قرقاص
صيدلية محمود نبيل,شارع العروبة، مبنى 42، بجوار المسجد، حي بني مزار، العدوة، المنيا,المنيا,العدوة,حي بني مزار
صيدلية د. علي عمرو,شارع الميناء، مبنى 135، عند النفق، حي ملوي، مطاي، المنيا,المنيا,مطاي,حي ملوي
صيدلية د. أيمن حسين,شارع الهرم، مبنى 76، بجوار المسجد، حي سمالوط، مدينة المنيا، المنيا,المنيا,مدينة المنيا,حي سمالوط
صيدلية د. عمرو منسي,شارع محمد علي، مبنى 111، بعد محطة المترو، حي المنيا، العدوة، المنيا,المنيا,العدوة,حي المنيا
صيدلية د. عمر عطية,شارع الأقصى، مبنى 108، عند النفق، حي المنيا، بني مزار، المنيا,المنيا,بني مزار,حي المنيا
صيدلية أحمد كمال,شارع الوفاء، مبنى 141، بجوار المسجد، حي سمالوط، دير مواس، المنيا,المنيا,دير مواس,حي سمالوط
صيدلية د. سوسن أيمن,شارع البحر، مبنى 55، بجانب المدرسة، حي ملوي، ملوي، المنيا,المنيا,ملوي,حي ملوي
صيدلية عبلة,شارع الخزان، مبنى 67، حي ملوي، ملوي، المنيا,المنيا,ملوي,حي ملوي
صيدلية د. رانيا حسونة,شارع 26 يوليو، مبنى 29، عند النفق، حي المنيا، مغاغة، المنيا,المنيا,مغاغة,حي المنيا
صيدلية د. دينا عبدالجواد,شارع الثورة، مبنى 143، بجوار المسجد، حي المنيا، مغاغة، المنيا,المنيا,مغاغة,حي المنيا
صيدلية عزة,شارع البحر، مبنى 106، حي المنيا، مطاي، المنيا,المنيا,مطاي,حي المنيا
صيدلية الفردوس,شارع الخزان، مبنى 62، عند النفق، حي أبو قرقاص، المنيا الجديدة، المنيا,المنيا,المنيا الجديدة,حي أبو قرقاص
صيدلية أماني عبدالرحمن,شارع رمسيس، مبنى 47، بجوار المسجد، حي المنيا، بني مزار، المنيا,المنيا,بني مزار,حي المنيا
صيدلية العافية,شارع الجامعة، مبنى 16، بجوار المسجد، حي بني مزار، العدوة، المنيا,المنيا,العدوة,حي بني مزار
صيدلية د. كمال عادل,شارع العشرين، مبنى 84، أمام البنك، حي أبو قرقاص، أبو قرقاص، المنيا,المنيا,أبو قرقاص,حي أبو قرقاص
صيدلية د. سيد مصطفى,شارع فلسطين، مبنى 35، بجانب المدرسة، حي ملوي، دير مواس، المنيا,المنيا,دير مواس,حي ملوي
صيدلية د. إيناس أشرف,شارع التحرير، مبنى 10، أمام البنك، حي سمالوط، ملوي، المنيا,المنيا,ملوي,حي سمالوط
صيدلية د. نبيل سيد,شارع رمسيس، مبنى 125، أمام البنك، حي أبو قرقاص، سمالوط، المنيا,المنيا,سمالوط,حي أبو قرقاص
صيدلية الأمل,شارع الأزهر، مبنى 19، بعد محطة المترو، حي المنيا، المنيا، المنيا,المنيا,المنيا,حي المنيا
صيدلية د. عمر حجازي,شارع الجلاء، مبنى 141، بجانب المدرسة، حي المنيا، سمالوط، المنيا,المنيا,سمالوط,حي المنيا
صيدلية د. وفاء منسي,شارع 26 يوليو، مبنى 125، بجوار المسجد، حي سمالوط، ملوي، المنيا,المنيا,ملوي,حي سمالوط
صيدلية الأمل,شارع الخزان، مبنى 67، حي بني مزار، أبو قرقاص، المنيا,المنيا,أبو قرقاص,حي بني مزار
صيدلية الصحة,شارع المعز، مبنى 129، بجانب المدرسة، حي المنيا، المنيا، المنيا,المنيا,المنيا,حي المنيا
صيدلية د. هدى حسين,شارع الاستقلال، مبنى 118، حي ملوي، المنيا الجديدة، المنيا,المنيا,المنيا الجديدة,حي ملوي
صيدلية بهاء إبراهيم,شارع الحرية، مبنى 108، حي المنيا، مطاي، المنيا,المنيا,مطاي,حي المنيا
صيدلية أحمد وائل,شارع الزهراء، مبنى 100، بجوار المسجد، حي المنيا، العدوة، المنيا,المنيا,العدوة,حي المنيا
صيدلية عبير هاني,شارع العشرين، مبنى 43، بجانب المدرسة، حي المنيا، ملوي، المنيا,المنيا,ملوي,حي المنيا
صيدلية الجمهورية,شارع محمد علي، مبنى 90، بعد محطة المترو، حي المنيا، سمالوط، المنيا,المنيا,سمالوط,حي المنيا
صيدلية عبدالله,شارع الخزان، مبنى 110، حي سمالوط، أبو قرقاص، المنيا,المنيا,أبو قرقاص,حي سمالوط
صيدلية نبيل,شارع الاستقلال، مبنى 35، بجانب المدرسة، حي أبو قرقاص، ملوي، المنيا,المنيا,ملوي,حي أبو قرقاص
صيدلية د. نبيل أيمن,شارع الخزان، مبنى 118، بجوار المسجد، حي ملوي، سمالوط، المنيا,المنيا,سمالوط,حي ملوي
صيدلية الصحة,شارع النصر، مبنى 97، بجوار المسجد، حي بني مزار، أبو قرقاص، المنيا,المنيا,أبو قرقاص,حي بني مزار
صيدلية هشام خالد,شارع المدرسة، مبنى 42، عند النفق، حي مطاي، المنيا، المنيا,المنيا,المنيا,حي مطاي
صيدلية د. عبدالله عبدالستار,شارع القنال، مبنى 143، عند النفق، حي بني مزار، المنيا، المنيا,المنيا,المنيا,حي بني مزار
صيدلية د. أيمن حجازي,شارع الأمل، مبنى 102، حي المنيا، سمالوط، المنيا,المنيا,سمالوط,حي المنيا
صيدلية خالد عبدالله,شارع الأهرام، مبنى 3، حي مطاي، سمالوط، المنيا,المنيا,سمالوط,حي مطاي
صيدلية د. إيهاب حسين,شارع النصر، مبنى 112، بجانب المدرسة، حي أبو قرقاص، مدينة المنيا، المنيا,المنيا,مدينة المنيا,حي أبو قرقاص
صيدلية د. فؤاد حجازي,شارع الجامعة، مبنى 86، أمام البنك، حي بني مزار، دير مواس، المنيا,المنيا,دير مواس,حي بني مزار
صيدلية د. أحمد فathy,شارع البحر، مبنى 34، عند النفق، حي بني مزار، المنيا الجديدة، المنيا,المنيا,المنيا الجديدة,حي بني مزار
صيدلية د. جهاد فؤاد,شارع الميناء، مبنى 23، بعد محطة المترو، حي مطاي، مدينة المنيا، المنيا,المنيا,مدينة المنيا,حي مطاي
صيدلية وائل,شارع الأهرام، مبنى 25، بجانب المدرسة، حي ملوي، بني مزار، المنيا,المنيا,بني مزار,حي ملوي
صيدلية يوسف عمرو,شارع البنك، مبنى 90، بعد محطة المترو، حي بني مزار، المنيا الجديدة، المنيا,المنيا,المنيا الجديدة,حي بني مزار
صيدلية د. سعيد سيد,شارع الروضة، مبنى 34، بعد محطة المترو، حي سمالوط، مطاي، المنيا,المنيا,مطاي,حي سمالوط
صيدلية العافية,شارع الروضة، مبنى 81، عند النفق، حي سمالوط، أبو قرقاص، المنيا,المنيا,أبو قرقاص,حي سمالوط
صيدلية د. هدى الشيخ,شارع البحر، مبنى 92، بجوار المسجد، حي بني مزار، العدوة، المنيا,المنيا,العدوة,حي بني مزار
صيدلية مها شريف,شارع الوفاء، مبنى 27، بعد محطة المترو، حي المنيا، مطاي، المنيا,المنيا,مطاي,حي المنيا
صيدلية د. فؤاد إيهاب,شارع الزهراء، مبنى 141، بجوار المسجد، حي مطاي، المنيا، المنيا,المنيا,المنيا,حي مطاي
صيدلية د. حسن عبدالستار,شارع عباس العقاد، مبنى 51، بجانب المدرسة، حي مطاي، دير مواس، المنيا,المنيا,دير مواس,حي مطاي
صيدلية د. سحر طارق,شارع الخزان، مبنى 87، حي أبو قرقاص، دير مواس، المنيا,المنيا,دير مواس,حي أبو قرقاص
صيدلية د. صبحي عبدالعزيز,شارع السوق، مبنى 23، أمام البنك، حي سمالوط، المنيا، المنيا,المنيا,المنيا,حي سمالوط
صيدلية د. عبدالعزيز مجدي,شارع الاستقلال، مبنى 3، أمام البنك، حي سمالوط، المنيا الجديدة، المنيا,المنيا,المنيا الجديدة,حي سمالوط
صيدلية سامية عبدالعزيز,شارع التحرير، مبنى 102، بجانب المدرسة، حي سمالوط، دير مواس، المنيا,المنيا,دير مواس,حي سمالوط
صيدلية د. عبدالعزيز خالد,شارع الطيران، مبنى 92، بعد محطة المترو، حي المنيا، دير مواس، المنيا,المنيا,دير مواس,حي المنيا
صيدلية الصحة,شارع القنال، مبنى 55، عند النفق، حي بني مزار، مغاغة، المنيا,المنيا,مغاغة,حي بني مزار
صيدلية وحيد فؤاد,شارع مكرم عبيد، مبنى 28، حي أبو قرقاص، بني مزار، المنيا,المنيا,بني مزار,حي أبو قرقاص
صيدلية سعيد مصطفى,شارع رمسيس، مبنى 61، أمام البنك، حي أبو قرقاص، مدينة المنيا، المنيا,المنيا,مدينة المنيا,حي أبو قرقاص
صيدلية العافية,شارع طلعت حرب، مبنى 41، بجانب المدرسة، حي سمالوط، ملوي، المنيا,المنيا,ملوي,حي سمالوط
صيدلية محمود,شارع البحر، مبنى 8، عند النفق، حي مطاي، ملوي، المنيا,المنيا,ملوي,حي مطاي
صيدلية صبحي,شارع الأهرام، مبنى 60، بعد محطة المترو، حي بني مزار، بني مزار، المنيا,المنيا,بني مزار,حي بني مزار
صيدلية د. عادل إبراهيم,شارع الحرية، مبنى 119، أمام البنك، حي مطاي، المنيا، المنيا,المنيا,المنيا,حي مطاي
صيدلية لواء عبدالعزيز,شارع العشرين، مبنى 133، أمام البنك، حي مطاي، بني مزار، المنيا,المنيا,بني مزار,حي مطاي
صيدلية مها منسي,شارع الثورة، مبنى 87، بجانب المدرسة، حي ملوي، المنيا الجديدة، المنيا,المنيا,المنيا الجديدة,حي ملوي
صيدلية النور,شارع الخليفة، مبنى 101، بعد محطة المترو، حي مطاي، دير مواس، المنيا,المنيا,دير مواس,حي مطاي
صيدلية الأمل,شارع عباس العقاد، مبنى 49، بجانب المدرسة، حي ملوي، المنيا الجديدة، المنيا,المنيا,المنيا الجديدة,حي ملوي
صيدلية د. لواء حجازي,شارع العشرين، مبنى 142، عند النفق، حي أبو قرقاص، بني مزار، المنيا,المنيا,بني مزار,حي أبو قرقاص
صيدلية د. مدحت سيد,شارع الطيران، مبنى 69، عند النفق، حي مطاي، بني مزار، المنيا,المنيا,بني مزار,حي مطاي
صيدلية محمد,شارع الجامعة، مبنى 113، عند النفق، حي سمالوط، مطاي، المنيا,المنيا,مطاي,حي سمالوط
صيدلية الأمل,شارع 26 يوليو، مبنى 109، بجانب المدرسة، حي مطاي، مطاي، المنيا,المنيا,مطاي,حي مطاي
صيدلية حسام محمود,شارع بورسعيد، مبنى 74، أمام البنك، حي أبو قرقاص، ملوي، المنيا,المنيا,ملوي,حي أبو قرقاص
صيدلية د. أيمن أشرف,شارع المحطة، مبنى 74، بجانب المدرسة، حي أبو قرقاص، مطاي، المنيا,المنيا,مطاي,حي أبو قرقاص
صيدلية فتحي جلال,شارع فيصل، مبنى 103، أمام البنك، حي أبو قرقاص، أبو قرقاص، المنيا,المنيا,أبو قرقاص,حي أبو قرقاص
صيدلية ليلى,شارع الأزهر، مبنى 81، أمام البنك، حي المنيا، العدوة، المنيا,المنيا,العدوة,حي المنيا
صيدلية د. كمال إبراهيم,شارع التحرير، مبنى 120، أمام البنك، حي بني مزار، أبو قرقاص، المنيا,المنيا,أبو قرقاص,حي بني مزار
صيدلية عزة إبراهيم,شارع المحطة، مبنى 55، بعد محطة المترو، حي أبو قرقاص، مدينة المنيا، المنيا,المنيا,مدينة المنيا,حي أبو قرقاص
صيدلية عمرو,شارع الخليفة، مبنى 113، بجانب المدرسة، حي سمالوط، مغاغة، المنيا,المنيا,مغاغة,حي سمالوط
صيدلية د. أنور حامد,شارع عباس العقاد، مبنى 144، بعد محطة المترو، حي أبو قرقاص، ملوي، المنيا,المنيا,ملوي,حي أبو قرقاص
صيدلية يوسف عوض,شارع رمسيس، مبنى 116، بعد محطة المترو، حي أبو قرقاص، العدوة، المنيا,المنيا,العدوة,حي أبو قرقاص
صيدلية النور,شارع الهرم، مبنى 58، حي ملوي، أبو قرقاص، المنيا,المنيا,أبو قرقاص,حي ملوي
صيدلية الفردوس,شارع محمد علي، مبنى 100، حي بني مزار، دير مواس، المنيا,المنيا,دير مواس,حي بني مزار
صيدلية النور,شارع فلسطين، مبنى 24، أمام البنك، حي المنيا، مطاي، المنيا,المنيا,مطاي,حي المنيا
صيدلية عاطف عمرو,شارع محمد علي، مبنى 42، حي ملوي، العدوة، المنيا,المنيا,العدوة,حي ملوي
صيدلية د. يوسف فؤاد,شارع النصر، مبنى 106، حي سمالوط، بني مزار، المنيا,المنيا,بني مزار,حي سمالوط
صيدلية د. سيد أيمن,شارع العروبة، مبنى 25، حي المنيا، دير مواس، المنيا,المنيا,دير مواس,حي المنيا
صيدلية إيناس هشام,شارع الخزان، مبنى 11، عند النفق، حي ملوي، دير مواس، المنيا,المنيا,دير مواس,حي ملوي
صيدلية الصحة,شارع الأمل، مبنى 27، بجوار المسجد، حي سمالوط، دير مواس، المنيا,المنيا,دير مواس,حي سمالوط
صيدلية د. عادل كمال,شارع الأزهر، مبنى 114، بجوار المسجد، حي المنيا، العدوة، المنيا,المنيا,العدوة,حي المنيا
صيدلية وفاء,شارع الأمل، مبنى 21، بجانب المدرسة، حي مطاي، العدوة، المنيا,المنيا,العدوة,حي مطاي
صيدلية د. وليد هشام,شارع محمد علي، مبنى 114، حي أبو قرقاص، مغاغة، المنيا,المنيا,مغاغة,حي أبو قرقاص
صيدلية علي عمرو,شارع الزهراء، مبنى 80، عند النفق، حي مطاي، المنيا، المنيا,المنيا,المنيا,حي مطاي
صيدلية نبيل أحمد,شارع العشرين، مبنى 122، بعد محطة المترو، حي المنيا، دير مواس، المنيا,المنيا,دير مواس,حي المنيا
صيدلية د. كمال منسي,شارع النصر، مبنى 78، بجانب المدرسة، حي المنيا، أبو قرقاص، المنيا,المنيا,أبو قرقاص,حي المنيا
صيدلية د. سيد كمال,شارع كورنيش النيل، مبنى 100، بجانب المدرسة، حي سمالوط، مدينة المنيا، المنيا,المنيا,مدينة المنيا,حي سمالوط
صيدلية عاصم جلال,شارع التحرير، مبنى 119، حي ملوي، مدينة المنيا، المنيا,المنيا,مدينة المنيا,حي ملوي
صيدلية د. محمود عبدالله,شارع الجمهورية، مبنى 48، بجوار المسجد، حي سمالوط، مغاغة، المنيا,المنيا,مغاغة,حي سمالوط
صيدلية د. أنور الشيخ,شارع المدرسة، مبنى 82، أمام البنك، حي سمالوط، المنيا، المنيا,المنيا,المنيا,حي سمالوط
صيدلية د. سمير وليد,شارع الزهراء، مبنى 9، حي أبو قرقاص، مطاي، المنيا,المنيا,مطاي,حي أبو قرقاص
صيدلية الأمل,شارع الهرم، مبنى 60، حي المنيا، سمالوط، المنيا,المنيا,سمالوط,حي المنيا
صيدلية أنور,شارع الأمل، مبنى 100، بجوار المسجد، حي المنيا، مغاغة، المنيا,المنيا,مغاغة,حي المنيا
صيدلية العافية,شارع الأقصى، مبنى 3، أمام البنك، حي بني مزار، المنيا، المنيا,المنيا,المنيا,حي بني مزار
صيدلية سعيد إيهاب,شارع الجامعة، مبنى 133، بجانب المدرسة، حي سمالوط، بني مزار، المنيا,المنيا,بني مزار,حي سمالوط
صيدلية سوسن السيد,شارع عباس العقاد، مبنى 89، بعد محطة المترو، حي المنيا، المنيا الجديدة، المنيا,المنيا,المنيا الجديدة,حي المنيا
صيدلية د. فريدة هشام,شارع الثورة، مبنى 70، بعد محطة المترو، حي مطاي، مغاغة، المنيا,المنيا,مغاغة,حي مطاي
صيدلية د. صبحي هاني,شارع عباس العقاد، مبنى 122، عند النفق، حي ملوي، دير مواس، المنيا,المنيا,دير مواس,حي ملوي
صيدلية د. سحر أيمن,شارع الهرم، مبنى 79، أمام البنك، حي أبو قرقاص، مدينة المنيا، المنيا,المنيا,مدينة المنيا,حي أبو قرقاص
صيدلية ليلى غانم,شارع العشرين، مبنى 79، بجوار المسجد، حي بني مزار، مدينة المنيا، المنيا,المنيا,مدينة المنيا,حي بني مزار
صيدلية د. مدحت شريف,شارع الروضة، مبنى 6، أمام البنك، حي مطاي، المنيا، المنيا,المنيا,المنيا,حي مطاي
صيدلية د. بهاء فؤاد,شارع فيصل، مبنى 137، بجانب المدرسة، حي أبو قرقاص، مغاغة، المنيا,المنيا,مغاغة,حي أبو قرقاص
صيدلية د. غادة وائل,شارع السادات، مبنى 96، حي ملوي، مغاغة، المنيا,المنيا,مغاغة,حي ملوي
صيدلية جهاد,شارع 26 يوليو، مبنى 25، عند النفق، حي المنيا، المنيا الجديدة، المنيا,المنيا,المنيا الجديدة,حي المنيا
صيدلية فتحي,شارع الميناء، مبنى 65، بجانب المدرسة، حي سمالوط، ملوي، المنيا,المنيا,ملوي,حي سمالوط
صيدلية شريف,شارع الأزهر، مبنى 24، بجوار المسجد، حي أبو قرقاص، العدوة، المنيا,المنيا,العدوة,حي أبو قرقاص
صيدلية منير,شارع الأمل، مبنى 93، بجوار المسجد، حي مطاي، أبو قرقاص، المنيا,المنيا,أبو قرقاص,حي مطاي
صيدلية خالد عطية,شارع التحرير، مبنى 42، أمام البنك، حي ملوي، مغاغة، المنيا,المنيا,مغاغة,حي ملوي
صيدلية الصحة,شارع الخزان، مبنى 128، عند النفق، حي سمالوط، المنيا الجديدة، المنيا,المنيا,المنيا الجديدة,حي سمالوط
صيدلية جلال مجدي,شارع الحرية، مبنى 114، بجانب المدرسة، حي سمالوط، سمالوط، المنيا,المنيا,سمالوط,حي سمالوط
صيدلية الصحة,شارع الجلاء، مبنى 12، أمام البنك، حي مطاي، سمالوط، المنيا,المنيا,سمالوط,حي مطاي
صيدلية د. سوسن يوسف,شارع الروضة، مبنى 6، بجوار المسجد، حي بني مزار، بني مزار، المنيا,المنيا,بني مزار,حي بني مزار
صيدلية د. أماني عزب,شارع المسجد، مبنى 29، بجوار المسجد، حي المنيا، أبو قرقاص، المنيا,المنيا,أبو قرقاص,حي المنيا
صيدلية عبلة,شارع الثورة، مبنى 91، بجانب المدرسة، حي سمالوط، أبو قرقاص، المنيا,المنيا,أبو قرقاص,حي سمالوط
صيدلية وحيد,شارع السادات، مبنى 115، عند النفق، حي أبو قرقاص، بني مزار، المنيا,المنيا,بني مزار,حي أبو قرقاص
صيدلية د. عزة حسن,شارع العروبة، مبنى 118، بجانب المدرسة، حي مطاي، مطاي، المنيا,المنيا,مطاي,حي مطاي
صيدلية د. بهاء عمرو,شارع عباس العقاد، مبنى 4، بجانب المدرسة، حي أبو قرقاص، أبو قرقاص، المنيا,المنيا,أبو قرقاص,حي أبو قرقاص
صيدلية عمر أشرف,شارع المدرسة، مبنى 77، بعد محطة المترو، حي أبو قرقاص، المنيا الجديدة، المنيا,المنيا,المنيا الجديدة,حي أبو قرقاص
صيدلية د. عبدالرحمن هاني,شارع السادات، مبنى 52، عند النفق، حي سمالوط، مدينة المنيا، المنيا,المنيا,مدينة المنيا,حي سمالوط
صيدلية إبراهيم,شارع الجلاء، مبنى 127، بجوار المسجد، حي بني مزار، بني مزار، المنيا,المنيا,بني مزار,حي بني مزار
صيدلية سامية,شارع الميناء، مبنى 72، بجوار المسجد، حي أبو قرقاص، دير مواس، المنيا,المنيا,دير مواس,حي أبو قرقاص
صيدلية مها,شارع الزهراء، مبنى 98، أمام البنك، حي مطاي، أبو قرقاص، المنيا,المنيا,أبو قرقاص,حي مطاي
صيدلية د. أمل محمود,شارع رمسيس، مبنى 116، حي بني مزار، ملوي، المنيا,المنيا,ملوي,حي بني مزار
صيدلية شريف عبدالستار,شارع القنال، مبنى 60، بجوار المسجد، حي المنيا، المنيا، المنيا,المنيا,المنيا,حي المنيا
صيدلية علي محمود,شارع المدرسة، مبنى 11، بجوار المسجد، حي سمالوط، سمالوط، المنيا,المنيا,سمالوط,حي سمالوط
صيدلية د. سيد محمود,شارع الخزان، مبنى 138، حي سمالوط، بني مزار، المنيا,المنيا,بني مزار,حي سمالوط
صيدلية وليد,شارع الميناء، مبنى 106، بجانب المدرسة، حي بني مزار، مدينة المنيا، المنيا,المنيا,مدينة المنيا,حي بني مزار
صيدلية د. سعاد عبدالجواد,شارع المعز، مبنى 98، حي مطاي، أبو قرقاص، المنيا,المنيا,أبو قرقاص,حي مطاي
صيدلية وائل,شارع فيصل، مبنى 13، أمام البنك، حي المنيا، المنيا، المنيا,المنيا,المنيا,حي المنيا
صيدلية د. عبلة جلال,شارع الأهرام، مبنى 69، بجانب المدرسة، حي بني مزار، سمالوط، المنيا,المنيا,سمالوط,حي بني مزار
صيدلية د. عادل الفقي,شارع المدرسة، مبنى 131، بعد محطة المترو، حي ملوي، مدينة المنيا، المنيا,المنيا,مدينة المنيا,حي ملوي
صيدلية الفردوس,شارع الروضة، مبنى 121، بجانب المدرسة، حي مطاي، دير مواس، المنيا,المنيا,دير مواس,حي مطاي
صيدلية د. سمير علي,شارع المحطة، مبنى 94، بجوار المسجد، حي أبو قرقاص، مغاغة، المنيا,المنيا,مغاغة,حي أبو قرقاص
صيدلية رانيا,شارع رمسيس، مبنى 37، أمام البنك، حي بني مزار، أبو قرقاص، المنيا,المنيا,أبو قرقاص,حي بني مزار
صيدلية د. هاني عبدالستار,شارع 26 يوليو، مبنى 135، بجوار المسجد، حي أبو قرقاص، مغاغة، المنيا,المنيا,مغاغة,حي أبو قرقاص
صيدلية مجدي,شارع الأمل، مبنى 42، أمام البنك، حي أبو قرقاص، المنيا الجديدة، المنيا,المنيا,المنيا الجديدة,حي أبو قرقاص
صيدلية وليد هاني,شارع الميناء، مبنى 61، عند النفق، حي مطاي، دير مواس، المنيا,المنيا,دير مواس,حي مطاي
صيدلية د. كمال عبدالعزيز,شارع رمسيس، مبنى 54، بجوار المسجد، حي سمالوط، العدوة، المنيا,المنيا,العدوة,حي سمالوط
صيدلية النور,شارع الأمل، مبنى 34، بعد محطة المترو، حي أبو قرقاص، دير مواس، المنيا,المنيا,دير مواس,حي أبو قرقاص
صيدلية سوسن أنور,شارع الهرم، مبنى 31، حي المنيا، العدوة، المنيا,المنيا,العدوة,حي المنيا
صيدلية أنور,شارع طلعت حرب، مبنى 61، بعد محطة المترو، حي سمالوط، المنيا الجديدة، المنيا,المنيا,المنيا الجديدة,حي سمالوط
صيدلية أحمد فؤاد,شارع المعز، مبنى 79، بجانب المدرسة، حي المنيا، ملوي، المنيا,المنيا,ملوي,حي المنيا
صيدلية د. منير عمرو,شارع الأقصى، مبنى 6، أمام البنك، حي سمالوط، العدوة، المنيا,المنيا,العدوة,حي سمالوط
صيدلية د. وائل عمرو,شارع الروضة، مبنى 34، بعد محطة المترو، حي ملوي، العدوة، المنيا,المنيا,العدوة,حي ملوي
صيدلية هايدي,شارع 26 يوليو، مبنى 42، حي المنيا، المنيا، المنيا,المنيا,المنيا,حي المنيا
صيدلية د. مها نبيل,شارع الخزان، مبنى 129، عند النفق، حي المنيا، بني مزار، المنيا,المنيا,بني مزار,حي المنيا
صيدلية د. جلال كمال,شارع بورسعيد، مبنى 83، بجوار المسجد، حي أبو قرقاص، بني مزار، المنيا,المنيا,بني مزار,حي أبو قرقاص
صيدلية د. طارق غانم,شارع الهرم، مبنى 39، أمام البنك، حي بني مزار، مطاي، المنيا,المنيا,مطاي,حي بني مزار
صيدلية علي,شارع الجلاء، مبنى 71، حي ملوي، مطاي، المنيا,المنيا,مطاي,حي ملوي
صيدلية د. سعاد الشيخ,شارع الأمل، مبنى 61، بعد محطة المترو، حي سمالوط، ملوي، المنيا,المنيا,ملوي,حي سمالوط
صيدلية جلال هشام,شارع العشرين، مبنى 46، حي بني مزار، مدينة المنيا، المنيا,المنيا,مدينة المنيا,حي بني مزار
صيدلية الفردوس,شارع العشرين، مبنى 51، عند النفق، حي المنيا، دير مواس، المنيا,المنيا,دير مواس,حي المنيا
صيدلية د. خالد أحمد,شارع الطيران، مبنى 104، بعد محطة المترو، حي منفلوط، أبنوب، أسيوط,أسيوط,أبنوب,حي منفلوط
صيدلية الصحة,شارع الثورة، مبنى 28، أمام البنك، حي منفلوط، أبنوب، أسيوط,أسيوط,أبنوب,حي منفلوط
صيدلية د. سامية مصطفى,شارع الأمل، مبنى 142، أمام البنك، حي أبو تيج، ساحل سليم، أسيوط,أسيوط,ساحل سليم,حي أبو تيج
صيدلية رمضان,شارع المسجد، مبنى 109، بجوار المسجد، حي أبو تيج، الغنايم، أسيوط,أسيوط,الغنايم,حي أبو تيج
صيدلية نبيل عبدالستار,شارع الزهراء، مبنى 118، أمام البنك، حي القوصية، الغنايم، أسيوط,أسيوط,الغنايم,حي القوصية
صيدلية د. محمد السيد,شارع مكرم عبيد، مبنى 77، أمام البنك، حي القوصية، أبنوب، أسيوط,أسيوط,أبنوب,حي القوصية
صيدلية أنور إبراهيم,شارع الأقصى، مبنى 25، بجوار المسجد، حي أبنوب، أسيوط، أسيوط,أسيوط,أسيوط,حي أبنوب
صيدلية د. سعيد عزب,شارع رمسيس، مبنى 75، بجوار المسجد، حي أسيوط، أسيوط، أسيوط,أسيوط,أسيوط,حي أسيوط
صيدلية محمود,شارع النخيل، مبنى 13، بجوار المسجد، حي أبو تيج، منفلوط، أسيوط,أسيوط,منفلوط,حي أبو تيج
صيدلية نهى,شارع كورنيش النيل، مبنى 36، بعد محطة المترو، حي أبو تيج، القوصية، أسيوط,أسيوط,القوصية,حي أبو تيج
صيدلية شريف,شارع المحطة، مبنى 130، بجوار المسجد، حي أبنوب، صدفا، أسيوط,أسيوط,صدفا,حي أبنوب
صيدلية دينا ضياء,شارع الجامعة، مبنى 37، بعد محطة المترو، حي أبو تيج، أبو تيج، أسيوط,أسيوط,أبو تيج,حي أبو تيج
صيدلية بهاء,شارع الهرم، مبنى 78، بجانب المدرسة، حي أبو تيج، منفلوط، أسيوط,أسيوط,منفلوط,حي أبو تيج
صيدلية د. علي هشام,شارع الوحدة، مبنى 137، حي منفلوط، ديروط، أسيوط,أسيوط,ديروط,حي منفلوط
صيدلية د. علي سيد,شارع الميناء، مبنى 95، أمام البنك، حي أبو تيج، أبو تيج، أسيوط,أسيوط,أبو تيج,حي أبو تيج
صيدلية د. سمير فؤاد,شارع الميناء، مبنى 63، بجانب المدرسة، حي منفلوط، منفلوط، أسيوط,أسيوط,منفلوط,حي منفلوط
صيدلية العافية,شارع الخليفة، مبنى 45، بعد محطة المترو، حي ديروط، الغنايم، أسيوط,أسيوط,الغنايم,حي ديروط
صيدلية د. أيمن طارق,شارع الميناء، مبنى 95، بجانب المدرسة، حي ديروط، منفلوط، أسيوط,أسيوط,منفلوط,حي ديروط
صيدلية د. محمد عبدالعزيز,شارع بورسعيد، مبنى 25، بجوار المسجد، حي ديروط، الغنايم، أسيوط,أسيوط,الغنايم,حي ديروط
صيدلية عبلة,شارع الوفاء، مبنى 106، عند النفق، حي ديروط، أسيوط، أسيوط,أسيوط,أسيوط,حي ديروط
صيدلية د. عبلة إيهاب,شارع الروضة، مبنى 26، بجوار المسجد، حي منفلوط، أبنوب، أسيوط,أسيوط,أبنوب,حي منفلوط
صيدلية د. إيناس سيد,شارع القنال، مبنى 31، بجانب المدرسة، حي أسيوط، الفتح، أسيوط,أسيوط,الفتح,حي أسيوط
صيدلية عبلة عزب,شارع الهرم، مبنى 59، بجوار المسجد، حي أسيوط، مدينة أسيوط، أسيوط,أسيوط,مدينة أسيوط,حي أسيوط
صيدلية د. مدحت سمير,شارع الثورة، مبنى 146، بعد محطة المترو، حي أسيوط، أبنوب، أسيوط,أسيوط,أبنوب,حي أسيوط
صيدلية د. يوسف عزب,شارع فلسطين، مبنى 118، عند النفق، حي منفلوط، أبو تيج، أسيوط,أسيوط,أبو تيج,حي منفلوط
صيدلية طارق,شارع الخزان، مبنى 105، بجانب المدرسة، حي ديروط، صدفا، أسيوط,أسيوط,صدفا,حي ديروط
صيدلية عزة,شارع الأقصى، مبنى 27، حي القوصية، أبو تيج، أسيوط,أسيوط,أبو تيج,حي القوصية
صيدلية وائل عبدالله,شارع الميناء، مبنى 27، بجانب المدرسة، حي منفلوط، مدينة أسيوط، أسيوط,أسيوط,مدينة أسيوط,حي منفلوط
صيدلية د. منال حسين,شارع القنال، مبنى 112، أمام البنك، حي منفلوط، أسيوط، أسيوط,أسيوط,أسيوط,حي منفلوط
صيدلية دينا,شارع الطيران، مبنى 15، بجوار المسجد، حي أبو تيج، أسيوط الجديدة، أسيوط,أسيوط,أسيوط الجديدة,حي أبو تيج
صيدلية د. وفاء هاني,شارع الثورة، مبنى 91، حي القوصية، القوصية، أسيوط,أسيوط,القوصية,حي القوصية
صيدلية نادية محمود,شارع المدرسة، مبنى 36، حي ديروط، أبو تيج، أسيوط,أسيوط,أبو تيج,حي ديروط
صيدلية د. عمر مدحت,شارع الطيران، مبنى 10، بعد محطة المترو، حي أسيوط، أسيوط الجديدة، أسيوط,أسيوط,أسيوط الجديدة,حي أسيوط
صيدلية د. أيمن فؤاد,شارع العروبة، مبنى 87، بجانب المدرسة، حي أبو تيج، أبو تيج، أسيوط,أسيوط,أبو تيج,حي أبو تيج
صيدلية الصحة,شارع السادات، مبنى 62، حي منفلوط، مدينة أسيوط، أسيوط,أسيوط,مدينة أسيوط,حي منفلوط
صيدلية شريف هاني,شارع الأهرام، مبنى 44، أمام البنك، حي أسيوط، أسيوط الجديدة، أسيوط,أسيوط,أسيوط الجديدة,حي أسيوط
صيدلية النور,شارع المسجد، مبنى 2، حي أبو تيج، الغنايم، أسيوط,أسيوط,الغنايم,حي أبو تيج
صيدلية وليد عبدالجواد,شارع بورسعيد، مبنى 148، بجوار المسجد، حي ديروط، أبنوب، أسيوط,أسيوط,أبنوب,حي ديروط
صيدلية حسين,شارع الوحدة، مبنى 86، عند النفق، حي أبو تيج، أبو تيج، أسيوط,أسيوط,أبو تيج,حي أبو تيج
صيدلية دينا مصطفى,شارع عباس العقاد، مبنى 102، بجانب المدرسة، حي أبنوب، مدينة أسيوط، أسيوط,أسيوط,مدينة أسيوط,حي أبنوب
صيدلية كمال,شارع عباس العقاد، مبنى 72، حي منفلوط، أبنوب، أسيوط,أسيوط,أبنوب,حي منفلوط
صيدلية لواء,شارع البحر، مبنى 62، بعد محطة المترو، حي أبو تيج، منفلوط، أسيوط,أسيوط,منفلوط,حي أبو تيج
صيدلية د. سيد جلال,شارع الروضة، مبنى 38، بعد محطة المترو، حي ديروط، أسيوط الجديدة، أسيوط,أسيوط,أسيوط الجديدة,حي ديروط
صيدلية الجمهورية,شارع بورسعيد، مبنى 117، بجوار المسجد، حي أبنوب، أسيوط، أسيوط,أسيوط,أسيوط,حي أبنوب
صيدلية سمير فؤاد,شارع كورنيش النيل، مبنى 4، بعد محطة المترو، حي منفلوط، مدينة أسيوط، أسيوط,أسيوط,مدينة أسيوط,حي منفلوط
صيدلية رانيا طارق,شارع التحرير، مبنى 135، بجوار المسجد، حي أسيوط، مدينة أسيوط، أسيوط,أسيوط,مدينة أسيوط,حي أسيوط
صيدلية غادة منسي,شارع البنك، مبنى 69، بجانب المدرسة، حي منفلوط، أبنوب، أسيوط,أسيوط,أبنوب,حي منفلوط
صيدلية د. هدى حسين,شارع الاستقلال، مبنى 130، أمام البنك، حي منفلوط، الغنايم، أسيوط,أسيوط,الغنايم,حي منفلوط
صيدلية د. إيناس حسام,شارع المعز، مبنى 112، حي ديروط، ديروط، أسيوط,أسيوط,ديروط,حي ديروط
صيدلية غادة,شارع السادات، مبنى 136، عند النفق، حي القوصية، ديروط، أسيوط,أسيوط,ديروط,حي القوصية
صيدلية فريدة,شارع فلسطين، مبنى 125، بجوار المسجد، حي أبنوب، أسيوط الجديدة، أسيوط,أسيوط,أسيوط الجديدة,حي أبنوب
صيدلية د. نادية فؤاد,شارع النخيل، مبنى 87، بجانب المدرسة، حي أبو تيج، أسيوط الجديدة، أسيوط,أسيوط,أسيوط الجديدة,حي أبو تيج
صيدلية د. بهاء أنور,شارع الروضة، مبنى 87، بجانب المدرسة، حي ديروط، صدفا، أسيوط,أسيوط,صدفا,حي ديروط
صيدلية سوسن,شارع الاستقلال، مبنى 27، بعد محطة المترو، حي ديروط، أبنوب، أسيوط,أسيوط,أبنوب,حي ديروط
صيدلية الأمل,شارع القنال، مبنى 93، عند النفق، حي أبنوب، ساحل سليم، أسيوط,أسيوط,ساحل سليم,حي أبنوب
صيدلية د. سعيد ضياء,شارع الاستقلال، مبنى 138، أمام البنك، حي أبنوب، مدينة أسيوط، أسيوط,أسيوط,مدينة أسيوط,حي أبنوب
صيدلية د. رانيا عبدالله,شارع الأقصى، مبنى 136، بجانب المدرسة، حي أبنوب، ديروط، أسيوط,أسيوط,ديروط,حي أبنوب
صيدلية د. رانيا إبراهيم,شارع الأمل، مبنى 117، بجوار المسجد، حي أسيوط، منفلوط، أسيوط,أسيوط,منفلوط,حي أسيوط
صيدلية الأمل,شارع الطيران، مبنى 143، بجوار المسجد، حي أبو تيج، أسيوط، أسيوط,أسيوط,أسيوط,حي أبو تيج
صيدلية رانيا فؤاد,شارع الميناء، مبنى 16، أمام البنك، حي ديروط، مدينة أسيوط، أسيوط,أسيوط,مدينة أسيوط,حي ديروط
صيدلية د. عبدالعزيز عبدالستار,شارع الأزهر، مبنى 133، حي أبو تيج، منفلوط، أسيوط,أسيوط,منفلوط,حي أبو تيج
صيدلية عمرو عبدالستار,شارع فيصل، مبنى 24، بجانب المدرسة، حي القوصية، منفلوط، أسيوط,أسيوط,منفلوط,حي القوصية
صيدلية الأمل,شارع عباس العقاد، مبنى 36، بعد محطة المترو، حي أبنوب، أبو تيج، أسيوط,أسيوط,أبو تيج,حي أبنوب
صيدلية مها علي,شارع الوفاء، مبنى 37، عند النفق، حي منفلوط، أبنوب، أسيوط,أسيوط,أبنوب,حي منفلوط
صيدلية الصحة,شارع بورسعيد، مبنى 79، عند النفق، حي منفلوط، صدفا، أسيوط,أسيوط,صدفا,حي منفلوط
صيدلية هشام عطية,شارع السوق، مبنى 33، بعد محطة المترو، حي منفلوط، مدينة أسيوط، أسيوط,أسيوط,مدينة أسيوط,حي منفلوط
صيدلية د. عمر حسام,شارع الثورة، مبنى 85، بجوار المسجد، حي منفلوط، أبو تيج، أسيوط,أسيوط,أبو تيج,حي منفلوط
صيدلية فتحي,شارع الثورة، مبنى 133، بجوار المسجد، حي أبنوب، أسيوط، أسيوط,أسيوط,أسيوط,حي أبنوب
صيدلية الفردوس,شارع بورسعيد، مبنى 117، عند النفق، حي القوصية، أبو تيج، أسيوط,أسيوط,أبو تيج,حي القوصية
صيدلية العافية,شارع الجامعة، مبنى 86، بعد محطة المترو، حي أبنوب، ساحل سليم، أسيوط,أسيوط,ساحل سليم,حي أبنوب
صيدلية إيمان,شارع بورسعيد، مبنى 77، عند النفق، حي منفلوط، الفتح، أسيوط,أسيوط,الفتح,حي منفلوط
صيدلية د. لواء صبحي,شارع المحطة، مبنى 9، بجوار المسجد، حي أبنوب، صدفا، أسيوط,أسيوط,صدفا,حي أبنوب
صيدلية د. مجدي وليد,شارع الأمل، مبنى 116، بجوار المسجد، حي ديروط، مدينة أسيوط، أسيوط,أسيوط,مدينة أسيوط,حي ديروط
صيدلية د. عمر سلامة,شارع فيصل، مبنى 16، بجوار المسجد، حي القوصية، الفتح، أسيوط,أسيوط,الفتح,حي القوصية
صيدلية د. نادية نبيل,شارع الميناء، مبنى 89، أمام البنك، حي القوصية، أبو تيج، أسيوط,أسيوط,أبو تيج,حي القوصية
صيدلية خالد,شارع التحرير، مبنى 86، بجانب المدرسة، حي أسيوط، الفتح، أسيوط,أسيوط,الفتح,حي أسيوط
صيدلية هايدي سلامة,شارع الثورة، مبنى 128، عند النفق، حي ديروط، القوصية، أسيوط,أسيوط,القوصية,حي ديروط
صيدلية إيناس إبراهيم,شارع الميناء، مبنى 33، حي منفلوط، صدفا، أسيوط,أسيوط,صدفا,حي منفلوط
صيدلية د. منال فؤاد,شارع فيصل، مبنى 59، أمام البنك، حي منفلوط، صدفا، أسيوط,أسيوط,صدفا,حي منفلوط
صيدلية الفردوس,شارع الجامعة، مبنى 80، عند النفق، حي منفلوط، أسيوط الجديدة، أسيوط,أسيوط,أسيوط الجديدة,حي منفلوط
صيدلية الأمل,شارع الهرم، مبنى 72، حي القوصية، أسيوط، أسيوط,أسيوط,أسيوط,حي القوصية
صيدلية عاطف,شارع الجمهورية، مبنى 123، بعد محطة المترو، حي أسيوط، ديروط، أسيوط,أسيوط,ديروط,حي أسيوط
صيدلية د. حسن وائل,شارع الاستقلال، مبنى 72، عند النفق، حي القوصية، أبو تيج، أسيوط,أسيوط,أبو تيج,حي القوصية
صيدلية هايدي,شارع الزهراء، مبنى 6، أمام البنك، حي منفلوط، الغنايم، أسيوط,أسيوط,الغنايم,حي منفلوط
صيدلية العافية,شارع الوحدة، مبنى 37، بعد محطة المترو، حي أبنوب، ديروط، أسيوط,أسيوط,ديروط,حي أبنوب
صيدلية عمر,شارع 26 يوليو، مبنى 25، أمام البنك، حي منفلوط، أسيوط الجديدة، أسيوط,أسيوط,أسيوط الجديدة,حي منفلوط
صيدلية د. سمير عوض,شارع العروبة، مبنى 94، حي القوصية، البداري، أسيوط,أسيوط,البداري,حي القوصية
صيدلية د. حسين صبحي,شارع فلسطين، مبنى 67، بعد محطة المترو، حي أبنوب، القوصية، أسيوط,أسيوط,القوصية,حي أبنوب
صيدلية عاصم,شارع الوفاء، مبنى 141، حي القوصية، منفلوط، أسيوط,أسيوط,منفلوط,حي القوصية
صيدلية فؤاد صبحي,شارع القنال، مبنى 4، بعد محطة المترو، حي أبنوب، الفتح، أسيوط,أسيوط,الفتح,حي أبنوب
صيدلية د. أشرف أحمد,شارع الاستقلال، مبنى 90، بجوار المسجد، حي أبو تيج، أبنوب، أسيوط,أسيوط,أبنوب,حي أبو تيج
صيدلية أيمن,شارع الأزهر، مبنى 85، بجوار المسجد، حي أسيوط، ديروط، أسيوط,أسيوط,ديروط,حي أسيوط
صيدلية د. أماني أيمن,شارع الأزهر، مبنى 121، عند النفق، حي أسيوط، صدفا، أسيوط,أسيوط,صدفا,حي أسيوط
صيدلية فتحي,شارع النخيل، مبنى 81، حي أبنوب، الفتح، أسيوط,أسيوط,الفتح,حي أبنوب
صيدلية د. سامية محمد,شارع المعز، مبنى 69، بجانب المدرسة، حي أسيوط، البداري، أسيوط,أسيوط,البداري,حي أسيوط
صيدلية د. طارق محمود,شارع التحرير، مبنى 32، بجوار المسجد، حي القوصية، أسيوط الجديدة، أسيوط,أسيوط,أسيوط الجديدة,حي القوصية
صيدلية د. طارق فathy,شارع الاستقلال، مبنى 94، حي أبنوب، القوصية، أسيوط,أسيوط,القوصية,حي أبنوب
صيدلية العافية,شارع الجلاء، مبنى 74، بعد محطة المترو، حي أسيوط، أسيوط، أسيوط,أسيوط,أسيوط,حي أسيوط
صيدلية منال,شارع الجلاء، مبنى 33، بجانب المدرسة، حي أسيوط، أبو تيج، أسيوط,أسيوط,أبو تيج,حي أسيوط
صيدلية عبدالعزيز سلامة,شارع البحر، مبنى 20، بعد محطة المترو، حي القوصية، البداري، أسيوط,أسيوط,البداري,حي القوصية
صيدلية د. منال عبدالله,شارع بورسعيد، مبنى 95، بعد محطة المترو، حي منفلوط، مدينة أسيوط، أسيوط,أسيوط,مدينة أسيوط,حي منفلوط
صيدلية الفردوس,شارع الطيران، مبنى 32، حي أسيوط، الفتح، أسيوط,أسيوط,الفتح,حي أسيوط
صيدلية د. جهاد عبدالستار,شارع الثورة، مبنى 48، أمام البنك، حي القوصية، الغنايم، أسيوط,أسيوط,الغنايم,حي القوصية
صيدلية سعيد حسن,شارع الوفاء، مبنى 101، عند النفق، حي أبنوب، صدفا، أسيوط,أسيوط,صدفا,حي أبنوب
صيدلية د. نادية فathy,شارع فيصل، مبنى 39، أمام البنك، حي أبنوب، أبو تيج، أسيوط,أسيوط,أبو تيج,حي أبنوب
صيدلية مجدي,شارع 26 يوليو، مبنى 64، بجوار المسجد، حي أبو تيج، مدينة أسيوط، أسيوط,أسيوط,مدينة أسيوط,حي أبو تيج
صيدلية د. نادية حسين,شارع الاستقلال، مبنى 21، عند النفق، حي أسيوط، أسيوط، أسيوط,أسيوط,أسيوط,حي أسيوط
صيدلية د. هدى غانم,شارع النصر، مبنى 119، عند النفق، حي أسيوط، ديروط، أسيوط,أسيوط,ديروط,حي أسيوط
صيدلية وفاء خالد,شارع الأزهر، مبنى 11، بجانب المدرسة، حي القوصية، الغنايم، أسيوط,أسيوط,الغنايم,حي القوصية
صيدلية د. أحمد حامد,شارع الاستقلال، مبنى 73، عند النفق، حي أسيوط، الغنايم، أسيوط,أسيوط,الغنايم,حي أسيوط
صيدلية الأمل,شارع النخيل، مبنى 44، بجانب المدرسة، حي منفلوط، أسيوط، أسيوط,أسيوط,أسيوط,حي منفلوط
صيدلية رانيا,شارع الأقصى، مبنى 130، حي أبو تيج، ساحل سليم، أسيوط,أسيوط,ساحل سليم,حي أبو تيج
صيدلية ضياء فؤاد,شارع مكرم عبيد، مبنى 33، بجانب المدرسة، حي أبو تيج، ساحل سليم، أسيوط,أسيوط,ساحل سليم,حي أبو تيج
صيدلية د. منال إبراهيم,شارع المحطة، مبنى 50، حي أبنوب، أبو تيج، أسيوط,أسيوط,أبو تيج,حي أبنوب
صيدلية عبير,شارع عباس العقاد، مبنى 55، بعد محطة المترو، حي أسيوط، الفتح، أسيوط,أسيوط,الفتح,حي أسيوط
صيدلية علي,شارع الخزان، مبنى 15، عند النفق، حي منفلوط، ديروط، أسيوط,أسيوط,ديروط,حي منفلوط
صيدلية د. مجدي عبدالرحمن,شارع الأقصى، مبنى 8، عند النفق، حي أبنوب، ديروط، أسيوط,أسيوط,ديروط,حي أبنوب
صيدلية النور,شارع المقاومة، مبنى 29، بعد محطة المترو، حي القوصية، الغنايم، أسيوط,أسيوط,الغنايم,حي القوصية
صيدلية د. هشام سيد,شارع الأهرام، مبنى 6، بعد محطة المترو، حي أبو تيج، الغنايم، أسيوط,أسيوط,الغنايم,حي أبو تيج
صيدلية الأمل,شارع الجامعة، مبنى 13، بجانب المدرسة، حي منفلوط، البداري، أسيوط,أسيوط,البداري,حي منفلوط
صيدلية عبير عبدالله,شارع الطيران، مبنى 113، بجوار المسجد، حي ديروط، منفلوط، أسيوط,أسيوط,منفلوط,حي ديروط
صيدلية د. سلوى أحمد,شارع الخليفة، مبنى 23، أمام البنك، حي أبنوب، منفلوط، أسيوط,أسيوط,منفلوط,حي أبنوب
صيدلية د. رانيا محمد,شارع مكرم عبيد، مبنى 118، بجوار المسجد، حي أبو تيج، منفلوط، أسيوط,أسيوط,منفلوط,حي أبو تيج
صيدلية ليلى إبراهيم,شارع المحطة، مبنى 71، بجانب المدرسة، حي أبو تيج، الغنايم، أسيوط,أسيوط,الغنايم,حي أبو تيج
صيدلية العافية,شارع الجمهورية، مبنى 11، حي أبو تيج، ديروط، أسيوط,أسيوط,ديروط,حي أبو تيج
صيدلية د. عبلة الشيخ,شارع فلسطين، مبنى 59، بعد محطة المترو، حي منفلوط، أبو تيج، أسيوط,أسيوط,أبو تيج,حي منفلوط
صيدلية الصحة,شارع الزهراء، مبنى 143، عند النفق، حي ديروط، ساحل سليم، أسيوط,أسيوط,ساحل سليم,حي ديروط
صيدلية د. فريدة جلال,شارع الخليفة، مبنى 127، عند النفق، حي أسيوط، ساحل سليم، أسيوط,أسيوط,ساحل سليم,حي أسيوط
صيدلية لواء عاطف,شارع الخزان، مبنى 137، حي أسيوط، أبنوب، أسيوط,أسيوط,أبنوب,حي أسيوط
صيدلية الفردوس,شارع الروضة، مبنى 92، حي القوصية، أسيوط، أسيوط,أسيوط,أسيوط,حي القوصية
صيدلية الفردوس,شارع الأقصى، مبنى 124، أمام البنك، حي ديروط، منفلوط، أسيوط,أسيوط,منفلوط,حي ديروط
صيدلية الأمل,شارع الروضة، مبنى 133، عند النفق، حي القوصية، الفتح، أسيوط,أسيوط,الفتح,حي القوصية
صيدلية مها عبدالستار,شارع النخيل، مبنى 33، عند النفق، حي أبو تيج، أسيوط، أسيوط,أسيوط,أسيوط,حي أبو تيج
صيدلية وائل,شارع القنال، مبنى 89، بعد محطة المترو، حي أبنوب، الفتح، أسيوط,أسيوط,الفتح,حي أبنوب
صيدلية النور,شارع الأزهر، مبنى 28، أمام البنك، حي القوصية، البداري، أسيوط,أسيوط,البداري,حي القوصية
صيدلية د. إيمان السيد,شارع الزهراء، مبنى 112، بجوار المسجد، حي أبنوب، البداري، أسيوط,أسيوط,البداري,حي أبنوب
صيدلية د. عبدالرحمن صبحي,شارع الميناء، مبنى 100، أمام البنك، حي القوصية، الغنايم، أسيوط,أسيوط,الغنايم,حي القوصية
صيدلية إيهاب,شارع المقاومة، مبنى 17، حي القوصية، صدفا، أسيوط,أسيوط,صدفا,حي القوصية
صيدلية د. حورية حجازي,شارع الزهراء، مبنى 148، بجوار المسجد، حي القوصية، صدفا، أسيوط,أسيوط,صدفا,حي القوصية
صيدلية غادة فؤاد,شارع الأمل، مبنى 49، بجانب المدرسة، حي أبنوب، أسيوط الجديدة، أسيوط,أسيوط,أسيوط الجديدة,حي أبنوب
صيدلية هاني,شارع المحطة، مبنى 13، بجوار المسجد، حي أبنوب، أسيوط الجديدة، أسيوط,أسيوط,أسيوط الجديدة,حي أبنوب
صيدلية الصحة,شارع الجلاء، مبنى 67، بعد محطة المترو، حي ديروط، منفلوط، أسيوط,أسيوط,منفلوط,حي ديروط
صيدلية رائد,شارع الميناء، مبنى 88، عند النفق، حي أسيوط، أسيوط الجديدة، أسيوط,أسيوط,أسيوط الجديدة,حي أسيوط
صيدلية د. ضياء حسونة,شارع عباس العقاد، مبنى 125، حي ديروط، منفلوط، أسيوط,أسيوط,منفلوط,حي ديروط
صيدلية حسين,شارع الوحدة، مبنى 108، بعد محطة المترو، حي القوصية، ساحل سليم، أسيوط,أسيوط,ساحل سليم,حي القوصية
صيدلية هشام الفقي,شارع الثورة، مبنى 136، أمام البنك، حي القوصية، البداري، أسيوط,أسيوط,البداري,حي القوصية
صيدلية جهاد,شارع الميناء، مبنى 130، حي منفلوط، مدينة أسيوط، أسيوط,أسيوط,مدينة أسيوط,حي منفلوط
صيدلية بهاء,شارع الخزان، مبنى 89، عند النفق، حي ديروط، منفلوط، أسيوط,أسيوط,منفلوط,حي ديروط
صيدلية نهى عاطف,شارع الوفاء، مبنى 88، حي منفلوط، أسيوط، أسيوط,أسيوط,أسيوط,حي منفلوط
صيدلية د. أماني مجدي,شارع الخزان، مبنى 121، بجانب المدرسة، حي أبو تيج، أبنوب، أسيوط,أسيوط,أبنوب,حي أبو تيج
صيدلية نبيل وليد,شارع الميناء، مبنى 10، عند النفق، حي أسيوط، ديروط، أسيوط,أسيوط,ديروط,حي أسيوط
صيدلية فتحي مجدي,شارع المدرسة، مبنى 129، بجوار المسجد، حي ديروط، صدفا، أسيوط,أسيوط,صدفا,حي ديروط
صيدلية حسام هاني,شارع المسجد، مبنى 33، بجانب المدرسة، حي أسيوط، مدينة أسيوط، أسيوط,أسيوط,مدينة أسيوط,حي أسيوط
صيدلية مها هشام,شارع المدرسة، مبنى 43، بعد محطة المترو، حي أبو تيج، البداري، أسيوط,أسيوط,البداري,حي أبو تيج
صيدلية الصحة,شارع الوحدة، مبنى 102، حي منفلوط، الغنايم، أسيوط,أسيوط,الغنايم,حي منفلوط
صيدلية النور,شارع الجلاء، مبنى 49، حي أسيوط، الغنايم، أسيوط,أسيوط,الغنايم,حي أسيوط
صيدلية الفردوس,شارع الطيران، مبنى 58، بجانب المدرسة، حي القوصية، أسيوط الجديدة، أسيوط,أسيوط,أسيوط الجديدة,حي القوصية
صيدلية النور,شارع الجامعة، مبنى 92، بجانب المدرسة، حي القوصية، منفلوط، أسيوط,أسيوط,منفلوط,حي القوصية
صيدلية وفاء,شارع النخيل، مبنى 143، بجوار المسجد، حي ديروط، مدينة أسيوط، أسيوط,أسيوط,مدينة أسيوط,حي ديروط
صيدلية سلوى علي,شارع الأهرام، مبنى 77، عند النفق، حي أسيوط، أسيوط، أسيوط,أسيوط,أسيوط,حي أسيوط
صيدلية د. ضياء فathy,شارع مكرم عبيد، مبنى 28، حي ديروط، ساحل سليم، أسيوط,أسيوط,ساحل سليم,حي ديروط
صيدلية د. عبدالرحمن عبدالجواد,شارع الأمل، مبنى 35، عند النفق، حي أبنوب، القوصية، أسيوط,أسيوط,القوصية,حي أبنوب
صيدلية عمر هشام,شارع مكرم عبيد، مبنى 84، بعد محطة المترو، حي أبنوب، الغنايم، أسيوط,أسيوط,الغنايم,حي أبنوب
صيدلية رانيا حسين,شارع السوق، مبنى 55، بجوار المسجد، حي منفلوط، منفلوط، أسيوط,أسيوط,منفلوط,حي منفلوط
صيدلية الجمهورية,شارع المعز، مبنى 18، أمام البنك، حي منفلوط، ساحل سليم، أسيوط,أسيوط,ساحل سليم,حي منفلوط
صيدلية كمال,شارع عباس العقاد، مبنى 132، عند النفق، حي أسيوط، أسيوط، أسيوط,أسيوط,أسيوط,حي أسيوط
صيدلية د. غادة صبحي,شارع النصر، مبنى 10، بجوار المسجد، حي أبو تيج، أسيوط، أسيوط,أسيوط,أسيوط,حي أبو تيج
صيدلية هاني,شارع الزهراء، مبنى 23، أمام البنك، حي أبو تيج، القوصية، أسيوط,أسيوط,القوصية,حي أبو تيج
صيدلية د. هاني وحيد,شارع الطيران، مبنى 129، بعد محطة المترو، حي ديروط، القوصية، أسيوط,أسيوط,القوصية,حي ديروط
صيدلية د. غادة يوسف,شارع فيصل، مبنى 133، أمام البنك، حي منفلوط، أسيوط، أسيوط,أسيوط,أسيوط,حي منفلوط
صيدلية فؤاد,شارع الخليفة، مبنى 62، بجوار المسجد، حي أسيوط، الغنايم، أسيوط,أسيوط,الغنايم,حي أسيوط
صيدلية مها جلال,شارع فيصل، مبنى 15، أمام البنك، حي القوصية، أبو تيج، أسيوط,أسيوط,أبو تيج,حي القوصية
صيدلية د. سعاد يوسف,شارع الجامعة، مبنى 102، أمام البنك، حي ديروط، صدفا، أسيوط,أسيوط,صدفا,حي ديروط
صيدلية د. طارق وليد,شارع فلسطين، مبنى 131، بجوار المسجد، حي أبنوب، منفلوط، أسيوط,أسيوط,منفلوط,حي أبنوب
صيدلية وحيد,شارع الخليفة، مبنى 129، أمام البنك، حي منفلوط، ساحل سليم، أسيوط,أسيوط,ساحل سليم,حي منفلوط
صيدلية أمل عبدالرحمن,شارع الخليفة، مبنى 88، حي ديروط، أبنوب، أسيوط,أسيوط,أبنوب,حي ديروط
صيدلية د. مجدي عطية,شارع الخزان، مبنى 7، بجانب المدرسة، حي ديروط، صدفا، أسيوط,أسيوط,صدفا,حي ديروط
صيدلية د. سامية عطية,شارع البنك، مبنى 10، بجوار المسجد، حي أبو تيج، البداري، أسيوط,أسيوط,البداري,حي أبو تيج
صيدلية د. أنور ضياء,شارع الحرية، مبنى 28، بعد محطة المترو، حي القوصية، أسيوط، أسيوط,أسيوط,أسيوط,حي القوصية
صيدلية د. عزة علي,شارع البنك، مبنى 85، أمام البنك، حي أسيوط، صدفا، أسيوط,أسيوط,صدفا,حي أسيوط
صيدلية إبراهيم أنور,شارع المسجد، مبنى 73، بجانب المدرسة، حي أسيوط، ساحل سليم، أسيوط,أسيوط,ساحل سليم,حي أسيوط
صيدلية الأمل,شارع الوحدة، مبنى 14، بعد محطة المترو، حي ديروط، أسيوط الجديدة، أسيوط,أسيوط,أسيوط الجديدة,حي ديروط
صيدلية د. علي الشيخ,شارع الجمهورية، مبنى 29، بجانب المدرسة، حي القوصية، منفلوط، أسيوط,أسيوط,منفلوط,حي القوصية
صيدلية الفردوس,شارع الثورة، مبنى 112، بجانب المدرسة، حي طهطا، طهطا، سوهاج,سوهاج,طهطا,حي طهطا
صيدلية د. صبحي مصطفى,شارع النخيل، مبنى 75، بجوار المسجد، حي طهطا، المنشأة، سوهاج,سوهاج,المنشأة,حي طهطا
صيدلية نادية,شارع النخيل، مبنى 108، بجانب المدرسة، حي البلينا، دار السلام، سوهاج,سوهاج,دار السلام,حي البلينا
صيدلية الجمهورية,شارع الهرم، مبنى 125، بجانب المدرسة، حي سوهاج، مدينة سوهاج، سوهاج,سوهاج,مدينة سوهاج,حي سوهاج
صيدلية سحر,شارع الخليفة، مبنى 91، بعد محطة المترو، حي طهطا، أخميم، سوهاج,سوهاج,أخميم,حي طهطا
صيدلية إيمان محمد,شارع السادات، مبنى 24، بجوار المسجد، حي البلينا، سوهاج، سوهاج,سوهاج,سوهاج,حي البلينا
صيدلية عادل,شارع فيصل، مبنى 50، عند النفق، حي البلينا، طهطا، سوهاج,سوهاج,طهطا,حي البلينا
صيدلية د. سامية خالد,شارع الجامعة، مبنى 118، بعد محطة المترو، حي دار السلام، جرجا، سوهاج,سوهاج,جرجا,حي دار السلام
صيدلية د. هاني عبدالعزيز,شارع الخزان، مبنى 64، عند النفق، حي سوهاج، ساقلتة، سوهاج,سوهاج,ساقلتة,حي سوهاج
صيدلية د. منال عمرو,شارع الزهراء، مبنى 98، بعد محطة المترو، حي سوهاج، مدينة سوهاج، سوهاج,سوهاج,مدينة سوهاج,حي سوهاج
صيدلية د. أشرف وائل,شارع الوحدة، مبنى 96، بجوار المسجد، حي دار السلام، أخميم، سوهاج,سوهاج,أخميم,حي دار السلام
صيدلية بهاء,شارع الميناء، مبنى 20، أمام البنك، حي طهطا، أخميم الجديدة، سوهاج,سوهاج,أخميم الجديدة,حي طهطا
صيدلية د. فؤاد طارق,شارع كورنيش النيل، مبنى 78، بجوار المسجد، حي طهطا، أخميم، سوهاج,سوهاج,أخميم,حي طهطا
صيدلية نادية فؤاد,شارع الأمل، مبنى 138، بجانب المدرسة، حي جرجا، أخميم، سوهاج,سوهاج,أخميم,حي جرجا
صيدلية د. وفاء فؤاد,شارع المدرسة، مبنى 138، بجوار المسجد، حي طهطا، طهطا، سوهاج,سوهاج,طهطا,حي طهطا
صيدلية نهى,شارع الوفاء، مبنى 10، بجوار المسجد، حي سوهاج، طهطا، سوهاج,سوهاج,طهطا,حي سوهاج
صيدلية د. حسين حسن,شارع الوحدة، مبنى 10، بجوار المسجد، حي جرجا، أخميم الجديدة، سوهاج,سوهاج,أخميم الجديدة,حي جرجا
صيدلية مدحت,شارع التحرير، مبنى 139، بعد محطة المترو، حي سوهاج، البلينا، سوهاج,سوهاج,البلينا,حي سوهاج
صيدلية النور,شارع المسجد، مبنى 102، بجانب المدرسة، حي دار السلام، أخميم الجديدة، سوهاج,سوهاج,أخميم الجديدة,حي دار السلام
صيدلية د. وليد هشام,شارع الجلاء، مبنى 150، حي جرجا، البلينا، سوهاج,سوهاج,البلينا,حي جرجا
صيدلية د. عمرو عاطف,شارع الوفاء، مبنى 36، بجانب المدرسة، حي طهطا، سوهاج، سوهاج,سوهاج,سوهاج,حي طهطا
صيدلية د. محمود حامد,شارع النصر، مبنى 10، بجوار المسجد، حي البلينا، المراغة، سوهاج,سوهاج,المراغة,حي البلينا
صيدلية بهاء,شارع المعز، مبنى 119، أمام البنك، حي طهطا، ساقلتة، سوهاج,سوهاج,ساقلتة,حي طهطا
صيدلية د. سحر كمال,شارع مكرم عبيد، مبنى 77، بجوار المسجد، حي سوهاج، ساقلتة، سوهاج,سوهاج,ساقلتة,حي سوهاج
صيدلية د. أنور مصطفى,شارع الجلاء، مبنى 15، أمام البنك، حي جرجا، المراغة، سوهاج,سوهاج,المراغة,حي جرجا
صيدلية الصحة,شارع الجمهورية، مبنى 134، بجوار المسجد، حي البلينا، المنشأة، سوهاج,سوهاج,المنشأة,حي البلينا
صيدلية د. وائل حسونة,شارع الخليفة، مبنى 63، أمام البنك، حي جرجا، طما، سوهاج,سوهاج,طما,حي جرجا
صيدلية د. منير هاني,شارع الروضة، مبنى 72، بجوار المسجد، حي دار السلام، دار السلام، سوهاج,سوهاج,دار السلام,حي دار السلام
صيدلية د. هاني جلال,شارع الأقصى، مبنى 17، بعد محطة المترو، حي طهطا، سوهاج، سوهاج,سوهاج,سوهاج,حي طهطا
صيدلية العافية,شارع فيصل، مبنى 44، بجوار المسجد، حي طهطا، مدينة سوهاج، سوهاج,سوهاج,مدينة سوهاج,حي طهطا
صيدلية العافية,شارع المعز، مبنى 43، بجوار المسجد، حي سوهاج، جرجا، سوهاج,سوهاج,جرجا,حي سوهاج
صيدلية د. إيمان الفقي,شارع الخليفة، مبنى 100، عند النفق، حي جرجا، المراغة، سوهاج,سوهاج,المراغة,حي جرجا
صيدلية العافية,شارع القنال، مبنى 127، حي أخميم، سوهاج، سوهاج,سوهاج,سوهاج,حي أخميم
صيدلية د. هايدي عمرو,شارع عباس العقاد، مبنى 20، حي أخميم، المنشأة، سوهاج,سوهاج,المنشأة,حي أخميم
صيدلية د. سلوى عاطف,شارع فيصل، مبنى 145، عند النفق، حي سوهاج، أخميم الجديدة، سوهاج,سوهاج,أخميم الجديدة,حي سوهاج
صيدلية د. وليد أيمن,شارع العشرين، مبنى 138، حي أخميم، المراغة، سوهاج,سوهاج,المراغة,حي أخميم
صيدلية د. حورية عاطف,شارع المعز، مبنى 128، بجانب المدرسة، حي البلينا، البلينا، سوهاج,سوهاج,البلينا,حي البلينا
صيدلية إيمان مدحت,شارع محمد علي، مبنى 34، بجوار المسجد، حي دار السلام، ساقلتة، سوهاج,سوهاج,ساقلتة,حي دار السلام
صيدلية د. فؤاد عمر,شارع العروبة، مبنى 43، بجوار المسجد، حي جرجا، جرجا، سوهاج,سوهاج,جرجا,حي جرجا
صيدلية د. حسام الشيخ,شارع الثورة، مبنى 85، حي طهطا، سوهاج، سوهاج,سوهاج,سوهاج,حي طهطا
صيدلية أحمد,شارع السوق، مبنى 142، بجانب المدرسة، حي سوهاج، المراغة، سوهاج,سوهاج,المراغة,حي سوهاج
صيدلية د. سيد وحيد,شارع الميناء، مبنى 62، بجانب المدرسة، حي أخميم، المنشأة، سوهاج,سوهاج,المنشأة,حي أخميم
صيدلية الصحة,شارع القنال، مبنى 43، حي دار السلام، جرجا، سوهاج,سوهاج,جرجا,حي دار السلام
صيدلية العافية,شارع عباس العقاد، مبنى 90، أمام البنك، حي أخميم، أخميم، سوهاج,سوهاج,أخميم,حي أخميم
صيدلية د. هايدي إيهاب,شارع الميناء، مبنى 120، أمام البنك، حي سوهاج، دار السلام، سوهاج,سوهاج,دار السلام,حي سوهاج
صيدلية سمير,شارع الخزان، مبنى 51، بعد محطة المترو، حي سوهاج، ساقلتة، سوهاج,سوهاج,ساقلتة,حي سوهاج
صيدلية غادة صبحي,شارع الميناء، مبنى 146، بجانب المدرسة، حي سوهاج، طما، سوهاج,سوهاج,طما,حي سوهاج
صيدلية الفردوس,شارع الهرم، مبنى 73، بجانب المدرسة، حي أخميم، دار السلام، سوهاج,سوهاج,دار السلام,حي أخميم
صيدلية سيد إيهاب,شارع الاستقلال، مبنى 35، بجانب المدرسة، حي طهطا، البلينا، سوهاج,سوهاج,البلينا,حي طهطا
صيدلية د. نادية حسونة,شارع كورنيش النيل، مبنى 110، بجوار المسجد، حي سوهاج، سوهاج، سوهاج,سوهاج,سوهاج,حي سوهاج
صيدلية الجمهورية,شارع الأزهر، مبنى 88، بجوار المسجد، حي سوهاج، جهينة، سوهاج,سوهاج,جهينة,حي سوهاج
صيدلية نبيل,شارع المدرسة، مبنى 30، بجوار المسجد، حي أخميم، أخميم الجديدة، سوهاج,سوهاج,أخميم الجديدة,حي أخميم
صيدلية د. يوسف فؤاد,شارع الخليفة، مبنى 53، عند النفق، حي طهطا، دار السلام، سوهاج,سوهاج,دار السلام,حي طهطا
صيدلية سمير,شارع الوفاء، مبنى 44، بعد محطة المترو، حي سوهاج، المراغة، سوهاج,سوهاج,المراغة,حي سوهاج
صيدلية أشرف منسي,شارع القنال، مبنى 58، حي سوهاج، جهينة، سوهاج,سوهاج,جهينة,حي سوهاج
صيدلية د. عبدالعزيز مدحت,شارع الجلاء، مبنى 13، حي جرجا، أخميم الجديدة، سوهاج,سوهاج,أخميم الجديدة,حي جرجا
صيدلية د. سعيد وحيد,شارع المقاومة، مبنى 50، بجوار المسجد، حي دار السلام، دار السلام، سوهاج,سوهاج,دار السلام,حي دار السلام
صيدلية وحيد رمضان,شارع الزهراء، مبنى 32، عند النفق، حي أخميم، دار السلام، سوهاج,سوهاج,دار السلام,حي أخميم
صيدلية حسام حسين,شارع المقاومة، مبنى 59، عند النفق، حي جرجا، طما، سوهاج,سوهاج,طما,حي جرجا
صيدلية غادة عبدالجواد,شارع المقاومة، مبنى 111، أمام البنك، حي جرجا، جرجا، سوهاج,سوهاج,جرجا,حي جرجا
صيدلية جهاد وليد,شارع الطيران، مبنى 67، بجوار المسجد، حي سوهاج، سوهاج، سوهاج,سوهاج,سوهاج,حي سوهاج
صيدلية د. هشام منسي,شارع رمسيس، مبنى 88، حي طهطا، أخميم، سوهاج,سوهاج,أخميم,حي طهطا
صيدلية النور,شارع كورنيش النيل، مبنى 98، حي دار السلام، طما، سوهاج,سوهاج,طما,حي دار السلام
صيدلية مدحت,شارع الأمل، مبنى 28، بعد محطة المترو، حي أخميم، ساقلتة، سوهاج,سوهاج,ساقلتة,حي أخميم
صيدلية د. سمير صبحي,شارع الزهراء، مبنى 40، بجانب المدرسة، حي دار السلام، طما، سوهاج,سوهاج,طما,حي دار السلام
صيدلية د. أحمد أنور,شارع مكرم عبيد، مبنى 106، أمام البنك، حي سوهاج، دار السلام، سوهاج,سوهاج,دار السلام,حي سوهاج
صيدلية د. إبراهيم إبراهيم,شارع المسجد، مبنى 4، بجوار المسجد، حي البلينا، أخميم، سوهاج,سوهاج,أخميم,حي البلينا
صيدلية د. جهاد عبدالجواد,شارع التحرير، مبنى 133، عند النفق، حي سوهاج، مدينة سوهاج، سوهاج,سوهاج,مدينة سوهاج,حي سوهاج
صيدلية النور,شارع الأزهر، مبنى 14، بعد محطة المترو، حي أخميم، المنشأة، سوهاج,سوهاج,المنشأة,حي أخميم
صيدلية د. أيمن إيهاب,شارع البحر، مبنى 104، بجانب المدرسة، حي جرجا، جهينة، سوهاج,سوهاج,جهينة,حي جرجا
صيدلية أماني شريف,شارع فلسطين، مبنى 48، بجانب المدرسة، حي أخميم، العسيرات، سوهاج,سوهاج,العسيرات,حي أخميم
صيدلية رانيا,شارع الجلاء، مبنى 104، بجانب المدرسة، حي سوهاج، مدينة سوهاج، سوهاج,سوهاج,مدينة سوهاج,حي سوهاج
صيدلية د. عادل حامد,شارع الحرية، مبنى 150، أمام البنك، حي دار السلام، جرجا، سوهاج,سوهاج,جرجا,حي دار السلام
صيدلية نهى,شارع 26 يوليو، مبنى 103، بجوار المسجد، حي البلينا، طما، سوهاج,سوهاج,طما,حي البلينا
صيدلية الفردوس,شارع المسجد، مبنى 106، أمام البنك، حي جرجا، العسيرات، سوهاج,سوهاج,العسيرات,حي جرجا
صيدلية د. دينا فؤاد,شارع الوفاء، مبنى 101، بجوار المسجد، حي جرجا، العسيرات، سوهاج,سوهاج,العسيرات,حي جرجا
صيدلية أحمد,شارع الخليفة، مبنى 141، أمام البنك، حي طهطا، العسيرات، سوهاج,سوهاج,العسيرات,حي طهطا
صيدلية نادية,شارع المدرسة، مبنى 108، بجوار المسجد، حي جرجا، سوهاج، سوهاج,سوهاج,سوهاج,حي جرجا
صيدلية د. رانيا عوض,شارع الميناء، مبنى 126، بجوار المسجد، حي أخميم، جهينة، سوهاج,سوهاج,جهينة,حي أخميم
صيدلية د. نهى حسن,شارع البنك، مبنى 91، حي دار السلام، ساقلتة، سوهاج,سوهاج,ساقلتة,حي دار السلام
صيدلية عبدالعزيز صبحي,شارع رمسيس، مبنى 15، بعد محطة المترو، حي أخميم، أخميم الجديدة، سوهاج,سوهاج,أخميم الجديدة,حي أخميم
صيدلية د. علي عمرو,شارع 26 يوليو، مبنى 123، بجوار المسجد، حي جرجا، جرجا، سوهاج,سوهاج,جرجا,حي جرجا
صيدلية العافية,شارع الروضة، مبنى 92، حي جرجا، البلينا، سوهاج,سوهاج,البلينا,حي جرجا
صيدلية هايدي إيهاب,شارع بورسعيد، مبنى 144، حي دار السلام، طهطا، سوهاج,سوهاج,طهطا,حي دار السلام
صيدلية د. فريدة إيهاب,شارع فلسطين، مبنى 109، حي سوهاج، أخميم الجديدة، سوهاج,سوهاج,أخميم الجديدة,حي سوهاج
صيدلية الصحة,شارع التحرير، مبنى 64، حي سوهاج، البلينا، سوهاج,سوهاج,البلينا,حي سوهاج
صيدلية د. رانيا الشيخ,شارع الوفاء، مبنى 145، بجانب المدرسة، حي سوهاج، أخميم، سوهاج,سوهاج,أخميم,حي سوهاج
صيدلية العافية,شارع الهرم، مبنى 108، بجوار المسجد، حي دار السلام، المنشأة، سوهاج,سوهاج,المنشأة,حي دار السلام
صيدلية د. عمرو مصطفى,شارع الاستقلال، مبنى 145، بجانب المدرسة، حي دار السلام، سوهاج، سوهاج,سوهاج,سوهاج,حي دار السلام
صيدلية أيمن غانم,شارع الطيران، مبنى 19، بجانب المدرسة، حي جرجا، أخميم الجديدة، سوهاج,سوهاج,أخميم الجديدة,حي جرجا
صيدلية د. صبحي الفقي,شارع الجمهورية، مبنى 48، بعد محطة المترو، حي جرجا، العسيرات، سوهاج,سوهاج,العسيرات,حي جرجا
صيدلية د. عمر شريف,شارع الجلاء، مبنى 65، عند النفق، حي سوهاج، طما، سوهاج,سوهاج,طما,حي سوهاج
صيدلية د. نعمت هشام,شارع الطيران، مبنى 146، عند النفق، حي طهطا، جرجا، سوهاج,سوهاج,جرجا,حي طهطا
صيدلية عاطف,شارع المسجد، مبنى 5، عند النفق، حي أخميم، مدينة سوهاج، سوهاج,سوهاج,مدينة سوهاج,حي أخميم
صيدلية رمضان,شارع العشرين، مبنى 106، بعد محطة المترو، حي دار السلام، دار السلام، سوهاج,سوهاج,دار السلام,حي دار السلام
صيدلية الأمل,شارع الروضة، مبنى 48، أمام البنك، حي البلينا، العسيرات، سوهاج,سوهاج,العسيرات,حي البلينا
صيدلية د. خالد سيد,شارع البحر، مبنى 5، عند النفق، حي البلينا، المنشأة، سوهاج,سوهاج,المنشأة,حي البلينا
صيدلية د. أحمد حسن,شارع الروضة، مبنى 37، بعد محطة المترو، حي سوهاج، المراغة، سوهاج,سوهاج,المراغة,حي سوهاج
صيدلية د. فتحي أحمد,شارع الطيران، مبنى 122، أمام البنك، حي طهطا، أخميم، سوهاج,سوهاج,أخميم,حي طهطا
صيدلية حسن,شارع الخزان، مبنى 139، بجانب المدرسة، حي جرجا، المراغة، سوهاج,سوهاج,المراغة,حي جرجا
صيدلية د. بهاء عمر,شارع الجامعة، مبنى 94، بجانب المدرسة، حي البلينا، طما، سوهاج,سوهاج,طما,حي البلينا
صيدلية د. فتحي عادل,شارع الأهرام، مبنى 130، بعد محطة المترو، حي سوهاج، المراغة، سوهاج,سوهاج,المراغة,حي سوهاج
صيدلية العافية,شارع الروضة، مبنى 3، بجوار المسجد، حي أخميم، جهينة، سوهاج,سوهاج,جهينة,حي أخميم
صيدلية الفردوس,شارع 26 يوليو، مبنى 79، بجانب المدرسة، حي طهطا، طما، سوهاج,سوهاج,طما,حي طهطا
صيدلية رانيا فؤاد,شارع الثورة، مبنى 75، عند النفق، حي دار السلام، أخميم الجديدة، سوهاج,سوهاج,أخميم الجديدة,حي دار السلام
صيدلية لواء,شارع العشرين، مبنى 95، بجانب المدرسة، حي البلينا، أخميم الجديدة، سوهاج,سوهاج,أخميم الجديدة,حي البلينا
صيدلية النور,شارع السادات، مبنى 103، حي أخميم، أخميم الجديدة، سوهاج,سوهاج,أخميم الجديدة,حي أخميم
صيدلية د. خالد شريف,شارع مكرم عبيد، مبنى 136، حي البلينا، مدينة سوهاج، سوهاج,سوهاج,مدينة سوهاج,حي البلينا
صيدلية لواء,شارع النصر، مبنى 136، عند النفق، حي دار السلام، جرجا، سوهاج,سوهاج,جرجا,حي دار السلام
صيدلية الأمل,شارع طلعت حرب، مبنى 11، أمام البنك، حي دار السلام، طهطا، سوهاج,سوهاج,طهطا,حي دار السلام
صيدلية د. هايدي إبراهيم,شارع طلعت حرب، مبنى 100، بجوار المسجد، حي دار السلام، طهطا، سوهاج,سوهاج,طهطا,حي دار السلام
صيدلية سعيد وليد,شارع الميناء، مبنى 90، بعد محطة المترو، حي سوهاج، أخميم، سوهاج,سوهاج,أخميم,حي سوهاج
صيدلية سحر محمود,شارع البحر، مبنى 40، عند النفق، حي أخميم، جهينة، سوهاج,سوهاج,جهينة,حي أخميم
صيدلية د. عادل حسين,شارع البحر، مبنى 128، عند النفق، حي طهطا، العسيرات، سوهاج,سوهاج,العسيرات,حي طهطا
صيدلية سوسن,شارع رمسيس، مبنى 146، بجوار المسجد، حي دار السلام، مدينة سوهاج، سوهاج,سوهاج,مدينة سوهاج,حي دار السلام
صيدلية د. عاصم نبيل,شارع الوفاء، مبنى 59، بعد محطة المترو، حي أخميم، المنشأة، سوهاج,سوهاج,المنشأة,حي أخميم
صيدلية عزة,شارع المدرسة، مبنى 122، بجوار المسجد، حي البلينا، دار السلام، سوهاج,سوهاج,دار السلام,حي البلينا
صيدلية د. وائل عمر,شارع الحرية، مبنى 19، بجانب المدرسة، حي طهطا، أخميم، سوهاج,سوهاج,أخميم,حي طهطا
صيدلية منير,شارع محمد علي، مبنى 59، أمام البنك، حي دار السلام، ساقلتة، سوهاج,سوهاج,ساقلتة,حي دار السلام
صيدلية عمرو,شارع بورسعيد، مبنى 77، أمام البنك، حي البلينا، طما، سوهاج,سوهاج,طما,حي البلينا
صيدلية د. لواء الفقي,شارع القنال، مبنى 139، عند النفق، حي جرجا، طهطا، سوهاج,سوهاج,طهطا,حي جرجا
صيدلية إيمان مصطفى,شارع الأمل، مبنى 133، أمام البنك، حي أخميم، العسيرات، سوهاج,سوهاج,العسيرات,حي أخميم
صيدلية الجمهورية,شارع العشرين، مبنى 23، بجانب المدرسة، حي دار السلام، سوهاج، سوهاج,سوهاج,سوهاج,حي دار السلام
صيدلية الجمهورية,شارع الأهرام، مبنى 39، عند النفق، حي جرجا، طما، سوهاج,سوهاج,طما,حي جرجا
صيدلية ليلى وائل,شارع الميناء، مبنى 89، بجانب المدرسة، حي أخميم، أخميم الجديدة، سوهاج,سوهاج,أخميم الجديدة,حي أخميم
صيدلية العافية,شارع المسجد، مبنى 9، حي البلينا، أخميم، سوهاج,سوهاج,أخميم,حي البلينا
صيدلية د. نبيل وليد,شارع الوحدة، مبنى 12، أمام البنك، حي جرجا، المراغة، سوهاج,سوهاج,المراغة,حي جرجا
صيدلية سوسن,شارع الوحدة، مبنى 97، بجانب المدرسة، حي أخميم، جهينة، سوهاج,سوهاج,جهينة,حي أخميم
صيدلية محمود,شارع المحطة، مبنى 92، أمام البنك، حي البلينا، جهينة، سوهاج,سوهاج,جهينة,حي البلينا
صيدلية أيمن عبدالجواد,شارع الميناء، مبنى 45، بجوار المسجد، حي دار السلام، العسيرات، سوهاج,سوهاج,العسيرات,حي دار السلام
صيدلية الفردوس,شارع السوق، مبنى 112، أمام البنك، حي سوهاج، ساقلتة، سوهاج,سوهاج,ساقلتة,حي سوهاج
صيدلية د. عبدالرحمن السيد,شارع الزهراء، مبنى 137، بعد محطة المترو، حي دار السلام، سوهاج، سوهاج,سوهاج,سوهاج,حي دار السلام
صيدلية وحيد,شارع الأهرام، مبنى 9، أمام البنك، حي البلينا، دار السلام، سوهاج,سوهاج,دار السلام,حي البلينا
صيدلية د. أنور هاني,شارع المعز، مبنى 129، بعد محطة المترو، حي سوهاج، ساقلتة، سوهاج,سوهاج,ساقلتة,حي سوهاج
صيدلية هاني,شارع 26 يوليو، مبنى 15، أمام البنك، حي سوهاج، المنشأة، سوهاج,سوهاج,المنشأة,حي سوهاج
صيدلية د. أمل فؤاد,شارع الميناء، مبنى 22، حي جرجا، المراغة، سوهاج,سوهاج,المراغة,حي جرجا
صيدلية الصحة,شارع المقاومة، مبنى 98، بجوار المسجد، حي طهطا، دار السلام، سوهاج,سوهاج,دار السلام,حي طهطا
صيدلية لواء عاطف,شارع العشرين، مبنى 136، عند النفق، حي طهطا، العسيرات، سوهاج,سوهاج,العسيرات,حي طهطا
صيدلية بهاء عبدالستار,شارع السوق، مبنى 28، بجوار المسجد، حي أخميم، جرجا، سوهاج,سوهاج,جرجا,حي أخميم
صيدلية فتحي,شارع العروبة، مبنى 88، عند النفق، حي البلينا، جهينة، سوهاج,سوهاج,جهينة,حي البلينا
صيدلية علي غانم,شارع المقاومة، مبنى 114، بعد محطة المترو، حي دار السلام، طما، سوهاج,سوهاج,طما,حي دار السلام
صيدلية وحيد,شارع القنال، مبنى 149، بجوار المسجد، حي سوهاج، العسيرات، سوهاج,سوهاج,العسيرات,حي سوهاج
صيدلية سلوى سلامة,شارع فيصل، مبنى 48، أمام البنك، حي جرجا، أخميم، سوهاج,سوهاج,أخميم,حي جرجا
صيدلية رمضان,شارع الميناء، مبنى 110، حي جرجا، المراغة، سوهاج,سوهاج,المراغة,حي جرجا
صيدلية د. نعمت الشيخ,شارع بورسعيد، مبنى 29، بجانب المدرسة، حي سوهاج، البلينا، سوهاج,سوهاج,البلينا,حي سوهاج
صيدلية د. أحمد جلال,شارع الخليفة، مبنى 112، بجانب المدرسة، حي سوهاج، المراغة، سوهاج,سوهاج,المراغة,حي سوهاج
صيدلية هدى وائل,شارع الحرية، مبنى 88، حي أخميم، البلينا، سوهاج,سوهاج,البلينا,حي أخميم
صيدلية عبلة مصطفى,شارع الخزان، مبنى 25، عند النفق، حي دار السلام، أخميم، سوهاج,سوهاج,أخميم,حي دار السلام
صيدلية حسين,شارع محمد علي، مبنى 33، عند النفق، حي جرجا، جرجا، سوهاج,سوهاج,جرجا,حي جرجا
صيدلية د. غادة غانم,شارع المسجد، مبنى 34، أمام البنك، حي دار السلام، أخميم، سوهاج,سوهاج,أخميم,حي دار السلام
صيدلية د. عمر مدحت,شارع البحر، مبنى 42، أمام البنك، حي أخميم، أخميم الجديدة، سوهاج,سوهاج,أخميم الجديدة,حي أخميم
صيدلية د. دينا وائل,شارع النخيل، مبنى 104، أمام البنك، حي سوهاج، دار السلام، سوهاج,سوهاج,دار السلام,حي سوهاج
صيدلية سحر,شارع الأزهر، مبنى 144، عند النفق، حي دار السلام، العسيرات، سوهاج,سوهاج,العسيرات,حي دار السلام
صيدلية الفردوس,شارع البنك، مبنى 144، بعد محطة المترو، حي أخميم، طما، سوهاج,سوهاج,طما,حي أخميم
صيدلية عبدالله,شارع مكرم عبيد، مبنى 14، بجانب المدرسة، حي أخميم، المراغة، سوهاج,سوهاج,المراغة,حي أخميم
صيدلية فريدة,شارع البحر، مبنى 107، عند النفق، حي البلينا، مدينة سوهاج، سوهاج,سوهاج,مدينة سوهاج,حي البلينا
صيدلية أماني إبراهيم,شارع الاستقلال، مبنى 106، بعد محطة المترو، حي سوهاج، العسيرات، سوهاج,سوهاج,العسيرات,حي سوهاج
صيدلية هشام,شارع العشرين، مبنى 19، بجوار المسجد، حي دار السلام، مدينة سوهاج، سوهاج,سوهاج,مدينة سوهاج,حي دار السلام
صيدلية د. رائد فathy,شارع 26 يوليو، مبنى 140، عند النفق، حي البلينا، المراغة، سوهاج,سوهاج,المراغة,حي البلينا
صيدلية د. نعمت عطية,شارع الروضة، مبنى 105، بجوار المسجد، حي دار السلام، البلينا، سوهاج,سوهاج,البلينا,حي دار السلام
صيدلية الجمهورية,شارع طلعت حرب، مبنى 149، بجانب المدرسة، حي أخميم، العسيرات، سوهاج,سوهاج,العسيرات,حي أخميم
صيدلية أمل حسام,شارع الأمل، مبنى 57، بجوار المسجد، حي دشنا، الوقف، قنا,قنا,الوقف,حي دشنا
صيدلية د. مجدي حامد,شارع الميناء، مبنى 39، بجوار المسجد، حي قنا، نجع حمادي، قنا,قنا,نجع حمادي,حي قنا
صيدلية د. هدى حامد,شارع البحر، مبنى 23، بجوار المسجد، حي فرشوط، نجع حمادي، قنا,قنا,نجع حمادي,حي فرشوط
صيدلية العافية,شارع القنال، مبنى 70، أمام البنك، حي نجع حمادي، مدينة قنا، قنا,قنا,مدينة قنا,حي نجع حمادي
صيدلية الفردوس,شارع الميناء، مبنى 14، بجانب المدرسة، حي دشنا، قفط، قنا,قنا,قفط,حي دشنا
صيدلية بهاء,شارع عباس العقاد، مبنى 114، بجوار المسجد، حي قنا، مدينة قنا، قنا,قنا,مدينة قنا,حي قنا
صيدلية د. خالد محمود,شارع 26 يوليو، مبنى 37، بجوار المسجد، حي قوص، نقادة، قنا,قنا,نقادة,حي قوص
صيدلية د. منال سيد,شارع الخليفة، مبنى 35، بعد محطة المترو، حي فرشوط، دشنا، قنا,قنا,دشنا,حي فرشوط
صيدلية عاطف,شارع الجمهورية، مبنى 99، عند النفق، حي قنا، قفط، قنا,قنا,قفط,حي قنا
صيدلية الفردوس,شارع الخليفة، مبنى 54، حي قوص، أبو تشت، قنا,قنا,أبو تشت,حي قوص
صيدلية عبلة,شارع الحرية، مبنى 136، بجانب المدرسة، حي قنا، الوقف، قنا,قنا,الوقف,حي قنا
صيدلية إيمان,شارع الجمهورية، مبنى 33، حي قنا، قفط، قنا,قنا,قفط,حي قنا
صيدلية د. جلال فathy,شارع الزهراء، مبنى 140، بجوار المسجد، حي نجع حمادي، قوص، قنا,قنا,قوص,حي نجع حمادي
صيدلية الأمل,شارع التحرير، مبنى 54، حي قنا، دشنا، قنا,قنا,دشنا,حي قنا
صيدلية د. نعمت عبدالله,شارع المسجد، مبنى 13، بجانب المدرسة، حي فرشوط، نجع حمادي، قنا,قنا,نجع حمادي,حي فرشوط
صيدلية عادل,شارع المحطة، مبنى 4، حي فرشوط، أبو تشت، قنا,قنا,أبو تشت,حي فرشوط
صيدلية د. مدحت عطية,شارع الثورة، مبنى 33، عند النفق، حي قوص، قفط، قنا,قنا,قفط,حي قوص
صيدلية د. إيهاب هشام,شارع الميناء، مبنى 146، بجوار المسجد، حي أبو تشت، دشنا، قنا,قنا,دشنا,حي أبو تشت
صيدلية خالد رمضان,شارع الوحدة، مبنى 128، حي دشنا، نقادة، قنا,قنا,نقادة,حي دشنا
صيدلية غادة عبدالستار,شارع محمد علي، مبنى 104، أمام البنك، حي فرشوط، أبو تشت، قنا,قنا,أبو تشت,حي فرشوط
صيدلية د. نبيل طارق,شارع عباس العقاد، مبنى 50، بعد محطة المترو، حي فرشوط، نقادة، قنا,قنا,نقادة,حي فرشوط
صيدلية د. منير علي,شارع الطيران، مبنى 27، بعد محطة المترو، حي قنا، قنا، قنا,قنا,قنا,حي قنا
صيدلية جلال وائل,شارع البنك، مبنى 58، عند النفق، حي قوص، مدينة قنا، قنا,قنا,مدينة قنا,حي قوص
صيدلية سمير يوسف,شارع الخزان، مبنى 149، حي نجع حمادي، مدينة قنا، قنا,قنا,مدينة قنا,حي نجع حمادي
صيدلية نعمت فؤاد,شارع الخزان، مبنى 26، عند النفق، حي قنا، قنا، قنا,قنا,قنا,حي قنا
صيدلية د. منير حسين,شارع البنك، مبنى 126، بجوار المسجد، حي قنا، نقادة، قنا,قنا,نقادة,حي قنا
صيدلية العافية,شارع المدرسة، مبنى 56، حي أبو تشت، قنا، قنا,قنا,قنا,حي أبو تشت
صيدلية مها,شارع الاستقلال، مبنى 87، حي دشنا، أبو تشت، قنا,قنا,أبو تشت,حي دشنا
صيدلية د. سحر هاني,شارع محمد علي، مبنى 123، بجوار المسجد، حي فرشوط، نقادة، قنا,قنا,نقادة,حي فرشوط
صيدلية د. محمد مصطفى,شارع المقاومة، مبنى 37، أمام البنك، حي نجع حمادي، مدينة قنا، قنا,قنا,مدينة قنا,حي نجع حمادي
صيدلية فؤاد,شارع الهرم، مبنى 1، عند النفق، حي قنا، قوص، قنا,قنا,قوص,حي قنا
صيدلية الفردوس,شارع الجامعة، مبنى 128، بجانب المدرسة، حي فرشوط، نقادة، قنا,قنا,نقادة,حي فرشوط
صيدلية الجمهورية,شارع الوحدة، مبنى 136، بعد محطة المترو، حي نجع حمادي، مدينة قنا، قنا,قنا,مدينة قنا,حي نجع حمادي
صيدلية الجمهورية,شارع الثورة، مبنى 87، بجوار المسجد، حي قنا، قفط، قنا,قنا,قفط,حي قنا
صيدلية لواء,شارع المعز، مبنى 60، بجوار المسجد، حي نجع حمادي، أبو تشت، قنا,قنا,أبو تشت,حي نجع حمادي
صيدلية محمود,شارع الوفاء، مبنى 101، عند النفق، حي قنا، نقادة، قنا,قنا,نقادة,حي قنا
صيدلية رانيا فathy,شارع فلسطين، مبنى 70، بجانب المدرسة، حي دشنا، نقادة، قنا,قنا,نقادة,حي دشنا
صيدلية الجمهورية,شارع الخزان، مبنى 107، أمام البنك، حي أبو تشت، قوص، قنا,قنا,قوص,حي أبو تشت
صيدلية د. سلوى عطية,شارع عباس العقاد، مبنى 134، أمام البنك، حي دشنا، نجع حمادي، قنا,قنا,نجع حمادي,حي دشنا
صيدلية د. أحمد حجازي,شارع طلعت حرب، مبنى 29، أمام البنك، حي دشنا، قفط، قنا,قنا,قفط,حي دشنا
صيدلية هايدي إبراهيم,شارع النصر، مبنى 149، بعد محطة المترو، حي دشنا، قنا، قنا,قنا,قنا,حي دشنا
صيدلية د. فؤاد وحيد,شارع الثورة، مبنى 118، بعد محطة المترو، حي قنا، قفط، قنا,قنا,قفط,حي قنا
صيدلية سعاد,شارع السوق، مبنى 40، أمام البنك، حي دشنا، الوقف، قنا,قنا,الوقف,حي دشنا
صيدلية د. وحيد مجدي,شارع المحطة، مبنى 135، بجانب المدرسة، حي قنا، فرشوط، قنا,قنا,فرشوط,حي قنا
صيدلية د. حسن فؤاد,شارع الطيران، مبنى 142، بعد محطة المترو، حي أبو تشت، قفط، قنا,قنا,قفط,حي أبو تشت
صيدلية د. مجدي حسونة,شارع الهرم، مبنى 25، بجوار المسجد، حي قنا، الوقف، قنا,قنا,الوقف,حي قنا
صيدلية د. أماني عادل,شارع الأهرام، مبنى 85، بعد محطة المترو، حي أبو تشت، نقادة، قنا,قنا,نقادة,حي أبو تشت
صيدلية د. فاتن أشرف,شارع المحطة، مبنى 34، عند النفق، حي فرشوط، قفط، قنا,قنا,قفط,حي فرشوط
صيدلية د. حسن محمد,شارع العروبة، مبنى 82، بجوار المسجد، حي فرشوط، دشنا، قنا,قنا,دشنا,حي فرشوط
صيدلية الأمل,شارع المسجد، مبنى 147، بجانب المدرسة، حي دشنا، قفط، قنا,قنا,قفط,حي دشنا
صيدلية أشرف فؤاد,شارع العروبة، مبنى 110، بعد محطة المترو، حي قنا، قنا، قنا,قنا,قنا,حي قنا
صيدلية د. خالد عبدالرحمن,شارع الزهراء، مبنى 121، بجانب المدرسة، حي دشنا، قنا، قنا,قنا,قنا,حي دشنا
صيدلية الصحة,شارع الاستقلال، مبنى 85، بجوار المسجد، حي قنا، نقادة، قنا,قنا,نقادة,حي قنا
صيدلية الجمهورية,شارع الروضة، مبنى 53، بعد محطة المترو، حي فرشوط، الوقف، قنا,قنا,الوقف,حي فرشوط
صيدلية الأمل,شارع طلعت حرب، مبنى 58، عند النفق، حي نجع حمادي، نجع حمادي، قنا,قنا,نجع حمادي,حي نجع حمادي
صيدلية صبحي الفقي,شارع القنال، مبنى 133، حي فرشوط، فرشوط، قنا,قنا,فرشوط,حي فرشوط
صيدلية د. جلال وائل,شارع الجلاء، مبنى 126، حي قوص، نجع حمادي، قنا,قنا,نجع حمادي,حي قوص
صيدلية الفردوس,شارع النخيل، مبنى 43، حي نجع حمادي، أبو تشت، قنا,قنا,أبو تشت,حي نجع حمادي
صيدلية فاتن,شارع القنال، مبنى 145، أمام البنك، حي فرشوط، مدينة قنا، قنا,قنا,مدينة قنا,حي فرشوط
صيدلية د. صبحي صبحي,شارع الوحدة، مبنى 71، أمام البنك، حي قوص، الوقف، قنا,قنا,الوقف,حي قوص
صيدلية د. رائد هشام,شارع القنال، مبنى 86، بجانب المدرسة، حي قوص، قوص، قنا,قنا,قوص,حي قوص
صيدلية د. إيهاب إبراهيم,شارع السادات، مبنى 112، بجوار المسجد، حي قنا، قوص، قنا,قنا,قوص,حي قنا
صيدلية الأمل,شارع الهرم، مبنى 113، بعد محطة المترو، حي دشنا، دشنا، قنا,قنا,دشنا,حي دشنا
صيدلية د. محمود أشرف,شارع السادات، مبنى 77، بعد محطة المترو، حي نجع حمادي، الوقف، قنا,قنا,الوقف,حي نجع حمادي
صيدلية د. إبراهيم مدحت,شارع السادات، مبنى 107، أمام البنك، حي فرشوط، نقادة، قنا,قنا,نقادة,حي فرشوط
صيدلية سوسن أيمن,شارع الهرم، مبنى 86، حي نجع حمادي، مدينة قنا، قنا,قنا,مدينة قنا,حي نجع حمادي
صيدلية إيناس,شارع البحر، مبنى 109، بجوار المسجد، حي قنا، قنا، قنا,قنا,قنا,حي قنا
صيدلية د. نعمت هاني,شارع فيصل، مبنى 89، بجوار المسجد، حي فرشوط، قنا، قنا,قنا,قنا,حي فرشوط
صيدلية الفردوس,شارع المقاومة، مبنى 56، بجوار المسجد، حي نجع حمادي، نجع حمادي، قنا,قنا,نجع حمادي,حي نجع حمادي
صيدلية حسام أنور,شارع الخليفة، مبنى 70، بجوار المسجد، حي دشنا، نجع حمادي، قنا,قنا,نجع حمادي,حي دشنا
صيدلية الفردوس,شارع البحر، مبنى 70، عند النفق، حي نجع حمادي، مدينة قنا، قنا,قنا,مدينة قنا,حي نجع حمادي
صيدلية د. محمد هاني,شارع الثورة، مبنى 27، بجانب المدرسة، حي فرشوط، نقادة، قنا,قنا,نقادة,حي فرشوط
صيدلية عزة أيمن,شارع محمد علي، مبنى 3، بعد محطة المترو، حي قنا، نجع حمادي، قنا,قنا,نجع حمادي,حي قنا
صيدلية د. فاتن عطية,شارع الخزان، مبنى 46، عند النفق، حي دشنا، نجع حمادي، قنا,قنا,نجع حمادي,حي دشنا
صيدلية د. دينا يوسف,شارع مكرم عبيد، مبنى 146، عند النفق، حي نجع حمادي، قوص، قنا,قنا,قوص,حي نجع حمادي
صيدلية لواء,شارع الميناء، مبنى 44، بعد محطة المترو، حي فرشوط، فرشوط، قنا,قنا,فرشوط,حي فرشوط
صيدلية د. بهاء إيهاب,شارع الزهراء، مبنى 48، بجانب المدرسة، حي أبو تشت، قفط، قنا,قنا,قفط,حي أبو تشت
صيدلية محمد,شارع الميناء، مبنى 128، بجانب المدرسة، حي دشنا، فرشوط، قنا,قنا,فرشوط,حي دشنا
صيدلية د. رانيا حجازي,شارع الخليفة، مبنى 102، عند النفق، حي قوص، نقادة، قنا,قنا,نقادة,حي قوص
صيدلية د. طارق السيد,شارع الطيران، مبنى 118، عند النفق، حي فرشوط، نقادة، قنا,قنا,نقادة,حي فرشوط
صيدلية هشام عوض,شارع مكرم عبيد، مبنى 134، بجانب المدرسة، حي أبو تشت، قفط، قنا,قنا,قفط,حي أبو تشت
صيدلية د. سامية عبدالجواد,شارع الطيران، مبنى 56، عند النفق، حي فرشوط، قفط، قنا,قنا,قفط,حي فرشوط
صيدلية فريدة,شارع فيصل، مبنى 31، بجانب المدرسة، حي دشنا، مدينة قنا، قنا,قنا,مدينة قنا,حي دشنا
صيدلية د. لواء شريف,شارع فلسطين، مبنى 107، بعد محطة المترو، حي قنا، قوص، قنا,قنا,قوص,حي قنا
صيدلية د. وائل عوض,شارع المحطة، مبنى 102، بعد محطة المترو، حي أبو تشت، قنا، قنا,قنا,قنا,حي أبو تشت
صيدلية د. عزة السيد,شارع مكرم عبيد، مبنى 129، أمام البنك، حي نجع حمادي، قوص، قنا,قنا,قوص,حي نجع حمادي
صيدلية صبحي نبيل,شارع المقاومة، مبنى 135، بجانب المدرسة، حي قوص، الوقف، قنا,قنا,الوقف,حي قوص
صيدلية د. طارق علي,شارع الأقصى، مبنى 15، حي أبو تشت، نجع حمادي، قنا,قنا,نجع حمادي,حي أبو تشت
صيدلية د. سوسن أحمد,شارع بورسعيد، مبنى 111، عند النفق، حي قوص، نجع حمادي، قنا,قنا,نجع حمادي,حي قوص
صيدلية د. رانيا سلامة,شارع الأزهر، مبنى 123، بعد محطة المترو، حي دشنا، نجع حمادي، قنا,قنا,نجع حمادي,حي دشنا
صيدلية سوسن أنور,شارع القنال، مبنى 45، حي قنا، قنا، قنا,قنا,قنا,حي قنا
صيدلية حورية,شارع الجمهورية، مبنى 122، عند النفق، حي نجع حمادي، الوقف، قنا,قنا,الوقف,حي نجع حمادي
صيدلية د. عبلة إبراهيم,شارع الزهراء، مبنى 12، بعد محطة المترو، حي فرشوط، مدينة قنا، قنا,قنا,مدينة قنا,حي فرشوط
صيدلية وفاء أشرف,شارع المدرسة، مبنى 16، أمام البنك، حي دشنا، قفط، قنا,قنا,قفط,حي دشنا
صيدلية الفردوس,شارع الميناء، مبنى 46، بعد محطة المترو، حي أبو تشت، أبو تشت، قنا,قنا,أبو تشت,حي أبو تشت
صيدلية الأمل,شارع الأمل، مبنى 73، أمام البنك، حي أبو تشت، قوص، قنا,قنا,قوص,حي أبو تشت
صيدلية الجمهورية,شارع الوحدة، مبنى 114، بجانب المدرسة، حي دشنا، فرشوط، قنا,قنا,فرشوط,حي دشنا
صيدلية النور,شارع الوحدة، مبنى 80، عند النفق، حي قنا، دشنا، قنا,قنا,دشنا,حي قنا
صيدلية د. هشام خالد,شارع الميناء، مبنى 11، عند النفق، حي فرشوط، قفط، قنا,قنا,قفط,حي فرشوط
صيدلية د. نبيل عبدالرحمن,شارع التحرير، مبنى 139، بجوار المسجد، حي قنا، دشنا، قنا,قنا,دشنا,حي قنا
صيدلية د. حسام هشام,شارع المدرسة، مبنى 102، بجوار المسجد، حي أبو تشت، مدينة قنا، قنا,قنا,مدينة قنا,حي أبو تشت
صيدلية سامية مصطفى,شارع التحرير، مبنى 27، عند النفق، حي نجع حمادي، نقادة، قنا,قنا,نقادة,حي نجع حمادي
صيدلية الصحة,شارع عباس العقاد، مبنى 50، عند النفق، حي دشنا، نجع حمادي، قنا,قنا,نجع حمادي,حي دشنا
صيدلية لواء,شارع النصر، مبنى 100، حي دشنا، مدينة قنا، قنا,قنا,مدينة قنا,حي دشنا
صيدلية مدحت وليد,شارع الجلاء، مبنى 12، بجوار المسجد، حي قنا، أبو تشت، قنا,قنا,أبو تشت,حي قنا
صيدلية فاتن عمرو,شارع الميناء، مبنى 43، عند النفق، حي دشنا، قنا، قنا,قنا,قنا,حي دشنا
صيدلية الصحة,شارع المدرسة، مبنى 68، بجوار المسجد، حي دشنا، نجع حمادي، قنا,قنا,نجع حمادي,حي دشنا
صيدلية رانيا كمال,شارع كورنيش النيل، مبنى 103، بجانب المدرسة، حي أبو تشت، دشنا، قنا,قنا,دشنا,حي أبو تشت
صيدلية د. منير هشام,شارع السوق، مبنى 47، بجانب المدرسة، حي أبو تشت، قفط، قنا,قنا,قفط,حي أبو تشت
صيدلية د. عبدالعزيز وائل,شارع الهرم، مبنى 14، بعد محطة المترو، حي قوص، أبو تشت، قنا,قنا,أبو تشت,حي قوص
صيدلية عبدالعزيز السيد,شارع مكرم عبيد، مبنى 109، حي فرشوط، نقادة، قنا,قنا,نقادة,حي فرشوط
صيدلية سمير,شارع عباس العقاد، مبنى 65، حي أبو تشت، نجع حمادي، قنا,قنا,نجع حمادي,حي أبو تشت
صيدلية الأمل,شارع الزهراء، مبنى 13، حي قوص، قوص، قنا,قنا,قوص,حي قوص
صيدلية سعاد علي,شارع الأهرام، مبنى 59، عند النفق، حي فرشوط، قنا، قنا,قنا,قنا,حي فرشوط
صيدلية خالد,شارع الجلاء، مبنى 48، أمام البنك، حي أبو تشت، قفط، قنا,قنا,قفط,حي أبو تشت
صيدلية نهى,شارع الأهرام، مبنى 38، حي قوص، أبو تشت، قنا,قنا,أبو تشت,حي قوص
صيدلية د. سلوى عاطف,شارع الجامعة، مبنى 80، بجوار المسجد، حي قنا، فرشوط، قنا,قنا,فرشوط,حي قنا
صيدلية الأمل,شارع الجلاء، مبنى 104، عند النفق، حي نجع حمادي، نقادة، قنا,قنا,نقادة,حي نجع حمادي
صيدلية د. عاصم وحيد,شارع البحر، مبنى 17، عند النفق، حي قوص، نقادة، قنا,قنا,نقادة,حي قوص
صيدلية الصحة,شارع الأمل، مبنى 110، أمام البنك، حي قنا، الوقف، قنا,قنا,الوقف,حي قنا
صيدلية د. إيمان فؤاد,شارع الأقصى، مبنى 86، حي دشنا، قوص، قنا,قنا,قوص,حي دشنا
صيدلية د. هشام عوض,شارع رمسيس، مبنى 58، أمام البنك، حي دشنا، نقادة، قنا,قنا,نقادة,حي دشنا
صيدلية وليد,شارع المقاومة، مبنى 126، عند النفق، حي قوص، نقادة، قنا,قنا,نقادة,حي قوص
صيدلية د. عمر عمرو,شارع فيصل، مبنى 136، أمام البنك، حي نجع حمادي، قفط، قنا,قنا,قفط,حي نجع حمادي
صيدلية نادية,شارع الوحدة، مبنى 81، بجانب المدرسة، حي قوص، نقادة، قنا,قنا,نقادة,حي قوص
صيدلية د. فؤاد حجازي,شارع الأقصى، مبنى 137، أمام البنك، حي نجع حمادي، نقادة، قنا,قنا,نقادة,حي نجع حمادي
صيدلية العافية,شارع النصر، مبنى 40، بجوار المسجد، حي قوص، قنا، قنا,قنا,قنا,حي قوص
صيدلية إيمان كمال,شارع البحر، مبنى 68، حي دشنا، قوص، قنا,قنا,قوص,حي دشنا
صيدلية د. خالد عبدالجواد,شارع فلسطين، مبنى 14، بجوار المسجد، حي قنا، قوص، قنا,قنا,قوص,حي قنا
صيدلية الفردوس,شارع المقاومة، مبنى 27، بجوار المسجد، حي نجع حمادي، الوقف، قنا,قنا,الوقف,حي نجع حمادي
صيدلية الأمل,شارع الميناء، مبنى 40، بجانب المدرسة، حي قنا، قوص، قنا,قنا,قوص,حي قنا
صيدلية د. سلوى سمير,شارع الاستقلال، مبنى 65، أمام البنك، حي قنا، دشنا، قنا,قنا,دشنا,حي قنا
صيدلية العافية,شارع الجلاء، مبنى 48، بجوار المسجد، حي فرشوط، قفط، قنا,قنا,قفط,حي فرشوط
صيدلية هشام أنور,شارع الثورة، مبنى 102، بعد محطة المترو، حي نجع حمادي، قفط، قنا,قنا,قفط,حي نجع حمادي
صيدلية د. علي محمود,شارع الخزان، مبنى 124، عند النفق، حي فرشوط، قفط، قنا,قنا,قفط,حي فرشوط
صيدلية الفردوس,شارع الأقصى، مبنى 90، أمام البنك، حي دشنا، فرشوط، قنا,قنا,فرشوط,حي دشنا
صيدلية ضياء وليد,شارع الخزان، مبنى 5، أمام البنك، حي دشنا، قوص، قنا,قنا,قوص,حي دشنا
صيدلية د. هايدي إيهاب,شارع الخزان، مبنى 40، عند النفق، حي أبو تشت، أبو تشت، قنا,قنا,أبو تشت,حي أبو تشت
صيدلية ليلى منسي,شارع محمد علي، مبنى 62، حي قوص، قنا، قنا,قنا,قنا,حي قوص
صيدلية الأمل,شارع الروضة، مبنى 89، بجانب المدرسة، حي قنا، قنا، قنا,قنا,قنا,حي قنا
صيدلية د. أيمن حسونة,شارع القنال، مبنى 149، أمام البنك، حي قوص، نقادة، قنا,قنا,نقادة,حي قوص
صيدلية فريدة,شارع الحرية، مبنى 139، حي نجع حمادي، قنا، قنا,قنا,قنا,حي نجع حمادي
صيدلية د. نبيل الفقي,شارع رمسيس، مبنى 16، بجوار المسجد، حي قنا، قوص، قنا,قنا,قوص,حي قنا
صيدلية الفردوس,شارع الروضة، مبنى 131، بجوار المسجد، حي قوص، دشنا، قنا,قنا,دشنا,حي قوص
صيدلية د. سلوى عبدالجواد,شارع النخيل، مبنى 31، أمام البنك، حي أرمنت، القرنة، الأقصر,الأقصر,القرنة,حي أرمنت
صيدلية الجمهورية,شارع الميناء، مبنى 89، بجوار المسجد، حي إسنا، الزينية، الأقصر,الأقصر,الزينية,حي إسنا
صيدلية هدى,شارع رمسيس، مبنى 130، بعد محطة المترو، حي أرمنت، الطود، الأقصر,الأقصر,الطود,حي أرمنت
صيدلية النور,شارع البنك، مبنى 82، عند النفق، حي إسنا، أرمنت، الأقصر,الأقصر,أرمنت,حي إسنا
صيدلية د. محمود سيد,شارع عباس العقاد، مبنى 65، بجانب المدرسة، حي القرنة، الأقصر، الأقصر,الأقصر,الأقصر,حي القرنة
صيدلية سعاد سمير,شارع الوفاء، مبنى 9، حي الأقصر، إسنا، الأقصر,الأقصر,إسنا,حي الأقصر
صيدلية د. رمضان حسن,شارع الأزهر، مبنى 57، بجانب المدرسة، حي القرنة، البياضية، الأقصر,الأقصر,البياضية,حي القرنة
صيدلية د. نهى علي,شارع المسجد، مبنى 130، حي الأقصر، الأقصر، الأقصر,الأقصر,الأقصر,حي الأقصر
صيدلية عمرو,شارع بورسعيد، مبنى 75، بجوار المسجد، حي الأقصر، الأقصر، الأقصر,الأقصر,الأقصر,حي الأقصر
صيدلية مدحت منسي,شارع الوحدة، مبنى 35، بجوار المسجد، حي القرنة، الأقصر، الأقصر,الأقصر,الأقصر,حي القرنة
صيدلية حسين,شارع العروبة، مبنى 38، بجانب المدرسة، حي أرمنت، القرنة، الأقصر,الأقصر,القرنة,حي أرمنت
صيدلية هشام,شارع 26 يوليو، مبنى 7، بجوار المسجد، حي الأقصر، الأقصر، الأقصر,الأقصر,الأقصر,حي الأقصر
صيدلية د. جهاد رمضان,شارع المسجد، مبنى 24، بجانب المدرسة، حي أرمنت، البياضية، الأقصر,الأقصر,البياضية,حي أرمنت
صيدلية د. وائل فathy,شارع طلعت حرب، مبنى 131، بجوار المسجد، حي إسنا، القرنة، الأقصر,الأقصر,القرنة,حي إسنا
صيدلية أماني,شارع مكرم عبيد، مبنى 135، عند النفق، حي القرنة، البياضية، الأقصر,الأقصر,البياضية,حي القرنة
صيدلية عبدالعزيز,شارع المسجد، مبنى 127، حي الأقصر، الزينية، الأقصر,الأقصر,الزينية,حي الأقصر
صيدلية د. محمد إبراهيم,شارع المحطة، مبنى 97، حي أرمنت، الأقصر، الأقصر,الأقصر,الأقصر,حي أرمنت
صيدلية مجدي إبراهيم,شارع السوق، مبنى 143، بعد محطة المترو، حي الأقصر، الزينية، الأقصر,الأقصر,الزينية,حي الأقصر
صيدلية الصحة,شارع الميناء، مبنى 132، بعد محطة المترو، حي الأقصر، البياضية، الأقصر,الأقصر,البياضية,حي الأقصر
صيدلية عبلة,شارع المدرسة، مبنى 70، عند النفق، حي إسنا، الطود، الأقصر,الأقصر,الطود,حي إسنا
صيدلية د. وفاء علي,شارع فلسطين، مبنى 141، عند النفق، حي إسنا، إسنا، الأقصر,الأقصر,إسنا,حي إسنا
صيدلية هاني غانم,شارع الهرم، مبنى 39، أمام البنك، حي الأقصر، الأقصر، الأقصر,الأقصر,الأقصر,حي الأقصر
صيدلية منير عبدالعزيز,شارع الزهراء، مبنى 108، بجانب المدرسة، حي إسنا، الأقصر، الأقصر,الأقصر,الأقصر,حي إسنا
صيدلية د. نبيل عمر,شارع بورسعيد، مبنى 96، عند النفق، حي أرمنت، الأقصر، الأقصر,الأقصر,الأقصر,حي أرمنت
صيدلية د. ضياء شريف,شارع الروضة، مبنى 94، بعد محطة المترو، حي أرمنت، الزينية، الأقصر,الأقصر,الزينية,حي أرمنت
صيدلية حسام,شارع البحر، مبنى 147، بجانب المدرسة، حي أرمنت، إسنا، الأقصر,الأقصر,إسنا,حي أرمنت
صيدلية د. خالد وحيد,شارع الميناء، مبنى 94، بجوار المسجد، حي القرنة، إسنا، الأقصر,الأقصر,إسنا,حي القرنة
صيدلية د. عاطف أحمد,شارع مكرم عبيد، مبنى 86، بجوار المسجد، حي القرنة، القرنة، الأقصر,الأقصر,القرنة,حي القرنة
صيدلية الصحة,شارع العروبة، مبنى 58، بجوار المسجد، حي القرنة، البياضية، الأقصر,الأقصر,البياضية,حي القرنة
صيدلية د. عادل إيهاب,شارع المقاومة، مبنى 146، حي القرنة، الطود، الأقصر,الأقصر,الطود,حي القرنة
صيدلية عبلة,شارع الأهرام، مبنى 2، بجوار المسجد، حي القرنة، الطود، الأقصر,الأقصر,الطود,حي القرنة
صيدلية سوسن,شارع مكرم عبيد، مبنى 60، بجانب المدرسة، حي أرمنت، الطود، الأقصر,الأقصر,الطود,حي أرمنت
صيدلية عبدالعزيز,شارع الميناء، مبنى 137، أمام البنك، حي إسنا، البياضية، الأقصر,الأقصر,البياضية,حي إسنا
صيدلية الأمل,شارع الجمهورية، مبنى 75، بجوار المسجد، حي القرنة، أرمنت، الأقصر,الأقصر,أرمنت,حي القرنة
صيدلية إبراهيم أشرف,شارع رمسيس، مبنى 57، حي الأقصر، القرنة، الأقصر,الأقصر,القرنة,حي الأقصر
صيدلية وائل الشيخ,شارع الزهراء، مبنى 114، عند النفق، حي الأقصر، البياضية، الأقصر,الأقصر,البياضية,حي الأقصر
صيدلية د. نادية عبدالجواد,شارع النصر، مبنى 104، بعد محطة المترو، حي الأقصر، الزينية، الأقصر,الأقصر,الزينية,حي الأقصر
صيدلية د. رانيا عبدالعزيز,شارع الأهرام، مبنى 130، أمام البنك، حي أرمنت، الأقصر، الأقصر,الأقصر,الأقصر,حي أرمنت
صيدلية د. أمل حسين,شارع الزهراء، مبنى 59، عند النفق، حي إسنا، إسنا، الأقصر,الأقصر,إسنا,حي إسنا
صيدلية يوسف,شارع المسجد، مبنى 79، بعد محطة المترو، حي الأقصر، إسنا، الأقصر,الأقصر,إسنا,حي الأقصر
صيدلية د. رائد غانم,شارع رمسيس، مبنى 11، بجانب المدرسة، حي القرنة، الزينية، الأقصر,الأقصر,الزينية,حي القرنة
صيدلية عزة,شارع السادات، مبنى 144، حي القرنة، أرمنت، الأقصر,الأقصر,أرمنت,حي القرنة
صيدلية د. وحيد طارق,شارع الثورة، مبنى 139، بجوار المسجد، حي القرنة، البياضية، الأقصر,الأقصر,البياضية,حي القرنة
صيدلية عمر حسام,شارع الوحدة، مبنى 78، بعد محطة المترو، حي القرنة، إسنا، الأقصر,الأقصر,إسنا,حي القرنة
صيدلية عمرو فؤاد,شارع 26 يوليو، مبنى 88، أمام البنك، حي أرمنت، البياضية، الأقصر,الأقصر,البياضية,حي أرمنت
صيدلية د. رانيا عبدالله,شارع الخزان، مبنى 128، حي أرمنت، البياضية، الأقصر,الأقصر,البياضية,حي أرمنت
صيدلية د. ليلى وحيد,شارع المسجد، مبنى 33، عند النفق، حي أرمنت، أرمنت، الأقصر,الأقصر,أرمنت,حي أرمنت
صيدلية د. عمر عوض,شارع الميناء، مبنى 21، بعد محطة المترو، حي القرنة، إسنا، الأقصر,الأقصر,إسنا,حي القرنة
صيدلية د. دينا أيمن,شارع عباس العقاد، مبنى 105، عند النفق، حي القرنة، القرنة، الأقصر,الأقصر,القرنة,حي القرنة
صيدلية الأمل,شارع عباس العقاد، مبنى 99، حي الأقصر، البياضية، الأقصر,الأقصر,البياضية,حي الأقصر
صيدلية سمير حسام,شارع الحرية، مبنى 67، أمام البنك، حي الأقصر، القرنة، الأقصر,الأقصر,القرنة,حي الأقصر
صيدلية أيمن,شارع الأهرام، مبنى 92، بجوار المسجد، حي الأقصر، أرمنت، الأقصر,الأقصر,أرمنت,حي الأقصر
صيدلية د. ضياء طارق,شارع السوق، مبنى 103، بجوار المسجد، حي القرنة، إسنا، الأقصر,الأقصر,إسنا,حي القرنة
صيدلية د. وفاء محمد,شارع بورسعيد، مبنى 68، بجانب المدرسة، حي الأقصر، الزينية، الأقصر,الأقصر,الزينية,حي الأقصر
صيدلية د. عبدالعزيز عوض,شارع 26 يوليو، مبنى 110، بعد محطة المترو، حي أرمنت، البياضية، الأقصر,الأقصر,البياضية,حي أرمنت
صيدلية أيمن حسونة,شارع الخليفة، مبنى 148، أمام البنك، حي إسنا، الزينية، الأقصر,الأقصر,الزينية,حي إسنا
صيدلية سعيد رمضان,شارع المحطة، مبنى 3، حي أرمنت، إسنا، الأقصر,الأقصر,إسنا,حي أرمنت
صيدلية د. فاتن يوسف,شارع الخليفة، مبنى 47، بجوار المسجد، حي أرمنت، القرنة، الأقصر,الأقصر,القرنة,حي أرمنت
صيدلية الأمل,شارع الجامعة، مبنى 34، بعد محطة المترو، حي إسنا، الأقصر، الأقصر,الأقصر,الأقصر,حي إسنا
صيدلية د. عبلة عمرو,شارع العشرين، مبنى 71، عند النفق، حي إسنا، أرمنت، الأقصر,الأقصر,أرمنت,حي إسنا
صيدلية رمضان حسين,شارع المقاومة، مبنى 137، بجوار المسجد، حي إسنا، الزينية، الأقصر,الأقصر,الزينية,حي إسنا
صيدلية د. نهى حسن,شارع الجامعة، مبنى 14، حي إسنا، الأقصر، الأقصر,الأقصر,الأقصر,حي إسنا
صيدلية عمرو مدحت,شارع فلسطين، مبنى 122، بجوار المسجد، حي القرنة، إسنا، الأقصر,الأقصر,إسنا,حي القرنة
صيدلية د. سحر الفقي,شارع الهرم، مبنى 144، أمام البنك، حي إسنا، البياضية، الأقصر,الأقصر,البياضية,حي إسنا
صيدلية الفردوس,شارع المقاومة، مبنى 65، حي القرنة، القرنة، الأقصر,الأقصر,القرنة,حي القرنة
صيدلية الصحة,شارع الميناء، مبنى 18، بجانب المدرسة، حي إسنا، الطود، الأقصر,الأقصر,الطود,حي إسنا
صيدلية وليد غانم,شارع الميناء، مبنى 29، عند النفق، حي الأقصر، القرنة، الأقصر,الأقصر,القرنة,حي الأقصر
صيدلية العافية,شارع المعز، مبنى 66، حي أرمنت، أرمنت، الأقصر,الأقصر,أرمنت,حي أرمنت
صيدلية يوسف مصطفى,شارع النخيل، مبنى 92، بجوار المسجد، حي إسنا، الطود، الأقصر,الأقصر,الطود,حي إسنا
صيدلية النور,شارع القنال، مبنى 99، بجانب المدرسة، حي الأقصر، البياضية، الأقصر,الأقصر,البياضية,حي الأقصر
صيدلية الصحة,شارع مكرم عبيد، مبنى 71، بعد محطة المترو، حي إسنا، إسنا، الأقصر,الأقصر,إسنا,حي إسنا
صيدلية هايدي صبحي,شارع الخليفة، مبنى 88، حي القرنة، الزينية، الأقصر,الأقصر,الزينية,حي القرنة
صيدلية د. وحيد الشيخ,شارع الأقصى، مبنى 101، بعد محطة المترو، حي إسنا، القرنة، الأقصر,الأقصر,القرنة,حي إسنا
صيدلية د. رائد عبدالستار,شارع المعز، مبنى 91، بعد محطة المترو، حي القرنة، الطود، الأقصر,الأقصر,الطود,حي القرنة
صيدلية هشام,شارع المحطة، مبنى 42، بجانب المدرسة، حي الأقصر، القرنة، الأقصر,الأقصر,القرنة,حي الأقصر
صيدلية رانيا حسن,شارع الأهرام، مبنى 109، أمام البنك، حي إسنا، الزينية، الأقصر,الأقصر,الزينية,حي إسنا
صيدلية عبدالرحمن,شارع الاستقلال، مبنى 119، بجانب المدرسة، حي الأقصر، البياضية، الأقصر,الأقصر,البياضية,حي الأقصر
صيدلية د. أنور هاني,شارع المقاومة، مبنى 75، حي إسنا، إسنا، الأقصر,الأقصر,إسنا,حي إسنا
صيدلية هشام,شارع الهرم، مبنى 37، بعد محطة المترو، حي أرمنت، الطود، الأقصر,الأقصر,الطود,حي أرمنت
صيدلية نبيل إبراهيم,شارع مكرم عبيد، مبنى 144، بجوار المسجد، حي إسنا، إسنا، الأقصر,الأقصر,إسنا,حي إسنا
صيدلية د. صبحي كمال,شارع القنال، مبنى 86، بعد محطة المترو، حي القرنة، القرنة، الأقصر,الأقصر,القرنة,حي القرنة
صيدلية د. سمير خالد,شارع الطيران، مبنى 107، عند النفق، حي الأقصر، الأقصر، الأقصر,الأقصر,الأقصر,حي الأقصر
صيدلية الأمل,شارع الروضة، مبنى 24، بجوار المسجد، حي القرنة، الأقصر، الأقصر,الأقصر,الأقصر,حي القرنة
صيدلية د. أشرف فؤاد,شارع المسجد، مبنى 10، بجانب المدرسة، حي الأقصر، القرنة، الأقصر,الأقصر,القرنة,حي الأقصر
صيدلية د. إيمان أشرف,شارع العشرين، مبنى 123، بجانب المدرسة، حي إسنا، أرمنت، الأقصر,الأقصر,أرمنت,حي إسنا
صيدلية فريدة أنور,شارع الوفاء، مبنى 119، أمام البنك، حي إسنا، البياضية، الأقصر,الأقصر,البياضية,حي إسنا
صيدلية رائد,شارع النصر، مبنى 52، بجوار المسجد، حي أرمنت، الزينية، الأقصر,الأقصر,الزينية,حي أرمنت
صيدلية النور,شارع الطيران، مبنى 47، حي القرنة، القرنة، الأقصر,الأقصر,القرنة,حي القرنة
صيدلية الجمهورية,شارع الأهرام، مبنى 23، عند النفق، حي الأقصر، الأقصر، الأقصر,الأقصر,الأقصر,حي الأقصر
صيدلية الصحة,شارع الوحدة، مبنى 108، حي إسنا، الأقصر، الأقصر,الأقصر,الأقصر,حي إسنا
صيدلية فاتن,شارع السوق، مبنى 10، عند النفق، حي إسنا، البياضية، الأقصر,الأقصر,البياضية,حي إسنا
صيدلية العافية,شارع البنك، مبنى 40، بجوار المسجد، حي القرنة، البياضية، الأقصر,الأقصر,البياضية,حي القرنة
صيدلية د. عادل عبدالجواد,شارع كورنيش النيل، مبنى 93، بجانب المدرسة، حي إسنا، الزينية، الأقصر,الأقصر,الزينية,حي إسنا
صيدلية شريف عبدالستار,شارع طلعت حرب، مبنى 7، أمام البنك، حي إسنا، البياضية، الأقصر,الأقصر,البياضية,حي إسنا
صيدلية فؤاد,شارع الجمهورية، مبنى 17، عند النفق، حي إسنا، الزينية، الأقصر,الأقصر,الزينية,حي إسنا
صيدلية الصحة,شارع القنال، مبنى 23، بعد محطة المترو، حي إسنا، البياضية، الأقصر,الأقصر,البياضية,حي إسنا
صيدلية د. فاتن صبحي,شارع الجامعة، مبنى 110، عند النفق، حي الأقصر، أرمنت، الأقصر,الأقصر,أرمنت,حي الأقصر
صيدلية عبير,شارع النصر، مبنى 128، عند النفق، حي نصر النوبة، نصر النوبة، أسوان,أسوان,نصر النوبة,حي نصر النوبة
صيدلية فريدة سلامة,شارع الخليفة، مبنى 120، عند النفق، حي دراو، كوم أمبو، أسوان,أسوان,كوم أمبو,حي دراو
صيدلية هشام السيد,شارع المسجد، مبنى 106، بجانب المدرسة، حي أسوان، كوم أمبو، أسوان,أسوان,كوم أمبو,حي أسوان
صيدلية النور,شارع فلسطين، مبنى 147، عند النفق، حي كوم أمبو، الصباعية، أسوان,أسوان,الصباعية,حي كوم أمبو
صيدلية د. عبلة عبدالستار,شارع فيصل، مبنى 119، عند النفق، حي نصر النوبة، إدفو، أسوان,أسوان,إدفو,حي نصر النوبة
صيدلية د. رانيا أشرف,شارع الأزهر، مبنى 112، حي أسوان، دراو، أسوان,أسوان,دراو,حي أسوان
صيدلية د. عمر منسي,شارع الجمهورية، مبنى 140، بجوار المسجد، حي أسوان، دراو، أسوان,أسوان,دراو,حي أسوان
صيدلية د. جهاد محمد,شارع الروضة، مبنى 70، حي إدفو، مدينة أسوان، أسوان,أسوان,مدينة أسوان,حي إدفو
صيدلية عمرو وحيد,شارع المحطة، مبنى 55، عند النفق، حي دراو، الصباعية، أسوان,أسوان,الصباعية,حي دراو
صيدلية د. حسام صبحي,شارع بورسعيد، مبنى 31، بجوار المسجد، حي إدفو، إدفو، أسوان,أسوان,إدفو,حي إدفو
صيدلية د. أمل الفقي,شارع الثورة، مبنى 9، أمام البنك، حي أسوان، كوم أمبو، أسوان,أسوان,كوم أمبو,حي أسوان
صيدلية النور,شارع الثورة، مبنى 10، أمام البنك، حي إدفو، نصر النوبة، أسوان,أسوان,نصر النوبة,حي إدفو
صيدلية الجمهورية,شارع طلعت حرب، مبنى 13، أمام البنك، حي دراو، دراو، أسوان,أسوان,دراو,حي دراو
صيدلية د. خالد حسام,شارع المحطة، مبنى 22، بعد محطة المترو، حي نصر النوبة، أبو سمبل، أسوان,أسوان,أبو سمبل,حي نصر النوبة
صيدلية د. سمير غانم,شارع النخيل، مبنى 137، عند النفق، حي دراو، إدفو، أسوان,أسوان,إدفو,حي دراو
صيدلية د. هدى عبدالستار,شارع المسجد، مبنى 118، عند النفق، حي أسوان، كوم أمبو، أسوان,أسوان,كوم أمبو,حي أسوان
صيدلية د. نبيل عبدالله,شارع بورسعيد، مبنى 96، عند النفق، حي دراو، إدفو، أسوان,أسوان,إدفو,حي دراو
صيدلية د. نادية يوسف,شارع كورنيش النيل، مبنى 109، بجانب المدرسة، حي دراو، أسوان، أسوان,أسوان,أسوان,حي دراو
صيدلية ضياء,شارع مكرم عبيد، مبنى 113، عند النفق، حي إدفو، كوم أمبو، أسوان,أسوان,كوم أمبو,حي إدفو
صيدلية عبلة حامد,شارع المدرسة، مبنى 56، بعد محطة المترو، حي كوم أمبو، إدفو، أسوان,أسوان,إدفو,حي كوم أمبو
صيدلية د. جلال إبراهيم,شارع الأهرام، مبنى 4، عند النفق، حي إدفو، أسوان، أسوان,أسوان,أسوان,حي إدفو
صيدلية سحر,شارع الميناء، مبنى 83، بجوار المسجد، حي أسوان، نصر النوبة، أسوان,أسوان,نصر النوبة,حي أسوان
صيدلية هايدي أنور,شارع المدرسة، مبنى 134، بعد محطة المترو، حي دراو، إدفو، أسوان,أسوان,إدفو,حي دراو
صيدلية وليد كمال,شارع القنال، مبنى 108، حي دراو، الصباعية، أسوان,أسوان,الصباعية,حي دراو
صيدلية سيد,شارع البنك، مبنى 96، بعد محطة المترو، حي دراو، دراو، أسوان,أسوان,دراو,حي دراو
صيدلية بهاء,شارع الروضة، مبنى 35، بجوار المسجد، حي كوم أمبو، إدفو، أسوان,أسوان,إدفو,حي كوم أمبو
صيدلية د. منير وائل,شارع السوق، مبنى 34، أمام البنك، حي إدفو، دراو، أسوان,أسوان,دراو,حي إدفو
صيدلية د. يوسف طارق,شارع كورنيش النيل، مبنى 141، أمام البنك، حي أسوان، نصر النوبة، أسوان,أسوان,نصر النوبة,حي أسوان
صيدلية د. خالد طارق,شارع المعز، مبنى 13، بجانب المدرسة، حي كوم أمبو، نصر النوبة، أسوان,أسوان,نصر النوبة,حي كوم أمبو
صيدلية مها,شارع الخزان، مبنى 10، بعد محطة المترو، حي نصر النوبة، إدفو، أسوان,أسوان,إدفو,حي نصر النوبة
صيدلية النور,شارع فيصل، مبنى 63، بجوار المسجد، حي دراو، نصر النوبة، أسوان,أسوان,نصر النوبة,حي دراو
صيدلية هاني سمير,شارع المدرسة، مبنى 97، بجوار المسجد، حي دراو، إدفو، أسوان,أسوان,إدفو,حي دراو
صيدلية هشام مدحت,شارع الأقصى، مبنى 105، أمام البنك، حي كوم أمبو، كوم أمبو، أسوان,أسوان,كوم أمبو,حي كوم أمبو
صيدلية ضياء سلامة,شارع العروبة، مبنى 32، بجوار المسجد، حي نصر النوبة، دراو، أسوان,أسوان,دراو,حي نصر النوبة
صيدلية لواء أحمد,شارع الميناء، مبنى 99، حي كوم أمبو، أبو سمبل، أسوان,أسوان,أبو سمبل,حي كوم أمبو
صيدلية هشام عاطف,شارع المقاومة، مبنى 18، بعد محطة المترو، حي إدفو، دراو، أسوان,أسوان,دراو,حي إدفو
صيدلية د. طارق سلامة,شارع الأمل، مبنى 109، بجانب المدرسة، حي كوم أمبو، أبو سمبل، أسوان,أسوان,أبو سمبل,حي كوم أمبو
صيدلية عبدالعزيز,شارع مكرم عبيد، مبنى 25، بجوار المسجد، حي كوم أمبو، الصباعية، أسوان,أسوان,الصباعية,حي كوم أمبو
صيدلية حسن,شارع الأقصى، مبنى 61، بعد محطة المترو، حي أسوان، أسوان، أسوان,أسوان,أسوان,حي أسوان
صيدلية مدحت,شارع الثورة، مبنى 74، أمام البنك، حي دراو، أسوان، أسوان,أسوان,أسوان,حي دراو
صيدلية النور,شارع الجامعة، مبنى 94، حي كوم أمبو، الصباعية، أسوان,أسوان,الصباعية,حي كوم أمبو
صيدلية العافية,شارع البحر، مبنى 50، عند النفق، حي أسوان، إدفو، أسوان,أسوان,إدفو,حي أسوان
صيدلية د. سعاد هاني,شارع الخزان، مبنى 12، عند النفق، حي نصر النوبة، الصباعية، أسوان,أسوان,الصباعية,حي نصر النوبة
صيدلية جلال,شارع العروبة، مبنى 127، أمام البنك، حي إدفو، أبو سمبل، أسوان,أسوان,أبو سمبل,حي إدفو
صيدلية د. محمود إبراهيم,شارع الوحدة، مبنى 111، بعد محطة المترو، حي إدفو، أسوان، أسوان,أسوان,أسوان,حي إدفو
صيدلية د. أنور عبدالله,شارع الجامعة، مبنى 8، عند النفق، حي نصر النوبة، أبو سمبل، أسوان,أسوان,أبو سمبل,حي نصر النوبة
صيدلية النور,شارع الجامعة، مبنى 115، حي نصر النوبة، أبو سمبل، أسوان,أسوان,أبو سمبل,حي نصر النوبة
صيدلية عزة,شارع بورسعيد، مبنى 131، أمام البنك، حي نصر النوبة، أبو سمبل، أسوان,أسوان,أبو سمبل,حي نصر النوبة
صيدلية د. هايدي حسام,شارع الهرم، مبنى 48، عند النفق، حي نصر النوبة، إدفو، أسوان,أسوان,إدفو,حي نصر النوبة
صيدلية وحيد نبيل,شارع الخليفة، مبنى 82، بجانب المدرسة، حي أسوان، أبو سمبل، أسوان,أسوان,أبو سمبل,حي أسوان
صيدلية سلوى,شارع البنك، مبنى 127، حي أسوان، إدفو، أسوان,أسوان,إدفو,حي أسوان
صيدلية د. هاني عبدالجواد,شارع الوفاء، مبنى 68، حي نصر النوبة، الصباعية، أسوان,أسوان,الصباعية,حي نصر النوبة
صيدلية د. سلوى كمال,شارع العروبة، مبنى 6، بعد محطة المترو، حي إدفو، نصر النوبة، أسوان,أسوان,نصر النوبة,حي إدفو
صيدلية د. حسن عبدالستار,شارع بورسعيد، مبنى 39، بجانب المدرسة، حي أسوان، دراو، أسوان,أسوان,دراو,حي أسوان
صيدلية خالد,شارع الوفاء، مبنى 64، عند النفق، حي أسوان، مدينة أسوان، أسوان,أسوان,مدينة أسوان,حي أسوان
صيدلية الأمل,شارع الأزهر، مبنى 49، بجوار المسجد، حي كوم أمبو، دراو، أسوان,أسوان,دراو,حي كوم أمبو
صيدلية سوسن سمير,شارع الجلاء، مبنى 13، عند النفق، حي دراو، الصباعية، أسوان,أسوان,الصباعية,حي دراو
صيدلية الأمل,شارع الحرية، مبنى 128، بجوار المسجد، حي إدفو، نصر النوبة، أسوان,أسوان,نصر النوبة,حي إدفو
صيدلية وليد عبدالرحمن,شارع النصر، مبنى 13، بعد محطة المترو، حي إدفو، كوم أمبو، أسوان,أسوان,كوم أمبو,حي إدفو
صيدلية د. عبدالله عزب,شارع 26 يوليو، مبنى 144، بعد محطة المترو، حي إدفو، نصر النوبة، أسوان,أسوان,نصر النوبة,حي إدفو
صيدلية د. عبير وحيد,شارع النصر، مبنى 99، أمام البنك، حي كوم أمبو، نصر النوبة، أسوان,أسوان,نصر النوبة,حي كوم أمبو
صيدلية د. سعاد عبدالرحمن,شارع القنال، مبنى 104، حي نصر النوبة، كوم أمبو، أسوان,أسوان,كوم أمبو,حي نصر النوبة
صيدلية د. رانيا الشيخ,شارع النصر، مبنى 148، عند النفق، حي دراو، الصباعية، أسوان,أسوان,الصباعية,حي دراو
صيدلية الصحة,شارع الميناء، مبنى 35، حي كوم أمبو، أبو سمبل، أسوان,أسوان,أبو سمبل,حي كوم أمبو
صيدلية د. عادل هاني,شارع رمسيس، مبنى 22، حي كوم أمبو، دراو، أسوان,أسوان,دراو,حي كوم أمبو
صيدلية طارق,شارع العروبة، مبنى 22، حي إدفو، مدينة أسوان، أسوان,أسوان,مدينة أسوان,حي إدفو
صيدلية د. سمير منسي,شارع الميناء، مبنى 103، أمام البنك، حي كوم أمبو، كوم أمبو، أسوان,أسوان,كوم أمبو,حي كوم أمبو
صيدلية نبيل عزب,شارع النخيل، مبنى 111، حي إدفو، إدفو، أسوان,أسوان,إدفو,حي إدفو
صيدلية د. أيمن أحمد,شارع رمسيس، مبنى 136، بعد محطة المترو، حي كوم أمبو، أبو سمبل، أسوان,أسوان,أبو سمبل,حي كوم أمبو
صيدلية منال,شارع الجلاء، مبنى 108، أمام البنك، حي نصر النوبة، نصر النوبة، أسوان,أسوان,نصر النوبة,حي نصر النوبة
صيدلية د. غادة أنور,شارع الاستقلال، مبنى 139، بجوار المسجد، حي نصر النوبة، إدفو، أسوان,أسوان,إدفو,حي نصر النوبة
صيدلية د. نهى علي,شارع المدرسة، مبنى 77، أمام البنك، حي إدفو، أسوان، أسوان,أسوان,أسوان,حي إدفو
صيدلية رانيا عبدالرحمن,شارع الوحدة، مبنى 43، بجانب المدرسة، حي إدفو، إدفو، أسوان,أسوان,إدفو,حي إدفو
صيدلية عبدالله,شارع البحر، مبنى 137، أمام البنك، حي إدفو، نصر النوبة، أسوان,أسوان,نصر النوبة,حي إدفو
صيدلية مها عادل,شارع المدرسة، مبنى 101، بجانب المدرسة، حي أسوان، أسوان، أسوان,أسوان,أسوان,حي أسوان
صيدلية د. عاطف شريف,شارع السوق، مبنى 36، بعد محطة المترو، حي أسوان، دراو، أسوان,أسوان,دراو,حي أسوان
صيدلية إيهاب الفقي,شارع الميناء، مبنى 131، عند النفق، حي كوم أمبو، كوم أمبو، أسوان,أسوان,كوم أمبو,حي كوم أمبو
صيدلية د. محمود إبراهيم,شارع بورسعيد، مبنى 81، بعد محطة المترو، حي دراو، أسوان، أسوان,أسوان,أسوان,حي دراو
صيدلية د. حسين منسي,شارع الجامعة، مبنى 32، عند النفق، حي دراو، إدفو، أسوان,أسوان,إدفو,حي دراو
صيدلية د. عبدالعزيز عبدالله,شارع الزهراء، مبنى 33، بجانب المدرسة، حي إدفو، أبو سمبل، أسوان,أسوان,أبو سمبل,حي إدفو
صيدلية د. فؤاد فathy,شارع البنك، مبنى 27، حي كوم أمبو، الصباعية، أسوان,أسوان,الصباعية,حي كوم أمبو
صيدلية د. فريدة حسن,شارع الميناء، مبنى 133، بجانب المدرسة، حي دراو، إدفو، أسوان,أسوان,إدفو,حي دراو
صيدلية د. سيد عوض,شارع محمد علي، مبنى 132، بجوار المسجد، حي نصر النوبة، الصباعية، أسوان,أسوان,الصباعية,حي نصر النوبة
صيدلية سيد حسام,شارع فلسطين، مبنى 136، أمام البنك، حي دراو، أبو سمبل، أسوان,أسوان,أبو سمبل,حي دراو
صيدلية النور,شارع العشرين، مبنى 21، بجوار المسجد، حي كوم أمبو، مدينة أسوان، أسوان,أسوان,مدينة أسوان,حي كوم أمبو
صيدلية فؤاد عوض,شارع فيصل، مبنى 80، حي أسوان، كوم أمبو، أسوان,أسوان,كوم أمبو,حي أسوان
صيدلية منال عمر,شارع التحرير، مبنى 102، عند النفق، حي كوم أمبو، الصباعية، أسوان,أسوان,الصباعية,حي كوم أمبو
صيدلية د. عمر الفقي,شارع الروضة، مبنى 125، بجوار المسجد، حي نصر النوبة، نصر النوبة، أسوان,أسوان,نصر النوبة,حي نصر النوبة
صيدلية د. حورية كمال,شارع الاستقلال، مبنى 88، بعد محطة المترو، حي كوم أمبو، الصباعية، أسوان,أسوان,الصباعية,حي كوم أمبو
صيدلية د. هشام حامد,شارع الأمل، مبنى 47، عند النفق، حي دراو، نصر النوبة، أسوان,أسوان,نصر النوبة,حي دراو
صيدلية النور,شارع البنك، مبنى 47، بعد محطة المترو، حي نصر النوبة، أبو سمبل، أسوان,أسوان,أبو سمبل,حي نصر النوبة
صيدلية الأمل,شارع الروضة، مبنى 41، أمام البنك، حي إدفو، كوم أمبو، أسوان,أسوان,كوم أمبو,حي إدفو
صيدلية رمضان طارق,شارع الجامعة، مبنى 22، حي إدفو، أبو سمبل، أسوان,أسوان,أبو سمبل,حي إدفو
صيدلية د. سوسن حسين,شارع الجمهورية، مبنى 133، بجانب المدرسة، حي كوم أمبو، الصباعية، أسوان,أسوان,الصباعية,حي كوم أمبو
صيدلية د. مجدي مدحت,شارع العروبة، مبنى 44، بعد محطة المترو، حي دراو، أبو سمبل، أسوان,أسوان,أبو سمبل,حي دراو
صيدلية أحمد محمود,شارع عباس العقاد، مبنى 142، بعد محطة المترو، حي نصر النوبة، دراو، أسوان,أسوان,دراو,حي نصر النوبة
صيدلية كمال خالد,شارع الجمهورية، مبنى 109، حي أسوان، أبو سمبل، أسوان,أسوان,أبو سمبل,حي أسوان
صيدلية د. حورية مصطفى,شارع فلسطين، مبنى 75، حي نصر النوبة، إدفو، أسوان,أسوان,إدفو,حي نصر النوبة
صيدلية عزة,شارع الوفاء، مبنى 99، بعد محطة المترو، حي كوم أمبو، كوم أمبو، أسوان,أسوان,كوم أمبو,حي كوم أمبو
صيدلية د. منال إيهاب,شارع التحرير، مبنى 131، بعد محطة المترو، حي كوم أمبو، أبو سمبل، أسوان,أسوان,أبو سمبل,حي كوم أمبو
صيدلية فتحي,شارع الحرية، مبنى 65، حي نصر النوبة، أسوان، أسوان,أسوان,أسوان,حي نصر النوبة
صيدلية د. حسين حسين,شارع البحر، مبنى 91، بجوار المسجد، حي إدفو، نصر النوبة، أسوان,أسوان,نصر النوبة,حي إدفو
صيدلية د. نادية وليد,شارع كورنيش النيل، مبنى 99، بجوار المسجد، حي إدفو، دراو، أسوان,أسوان,دراو,حي إدفو
صيدلية د. أنور إبراهيم,شارع عباس العقاد، مبنى 27، بعد محطة المترو، حي إدفو، كوم أمبو، أسوان,أسوان,كوم أمبو,حي إدفو
صيدلية هاني,شارع مكرم عبيد، مبنى 86، بجوار المسجد، حي سفاجا، حلايب، البحر الأحمر,البحر الأحمر,حلايب,حي سفاجا
صيدلية د. سعيد فؤاد,شارع محمد علي، مبنى 96، أمام البنك، حي حلايب، القصير، البحر الأحمر,البحر الأحمر,القصير,حي حلايب
صيدلية د. سحر نبيل,شارع النخيل، مبنى 100، أمام البنك، حي شلاتين، حلايب، البحر الأحمر,البحر الأحمر,حلايب,حي شلاتين
صيدلية د. أنور أنور,شارع السادات، مبنى 88، عند النفق، حي حلايب، القصير، البحر الأحمر,البحر الأحمر,القصير,حي حلايب
صيدلية محمود نبيل,شارع السادات، مبنى 67، عند النفق، حي القصير، حلايب، البحر الأحمر,البحر الأحمر,حلايب,حي القصير
صيدلية العافية,شارع الاستقلال، مبنى 133، بجانب المدرسة، حي شلاتين، الغردقة، البحر الأحمر,البحر الأحمر,الغردقة,حي شلاتين
صيدلية د. منير صبحي,شارع الطيران، مبنى 80، حي الغردقة، الغردقة، البحر الأحمر,البحر الأحمر,الغردقة,حي الغردقة
صيدلية سعيد,شارع 26 يوليو، مبنى 25، أمام البنك، حي حلايب، الغردقة، البحر الأحمر,البحر الأحمر,الغردقة,حي حلايب
صيدلية د. مدحت أشرف,شارع الأهرام، مبنى 90، أمام البنك، حي سفاجا، الغردقة، البحر الأحمر,البحر الأحمر,الغردقة,حي سفاجا
صيدلية د. إيناس محمد,شارع الأهرام، مبنى 108، بجوار المسجد، حي شلاتين، سفاجا، البحر الأحمر,البحر الأحمر,سفاجا,حي شلاتين
صيدلية د. فريدة عادل,شارع النخيل، مبنى 35، بجوار المسجد، حي القصير، حلايب، البحر الأحمر,البحر الأحمر,حلايب,حي القصير
صيدلية د. هايدي مصطفى,شارع فلسطين، مبنى 18، بجوار المسجد، حي القصير، رأس غارب، البحر الأحمر,البحر الأحمر,رأس غارب,حي القصير
صيدلية د. سحر علي,شارع العروبة، مبنى 12، عند النفق، حي شلاتين، الغردقة، البحر الأحمر,البحر الأحمر,الغردقة,حي شلاتين
صيدلية النور,شارع الخليفة، مبنى 93، بجوار المسجد، حي الغردقة، رأس غارب، البحر الأحمر,البحر الأحمر,رأس غارب,حي الغردقة
صيدلية سعاد,شارع الميناء، مبنى 66، بجانب المدرسة، حي سفاجا، حلايب، البحر الأحمر,البحر الأحمر,حلايب,حي سفاجا
صيدلية العافية,شارع محمد علي، مبنى 103، حي حلايب، الجونة، البحر الأحمر,البحر الأحمر,الجونة,حي حلايب
صيدلية د. بهاء عبدالرحمن,شارع الروضة، مبنى 116، بجانب المدرسة، حي سفاجا، الغردقة، البحر الأحمر,البحر الأحمر,الغردقة,حي سفاجا
صيدلية سعيد,شارع المسجد، مبنى 14، بجانب المدرسة، حي الغردقة، حلايب، البحر الأحمر,البحر الأحمر,حلايب,حي الغردقة
صيدلية الأمل,شارع رمسيس، مبنى 98، بجانب المدرسة، حي سفاجا، رأس غارب، البحر الأحمر,البحر الأحمر,رأس غارب,حي سفاجا
صيدلية د. رانيا ضياء,شارع الخزان، مبنى 54، بجوار المسجد، حي حلايب، حلايب، البحر الأحمر,البحر الأحمر,حلايب,حي حلايب
صيدلية الجمهورية,شارع الوفاء، مبنى 144، بجوار المسجد، حي الغردقة، سفاجا، البحر الأحمر,البحر الأحمر,سفاجا,حي الغردقة
صيدلية سيد,شارع المدرسة، مبنى 93، حي حلايب، مرسى علم، البحر الأحمر,البحر الأحمر,مرسى علم,حي حلايب
صيدلية الجمهورية,شارع الأهرام، مبنى 56، بجوار المسجد، حي القصير، الغردقة، البحر الأحمر,البحر الأحمر,الغردقة,حي القصير
صيدلية د. منير سلامة,شارع الزهراء، مبنى 141، بجوار المسجد، حي سفاجا، الجونة، البحر الأحمر,البحر الأحمر,الجونة,حي سفاجا
صيدلية العافية,شارع الجمهورية، مبنى 82، بجانب المدرسة، حي سفاجا، حلايب، البحر الأحمر,البحر الأحمر,حلايب,حي سفاجا
صيدلية الجمهورية,شارع الميناء، مبنى 49، بعد محطة المترو، حي الغردقة، مرسى علم، البحر الأحمر,البحر الأحمر,مرسى علم,حي الغردقة
صيدلية د. حسن عوض,شارع السوق، مبنى 135، بعد محطة المترو، حي سفاجا، مرسى علم، البحر الأحمر,البحر الأحمر,مرسى علم,حي سفاجا
صيدلية د. ناجح منسي,شارع التحرير، مبنى 9، عند النفق، حي الغردقة، رأس غارب، البحر الأحمر,البحر الأحمر,رأس غارب,حي الغردقة
صيدلية د. إيناس فathy,شارع محمد علي، مبنى 109، أمام البنك، حي سفاجا، الغردقة، البحر الأحمر,البحر الأحمر,الغردقة,حي سفاجا
صيدلية عبلة,شارع الأهرام، مبنى 128، بعد محطة المترو، حي حلايب، شلاتين، البحر الأحمر,البحر الأحمر,شلاتين,حي حلايب
صيدلية النور,شارع الحرية، مبنى 5، بجانب المدرسة، حي حلايب، حلايب، البحر الأحمر,البحر الأحمر,حلايب,حي حلايب
صيدلية د. رانيا عبدالعزيز,شارع مكرم عبيد، مبنى 29، عند النفق، حي سفاجا، الغردقة، البحر الأحمر,البحر الأحمر,الغردقة,حي سفاجا
صيدلية د. دينا أيمن,شارع بورسعيد، مبنى 66، أمام البنك، حي الغردقة، مرسى علم، البحر الأحمر,البحر الأحمر,مرسى علم,حي الغردقة
صيدلية عبير محمود,شارع الميناء، مبنى 121، بعد محطة المترو، حي حلايب، مرسى علم، البحر الأحمر,البحر الأحمر,مرسى علم,حي حلايب
صيدلية أحمد حسن,شارع 26 يوليو، مبنى 64، عند النفق، حي شلاتين، حلايب، البحر الأحمر,البحر الأحمر,حلايب,حي شلاتين
صيدلية د. فتحي ضياء,شارع الجامعة، مبنى 10، عند النفق، حي القصير، سفاجا، البحر الأحمر,البحر الأحمر,سفاجا,حي القصير
صيدلية عبلة أشرف,شارع المسجد، مبنى 144، أمام البنك، حي القصير، شلاتين، البحر الأحمر,البحر الأحمر,شلاتين,حي القصير
صيدلية نادية إبراهيم,شارع الهرم، مبنى 97، بجانب المدرسة، حي حلايب، سفاجا، البحر الأحمر,البحر الأحمر,سفاجا,حي حلايب
صيدلية د. عبير أيمن,شارع النخيل، مبنى 69، بعد محطة المترو، حي شلاتين، شلاتين، البحر الأحمر,البحر الأحمر,شلاتين,حي شلاتين
صيدلية الجمهورية,شارع عباس العقاد، مبنى 73، بجوار المسجد، حي شلاتين، القصير، البحر الأحمر,البحر الأحمر,القصير,حي شلاتين
صيدلية منال خالد,شارع السوق، مبنى 134، حي القصير، شلاتين، البحر الأحمر,البحر الأحمر,شلاتين,حي القصير
صيدلية ليلى إيهاب,شارع العشرين، مبنى 14، حي القصير، شلاتين، البحر الأحمر,البحر الأحمر,شلاتين,حي القصير
صيدلية د. أمل إبراهيم,شارع الأمل، مبنى 53، بجانب المدرسة، حي القصير، الغردقة، البحر الأحمر,البحر الأحمر,الغردقة,حي القصير
صيدلية عمر,شارع الوفاء، مبنى 51، بجانب المدرسة، حي شلاتين، شلاتين، البحر الأحمر,البحر الأحمر,شلاتين,حي شلاتين
صيدلية الصحة,شارع فلسطين، مبنى 141، حي حلايب، الغردقة، البحر الأحمر,البحر الأحمر,الغردقة,حي حلايب
صيدلية د. حسن حامد,شارع المدرسة، مبنى 60، حي القصير، حلايب، البحر الأحمر,البحر الأحمر,حلايب,حي القصير
صيدلية سلوى,شارع الطيران، مبنى 44، حي شلاتين، شلاتين، البحر الأحمر,البحر الأحمر,شلاتين,حي شلاتين
صيدلية مها محمد,شارع الزهراء، مبنى 92، أمام البنك، حي سفاجا، الجونة، البحر الأحمر,البحر الأحمر,الجونة,حي سفاجا
صيدلية دينا أشرف,شارع الخليفة، مبنى 96، عند النفق، حي الغردقة، شلاتين، البحر الأحمر,البحر الأحمر,شلاتين,حي الغردقة
صيدلية إبراهيم,شارع الخليفة، مبنى 120، بجوار المسجد، حي حلايب، رأس غارب، البحر الأحمر,البحر الأحمر,رأس غارب,حي حلايب
صيدلية عبير ضياء,شارع العروبة، مبنى 107، بجانب المدرسة، حي شلاتين، سفاجا، البحر الأحمر,البحر الأحمر,سفاجا,حي شلاتين
صيدلية الصحة,شارع الأهرام، مبنى 6، أمام البنك، حي شلاتين، الغردقة، البحر الأحمر,البحر الأحمر,الغردقة,حي شلاتين
صيدلية هايدي عبدالعزيز,شارع البنك، مبنى 125، أمام البنك، حي شلاتين، الغردقة، البحر الأحمر,البحر الأحمر,الغردقة,حي شلاتين
صيدلية د. رائد إبراهيم,شارع بورسعيد، مبنى 92، بجانب المدرسة، حي الغردقة، الجونة، البحر الأحمر,البحر الأحمر,الجونة,حي الغردقة
صيدلية الفردوس,شارع رمسيس، مبنى 50، عند النفق، حي حلايب، رأس غارب، البحر الأحمر,البحر الأحمر,رأس غارب,حي حلايب
صيدلية ليلى رمضان,شارع الجلاء، مبنى 127، بجانب المدرسة، حي شلاتين، الجونة، البحر الأحمر,البحر الأحمر,الجونة,حي شلاتين
صيدلية د. هايدي عطية,شارع مكرم عبيد، مبنى 29، بجوار المسجد، حي سفاجا، الجونة، البحر الأحمر,البحر الأحمر,الجونة,حي سفاجا
صيدلية النور,شارع رمسيس، مبنى 29، بعد محطة المترو، حي شلاتين، الغردقة، البحر الأحمر,البحر الأحمر,الغردقة,حي شلاتين
صيدلية الفردوس,شارع العروبة، مبنى 6، بجانب المدرسة، حي الغردقة، رأس غارب، البحر الأحمر,البحر الأحمر,رأس غارب,حي الغردقة
صيدلية الأمل,شارع الحرية، مبنى 125، حي سفاجا، شلاتين، البحر الأحمر,البحر الأحمر,شلاتين,حي سفاجا
صيدلية د. عمر إبراهيم,شارع العشرين، مبنى 106، بجانب المدرسة، حي القصير، الجونة، البحر الأحمر,البحر الأحمر,الجونة,حي القصير
صيدلية أحمد,شارع البنك، مبنى 77، عند النفق، حي الغردقة، الغردقة، البحر الأحمر,البحر الأحمر,الغردقة,حي الغردقة
صيدلية العافية,شارع القنال، مبنى 49، بجانب المدرسة، حي سفاجا، رأس غارب، البحر الأحمر,البحر الأحمر,رأس غارب,حي سفاجا
صيدلية د. عمرو فathy,شارع المدرسة، مبنى 20، حي القصير، الجونة، البحر الأحمر,البحر الأحمر,الجونة,حي القصير
صيدلية حسين عادل,شارع السادات، مبنى 11، أمام البنك، حي سفاجا، الغردقة، البحر الأحمر,البحر الأحمر,الغردقة,حي سفاجا
صيدلية جهاد يوسف,شارع الميناء، مبنى 59، بجانب المدرسة، حي الغردقة، الجونة، البحر الأحمر,البحر الأحمر,الجونة,حي الغردقة
صيدلية منال إبراهيم,شارع الطيران، مبنى 64، بعد محطة المترو، حي القصير، رأس غارب، البحر الأحمر,البحر الأحمر,رأس غارب,حي القصير
صيدلية الفردوس,شارع التحرير، مبنى 145، حي القصير، شلاتين، البحر الأحمر,البحر الأحمر,شلاتين,حي القصير
صيدلية د. عادل السيد,شارع مكرم عبيد، مبنى 37، بجوار المسجد، حي القصير، حلايب، البحر الأحمر,البحر الأحمر,حلايب,حي القصير
صيدلية سلوى شريف,شارع الأمل، مبنى 2، بجانب المدرسة، حي حلايب، شلاتين، البحر الأحمر,البحر الأحمر,شلاتين,حي حلايب
صيدلية الفردوس,شارع الثورة، مبنى 83، بجوار المسجد، حي شلاتين، مرسى علم، البحر الأحمر,البحر الأحمر,مرسى علم,حي شلاتين
صيدلية عبدالرحمن,شارع فلسطين، مبنى 27، عند النفق، حي سفاجا، شلاتين، البحر الأحمر,البحر الأحمر,شلاتين,حي سفاجا
صيدلية مجدي,شارع السوق، مبنى 5، بجانب المدرسة، حي شلاتين، القصير، البحر الأحمر,البحر الأحمر,القصير,حي شلاتين
صيدلية د. سعيد أشرف,شارع العشرين، مبنى 17، بعد محطة المترو، حي الغردقة، الجونة، البحر الأحمر,البحر الأحمر,الجونة,حي الغردقة
صيدلية د. ضياء الشيخ,شارع السادات، مبنى 106، بجانب المدرسة، حي القصير، رأس غارب، البحر الأحمر,البحر الأحمر,رأس غارب,حي القصير
صيدلية إبراهيم,شارع الأهرام، مبنى 118، عند النفق، حي سفاجا، سفاجا، البحر الأحمر,البحر الأحمر,سفاجا,حي سفاجا
صيدلية د. رائد حسن,شارع التحرير، مبنى 43، بعد محطة المترو، حي الفرافرة، الشرف، الوادي الجديد,الوادي الجديد,الشرف,حي الفرافرة
صيدلية د. منير غانم,شارع الروضة، مبنى 85، بجانب المدرسة، حي الداخلة، الداخلة، الوادي الجديد,الوادي الجديد,الداخلة,حي الداخلة
صيدلية أمل مجدي,شارع السوق، مبنى 86، بجوار المسجد، حي الداخلة، باريس، الوادي الجديد,الوادي الجديد,باريس,حي الداخلة
صيدلية عمر,شارع الأقصى، مبنى 12، بعد محطة المترو، حي الفرافرة، الخارجة، الوادي الجديد,الوادي الجديد,الخارجة,حي الفرافرة
صيدلية الصحة,شارع البحر، مبنى 7، بجوار المسجد، حي الخارجة، الشرف، الوادي الجديد,الوادي الجديد,الشرف,حي الخارجة
صيدلية سوسن,شارع الوحدة، مبنى 31، بجانب المدرسة، حي الداخلة، بلاط، الوادي الجديد,الوادي الجديد,بلاط,حي الداخلة
صيدلية د. محمد محمد,شارع الميناء، مبنى 34، بجانب المدرسة، حي الفرافرة، الخارجة، الوادي الجديد,الوادي الجديد,الخارجة,حي الفرافرة
صيدلية إيهاب,شارع الأزهر، مبنى 11، عند النفق، حي الخارجة، بلاط، الوادي الجديد,الوادي الجديد,بلاط,حي الخارجة
صيدلية الصحة,شارع النخيل، مبنى 70، بجوار المسجد، حي الفرافرة، الفرافرة، الوادي الجديد,الوادي الجديد,الفرافرة,حي الفرافرة
صيدلية د. أحمد نبيل,شارع الميناء، مبنى 64، بعد محطة المترو، حي الخارجة، الخارجة، الوادي الجديد,الوادي الجديد,الخارجة,حي الخارجة
صيدلية د. هشام السيد,شارع البنك، مبنى 58، حي الخارجة، الفرافرة، الوادي الجديد,الوادي الجديد,الفرافرة,حي الخارجة
صيدلية أيمن,شارع الهرم، مبنى 1، عند النفق، حي الخارجة، باريس، الوادي الجديد,الوادي الجديد,باريس,حي الخارجة
صيدلية عبلة,شارع النصر، مبنى 5، حي الداخلة، الفرافرة، الوادي الجديد,الوادي الجديد,الفرافرة,حي الداخلة
صيدلية أيمن,شارع النصر، مبنى 21، حي الخارجة، الخارجة، الوادي الجديد,الوادي الجديد,الخارجة,حي الخارجة
صيدلية د. منال صبحي,شارع فلسطين، مبنى 93، حي الداخلة، الداخلة، الوادي الجديد,الوادي الجديد,الداخلة,حي الداخلة
صيدلية د. يوسف مجدي,شارع المسجد، مبنى 31، عند النفق، حي الفرافرة، الفرافرة، الوادي الجديد,الوادي الجديد,الفرافرة,حي الفرافرة
صيدلية د. فتحي هاني,شارع المعز، مبنى 51، أمام البنك، حي الداخلة، الشرف، الوادي الجديد,الوادي الجديد,الشرف,حي الداخلة
صيدلية العافية,شارع محمد علي، مبنى 88، أمام البنك، حي الداخلة، الخارجة، الوادي الجديد,الوادي الجديد,الخارجة,حي الداخلة
صيدلية خالد نبيل,شارع الخليفة، مبنى 3، بعد محطة المترو، حي الفرافرة، بلاط، الوادي الجديد,الوادي الجديد,بلاط,حي الفرافرة
صيدلية د. نادية سمير,شارع الاستقلال، مبنى 15، عند النفق، حي الداخلة، باريس، الوادي الجديد,الوادي الجديد,باريس,حي الداخلة
صيدلية مها,شارع عباس العقاد، مبنى 122، بعد محطة المترو، حي الفرافرة، الداخلة، الوادي الجديد,الوادي الجديد,الداخلة,حي الفرافرة
صيدلية عبدالعزيز عبدالله,شارع الوفاء، مبنى 67، بعد محطة المترو، حي الفرافرة، بلاط، الوادي الجديد,الوادي الجديد,بلاط,حي الفرافرة
صيدلية د. خالد عادل,شارع المحطة، مبنى 147، أمام البنك، حي الداخلة، موط، الوادي الجديد,الوادي الجديد,موط,حي الداخلة
صيدلية الجمهورية,شارع الأهرام، مبنى 46، بجوار المسجد، حي الفرافرة، الفرافرة، الوادي الجديد,الوادي الجديد,الفرافرة,حي الفرافرة
صيدلية د. نبيل عبدالرحمن,شارع فلسطين، مبنى 40، بجانب المدرسة، حي الداخلة، موط، الوادي الجديد,الوادي الجديد,موط,حي الداخلة
صيدلية د. وائل مجدي,شارع الوفاء، مبنى 66، بعد محطة المترو، حي الفرافرة، باريس، الوادي الجديد,الوادي الجديد,باريس,حي الفرافرة
صيدلية الجمهورية,شارع المحطة، مبنى 5، حي الداخلة، الخارجة، الوادي الجديد,الوادي الجديد,الخارجة,حي الداخلة
صيدلية د. سمير سيد,شارع الأمل، مبنى 4، بجوار المسجد، حي الداخلة، الشرف، الوادي الجديد,الوادي الجديد,الشرف,حي الداخلة
صيدلية هشام,شارع الجامعة، مبنى 58، بجانب المدرسة، حي الفرافرة، الداخلة، الوادي الجديد,الوادي الجديد,الداخلة,حي الفرافرة
صيدلية د. عادل صبحي,شارع الروضة، مبنى 83، بجوار المسجد، حي الخارجة، بلاط، الوادي الجديد,الوادي الجديد,بلاط,حي الخارجة
صيدلية عبلة,شارع النخيل، مبنى 109، بجانب المدرسة، حي الداخلة، الداخلة، الوادي الجديد,الوادي الجديد,الداخلة,حي الداخلة
صيدلية د. غادة إبراهيم,شارع الطيران، مبنى 50، بجوار المسجد، حي الخارجة، بلاط، الوادي الجديد,الوادي الجديد,بلاط,حي الخارجة
صيدلية ضياء إبراهيم,شارع مكرم عبيد، مبنى 13، بعد محطة المترو، حي الداخلة، الداخلة، الوادي الجديد,الوادي الجديد,الداخلة,حي الداخلة
صيدلية د. حسن محمود,شارع فلسطين، مبنى 108، حي الفرافرة، موط، الوادي الجديد,الوادي الجديد,موط,حي الفرافرة
صيدلية عادل غانم,شارع الأزهر، مبنى 137، بجانب المدرسة، حي الفرافرة، الخارجة، الوادي الجديد,الوادي الجديد,الخارجة,حي الفرافرة
صيدلية حسام هاني,شارع المسجد، مبنى 108، بجانب المدرسة، حي الداخلة، الخارجة، الوادي الجديد,الوادي الجديد,الخارجة,حي الداخلة
صيدلية جلال عبدالله,شارع بورسعيد، مبنى 51، عند النفق، حي الفرافرة، الشرف، الوادي الجديد,الوادي الجديد,الشرف,حي الفرافرة
صيدلية النور,شارع الخزان، مبنى 52، عند النفق، حي الضبعة، السلوم، مطروح,مطروح,السلوم,حي الضبعة
صيدلية نعمت,شارع البحر، مبنى 61، أمام البنك، حي الضبعة، مرسى مطروح، مطروح,مطروح,مرسى مطروح,حي الضبعة
صيدلية د. حورية فathy,شارع الوفاء، مبنى 112، حي الضبعة، العلمين، مطروح,مطروح,العلمين,حي الضبعة
صيدلية د. رانيا علي,شارع المحطة، مبنى 57، حي الضبعة، سيدي براني، مطروح,مطروح,سيدي براني,حي الضبعة
صيدلية إيناس عبدالرحمن,شارع المقاومة، مبنى 64، أمام البنك، حي العلمين، سيوة، مطروح,مطروح,سيوة,حي العلمين
صيدلية عمر,شارع المحطة، مبنى 4، بجانب المدرسة، حي العلمين، سيوة، مطروح,مطروح,سيوة,حي العلمين
صيدلية فتحي حسين,شارع المعز، مبنى 46، بجوار المسجد، حي مرسى مطروح، مرسى مطروح، مطروح,مطروح,مرسى مطروح,حي مرسى مطروح
صيدلية عبدالعزيز شريف,شارع التحرير، مبنى 140، بجانب المدرسة، حي مرسى مطروح، الحمام، مطروح,مطروح,الحمام,حي مرسى مطروح
صيدلية سعيد هشام,شارع البحر، مبنى 121، أمام البنك، حي العلمين، العلمين، مطروح,مطروح,العلمين,حي العلمين
صيدلية الجمهورية,شارع القنال، مبنى 86، بجانب المدرسة، حي العلمين، السلوم، مطروح,مطروح,السلوم,حي العلمين
صيدلية د. عزة إبراهيم,شارع الخليفة، مبنى 65، حي الضبعة، سيدي براني، مطروح,مطروح,سيدي براني,حي الضبعة
صيدلية أحمد,شارع النخيل، مبنى 10، عند النفق، حي العلمين، سيدي براني، مطروح,مطروح,سيدي براني,حي العلمين
صيدلية الصحة,شارع الحرية، مبنى 36، بعد محطة المترو، حي الضبعة، سيدي براني، مطروح,مطروح,سيدي براني,حي الضبعة
صيدلية د. سلوى حسام,شارع الجلاء، مبنى 88، عند النفق، حي العلمين، سيوة، مطروح,مطروح,سيوة,حي العلمين
صيدلية هشام,شارع البنك، مبنى 126، أمام البنك، حي العلمين، السلوم، مطروح,مطروح,السلوم,حي العلمين
صيدلية د. نادية إيهاب,شارع الحرية، مبنى 108، حي العلمين، الضبعة، مطروح,مطروح,الضبعة,حي العلمين
صيدلية د. عاصم فؤاد,شارع الجمهورية، مبنى 112، بجانب المدرسة، حي الضبعة، مرسى مطروح، مطروح,مطروح,مرسى مطروح,حي الضبعة
صيدلية عمر عادل,شارع الأمل، مبنى 97، عند النفق، حي العلمين، النجيلة، مطروح,مطروح,النجيلة,حي العلمين
صيدلية العافية,شارع الأهرام، مبنى 1، عند النفق، حي مرسى مطروح، العلمين، مطروح,مطروح,العلمين,حي مرسى مطروح
صيدلية شريف,شارع البحر، مبنى 30، أمام البنك، حي مرسى مطروح، سيدي براني، مطروح,مطروح,سيدي براني,حي مرسى مطروح
صيدلية الجمهورية,شارع الزهراء، مبنى 103، بجانب المدرسة، حي مرسى مطروح، الحمام، مطروح,مطروح,الحمام,حي مرسى مطروح
صيدلية د. وائل عمرو,شارع النصر، مبنى 95، حي الضبعة، مرسى مطروح، مطروح,مطروح,مرسى مطروح,حي الضبعة
صيدلية د. وليد حسن,شارع فيصل، مبنى 131، بعد محطة المترو، حي مرسى مطروح، الحمام، مطروح,مطروح,الحمام,حي مرسى مطروح
صيدلية أنور علي,شارع الزهراء، مبنى 35، عند النفق، حي الضبعة، الضبعة، مطروح,مطروح,الضبعة,حي الضبعة
صيدلية عمر,شارع الخزان، مبنى 24، حي العلمين، السلوم، مطروح,مطروح,السلوم,حي العلمين
صيدلية سحر,شارع التحرير، مبنى 89، حي مرسى مطروح، سيدي براني، مطروح,مطروح,سيدي براني,حي مرسى مطروح
صيدلية الصحة,شارع الاستقلال، مبنى 108، بجانب المدرسة، حي الضبعة، النجيلة، مطروح,مطروح,النجيلة,حي الضبعة
صيدلية الجمهورية,شارع كورنيش النيل، مبنى 109، عند النفق، حي الضبعة، سيوة، مطروح,مطروح,سيوة,حي الضبعة
صيدلية النور,شارع الحرية، مبنى 13، عند النفق، حي العلمين، النجيلة، مطروح,مطروح,النجيلة,حي العلمين
صيدلية د. عبدالرحمن مدحت,شارع النخيل، مبنى 35، حي الضبعة، العلمين، مطروح,مطروح,العلمين,حي الضبعة
صيدلية إيناس حسونة,شارع بورسعيد، مبنى 32، حي مرسى مطروح، الحمام، مطروح,مطروح,الحمام,حي مرسى مطروح
صيدلية د. عمر حسين,شارع المعز، مبنى 133، بجوار المسجد، حي مرسى مطروح، الضبعة، مطروح,مطروح,الضبعة,حي مرسى مطروح
صيدلية حسن,شارع الخزان، مبنى 15، بعد محطة المترو، حي مرسى مطروح، السلوم، مطروح,مطروح,السلوم,حي مرسى مطروح
صيدلية د. عمرو السيد,شارع الأقصى، مبنى 35، بعد محطة المترو، حي العلمين، الحمام، مطروح,مطروح,الحمام,حي العلمين
صيدلية د. يوسف نبيل,شارع طلعت حرب، مبنى 35، عند النفق، حي الضبعة، السلوم، مطروح,مطروح,السلوم,حي الضبعة
صيدلية وائل,شارع التحرير، مبنى 109، أمام البنك، حي العلمين، سيوة، مطروح,مطروح,سيوة,حي العلمين
صيدلية جهاد,شارع المحطة، مبنى 48، حي الضبعة، مرسى مطروح، مطروح,مطروح,مرسى مطروح,حي الضبعة
صيدلية د. سلوى هاني,شارع الجمهورية، مبنى 14، حي العلمين، الضبعة، مطروح,مطروح,الضبعة,حي العلمين
صيدلية ليلى عمرو,شارع المدرسة، مبنى 62، بجانب المدرسة، حي الضبعة، الضبعة، مطروح,مطروح,الضبعة,حي الضبعة
صيدلية رانيا,شارع المحطة، مبنى 56، حي الضبعة، مرسى مطروح، مطروح,مطروح,مرسى مطروح,حي الضبعة
صيدلية أمل وحيد,شارع بورسعيد، مبنى 129، حي مرسى مطروح، سيدي براني، مطروح,مطروح,سيدي براني,حي مرسى مطروح
صيدلية سامية,شارع العروبة، مبنى 115، عند النفق، حي الضبعة، الضبعة، مطروح,مطروح,الضبعة,حي الضبعة
صيدلية د. رانيا علي,شارع الروضة، مبنى 33، بجوار المسجد، حي الضبعة، سيوة، مطروح,مطروح,سيوة,حي الضبعة
صيدلية د. فريدة فؤاد,شارع كورنيش النيل، مبنى 134، حي الضبعة، الضبعة، مطروح,مطروح,الضبعة,حي الضبعة
صيدلية ضياء سلامة,شارع الخليفة، مبنى 76، عند النفق، حي الضبعة، مرسى مطروح، مطروح,مطروح,مرسى مطروح,حي الضبعة
صيدلية د. سيد عمر,شارع الأمل، مبنى 143، أمام البنك، حي مرسى مطروح، العلمين، مطروح,مطروح,العلمين,حي مرسى مطروح
صيدلية نادية فؤاد,شارع الثورة، مبنى 82، عند النفق، حي الضبعة، النجيلة، مطروح,مطروح,النجيلة,حي الضبعة
صيدلية فاتن عبدالله,شارع المقاومة، مبنى 125، بجانب المدرسة، حي مرسى مطروح، الحمام، مطروح,مطروح,الحمام,حي مرسى مطروح
صيدلية وليد جلال,شارع السوق، مبنى 50، أمام البنك، حي الضبعة، الضبعة، مطروح,مطروح,الضبعة,حي الضبعة
صيدلية د. ليلى وليد,شارع الزهراء، مبنى 129، بعد محطة المترو، حي الضبعة، النجيلة، مطروح,مطروح,النجيلة,حي الضبعة
صيدلية جهاد السيد,شارع النصر، مبنى 141، بجانب المدرسة، حي رفح، بئر العبد، شمال سيناء,شمال سيناء,بئر العبد,حي رفح
صيدلية عمر عمرو,شارع الجلاء، مبنى 4، بجوار المسجد، حي الشيخ زويد، رفح، شمال سيناء,شمال سيناء,رفح,حي الشيخ زويد
صيدلية ليلى,شارع الأقصى، مبنى 119، عند النفق، حي بئر العبد، الحسنة، شمال سيناء,شمال سيناء,الحسنة,حي بئر العبد
صيدلية الفردوس,شارع المدرسة، مبنى 34، بجانب المدرسة، حي رفح، الشيخ زويد، شمال سيناء,شمال سيناء,الشيخ زويد,حي رفح
صيدلية خالد سمير,شارع القنال، مبنى 116، أمام البنك، حي الشيخ زويد، نخل، شمال سيناء,شمال سيناء,نخل,حي الشيخ زويد
صيدلية عبدالرحمن عبدالجواد,شارع النخيل، مبنى 121، أمام البنك، حي العريش، رفح، شمال سيناء,شمال سيناء,رفح,حي العريش
صيدلية حسن حسونة,شارع فيصل، مبنى 49، أمام البنك، حي العريش، بئر العبد، شمال سيناء,شمال سيناء,بئر العبد,حي العريش
صيدلية عبدالعزيز,شارع فلسطين، مبنى 24، بجانب المدرسة، حي الشيخ زويد، الشيخ زويد، شمال سيناء,شمال سيناء,الشيخ زويد,حي الشيخ زويد
صيدلية حسين,شارع رمسيس، مبنى 99، بجانب المدرسة، حي العريش، الحسنة، شمال سيناء,شمال سيناء,الحسنة,حي العريش
صيدلية عزة,شارع العروبة، مبنى 68، أمام البنك، حي بئر العبد، العريش، شمال سيناء,شمال سيناء,العريش,حي بئر العبد
صيدلية فؤاد,شارع الخزان، مبنى 67، أمام البنك، حي الشيخ زويد، العريش، شمال سيناء,شمال سيناء,العريش,حي الشيخ زويد
صيدلية د. علي الفقي,شارع محمد علي، مبنى 98، بجوار المسجد، حي رفح، العريش، شمال سيناء,شمال سيناء,العريش,حي رفح
صيدلية د. سعيد عزب,شارع التحرير، مبنى 101، بجوار المسجد، حي بئر العبد، نخل، شمال سيناء,شمال سيناء,نخل,حي بئر العبد
صيدلية عبلة أحمد,شارع المعز، مبنى 21، عند النفق، حي رفح، بئر العبد، شمال سيناء,شمال سيناء,بئر العبد,حي رفح
صيدلية رانيا,شارع الأقصى، مبنى 7، بعد محطة المترو، حي رفح، الشيخ زويد، شمال سيناء,شمال سيناء,الشيخ زويد,حي رفح
صيدلية علي حسونة,شارع بورسعيد، مبنى 142، بعد محطة المترو، حي العريش، بئر العبد، شمال سيناء,شمال سيناء,بئر العبد,حي العريش
صيدلية نهى خالد,شارع الأقصى، مبنى 107، أمام البنك، حي العريش، الشيخ زويد، شمال سيناء,شمال سيناء,الشيخ زويد,حي العريش
صيدلية د. سوسن عزب,شارع الأقصى، مبنى 43، أمام البنك، حي الشيخ زويد، رفح، شمال سيناء,شمال سيناء,رفح,حي الشيخ زويد
صيدلية صبحي,شارع المقاومة، مبنى 150، حي رفح، الحسنة، شمال سيناء,شمال سيناء,الحسنة,حي رفح
صيدلية شريف الشيخ,شارع الأهرام، مبنى 23، أمام البنك، حي بئر العبد، بئر العبد، شمال سيناء,شمال سيناء,بئر العبد,حي بئر العبد
صيدلية مها مصطفى,شارع محمد علي، مبنى 18، عند النفق، حي رفح، الحسنة، شمال سيناء,شمال سيناء,الحسنة,حي رفح
صيدلية إبراهيم فؤاد,شارع المعز، مبنى 20، عند النفق، حي العريش، الشيخ زويد، شمال سيناء,شمال سيناء,الشيخ زويد,حي العريش
صيدلية النور,شارع الهرم، مبنى 107، أمام البنك، حي العريش، الحسنة، شمال سيناء,شمال سيناء,الحسنة,حي العريش
صيدلية د. لواء غانم,شارع الزهراء، مبنى 73، حي بئر العبد، الشيخ زويد، شمال سيناء,شمال سيناء,الشيخ زويد,حي بئر العبد
صيدلية النور,شارع البنك، مبنى 27، بجانب المدرسة، حي الشيخ زويد، بئر العبد، شمال سيناء,شمال سيناء,بئر العبد,حي الشيخ زويد
صيدلية الأمل,شارع مكرم عبيد، مبنى 95، عند النفق، حي العريش، الحسنة، شمال سيناء,شمال سيناء,الحسنة,حي العريش
صيدلية نعمت حسين,شارع البحر، مبنى 110، بجوار المسجد، حي رفح، نخل، شمال سيناء,شمال سيناء,نخل,حي رفح
صيدلية إيناس طارق,شارع محمد علي، مبنى 134، حي العريش، العريش، شمال سيناء,شمال سيناء,العريش,حي العريش
صيدلية د. فتحي حسونة,شارع الميناء، مبنى 63، حي الشيخ زويد، نخل، شمال سيناء,شمال سيناء,نخل,حي الشيخ زويد
صيدلية د. عمر حسين,شارع الخليفة، مبنى 150، حي بئر العبد، نخل، شمال سيناء,شمال سيناء,نخل,حي بئر العبد
صيدلية د. وليد سلامة,شارع فلسطين، مبنى 20، بجوار المسجد، حي دهب، نويبع، جنوب سيناء,جنوب سيناء,نويبع,حي دهب
صيدلية د. عبلة مصطفى,شارع السادات، مبنى 26، بجوار المسجد، حي شرم الشيخ، دهب، جنوب سيناء,جنوب سيناء,دهب,حي شرم الشيخ
صيدلية د. نعمت طارق,شارع الهرم، مبنى 11، بعد محطة المترو، حي أبو رديس، سانت كاترين، جنوب سيناء,جنوب سيناء,سانت كاترين,حي أبو رديس
صيدلية د. وحيد غانم,شارع الزهراء، مبنى 90، بجانب المدرسة، حي أبو رديس، أبو رديس، جنوب سيناء,جنوب سيناء,أبو رديس,حي أبو رديس
صيدلية د. أنور حسين,شارع الحرية، مبنى 118، بجوار المسجد، حي الطور، رأس سدر، جنوب سيناء,جنوب سيناء,رأس سدر,حي الطور
صيدلية د. كمال أشرف,شارع الروضة، مبنى 39، حي الطور، نويبع، جنوب سيناء,جنوب سيناء,نويبع,حي الطور
صيدلية د. عمر طارق,شارع الأقصى، مبنى 26، بجوار المسجد، حي دهب، نويبع، جنوب سيناء,جنوب سيناء,نويبع,حي دهب
صيدلية د. سعيد إبراهيم,شارع الأمل، مبنى 24، بجوار المسجد، حي الطور، الطور، جنوب سيناء,جنوب سيناء,الطور,حي الطور
صيدلية سحر شريف,شارع المدرسة، مبنى 127، بعد محطة المترو، حي أبو رديس، أبو رديس، جنوب سيناء,جنوب سيناء,أبو رديس,حي أبو رديس
صيدلية د. حسن عبدالعزيز,شارع المقاومة، مبنى 148، بعد محطة المترو، حي دهب، شرم الشيخ، جنوب سيناء,جنوب سيناء,شرم الشيخ,حي دهب
صيدلية د. منال فؤاد,شارع بورسعيد، مبنى 140، بجانب المدرسة، حي أبو رديس، سانت كاترين، جنوب سيناء,جنوب سيناء,سانت كاترين,حي أبو رديس
صيدلية د. سيد هشام,شارع المسجد، مبنى 89، أمام البنك، حي الطور، أبو رديس، جنوب سيناء,جنوب سيناء,أبو رديس,حي الطور
صيدلية نهى,شارع العروبة، مبنى 83، بجانب المدرسة، حي شرم الشيخ، رأس سدر، جنوب سيناء,جنوب سيناء,رأس سدر,حي شرم الشيخ
صيدلية العافية,شارع البحر، مبنى 4، بجانب المدرسة، حي شرم الشيخ، سانت كاترين، جنوب سيناء,جنوب سيناء,سانت كاترين,حي شرم الشيخ
صيدلية أمل,شارع 26 يوليو، مبنى 94، بجانب المدرسة، حي شرم الشيخ، أبو رديس، جنوب سيناء,جنوب سيناء,أبو رديس,حي شرم الشيخ
صيدلية د. نعمت أشرف,شارع طلعت حرب، مبنى 10، أمام البنك، حي الطور، سانت كاترين، جنوب سيناء,جنوب سيناء,سانت كاترين,حي الطور
صيدلية د. فتحي يوسف,شارع الميناء، مبنى 26، عند النفق، حي الطور، شرم الشيخ، جنوب سيناء,جنوب سيناء,شرم الشيخ,حي الطور
صيدلية إبراهيم يوسف,شارع البحر، مبنى 31، بجانب المدرسة، حي دهب، شرم الشيخ، جنوب سيناء,جنوب سيناء,شرم الشيخ,حي دهب
صيدلية د. خالد إبراهيم,شارع الجلاء، مبنى 23، عند النفق، حي أبو رديس، الطور، جنوب سيناء,جنوب سيناء,الطور,حي أبو رديس
صيدلية د. نهى إيهاب,شارع الاستقلال، مبنى 22، أمام البنك، حي دهب، رأس سدر، جنوب سيناء,جنوب سيناء,رأس سدر,حي دهب
صيدلية عاطف,شارع الاستقلال، مبنى 44، حي أبو رديس، نويبع، جنوب سيناء,جنوب سيناء,نويبع,حي أبو رديس
صيدلية نادية هاني,شارع رمسيس، مبنى 137، حي أبو رديس، دهب، جنوب سيناء,جنوب سيناء,دهب,حي أبو رديس
صيدلية د. رمضان أحمد,شارع الميناء، مبنى 108، بجانب المدرسة، حي أبو رديس، شرم الشيخ، جنوب سيناء,جنوب سيناء,شرم الشيخ,حي أبو رديس
صيدلية الجمهورية,شارع العشرين، مبنى 100، عند النفق، حي الطور، الطور، جنوب سيناء,جنوب سيناء,الطور,حي الطور
صيدلية نهى إبراهيم,شارع النصر، مبنى 128، بجوار المسجد، حي دهب، شرم الشيخ، جنوب سيناء,جنوب سيناء,شرم الشيخ,حي دهب
صيدلية سحر,شارع الخزان، مبنى 41، بعد محطة المترو، حي الطور، شرم الشيخ، جنوب سيناء,جنوب سيناء,شرم الشيخ,حي الطور
صيدلية النور,شارع البحر، مبنى 116، بعد محطة المترو، حي أبو رديس، الطور، جنوب سيناء,جنوب سيناء,الطور,حي أبو رديس
صيدلية د. أيمن أحمد,شارع العشرين، مبنى 89، بجانب المدرسة، حي دهب، رأس سدر، جنوب سيناء,جنوب سيناء,رأس سدر,حي دهب
صيدلية دينا هشام,شارع النصر، مبنى 147، عند النفق، حي الطور، نويبع، جنوب سيناء,جنوب سيناء,نويبع,حي الطور
صيدلية د. فتحي سيد,شارع بورسعيد، مبنى 104، حي شرم الشيخ، أبو رديس، جنوب سيناء,جنوب سيناء,أبو رديس,حي شرم الشيخ
صيدلية العافية,شارع الزهراء، مبنى 73، أمام البنك، حي شرم الشيخ، سانت كاترين، جنوب سيناء,جنوب سيناء,سانت كاترين,حي شرم الشيخ
صيدلية يوسف,شارع النخيل، مبنى 98، عند النفق، حي الطور، رأس سدر، جنوب سيناء,جنوب سيناء,رأس سدر,حي الطور
صيدلية د. دينا حجازي,شارع الاستقلال، مبنى 113، عند النفق، حي أبو رديس، دهب، جنوب سيناء,جنوب سيناء,دهب,حي أبو رديس
صيدلية نبيل,شارع العروبة، مبنى 119، عند النفق، حي دهب، رأس سدر، جنوب سيناء,جنوب سيناء,رأس سدر,حي دهب
صيدلية ضياء حسن,شارع الأقصى، مبنى 62، بجانب المدرسة، حي دهب، أبو رديس، جنوب سيناء,جنوب سيناء,أبو رديس,حي دهب
صيدلية نادية,شارع مكرم عبيد، مبنى 119، بعد محطة المترو، حي الطور، أبو رديس، جنوب سيناء,جنوب سيناء,أبو رديس,حي الطور
صيدلية شريف أحمد,شارع المسجد، مبنى 85، بجانب المدرسة، حي أبو رديس، أبو رديس، جنوب سيناء,جنوب سيناء,أبو رديس,حي أبو رديس
صيدلية د. نهى عمر,شارع المدرسة، مبنى 24، أمام البنك، حي الطور، شرم الشيخ، جنوب سيناء,جنوب سيناء,شرم الشيخ,حي الطور
صيدلية د. جهاد عبدالرحمن,شارع 26 يوليو، مبنى 84، أمام البنك، حي دهب، رأس سدر، جنوب سيناء,جنوب سيناء,رأس سدر,حي دهب
